"code","iso","country","BLC.raw.2000","BLC.raw.2001","BLC.raw.2002","BLC.raw.2003","BLC.raw.2004","BLC.raw.2005","BLC.raw.2006","BLC.raw.2007","BLC.raw.2008","BLC.raw.2009","BLC.raw.2010","BLC.raw.2011","BLC.raw.2012","BLC.raw.2013","BLC.raw.2014","BLC.raw.2015","BLC.raw.2016","BLC.raw.2017","BLC.raw.2018","BLC.raw.2019","BLC.raw.2020","BLC.raw.2021","BLC.raw.2022"
4,"AFG","Afghanistan",NA,NA,2.87299412713293e-10,2.69865331279847e-10,2.71626505729555e-10,2.47799473266853e-10,2.40936884745491e-10,2.14441710317569e-10,2.20146510410804e-10,1.982429044269e-10,1.82561292494741e-10,1.93550162667232e-10,1.73570327427097e-10,1.74698507580909e-10,1.73613675292734e-10,1.70815799428721e-10,1.6781601011573e-10,1.65330801037967e-10,1.6681527129261e-10,1.64095922449123e-10,1.67064993352534e-10,2.14631936460642e-10,NA
8,"ALB","Albania",8.0982958188105e-11,7.65580410252579e-11,7.06769473789168e-11,7.50704912899877e-11,7.06804486955835e-11,6.72146899437932e-11,6.07988513910961e-11,5.56188675880261e-11,5.71641513246818e-11,5.54477318298574e-11,5.05460738866214e-11,4.93713017923898e-11,4.40464462854452e-11,4.3929515793094e-11,4.16397854965283e-11,3.85269147893607e-11,3.40891088228064e-11,3.03425142509995e-11,2.67574320289256e-11,2.3668740045789e-11,1.88150155811786e-11,1.72625451975748e-11,1.55039880745487e-11
12,"DZA","Algeria",1.81009937260547e-10,1.76315898203292e-10,1.77512206482697e-10,1.76290898149065e-10,1.77501806693144e-10,1.73081253144111e-10,1.73466172539917e-10,1.7171261896127e-10,1.68299622223199e-10,1.68594588060204e-10,1.62027480518505e-10,1.60536696217364e-10,1.58846571266283e-10,1.55503058055457e-10,1.53005014044663e-10,1.50692533382306e-10,1.43015344519584e-10,1.38515915437324e-10,1.37209183527556e-10,1.35380687283627e-10,1.2871163788589e-10,1.258645406556e-10,1.21282581246354e-10
20,"AND","Andorra",NA,NA,NA,NA,NA,NA,NA,NA,NA,NA,NA,NA,NA,NA,NA,NA,NA,NA,NA,NA,NA,NA,NA
24,"AGO","Angola",2.13152071223916e-10,2.08079320712744e-10,1.8944112677531e-10,1.86790493630792e-10,1.68615628279991e-10,1.47142181959274e-10,1.46802995954705e-10,1.37230611777973e-10,1.32600555348997e-10,1.38671925479768e-10,1.36204655940487e-10,1.33791289168606e-10,1.25303908083411e-10,1.31634465433801e-10,1.28974436028828e-10,1.2924064733128e-10,1.26075676447563e-10,1.18885989901699e-10,1.2084796744673e-10,1.28402853587934e-10,1.09775347626706e-10,1.20065417764499e-10,1.16347401522938e-10
660,"AIA","Anguilla",NA,NA,NA,NA,NA,NA,NA,NA,NA,NA,NA,NA,NA,NA,NA,NA,NA,NA,NA,NA,NA,NA,NA
28,"ATG","Antigua and Barbuda",1.72336782966853e-11,1.83643786202364e-11,1.67142161107329e-11,1.61617762513121e-11,1.53556389295755e-11,1.47783454084781e-11,1.39644931507134e-11,1.37576254775195e-11,1.49088187595394e-11,1.82125300204084e-11,2.06857965473221e-11,1.33982899067443e-11,1.41559823369063e-11,1.40914081727309e-11,1.34251532819543e-11,1.31371982836279e-11,1.2448406996043e-11,1.22870588601279e-11,1.15690173315916e-11,1.12782488506338e-11,1.2281751172064e-11,1.17135366497955e-11,1.1030554783318e-11
32,"ARG","Argentina",4.31884343697316e-11,4.11932571607828e-11,4.41375415312131e-11,4.28462250110277e-11,4.11627905085092e-11,3.88912635811971e-11,3.68024151342314e-11,3.59360816368213e-11,3.42309602976576e-11,3.31639243562262e-11,3.18741058879777e-11,3.03814828569706e-11,2.88174060922098e-11,3.05617902150281e-11,2.88273042950173e-11,2.83949483972371e-11,2.83813516388042e-11,2.79006715595896e-11,2.74404496194096e-11,2.73999540646612e-11,2.58206430650469e-11,2.68843315674947e-11,2.59855079099725e-11
51,"ARM","Armenia",3.5387893850761e-11,3.15114838324135e-11,2.79494713664679e-11,2.51393722073287e-11,2.33772693362538e-11,2.05341043306554e-11,1.87772599063943e-11,1.74011970899514e-11,1.69108789774821e-11,1.95342450966726e-11,1.89557945677073e-11,1.81712473942328e-11,1.6876294389645e-11,1.65485166560529e-11,1.61707848703654e-11,2.13671340447966e-11,2.20409430060855e-11,1.60096667457664e-11,1.80269635620241e-11,1.5233716721334e-11,1.25880921008524e-11,1.19282324066622e-11,1.12190576113746e-11
533,"ABW","Aruba",3.04034552132194e-11,3.0474503729585e-11,2.57535336043362e-11,2.53342517691905e-11,2.28498188043822e-11,2.4716706816376e-11,2.60714480445025e-11,2.68165523866949e-11,2.84411726362201e-11,3.35867496027857e-11,3.4584109888306e-11,1.87550942437926e-11,2.14732715912547e-11,2.00555591429891e-11,2.00321967334604e-11,1.96597846703026e-11,1.92621007054101e-11,1.84151641761799e-11,1.75864166019245e-11,1.78566102357124e-11,1.92577575080936e-11,1.67827698057138e-11,NA
36,"AUS","Australia",3.11870214982244e-11,3.08768331142035e-11,3.06294932686409e-11,3.05021578257629e-11,2.86346503500433e-11,2.8236389725166e-11,2.70293687538498e-11,2.6875477306585e-11,2.68629021031126e-11,2.55566506059801e-11,2.51553249950386e-11,2.41610464570225e-11,2.39210604188293e-11,2.38110770478267e-11,2.29971508841768e-11,2.20408627459316e-11,2.15887043880055e-11,2.15685451750741e-11,2.15028369566731e-11,2.02266417315688e-11,1.96988830130013e-11,2.01783316334519e-11,1.93145832970696e-11
40,"AUT","Austria",1.71663369318805e-11,1.78144076434186e-11,1.71670369271831e-11,1.81044857074587e-11,1.79740751048726e-11,1.76493262654079e-11,1.69722959959817e-11,1.58792049687216e-11,1.50900321906613e-11,1.49831419012001e-11,1.48076756820587e-11,1.34913998841156e-11,1.29777093540714e-11,1.18792116251754e-11,1.07046521008422e-11,1.0449366120458e-11,9.84238432308892e-12,9.41239836797134e-12,8.53068156828588e-12,7.97201791900067e-12,7.9203723621039e-12,7.86880841913319e-12,7.16207936601938e-12
31,"AZE","Azerbaijan",1.50441298599676e-10,1.28304787396587e-10,1.18944798561167e-10,1.08746622473382e-10,1.10857197883569e-10,9.0918013417701e-11,6.62483204283086e-11,4.86701955021359e-11,4.94013194650013e-11,4.22163652153947e-11,4.3615448627622e-11,4.67170527308139e-11,4.71600837452182e-11,4.80190086588759e-11,4.61781852373783e-11,4.21971833419295e-11,4.09588374561436e-11,4.44864407822323e-11,4.65431203737715e-11,4.52978185075175e-11,4.40113367517924e-11,4.2160014867972e-11,4.19419094104726e-11
44,"BHS","Bahamas",7.58607668350363e-12,7.24227646396637e-12,6.16895304644134e-12,6.06558707172646e-12,6.40781810443664e-12,6.10985673070489e-12,6.1075251537049e-12,6.21863487043991e-12,5.34566079754408e-12,7.69132925258734e-12,1.04674236311383e-11,5.17970958934822e-12,5.53463610758055e-12,5.57996052106888e-12,5.34843632519005e-12,5.40464927834779e-12,5.40751510775446e-12,5.40809068111857e-12,5.36613864801014e-12,5.51838874116926e-12,6.33168215523737e-12,5.52009525688415e-12,4.94731045246604e-12
48,"BHR","Bahrain",1.79306351711058e-11,1.78073061243814e-11,2.14686299903268e-11,2.29026519581029e-11,2.47374711798491e-11,3.15616981835733e-11,3.04806791156942e-11,3.17881270601925e-11,3.38411013523031e-11,3.05175213963156e-11,2.74770594530944e-11,2.41979177977281e-11,2.29022321524115e-11,2.07737828435308e-11,1.92844735423865e-11,2.00713791708684e-11,2.04860804518112e-11,2.06112350417893e-11,1.91003600934904e-11,1.66918043865843e-11,1.64016453869484e-11,1.53968068169211e-11,1.58209647261586e-11
50,"BGD","Bangladesh",1.11654287966286e-10,1.12152956246972e-10,1.10217267510426e-10,1.06786406872715e-10,1.0396344105125e-10,1.0074270182085e-10,9.53243318851671e-11,8.97361606341136e-11,8.55708714338812e-11,8.19517395250844e-11,7.9365018908512e-11,7.71333862190344e-11,7.28316670561234e-11,6.77651420606247e-11,6.39451501135557e-11,6.05707229335947e-11,5.71882999861497e-11,5.45647732268454e-11,5.08073335584986e-11,4.67024249749965e-11,4.38582117517133e-11,4.21112766230362e-11,3.98133509760279e-11
52,"BRB","Barbados",1.82263410847968e-11,1.93173317050407e-11,1.71141973425591e-11,1.6855538674892e-11,1.64544389137808e-11,1.63416916144727e-11,1.61126245695852e-11,1.65884227380189e-11,1.88801076618573e-11,2.07118897048373e-11,2.07740995719373e-11,1.3988023496883e-11,1.52108123565326e-11,1.52056734919931e-11,1.49746304738245e-11,1.4826944639087e-11,1.44338313562399e-11,1.46230051345589e-11,1.48389332414608e-11,1.508335628292e-11,1.56506582575199e-11,1.59031903195146e-11,1.47484896414921e-11
112,"BLR","Belarus",8.4699359505784e-11,7.91025495211637e-11,7.69117231578298e-11,7.27099315142634e-11,6.69072078695601e-11,6.81646051770232e-11,6.94591119277245e-11,6.42933844577021e-11,6.5359209871733e-11,6.01516320720297e-11,5.92277771670216e-11,5.95909528106881e-11,6.07373935266861e-11,5.82558592295458e-11,5.32367911404616e-11,4.87316223780675e-11,4.95330499082954e-11,5.02107853064545e-11,4.97777210589738e-11,4.80675826710818e-11,4.48497340789438e-11,4.42119660757429e-11,5.02231231185904e-11
56,"BEL","Belgium",1.94518271416081e-11,2.05599839149475e-11,1.77336411097188e-11,1.76463069272356e-11,1.71622419705976e-11,1.60743157486142e-11,1.48111064966104e-11,1.34522593568178e-11,1.38500039498032e-11,1.352282184798e-11,1.38134139875051e-11,1.16378391360746e-11,1.13661442903706e-11,1.11829202647542e-11,9.51157172562268e-12,9.20658189846666e-12,8.73349940193754e-12,8.01378910605168e-12,7.33826544346623e-12,6.70059211498444e-12,6.33731852467148e-12,5.90290571922451e-12,5.45960559781929e-12
84,"BLZ","Belize",4.41766151678515e-11,4.32733961841769e-11,3.47228057664819e-11,3.22398274782231e-11,3.10031823165266e-11,3.05196469301212e-11,3.00745658924777e-11,2.98876097276326e-11,3.09219368556251e-11,3.25679262898806e-11,3.45507335328447e-11,2.98956321254326e-11,3.03660203646114e-11,2.95730908171094e-11,2.88765148696372e-11,2.82119634302083e-11,2.82038512134364e-11,2.91889308622142e-11,2.90198111879651e-11,2.79953645314608e-11,3.09816776018714e-11,2.70821247838127e-11,2.42428323394717e-11
204,"BEN","Benin",2.87528576532819e-10,2.82232339304701e-10,2.81917857717919e-10,2.81271546246242e-10,2.77783309783492e-10,2.76851201748014e-10,3.02736456602577e-10,3.1132759683155e-10,3.02928563206242e-10,3.12624868805609e-10,2.7389632415734e-10,2.72501910942216e-10,2.66487360656476e-10,2.79394864154748e-10,2.73045018294238e-10,2.82646678990753e-10,2.82085391888541e-10,2.69750372881623e-10,2.71893581211648e-10,2.60851962433038e-10,2.59052698600812e-10,2.02441621861931e-10,1.90530307479793e-10
60,"BMU","Bermuda",4.96013091700651e-12,4.719963559259e-12,4.26942039309151e-12,3.9828710989632e-12,4.59695293142257e-12,3.50016160021996e-12,3.90259834908895e-12,3.82873137501811e-12,3.43009978890864e-12,4.27703191395222e-12,4.56447478996937e-12,2.48353585805134e-12,2.87375322549885e-12,2.81823060688064e-12,2.86087118425485e-12,2.88232367018753e-12,2.89255242057463e-12,2.83719725228122e-12,2.86035325784884e-12,2.90182778852931e-12,2.7430613889791e-12,2.70859198457421e-12,2.6251601850436e-12
64,"BTN","Bhutan",1.32193919304441e-10,1.20232717862242e-10,1.11254121904629e-10,1.0183908778954e-10,9.4153591440714e-11,9.15894463679674e-11,8.77018955076549e-11,7.2753796893463e-11,7.16791000814855e-11,6.84300603065189e-11,6.63376352834101e-11,6.26789536921976e-11,6.05381297671396e-11,6.00160761522374e-11,5.7089335781771e-11,5.33415544081567e-11,4.90956831221801e-11,4.67053879036174e-11,4.5930809644682e-11,4.43306325100973e-11,4.81566915005524e-11,4.69345455480079e-11,NA
68,"BOL","Bolivia",7.17965411769695e-11,7.23509947854143e-11,7.10992810789735e-11,7.1759204408034e-11,7.26852088823815e-11,7.16551135454052e-11,7.25887726826329e-11,7.2146646848656e-11,6.85715620359094e-11,6.70722048696428e-11,6.70016222810286e-11,6.44524376542221e-11,6.3267369120991e-11,6.16047305260377e-11,6.08344766517881e-11,5.53138731020821e-11,5.2714596866554e-11,5.14033333622536e-11,4.94918100165282e-11,4.56732832819915e-11,4.4004401147759e-11,4.42455344142065e-11,4.34266835718038e-11
70,"BIH","Bosnia and Herzegovina",5.03504783223754e-11,4.94123892513949e-11,4.72332492764617e-11,5.11118567977443e-11,5.16049079459035e-11,5.06380273322898e-11,5.62339449992374e-11,5.65959716695655e-11,6.02032890816869e-11,5.58509129074637e-11,5.78408794052528e-11,5.89627857284245e-11,5.7770456884908e-11,5.60670565300347e-11,5.28283650350146e-11,5.76090934919378e-11,6.31504003425549e-11,6.66724335869286e-11,5.99202354862494e-11,5.72035113073223e-11,5.64244589594698e-11,5.16682877715835e-11,4.76329154894965e-11
72,"BWA","Botswana",1.55612158915542e-10,1.60341151991638e-10,1.49734898321487e-10,1.38764816267982e-10,1.32174031127008e-10,1.21675147229158e-10,1.14929806745438e-10,1.20610475561231e-10,1.18102885909e-10,1.31632722443552e-10,1.18227468963445e-10,1.13524716530764e-10,1.19782814387232e-10,1.14190469459861e-10,1.08153908762233e-10,1.09082523975474e-10,9.43366250067379e-11,9.08982893453058e-11,9.18177279992028e-11,8.47334929640965e-11,8.79460529599049e-11,7.96803092999989e-11,7.44082203367126e-11
76,"BRA","Brazil",6.77231287568412e-11,6.98295427997466e-11,7.16951340630692e-11,7.28259204442741e-11,7.22498261214868e-11,7.06652754101342e-11,7.03151132010992e-11,6.86611476756582e-11,6.77175504751087e-11,6.71526027401026e-11,6.63438807658107e-11,6.20384784527103e-11,6.07261994943151e-11,5.76577955985737e-11,5.63763119397403e-11,5.60292716253275e-11,5.60345424755445e-11,5.55926044120032e-11,5.26300191820943e-11,5.07148084768787e-11,5.32536049058611e-11,4.96246395664397e-11,4.740538187211e-11
92,"VGB","British Virgin Islands",NA,NA,NA,NA,NA,NA,NA,NA,NA,NA,NA,NA,NA,NA,NA,NA,NA,NA,NA,NA,NA,NA,NA
96,"BRN","Brunei Darussalam",5.0190812305188e-11,4.92684218780622e-11,4.86245148433607e-11,4.87698860500016e-11,4.94327622870763e-11,4.94255951871081e-11,5.07375289874976e-11,5.21414000236546e-11,5.43098784149877e-11,5.56983979092181e-11,5.62403690194853e-11,5.81755752900144e-11,5.88970974404495e-11,5.80217577126166e-11,5.92381889502233e-11,5.97558257927026e-11,5.75342476621792e-11,5.93789650150054e-11,5.87082602177342e-11,5.44452897581632e-11,5.08424586534463e-11,4.98772818177934e-11,5.05816939673038e-11
100,"BGR","Bulgaria",4.55917940362316e-11,4.3310592564852e-11,4.33317340269199e-11,4.48052996778203e-11,4.18428552129722e-11,3.95341753271953e-11,3.78537175557283e-11,3.24545779270384e-11,2.95115258511701e-11,2.93624934920882e-11,2.9516874565423e-11,2.91873112355783e-11,2.98349312363207e-11,2.693021786664e-11,2.65207217024102e-11,2.66663743683242e-11,2.50255049350998e-11,2.36829157771491e-11,2.40255297643839e-11,2.28489591614463e-11,2.33243134606246e-11,2.31870688966508e-11,2.14840304016316e-11
854,"BFA","Burkina Faso",9.25666144562745e-10,8.7888500448429e-10,8.55062491583165e-10,8.0802327349967e-10,7.91120695541729e-10,7.57941841019049e-10,7.34017533669338e-10,7.2995283871141e-10,7.04333731102173e-10,6.96519053853375e-10,6.31044129480937e-10,5.76646915917855e-10,5.32185349963111e-10,4.87814479047671e-10,4.55734607604247e-10,4.28850750857878e-10,3.9664423677537e-10,3.66455552576482e-10,3.36441903752659e-10,3.20962071148377e-10,3.18604162855298e-10,3.00431179683748e-10,2.96125069694942e-10
108,"BDI","Burundi",1.49697773014925e-09,1.47253106582795e-09,1.43373825463065e-09,1.48050822967847e-09,1.45247732151779e-09,1.49829105548691e-09,1.45970408387634e-09,1.45296923398929e-09,1.42284714886421e-09,1.40500843603342e-09,1.31718539334983e-09,1.23838539533472e-09,1.16519574024547e-09,1.08053485818026e-09,1.01528316856629e-09,1.03258925592527e-09,1.01728891012942e-09,9.89066494084644e-10,9.49739647383696e-10,9.39370654925395e-10,9.45914284052154e-10,9.26663523395337e-10,9.09047748189957e-10
132,"CPV","Cabo Verde",2.80314368393711e-10,2.82912768755905e-10,2.78359598446016e-10,2.65350929744124e-10,2.47807841516223e-10,2.46614701987519e-10,2.32631606044863e-10,2.15331373792615e-10,1.842045733673e-10,1.88961426169644e-10,1.7835343808205e-10,1.7878096546643e-10,1.78345435781878e-10,1.73182528371922e-10,1.67499996584489e-10,1.67087325243476e-10,1.59591406622438e-10,1.54897816711088e-10,1.50107782978855e-10,1.42701368261185e-10,1.81386551372506e-10,1.70366514089321e-10,1.45544527285076e-10
116,"KHM","Cambodia",4.82251502968573e-10,4.6129252414126e-10,4.28976412801776e-10,4.02058511642301e-10,3.71661262659472e-10,3.34249867466716e-10,3.06342261289017e-10,2.81239920950289e-10,2.66217862190706e-10,2.79712384206476e-10,2.63018716491562e-10,2.50156336798936e-10,2.40086114761698e-10,2.28806802964243e-10,2.21632602144445e-10,2.12793989774069e-10,2.05424248099676e-10,1.93143751549786e-10,1.78401593410503e-10,1.75029150706121e-10,1.82052587591801e-10,1.76345364010726e-10,1.66745157620477e-10
120,"CMR","Cameroon",4.77215857484554e-10,4.65484354168764e-10,4.79301229181824e-10,4.66124132929799e-10,4.47009467834805e-10,4.46041510694624e-10,3.83115384648987e-10,3.13690016373335e-10,3.12399767782708e-10,3.21475429218032e-10,3.14766654536754e-10,3.11470014886994e-10,3.06996844125126e-10,3.04133978300968e-10,2.99523977810067e-10,2.92915751525637e-10,2.87762486390306e-10,2.82492380002138e-10,2.77677254032647e-10,2.74445564095538e-10,2.79107829138784e-10,2.74432579846907e-10,2.65003330129305e-10
124,"CAN","Canada",2.26748772454378e-11,2.07442915831055e-11,2.01603865090935e-11,2.07365219893578e-11,2.07992980080489e-11,1.91645884862349e-11,1.80405368665178e-11,1.77838959351608e-11,1.70176571360874e-11,1.62416861071485e-11,1.58523928677216e-11,1.43620219249889e-11,1.31952246856185e-11,1.26476898968889e-11,1.17179518350992e-11,1.11293306648867e-11,9.86424475721827e-12,9.53290006864067e-12,9.10675817071143e-12,8.43006675633885e-12,8.03120177721072e-12,7.79518003422701e-12,7.57111852706381e-12
136,"CYM","Cayman Islands",NA,NA,NA,NA,NA,NA,5.20546183319189e-12,5.99581448377766e-12,6.73753128023569e-12,7.21206390887533e-12,7.66542924997308e-12,4.49787734564122e-12,4.98464994419163e-12,4.86395066436329e-12,4.68848957654586e-12,4.64391517991388e-12,4.50127046405115e-12,4.43156272067581e-12,4.2792108084704e-12,4.20902040927617e-12,3.89174197194037e-12,3.82080488394475e-12,NA
140,"CAF","Central African Republic",1.17265230795968e-09,1.1225876276315e-09,1.08685477024782e-09,1.15267276326933e-09,1.09391139227252e-09,1.11254926607841e-09,1.0717735304263e-09,1.03791995624155e-09,1.02602672432732e-09,9.53136577608937e-10,8.87229731829383e-10,8.18477829306535e-10,7.55112869559761e-10,1.13836659764255e-09,1.0977130625501e-09,1.01615268028006e-09,9.40426599886694e-10,8.71984523493824e-10,8.12948246976343e-10,7.87168030938916e-10,7.81738298479554e-10,7.74991565863647e-10,7.74755403955242e-10
148,"TCD","Chad",1.2815733489849e-09,1.17168788789359e-09,1.10671506673256e-09,1.00479633617455e-09,7.82906231123584e-10,7.00378525149783e-10,7.14428361731583e-10,7.12279983021627e-10,7.07756056345417e-10,6.92885217784775e-10,6.01529448336934e-10,5.85457536229898e-10,5.27988465593694e-10,4.84476968745015e-10,4.44077997811446e-10,4.25163601545231e-10,4.43768202592781e-10,4.46666791064247e-10,4.27818820716872e-10,4.18378071359933e-10,4.30825428697683e-10,4.41158258056983e-10,4.31757475665129e-10
152,"CHL","Chile",8.16684494673199e-11,7.81970571166938e-11,7.68559240172355e-11,7.14621354117325e-11,7.06481130163899e-11,6.82526096885337e-11,6.69393752862064e-11,6.76231887244191e-11,6.71498060407201e-11,6.71945681580059e-11,6.25732727446484e-11,6.58789270696007e-11,6.10174929552497e-11,6.32111094684963e-11,6.1401538967319e-11,6.03922808107819e-11,6.14888762499179e-11,6.04771815484646e-11,5.97569894684349e-11,5.8092303620478e-11,5.85080365718148e-11,5.13025228402126e-11,5.073618334887e-11
156,"CHN","China",3.39973956694191e-10,3.18899818274041e-10,2.91699125014954e-10,2.72655323658659e-10,2.59265886564807e-10,2.43400096590642e-10,2.19836242420119e-10,1.90592179964438e-10,1.69725934682297e-10,1.54957994645076e-10,1.41954907302791e-10,1.28368684210931e-10,1.18227733335894e-10,1.04347043108158e-10,8.97183323432473e-11,7.64851761228918e-11,6.6899879380092e-11,6.17768362573919e-11,5.50215722818714e-11,4.87537609751749e-11,4.69169341381153e-11,4.32300043651258e-11,4.09981891630626e-11
170,"COL","Colombia",5.34451577531234e-11,5.22595197631267e-11,4.94596594517752e-11,5.20203379601844e-11,4.66216976753968e-11,4.59425588770738e-11,4.55658931688484e-11,4.58912010766637e-11,4.41826174806041e-11,4.49098768103903e-11,4.30912134671144e-11,4.41498354724843e-11,4.38005472767771e-11,5.35993039325009e-11,5.14947794842163e-11,4.71111987686594e-11,4.45805676179935e-11,3.78943160112863e-11,3.71382462859253e-11,3.63029432428373e-11,3.80022715233797e-11,3.51452908922409e-11,3.2846440604278e-11
174,"COM","Comoros",4.91542081220456e-10,4.87263286680624e-10,4.83191181430648e-10,4.81002161033203e-10,4.83682286129629e-10,4.91102840495079e-10,4.90408802870275e-10,4.94605597035786e-10,4.82427294337721e-10,4.72145251476848e-10,4.4824612141746e-10,4.20601926298548e-10,4.01818583222529e-10,3.73233819971384e-10,3.55641319581535e-10,3.46040712433764e-10,3.28949189007302e-10,3.12422024695705e-10,2.96222662273664e-10,2.93327479570182e-10,2.96982710398042e-10,2.91867591896219e-10,2.85401968808036e-10
184,"COK","Cook Islands",NA,NA,NA,NA,NA,NA,NA,NA,NA,NA,NA,NA,NA,NA,NA,NA,NA,NA,NA,NA,NA,NA,NA
188,"CRI","Costa Rica",4.44859618190035e-11,4.89251715063648e-11,5.34193217644366e-11,5.77634449137259e-11,5.42858166224604e-11,5.90395543436673e-11,6.11895726811627e-11,5.72465581234967e-11,5.34076308912269e-11,5.14333029289356e-11,4.95526999569528e-11,4.5425620840327e-11,4.28683731813189e-11,4.21486746604795e-11,4.01120253013143e-11,3.88250862652117e-11,3.49826224574005e-11,3.33576198575091e-11,3.17521103932847e-11,3.05033928527907e-11,2.95468875749036e-11,2.90541667524586e-11,2.86312944886729e-11
384,"CIV","Cote d'Ivoire",1.58870308976328e-10,1.62595521291033e-10,1.69111720576548e-10,1.7788647845051e-10,2.27817518762367e-10,2.31052818543231e-10,2.28660408815097e-10,2.33734049529082e-10,2.23138225752811e-10,2.04335601728995e-10,2.11214787673156e-10,2.55266115459742e-10,2.50457639636221e-10,2.3220252485728e-10,2.16677837822106e-10,1.64997817859506e-10,1.50369723511055e-10,1.48334849856537e-10,1.30448884246503e-10,1.2993667726216e-10,1.30670733206935e-10,1.27754062407325e-10,1.19799298797484e-10
191,"HRV","Croatia",5.17143676201373e-11,5.0832823595351e-11,4.78261619814141e-11,5.13892839565853e-11,4.76091999563723e-11,4.66972474944176e-11,4.24904220413372e-11,3.91166827299029e-11,3.75426326700393e-11,3.88985340747503e-11,3.85951986221554e-11,3.6123046162645e-11,3.36348189103483e-11,3.24028924127168e-11,2.93018509344365e-11,3.0513203906738e-11,2.8790904104511e-11,2.73696632819086e-11,2.45714125844479e-11,2.290736671469e-11,2.44137169802437e-11,2.22555919352453e-11,1.99484573893073e-11
192,"CUB","Cuba",1.32103341429048e-10,1.2544730456628e-10,1.06499156784924e-10,9.31650428080208e-11,8.65288183627269e-11,7.08888035383052e-11,5.37668042129243e-11,5.37640763806675e-11,4.99338094664062e-11,4.84142852411288e-11,4.10815995865871e-11,4.12692282825723e-11,4.15205891821155e-11,4.11899255746908e-11,4.12270052779351e-11,4.08424227223633e-11,3.65764718312491e-11,4.29424422560002e-11,4.57539985493304e-11,3.83997569487633e-11,3.72569766611589e-11,3.31387101385555e-11,3.2843406816817e-11
531,"CUW","Curacao",1.47026354126986e-10,1.46372422190524e-10,1.46514094717652e-10,1.4710744511975e-10,1.46984824645275e-10,1.47393339548294e-10,1.46870477618254e-10,1.46986801141572e-10,1.46816907173088e-10,1.47178151097252e-10,1.47227470231527e-10,1.46891404052773e-10,1.4398313157299e-10,1.43341948645014e-10,1.4297061172596e-10,1.41903851789658e-10,1.41612581453811e-10,1.4053046202963e-10,1.39588412844291e-10,1.3842651946642e-10,1.37806476606472e-10,1.38122375891544e-10,NA
196,"CYP","Cyprus",4.76343628770324e-11,4.58971343425333e-11,4.19049052624694e-11,4.22115459513572e-11,3.80689308376096e-11,2.88663949369259e-11,2.53936476407094e-11,2.21125753027268e-11,2.14249633216975e-11,2.0577952002747e-11,1.9230032592701e-11,1.7880956575121e-11,1.64912083328499e-11,1.46670032729792e-11,1.51830862493079e-11,1.57466684962243e-11,1.49508691454517e-11,1.45871360408353e-11,1.31214668439592e-11,1.25587714538872e-11,1.16408446769697e-11,1.19462395915685e-11,1.07559440198461e-11
203,"CZE","Czech Republic",3.1992448963665e-11,3.0676886151988e-11,2.95608417967107e-11,2.89837865846677e-11,2.84298033424729e-11,2.63060111976999e-11,2.42768180158079e-11,2.24895785973584e-11,2.20553693645223e-11,2.32142661966043e-11,2.24263889140871e-11,2.13636619228334e-11,2.12729374607287e-11,2.09532648984703e-11,2.01441025290876e-11,1.90892716222969e-11,1.83695620820168e-11,1.74558111393201e-11,1.66012561275825e-11,1.59026756265753e-11,1.63116916788372e-11,1.65253079854144e-11,1.56437487174784e-11
180,"COD","Dem. Rep. Congo",1.24507419092515e-09,1.31731376397628e-09,1.32539829271843e-09,1.30211695927418e-09,1.26452689165281e-09,1.23678692288293e-09,1.21641565145613e-09,1.18445411075015e-09,1.15540604177775e-09,1.1589076791298e-09,1.08638581468892e-09,1.06896857801782e-09,7.55493974293436e-10,8.00987351850423e-10,8.42438647284028e-10,7.98055421886047e-10,7.98005981746438e-10,8.48598035475819e-10,6.93695669965939e-10,6.72998269468085e-10,6.70470366219996e-10,6.39439431088043e-10,5.87074047775471e-10
208,"DNK","Denmark",1.77764434897665e-11,1.78508146697704e-11,1.73648631823201e-11,1.76436958627233e-11,1.70640077763122e-11,1.67225278707888e-11,1.61485485228149e-11,1.59770957265878e-11,1.56684177605489e-11,1.5673719122232e-11,1.5744841168313e-11,1.4358520013891e-11,1.32302007269621e-11,1.26151652755929e-11,1.1455272821063e-11,1.11863603263427e-11,1.06760385299377e-11,1.00194572511632e-11,9.25362468050172e-12,8.3114585723115e-12,7.80229769476279e-12,8.05590243997499e-12,7.41968101533433e-12
262,"DJI","Djibouti",NA,NA,NA,NA,NA,NA,NA,NA,NA,NA,NA,NA,NA,2.93204624204443e-10,2.65830825015887e-10,2.45737307657939e-10,2.26374187036361e-10,2.14538696666249e-10,2.03272957374298e-10,1.9553575513505e-10,1.96650366467508e-10,1.8781070718122e-10,1.83048281434379e-10
212,"DMA","Dominica",1.9859449297137e-11,2.04134424495415e-11,1.91010454100027e-11,1.83762597423408e-11,1.75209696467016e-11,1.7407168104902e-11,1.68004571945548e-11,1.75394964325717e-11,1.57449082611565e-11,1.63251077529412e-11,1.69582941524441e-11,1.21199398346124e-11,1.28218769198627e-11,1.26677321882171e-11,1.17541881026552e-11,1.22565162475792e-11,1.18871559432013e-11,1.30718562909555e-11,1.26796869047103e-11,1.21455272233479e-11,1.33399600166136e-11,1.25997393089647e-11,1.20013808599173e-11
214,"DOM","Dominican Republic",5.88953667255862e-11,5.78097631605813e-11,5.78951034221882e-11,5.37436092926911e-11,5.54186323949085e-11,5.43979491190542e-11,5.18997310985775e-11,4.77532756230427e-11,4.40227913237e-11,4.31479825693355e-11,4.07080570832503e-11,3.68848642408154e-11,3.69032971158414e-11,3.52909864949197e-11,3.10957126330271e-11,3.22626775401835e-11,3.18295054662036e-11,3.00580327789469e-11,2.92824299869444e-11,2.96406049937414e-11,2.94893587209547e-11,2.80347792330999e-11,2.72799660549243e-11
218,"ECU","Ecuador",7.02555310327463e-11,7.21431992926979e-11,7.11158288125673e-11,7.24243725983703e-11,7.06344682047325e-11,6.96582841147417e-11,6.56049626089147e-11,6.49206814135911e-11,6.15502917085105e-11,6.22600259845221e-11,6.11993021117406e-11,5.92588673258293e-11,5.7936293176938e-11,5.72709269670524e-11,5.66289434117996e-11,5.480498703653e-11,5.34609550029027e-11,5.28656428105968e-11,5.03253058650995e-11,4.87278636720472e-11,4.60576093789814e-11,4.62329465465446e-11,4.55898192102515e-11
818,"EGY","Egypt",6.70731884063131e-11,6.54020466662982e-11,6.54709161475437e-11,6.23899670740011e-11,6.39985009793072e-11,6.22137398015864e-11,6.13700358219047e-11,6.07126699352918e-11,5.78846451182459e-11,5.82110880216121e-11,5.85870494130647e-11,5.91485195785778e-11,6.07233116242551e-11,5.96496552499469e-11,5.98769590558669e-11,5.74741159521595e-11,5.71766573808305e-11,5.34092620443163e-11,5.04656871091069e-11,4.44899918985504e-11,4.22852990393852e-11,4.49824668139997e-11,4.25761567354298e-11
222,"SLV","El Salvador",7.65075448075131e-11,7.81948273859138e-11,7.87792848246189e-11,8.12790107074173e-11,8.44027521220131e-11,8.82967931293625e-11,8.83613536057889e-11,7.62407876107249e-11,7.50833053742091e-11,8.06546754533607e-11,7.94525111524407e-11,7.05675626061615e-11,7.09224469372406e-11,6.3094854401244e-11,5.55863330660289e-11,5.71885597545962e-11,5.68987599531419e-11,5.89111370482749e-11,5.68591970357153e-11,5.51613504719997e-11,5.41385187334193e-11,5.30266735583283e-11,5.30363507002685e-11
226,"GNQ","Equatorial Guinea",1.20207888969816e-10,6.52617741012842e-11,8.02502210893546e-11,3.02073193283494e-10,4.91770915916209e-10,2.63698415704729e-10,2.84933632698422e-10,2.34435171266487e-10,1.75103929836259e-10,1.68596867802937e-10,1.83130744454693e-10,1.45014673827195e-10,1.37212920645473e-10,1.30820512383931e-10,1.44683095142755e-10,2.11035192218863e-10,2.18451278127788e-10,2.14362635256709e-10,2.57611720966336e-10,2.9302365419119e-10,3.28364013361396e-10,3.46949917683378e-10,3.47160911761058e-10
232,"ERI","Eritrea",4.68422840821257e-10,4.5271789581684e-10,4.46892081206188e-10,4.69932053638867e-10,3.58878759700538e-10,3.48792864104327e-10,3.47008202054639e-10,3.45609592045341e-10,4.27208700658546e-10,3.91285556118719e-10,3.64398139366379e-10,3.22209506962397e-10,3.10133945935837e-10,3.4588202124876e-10,2.69567234880206e-10,3.41360511827583e-10,3.2738726516607e-10,3.81230533787608e-10,3.45708070848417e-10,3.37837564080747e-10,NA,NA,NA
233,"EST","Estonia",1.01237160826489e-10,1.03557072881895e-10,9.86226294043302e-11,1.01337034567257e-10,9.4450996775777e-11,8.69764625654995e-11,7.59096996096379e-11,8.25533474168806e-11,7.96393131731618e-11,8.67031419959538e-11,1.02877423857325e-10,9.56149453018078e-11,9.05131057944763e-11,9.45781017554201e-11,8.94184225914052e-11,7.9645839201718e-11,8.36500696783196e-11,8.08445099408313e-11,7.69189168594624e-11,5.96713957861847e-11,5.50271012581192e-11,5.14275098923494e-11,5.19764378269464e-11
748,"SWZ","Eswatini",4.0215167220967e-10,3.94799095842016e-10,3.56190129929521e-10,3.44159972278327e-10,3.24288187186389e-10,3.03800136043517e-10,2.91638579296979e-10,2.78388728781982e-10,2.70395521729399e-10,3.02111447931542e-10,2.59288640419182e-10,2.60645288056573e-10,2.47323458030258e-10,2.5821064612219e-10,2.51781595701994e-10,2.49340124799402e-10,2.42148261830802e-10,2.10707745994025e-10,2.06041675762594e-10,2.07320121983373e-10,2.0740280047035e-10,1.98660743355394e-10,1.90592977534071e-10
231,"ETH","Ethiopia",1.33730084057694e-09,1.26055725578355e-09,1.26096788494934e-09,1.31038623549014e-09,1.17587296155452e-09,1.06306816310054e-09,9.63954825509232e-10,8.83423933011383e-10,8.11417907764293e-10,7.56839797060831e-10,6.78994500374314e-10,6.19700914112013e-10,5.8011097142069e-10,5.35809539891689e-10,4.93580814020179e-10,4.53768045067525e-10,4.24322182823889e-10,3.87947273333298e-10,3.67259469898417e-10,3.42874099259725e-10,3.17258833301061e-10,3.01314935847081e-10,2.86361522338407e-10
234,"FRO","Faeroe Islands",NA,NA,NA,NA,NA,NA,NA,NA,NA,NA,NA,NA,NA,NA,NA,NA,NA,NA,NA,NA,NA,NA,NA
238,"FLK","Falkland Islands",NA,NA,NA,NA,NA,NA,NA,NA,NA,NA,NA,NA,NA,NA,NA,NA,NA,NA,NA,NA,NA,NA,NA
242,"FJI","Fiji",5.58221974313625e-11,5.95574444916181e-11,5.15404467960415e-11,5.04725871894779e-11,5.3343792475483e-11,5.32281201675568e-11,5.36518484623521e-11,5.13101716734195e-11,5.01014153740121e-11,4.64565024597537e-11,5.34792308181791e-11,4.79553065005397e-11,4.67562909415813e-11,4.54290981398851e-11,4.27724267559289e-11,4.04594802289194e-11,3.90388914562673e-11,3.63947664692023e-11,3.55838720122844e-11,3.59185243514726e-11,4.13892106528855e-11,4.33166903549176e-11,3.69252854220514e-11
246,"FIN","Finland",3.18640647751431e-11,3.15442200776909e-11,3.13028213407041e-11,3.10785646577876e-11,2.95980532491478e-11,2.76383897965176e-11,2.69780035726363e-11,2.5616340389682e-11,2.51077004135025e-11,2.57742741825804e-11,2.69257610068223e-11,2.44857497149405e-11,2.49134565911334e-11,2.42143864620487e-11,2.32887486335335e-11,2.20432677228365e-11,2.13469920580304e-11,2.01682073581634e-11,1.91162068021399e-11,1.82523437291737e-11,1.68819439568355e-11,1.68889487357315e-11,1.59206362153083e-11
250,"FRA","France",2.01503896908074e-11,2.00572200567087e-11,1.91984429368779e-11,1.88233894900607e-11,1.79628623176211e-11,1.65310652211572e-11,1.54604236821944e-11,1.44690476786631e-11,1.42242078379825e-11,1.43330350241841e-11,1.39303511003613e-11,1.25113489069665e-11,1.20629877844517e-11,1.17573472657664e-11,1.0523803875169e-11,1.01843036656667e-11,9.67272644549654e-12,8.95154070932121e-12,8.25310695838322e-12,7.54530169863471e-12,7.2877115984677e-12,6.95598651699203e-12,6.39734181411281e-12
258,"PYF","French Polynesia",NA,NA,NA,NA,NA,NA,NA,NA,NA,NA,NA,NA,NA,NA,NA,NA,NA,NA,NA,NA,NA,NA,NA
266,"GAB","Gabon",3.32975853196479e-10,3.30459337397386e-10,3.48882497961829e-10,3.76941929261565e-10,4.04352571317345e-10,4.24259953927576e-10,4.52983295399240e-10,4.63067120767296e-10,5.02847981856589e-10,5.28270453045769e-10,5.39959196645024e-10,4.48929605024411e-10,4.0194922111679e-10,4.63376968738503e-10,4.3132025018217e-10,4.24026651508527e-10,4.1307678912726e-10,3.60447403561747e-10,3.4612555038908e-10,3.43624678397613e-10,3.47918146904404e-10,3.33238057482737e-10,3.21471002930685e-10
270,"GMB","Gambia",5.18405766402457e-10,4.99559495037538e-10,5.29465044644239e-10,5.0169235861498e-10,4.82864217976531e-10,5.17287679557934e-10,5.3434981927614e-10,5.41735850251541e-10,5.21056691538884e-10,5.0130722652167e-10,4.71346826816263e-10,4.87170918237453e-10,4.593265914239e-10,4.3569803203349e-10,4.32675844462569e-10,4.10664673507432e-10,3.97644389581244e-10,3.76137689280816e-10,3.46390301456054e-10,3.30967798099633e-10,3.35012661040723e-10,3.24713920032568e-10,3.09888249148004e-10
268,"GEO","Georgia",9.19124755872071e-11,8.01975840640203e-11,7.69726647716784e-11,6.8926830905245e-11,6.71513911392751e-11,5.42699757885233e-11,5.29535096599674e-11,5.37090176404658e-11,4.86000790467197e-11,5.71092944155219e-11,5.53732920589294e-11,5.11007520731545e-11,4.62084077248288e-11,5.19219358669682e-11,5.08095171664207e-11,5.02198444575772e-11,5.05893232331185e-11,4.42033559914405e-11,3.7406067990601e-11,3.60303264315787e-11,3.64842799133824e-11,3.39570251182593e-11,3.27696780162028e-11
276,"DEU","Germany",1.40618178807921e-11,1.3806791295922e-11,1.3227369139854e-11,1.31333803269137e-11,1.26543889240126e-11,1.24165818125558e-11,1.21210053245343e-11,1.09313862003185e-11,1.1314895420048e-11,1.12770361475244e-11,1.10624643170376e-11,9.78034123478454e-12,9.68736681391008e-12,9.49442846036249e-12,8.47987812138985e-12,8.16626776867266e-12,7.66053873617133e-12,7.26651389819069e-12,7.49695435997294e-12,7.13541991059527e-12,6.9474363138978e-12,6.79977524300768e-12,6.15856363673905e-12
288,"GHA","Ghana",2.23650446826433e-10,2.01482938228649e-10,1.87131046547628e-10,1.69387099632526e-10,1.56951857894948e-10,1.43377718837454e-10,1.32176314621673e-10,1.23981452573764e-10,1.19853853626151e-10,1.19643083268901e-10,1.0972409873635e-10,1.02515057196674e-10,9.91375524458734e-11,9.44753008738036e-11,9.36300221276768e-11,9.52632160069948e-11,9.0049329748849e-11,8.5417879505127e-11,8.20765722862372e-11,7.92478333996058e-11,7.89919018186504e-11,8.29638845916009e-11,8.06128895821337e-11
300,"GRC","Greece",2.25618356040476e-11,2.22217057696456e-11,2.19646444248909e-11,2.17632937036544e-11,1.81396513294355e-11,1.92226996936521e-11,1.87854784624139e-11,1.73807639197534e-11,1.6729751772942e-11,1.54308682849499e-11,1.37518837169729e-11,1.32070824445201e-11,1.058073101818e-11,9.83157006678418e-12,9.84698831532415e-12,9.54744076084687e-12,9.1465204672905e-12,8.73853501429894e-12,8.38724519303985e-12,7.43437248295325e-12,7.43624066983713e-12,6.95306949353307e-12,6.21031495559167e-12
304,"GRL","Greenland",NA,NA,NA,NA,NA,NA,NA,NA,NA,NA,NA,NA,NA,NA,NA,NA,NA,NA,NA,NA,NA,NA,NA
308,"GRD","Grenada",2.82551913013442e-11,2.88418178383481e-11,2.67747499103664e-11,2.4401202489981e-11,2.38626794452125e-11,2.09725333396262e-11,2.23813003354216e-11,2.12552922374667e-11,2.19395644747309e-11,2.38651883450443e-11,2.48247266566521e-11,1.99212598188865e-11,2.10851875718875e-11,2.0630948120105e-11,1.92329672728718e-11,1.82150031320178e-11,1.75307943650785e-11,1.70172751575458e-11,1.63492865377916e-11,1.63525742069962e-11,1.79913356324612e-11,1.7291340037562e-11,1.64550666504766e-11
320,"GTM","Guatemala",2.22172933815062e-10,2.203795376478e-10,2.60799294448683e-10,2.62464925658919e-10,2.62192146337708e-10,2.60988218357916e-10,2.48780961761949e-10,2.44231238223887e-10,2.34747007656208e-10,2.44623061491154e-10,2.50526433773635e-10,2.45185891400604e-10,2.46434477387789e-10,2.43486134721555e-10,2.39204365003106e-10,2.33725402089735e-10,2.43049216880498e-10,2.44188472467565e-10,2.39871795254125e-10,2.35986912168496e-10,2.43891965441270e-10,2.43393573883683e-10,2.34807357462422e-10
831,"GGY","Guernsey",NA,NA,NA,NA,NA,NA,NA,NA,NA,NA,NA,NA,NA,NA,NA,NA,NA,NA,NA,NA,NA,NA,NA
324,"GIN","Guinea",6.84873336437321e-10,6.63637123543876e-10,6.33659621309274e-10,6.28813458904696e-10,6.23421965901754e-10,6.26413994008653e-10,6.27935603226047e-10,6.00554854226964e-10,6.09588682717891e-10,6.28803740982145e-10,5.99580968088023e-10,5.4717416171461e-10,5.10863258384274e-10,4.77840574795231e-10,4.49224213263005e-10,4.26285120875906e-10,3.78659380705864e-10,3.39735016111377e-10,3.14814105978918e-10,3.01598922351334e-10,2.91777504445715e-10,2.82690032694917e-10,2.70394983387245e-10
624,"GNB","Guinea-Bissau",6.80043002738078e-10,6.70965376297822e-10,6.83595202843452e-10,6.93761649872961e-10,6.88126104610199e-10,6.85368672317152e-10,6.79330569506899e-10,6.72483331032601e-10,6.56801877175769e-10,6.43755613326036e-10,6.0166971617641e-10,5.35202835414084e-10,5.34171253452325e-10,5.00496275077086e-10,4.81479377071732e-10,4.43527471092984e-10,4.08422940879664e-10,3.78402716092027e-10,3.65495515882861e-10,3.51844697153316e-10,3.63843141851599e-10,3.51758658127833e-10,3.40091419450476e-10
328,"GUY","Guyana",2.15940995499564e-10,2.143012909236e-10,2.15994746572464e-10,1.84335786401923e-10,1.91468661017765e-10,1.93283228894638e-10,1.6443589386981e-10,1.63612659959215e-10,1.57213685294702e-10,1.33995883604647e-10,1.40955833602733e-10,1.48538505321296e-10,1.44528868261207e-10,1.28120389002525e-10,1.31081744017665e-10,1.28032760612968e-10,1.32286173312241e-10,1.25524138448463e-10,1.17634082387743e-10,1.15162038521456e-10,7.79799046257117e-11,6.80697497971337e-11,4.40295247896532e-11
332,"HTI","Haiti",2.67511500299585e-10,2.73809064049767e-10,2.75171798425588e-10,2.70463777147028e-10,2.8000640025391e-10,2.7838431096341e-10,2.80242705723195e-10,2.79481153569424e-10,2.76454222857036e-10,2.66561513331337e-10,2.93400246135221e-10,2.86883330789958e-10,2.84351374391115e-10,2.75131036095153e-10,2.72588729734281e-10,2.76651993267833e-10,2.75568704872158e-10,2.7158839536516e-10,2.70562877699198e-10,2.78917689017062e-10,2.79598648854059e-10,2.85890156133184e-10,2.91905931718068e-10
336,"VAT","Holy See",NA,NA,NA,NA,NA,NA,NA,NA,NA,NA,NA,NA,NA,NA,NA,NA,NA,NA,NA,NA,NA,NA,NA
340,"HND","Honduras",2.37301981952108e-10,2.41702676752801e-10,2.41279721748773e-10,2.46991214052566e-10,2.37547524266581e-10,2.30795813868364e-10,2.23069440324543e-10,2.2415092174564e-10,2.18984362132074e-10,2.30526611053463e-10,2.29401633189154e-10,2.2905236432475e-10,2.25896347733118e-10,2.24280302141583e-10,2.18512369792123e-10,2.33634583285528e-10,2.22694481732351e-10,1.64732222721223e-10,1.66891996729122e-10,1.6414772234134e-10,1.73738064795795e-10,1.56205464550502e-10,1.51623148284561e-10
344,"HKG","Hong Kong",4.48117708308991e-11,3.82993478740136e-11,2.97460655149395e-11,2.83474111526743e-11,1.68335516174488e-11,1.6027045226525e-11,1.26427625511872e-11,1.16428318586563e-11,1.1145671996222e-11,1.64866947494367e-11,1.39559682954279e-11,1.25134154535992e-11,1.14122453225754e-11,1.11338702577866e-11,1.04582044450947e-11,1.15841160283521e-11,1.16148065332302e-11,1.18337078341776e-11,1.03140356561472e-11,1.03474829934746e-11,9.68017680251892e-12,7.29809975976951e-12,7.18859539482149e-12
348,"HUN","Hungary",2.50243357738811e-11,2.46425185546646e-11,2.4560653789872e-11,2.33191772265751e-11,2.10872655036813e-11,2.40840654774715e-11,2.28762266727174e-11,2.24572912080697e-11,2.1722430961849e-11,2.56062028643358e-11,2.60268225960988e-11,2.60152953144672e-11,2.52798861221796e-11,2.49489171226134e-11,2.22878268580166e-11,2.24236094709381e-11,2.10904478029582e-11,1.94661374471452e-11,1.71977903320512e-11,1.54373318921011e-11,1.50510166880222e-11,1.43567208244237e-11,1.31110613969445e-11
352,"ISL","Iceland",6.5592891839616e-11,5.70892824510565e-11,6.18307270411736e-11,6.45785067331068e-11,6.30525443607398e-11,5.71364912628601e-11,4.5749226513852e-11,3.84980923158691e-11,3.52856888164598e-11,3.86641174508703e-11,3.4927145577281e-11,3.02004379510286e-11,2.80948375994615e-11,2.82613657963587e-11,2.60084244764273e-11,2.52990858957203e-11,2.21061500929745e-11,1.94624856632886e-11,1.72034638062522e-11,1.48627653624282e-11,1.43713311060418e-11,1.42306101231906e-11,1.19681773784692e-11
356,"IND","India",2.17008341853401e-10,2.06328985220766e-10,2.03362841918252e-10,1.90593780346339e-10,1.82149636516355e-10,1.72815888607575e-10,1.63778322535949e-10,1.56447547363911e-10,1.66609457712482e-10,1.59967326380609e-10,1.53570273144162e-10,1.44927761531614e-10,1.41153815046309e-10,1.32878743378454e-10,1.25512184569485e-10,1.16653107407163e-10,1.07305998331136e-10,1.01699919167073e-10,9.47081917820666e-11,8.89816098974407e-11,9.14299575328274e-11,8.52304140716836e-11,8.03463234740012e-11
360,"IDN","Indonesia",1.80867126229831e-10,1.76750270552694e-10,1.69936123153448e-10,1.64988629216462e-10,1.60105861624221e-10,1.50311770068709e-10,1.42908528169516e-10,1.35268430285281e-10,1.24494070706507e-10,1.17217330733167e-10,1.14345560225978e-10,1.12096036117022e-10,1.07222191357423e-10,9.24261623860595e-11,8.54473450351926e-11,7.40147243411694e-11,6.49723855622303e-11,5.82400807810595e-11,5.72392639805799e-11,5.18938260258861e-11,4.77235027735533e-11,4.47793988697756e-11,4.43271774299503e-11
364,"IRN","Iran",1.02467023611414e-10,1.02229279859662e-10,9.76459121272634e-11,9.17796862857666e-11,9.07791639107187e-11,9.43858860789472e-11,9.21601740637397e-11,8.95656847347884e-11,9.27535516986485e-11,9.20273818923509e-11,8.60119614759023e-11,8.03783250052314e-11,8.26392568117718e-11,8.36654487769905e-11,7.95671439760093e-11,7.21778081762916e-11,6.5123288127152e-11,6.46592100539955e-11,6.77577157182813e-11,6.66994124515391e-11,5.86526646772836e-11,5.81465556957194e-11,6.07018679810323e-11
368,"IRQ","Iraq",1.37474310506949e-10,1.47638164486792e-10,1.45810709903517e-10,1.71789728939267e-10,1.32227280549831e-10,1.33271208275726e-10,1.21675126059073e-10,1.40029680682026e-10,1.10887809027639e-10,1.08827865838374e-10,1.06368321365122e-10,9.97095766910131e-11,1.00573107380157e-10,8.85753904676459e-11,7.24676197917078e-11,6.90371691233779e-11,6.4575547816849e-11,7.11140586110949e-11,7.8369887753595e-11,7.87932925698245e-11,7.65513628701782e-11,7.27339106610124e-11,7.17358601180738e-11
372,"IRL","Ireland",1.84638637945643e-11,1.74631242879363e-11,1.58311447759514e-11,1.51693302757067e-11,1.41643877726883e-11,1.37034220312691e-11,1.26195010938812e-11,1.1582155249102e-11,1.19067692542728e-11,1.10944729506589e-11,1.00413730702585e-11,8.98277680514439e-12,8.59773460199894e-12,8.34522794498302e-12,7.31102821017298e-12,5.61387581168842e-12,5.35680466789021e-12,4.45982256484397e-12,4.09429515279461e-12,3.5564185702556e-12,3.03698461150815e-12,2.63774209754157e-12,2.14707252744506e-12
833,"IMN","Isle of Man",NA,NA,NA,NA,NA,NA,NA,NA,NA,NA,NA,NA,NA,NA,NA,NA,NA,NA,NA,NA,NA,NA,NA
376,"ISR","Israel",5.07243706119327e-11,5.27053093146244e-11,5.53678749942024e-11,5.7912460595967e-11,5.34877786902717e-11,4.43476704789237e-11,4.44819995499743e-11,4.4088114871001e-11,4.73660519463965e-11,4.74552730477193e-11,4.52040288224491e-11,3.66531001619203e-11,4.0910044793308e-11,3.35402323333609e-11,3.17520113914248e-11,3.21254161263684e-11,3.11884268551875e-11,3.05856603621367e-11,2.91550346169027e-11,2.71254449005397e-11,2.57530127626046e-11,2.35159918220949e-11,2.3777439098939e-11
380,"ITA","Italy",1.27935200082869e-11,1.24402725771733e-11,1.25234017468481e-11,1.26951705931125e-11,1.20394900891316e-11,1.19628793919639e-11,1.14403078404603e-11,1.12657234179533e-11,1.11002340027226e-11,1.09557416956637e-11,1.02982547712772e-11,9.2698055676828e-12,9.220933929919e-12,8.75957223304885e-12,8.24646477498875e-12,7.84256873841358e-12,7.29464449136577e-12,6.79759966028686e-12,6.37550777606427e-12,5.91335367402855e-12,5.69215067605164e-12,5.69449732241684e-12,5.15198119527335e-12
388,"JAM","Jamaica",4.65952276541675e-11,4.5365027316667e-11,5.02173751264344e-11,4.94354212913546e-11,4.6900087318789e-11,4.57745604567107e-11,5.62249167564402e-11,5.72788311040616e-11,4.28721955029016e-11,4.1599469036623e-11,3.95588845028542e-11,4.35996907146841e-11,4.25163274351831e-11,4.13286504621745e-11,4.03826414383629e-11,3.79189511270352e-11,3.30462060261968e-11,3.80128012075637e-11,4.15788327010074e-11,4.21242177936183e-11,4.25916771011855e-11,4.05863969056145e-11,4.00500839908627e-11
392,"JPN","Japan",2.42124623740455e-11,2.3198320927281e-11,2.31627066635156e-11,2.21475042718607e-11,2.08304315448838e-11,1.93907662290368e-11,1.77095642333473e-11,1.65192289737994e-11,1.48747820054536e-11,1.47791756485955e-11,1.3329983793347e-11,1.31823527359105e-11,1.24803504655722e-11,1.16148651395149e-11,1.06200477088628e-11,9.89580156468733e-12,8.98635127958139e-12,8.72047581794978e-12,8.45086935741169e-12,8.21145936213984e-12,8.44379313570653e-12,8.11382593927661e-12,7.87912951392088e-12
832,"JEY","Jersey",NA,NA,NA,NA,NA,NA,NA,NA,NA,NA,NA,NA,NA,NA,NA,NA,NA,NA,NA,NA,NA,NA,NA
400,"JOR","Jordan",7.8436252129647e-11,7.75458734696088e-11,7.40330540981891e-11,7.47050403254727e-11,8.28248168310525e-11,8.53765911377336e-11,7.55415095652845e-11,7.0134136614386e-11,5.55471430497569e-11,5.6332132998265e-11,5.32115181572135e-11,5.26475592886742e-11,6.47351455349902e-11,5.80833871936263e-11,5.96684071717558e-11,6.0939343291724e-11,6.25534460595492e-11,6.37967099402283e-11,6.15649336790286e-11,5.31368198441978e-11,4.7309328820335e-11,4.77492041104966e-11,5.00684702552727e-11
398,"KAZ","Kazakhstan",8.96983578479975e-11,7.87196947011162e-11,7.63178414385793e-11,7.52832027487754e-11,6.87336369322529e-11,6.48296968352215e-11,5.85485929864844e-11,5.75461307545248e-11,6.27363001228376e-11,6.4270245076603e-11,6.18586884465853e-11,5.42261612558186e-11,5.34452171620877e-11,5.00918616114982e-11,4.42238492665705e-11,4.50291553680189e-11,4.82326605620959e-11,4.38197389140699e-11,4.16762288075185e-11,3.40672038274986e-11,4.16617752503917e-11,3.96679723648915e-11,4.09603920223776e-11
404,"KEN","Kenya",2.31524416604843e-10,2.24132467832157e-10,2.27137665877173e-10,2.22468831842229e-10,2.20352648593465e-10,2.15238659818004e-10,2.10397547250178e-10,2.01628988798547e-10,2.06318103195926e-10,2.119792360658e-10,2.02434379456608e-10,1.94041353270429e-10,1.87819420970832e-10,1.87514365157272e-10,1.84210731526311e-10,1.82222840151711e-10,1.80081380060277e-10,1.75620153860983e-10,1.69933696633743e-10,1.66024981084505e-10,1.65518425301565e-10,1.57302203868389e-10,1.50337699691881e-10
296,"KIR","Kiribati",2.0455770152417e-10,2.01798294398227e-10,2.06655218804635e-10,2.01662078361996e-10,2.0892033879737e-10,2.06651217180648e-10,2.16853659905225e-10,2.00649155847412e-10,2.12588424132898e-10,2.00023582472807e-10,2.2313227040502e-10,2.1148016712217e-10,1.99722934223235e-10,2.0121396469883e-10,2.02892926832871e-10,1.82409782201675e-10,1.81074629707026e-10,1.78196285801437e-10,1.70366330340107e-10,1.74063208911723e-10,1.72220978567824e-10,1.58406731403567e-10,1.53887559502047e-10
689,"XKX","Kosovo",NA,NA,NA,NA,NA,NA,NA,NA,1.01921402806818e-10,9.92533213349261e-11,9.444537716716e-11,8.95643770710404e-11,8.675165861706e-11,8.06018964506106e-11,7.78527636769164e-11,7.77142022592755e-11,9.41162851602834e-11,8.92715787567555e-11,8.36877401954774e-11,7.667343448698e-11,7.78166283899046e-11,7.18080363041064e-11,6.68108905258498e-11
414,"KWT","Kuwait",2.91640699691835e-11,2.99283159960435e-11,3.00877949463071e-11,3.05836083705617e-11,2.92734931384475e-11,3.0908526569208e-11,3.55269280621576e-11,3.36546631229793e-11,3.92874044139944e-11,5.02363661780091e-11,5.21961002619072e-11,4.60485982298678e-11,4.42176572318344e-11,4.28664105019152e-11,4.17928825076988e-11,4.12745203183155e-11,4.03083327512742e-11,4.23131527643209e-11,4.24755737506293e-11,4.24944599729308e-11,4.05018494055356e-11,4.56483927272583e-11,4.55791281876608e-11
417,"KGZ","Kyrgyzstan",1.39838829807972e-10,1.36446341939335e-10,1.30729726652845e-10,1.25353266074274e-10,1.23212237491821e-10,1.26975455652313e-10,1.25534940019184e-10,1.36582884609591e-10,1.34582690006541e-10,1.34001221935694e-10,1.36384679226678e-10,1.43101468888148e-10,1.62700538540524e-10,1.59326834691762e-10,1.27609115312497e-10,1.2179646441739e-10,1.1353423937933e-10,1.18353069251398e-10,1.22317010157243e-10,1.07632154716452e-10,1.09982958498535e-10,1.10168237881926e-10,1.07509226015084e-10
418,"LAO","Laos",2.91321810104713e-10,2.86006837722223e-10,2.76443487553844e-10,2.67387167186645e-10,2.57900419077541e-10,2.46828455501205e-10,2.41144863537182e-10,2.4026166565702e-10,2.43693833274396e-10,2.28631486133262e-10,2.09052365931075e-10,1.90742651239097e-10,1.75666805433693e-10,1.63187255678828e-10,1.55900272409488e-10,1.53115854890752e-10,1.47587907161191e-10,1.38934901847429e-10,1.3076185040872e-10,1.13943835389557e-10,1.12366078753536e-10,1.09902588435142e-10,1.0645493779483e-10
428,"LVA","Latvia",7.59536601431616e-11,7.94482782577666e-11,7.43239740447512e-11,7.31686021767096e-11,6.97803092298561e-11,6.24541313871846e-11,5.60600941351253e-11,5.20588235851416e-11,4.97705725632928e-11,5.98867370278745e-11,5.76597411461269e-11,5.40154148561988e-11,5.2453025384566e-11,5.01330834461429e-11,4.89236388352585e-11,4.41869796746432e-11,4.32229713236455e-11,4.4659537479512e-11,4.34264384326096e-11,4.10229820747019e-11,3.82045468256368e-11,3.8119654511569e-11,3.77747435610443e-11
422,"LBN","Lebanon",1.35088067182479e-11,1.37601325142147e-11,1.31581897425321e-11,1.22980626724747e-11,1.24493022716541e-11,1.19971670451866e-11,1.15032904148313e-11,1.00611351375919e-11,1.03564985862674e-11,1.05175784134868e-11,9.07827574951178e-12,8.84850004224602e-12,4.11592069867233e-11,2.68105515586293e-11,2.65821373656808e-11,3.31977105118982e-11,3.41141214014071e-11,3.63025817922615e-11,2.78359318798632e-11,2.94329047490304e-11,2.90580088518556e-11,2.96845224955976e-11,NA
426,"LSO","Lesotho",6.35775138665695e-10,6.08422535081592e-10,6.00422104734161e-10,5.72982219566224e-10,5.61944311472217e-10,5.70213861776054e-10,5.4509164016776e-10,5.23548773486941e-10,5.69967194989358e-10,5.77589665222998e-10,5.4447980744064e-10,4.85359935447828e-10,4.45988338750252e-10,4.19338237057573e-10,3.95949634066497e-10,3.750255907584e-10,3.52010517629331e-10,3.57304082475049e-10,3.55678280156915e-10,3.60068074334828e-10,3.82630716372618e-10,3.75756528112413e-10,3.75318234039378e-10
430,"LBR","Liberia",5.86855157553404e-10,5.89749060026399e-10,5.74511133733479e-10,8.29264046751273e-10,8.27414739109914e-10,8.31567785944063e-10,7.90924599220538e-10,7.36448403078469e-10,6.9748589296889e-10,6.76105960575658e-10,6.56346565830419e-10,5.91383470059524e-10,5.4140931811712e-10,4.83331942221691e-10,4.66613874460173e-10,4.58950973013534e-10,4.58340003317752e-10,4.42376228158386e-10,4.30784029849147e-10,4.46602257912157e-10,4.6687980222186e-10,4.47204047158668e-10,4.27289988323715e-10
434,"LBY","Libya",1.02701481315788e-10,1.04382494712571e-10,1.03880927105812e-10,9.40911703625486e-11,9.50554018178337e-11,8.66151229867889e-11,8.01624984278127e-11,6.99562848075102e-11,7.15502054122792e-11,8.28807581954802e-11,9.33262843802651e-11,1.00273842168109e-10,7.70763253937038e-11,7.92341556676005e-11,1.04598606980294e-10,5.98509696254851e-11,8.55956772450944e-11,6.78157878787159e-11,6.41525811801021e-11,7.54908486485258e-11,5.98776773557227e-11,6.61499175546e-11,6.67541858288691e-11
438,"LIE","Liechtenstein",NA,NA,NA,NA,NA,NA,NA,NA,NA,NA,NA,NA,NA,NA,NA,NA,NA,NA,NA,NA,NA,NA,NA
440,"LTU","Lithuania",4.26510689281189e-11,4.23415799726292e-11,4.04440863065426e-11,3.66545202388827e-11,3.5981159484141e-11,3.4203831660138e-11,3.26411970837065e-11,3.02160901006594e-11,2.98759328213065e-11,3.26087020137736e-11,3.30246522877501e-11,3.05225127244591e-11,3.04750202504128e-11,3.02818721216782e-11,3.06544960729611e-11,3.11238605785875e-11,3.05275778781991e-11,2.96758529189195e-11,2.83454238331317e-11,2.63258291220766e-11,2.5598171206061e-11,2.60862735063631e-11,2.59524133083959e-11
442,"LUX","Luxembourg",1.7291141435009e-11,1.73465023263121e-11,1.64079918722632e-11,1.63503833911142e-11,1.72250176179252e-11,1.64276430575023e-11,1.36440412171024e-11,1.15400511546414e-11,1.06214340162996e-11,9.84276532291363e-12,9.61153037277515e-12,8.60170858273789e-12,7.81849646577683e-12,7.19830688223066e-12,6.21456673639973e-12,5.75373103450406e-12,5.134596416786e-12,5.28628700631996e-12,5.12330992910869e-12,5.08549331368051e-12,4.62238370682238e-12,4.30601804117656e-12,3.96730112765231e-12
446,"MAC","Macao",2.42740093469358e-11,2.44331259482204e-11,2.0078902857676e-11,1.76701399602904e-11,1.54431071304563e-11,1.35617489285417e-11,1.19220890589529e-11,9.51688205377701e-12,8.61832352129987e-12,9.48533784964207e-12,6.20282147798617e-12,4.89644158064271e-12,4.62683192139517e-12,3.81149163763788e-12,3.80748949726899e-12,4.84867203087857e-12,4.68802301281643e-12,4.03863859566894e-12,3.80405298038441e-12,3.91271255938277e-12,7.73522711200443e-12,6.39798489319296e-12,8.44410005229179e-12
450,"MDG","Madagascar",4.37238070240723e-10,4.21827579508226e-10,4.63618110125097e-10,4.48103898521955e-10,4.40475802751825e-10,4.29570771628079e-10,4.17211069007477e-10,4.05333576220907e-10,3.90845669497285e-10,4.03685401175918e-10,4.06064060234749e-10,4.07102226288751e-10,4.02153367501509e-10,3.9930621203453e-10,3.93251374670422e-10,3.92047756088017e-10,4.71482797946055e-10,4.66207252278723e-10,4.54771539046502e-10,4.4471546075753e-10,4.7283548292101e-10,4.59627245036351e-10,4.41467173513149e-10
454,"MWI","Malawi",1.04753259112717e-09,1.11473597298655e-09,1.10819168839789e-09,1.06536515206332e-09,1.03085106651395e-09,1.03054257591138e-09,1.00333169270878e-09,9.36283888134351e-10,8.93681048045359e-10,8.38446526369697e-10,7.74719243722147e-10,7.14500503104003e-10,6.87022874777426e-10,6.3176588605489e-10,5.83334125495909e-10,5.5361768779649e-10,5.2880865578794e-10,4.97526092954267e-10,4.65520858952409e-10,4.44730320727408e-10,4.46002356197693e-10,4.38135803854257e-10,4.33953982498399e-10
458,"MYS","Malaysia",7.42235467668502e-11,7.74143537893548e-11,7.3717861610257e-11,7.27951933463848e-11,7.25211361563493e-11,6.6038085357533e-11,6.19536455185675e-11,6.28990323918432e-11,5.95980687824787e-11,5.7432079517942e-11,5.4285156243676e-11,5.329897856524e-11,5.02564758157985e-11,5.16308896874665e-11,5.30126182530329e-11,4.61679255302589e-11,4.27711532880114e-11,4.12041443030702e-11,3.866591647603e-11,3.7997240196779e-11,3.39118802912059e-11,3.30347966614651e-11,3.02094943969829e-11
462,"MDV","Maldives",7.12105513153443e-11,8.04038065413836e-11,8.13905070532284e-11,6.52098172335022e-11,7.18040043757513e-11,7.22979604985688e-11,7.01891884952842e-11,6.38879040280795e-11,6.93780029104809e-11,8.10873057128574e-11,8.00678213951107e-11,6.80776825547422e-11,7.09428718719808e-11,6.15491298089166e-11,5.77401136812284e-11,5.7558060433146e-11,5.46779639867275e-11,5.02490710094353e-11,4.81817312146509e-11,4.72740827814712e-11,6.73008086042299e-11,4.91374479236216e-11,4.41293095536632e-11
466,"MLI","Mali",7.56478325413008e-10,6.64764648329033e-10,6.55572659236157e-10,6.11920233103082e-10,6.17634845949741e-10,6.04731995022783e-10,5.91945116812701e-10,5.88957439485306e-10,5.76208720334561e-10,5.63235096717126e-10,5.27239715622615e-10,4.95128643148326e-10,4.89318801422842e-10,4.63251541385241e-10,4.21438411581222e-10,3.87364150361425e-10,3.583760286026e-10,3.3335365348371e-10,3.11182301576511e-10,2.99491789787348e-10,3.06836400904525e-10,3.00643834629689e-10,2.89898044897765e-10
470,"MLT","Malta",6.17177831252912e-12,7.00773389527538e-12,5.29067251936644e-12,6.05465502894437e-12,7.22591111221104e-12,9.23746206451924e-12,8.56430177741526e-12,8.60828356685798e-12,7.92638515537242e-12,7.54839258560274e-12,8.0395074751276e-12,7.39393608335362e-12,7.60928144307522e-12,7.43650236976596e-12,7.00620894747277e-12,5.31905928031046e-12,4.53187294297919e-12,3.29634536230923e-12,2.53571068258141e-12,2.33726206992294e-12,2.38333987218954e-12,2.19319857676561e-12,1.95855784988072e-12
584,"MHL","Marshall Islands",2.03886006549343e-10,1.93327459913965e-10,1.86430802041806e-10,1.8503950820442e-10,1.86058004243186e-10,1.66940163494897e-10,1.79911468127392e-10,1.72277012093639e-10,1.99678639820997e-10,1.9863375811379e-10,1.94668177392551e-10,1.75948573952318e-10,1.80581857777396e-10,1.66235997849193e-10,1.66106385813055e-10,1.61940166052292e-10,1.56452825238977e-10,1.47042814056542e-10,1.43888963060868e-10,1.31816764612867e-10,1.25979106309149e-10,1.2416779167687e-10,1.20583805723024e-10
478,"MRT","Mauritania",2.807144812608e-10,2.92139081143833e-10,2.95178345261176e-10,2.77961733635358e-10,2.77607296357165e-10,2.70371076689238e-10,2.32418414551279e-10,2.50559390872845e-10,2.57121047097979e-10,2.65699664040318e-10,2.5461316790003e-10,2.3549962441055e-10,2.27162709194118e-10,2.13804520747511e-10,2.00583402000189e-10,1.9101738826963e-10,1.87842625737365e-10,1.78468502637979e-10,1.70617514997186e-10,1.65659045977082e-10,1.71387036831146e-10,1.68452233620049e-10,1.60790997902032e-10
480,"MUS","Mauritius",1.02698350404388e-10,1.03991299682587e-10,1.01298095242042e-10,9.86298329068781e-11,9.72570118804548e-11,9.45852025252585e-11,9.3011168044633e-11,8.29667332277665e-11,8.30564383222804e-11,7.63983758871237e-11,7.48454790180503e-11,7.05391147029352e-11,6.7320859001896e-11,6.3648920697256e-11,6.03430079525202e-11,6.23293559083955e-11,5.78385298483202e-11,5.50210615416081e-11,5.17141812611436e-11,5.05671103588615e-11,4.99769078272972e-11,4.88675292870281e-11,4.53898247258476e-11
484,"MEX","Mexico",3.95920889861502e-11,3.8720193889337e-11,3.85686481579597e-11,3.89811171689932e-11,3.87547076815743e-11,3.91929603594369e-11,3.85722868968212e-11,3.86277259516628e-11,3.87788520260111e-11,3.9454834096978e-11,3.8114256947401e-11,3.65610815714342e-11,3.54491269670831e-11,3.40489509182296e-11,3.25850374977765e-11,3.0655325642788e-11,2.95628604548332e-11,2.79867839057954e-11,2.61419051819705e-11,2.50680059252646e-11,2.13953401881966e-11,2.02656299273408e-11,1.96336036573713e-11
583,"FSM","Micronesia",2.1580120196314e-10,2.26150598082869e-10,2.06630439740827e-10,1.97221638904854e-10,2.03914914404872e-10,1.78781223521268e-10,1.72379602164831e-10,1.80625038855107e-10,1.80249554306933e-10,1.9165211741934e-10,1.72674804714636e-10,1.56983514372222e-10,1.57828918397395e-10,1.64886239058336e-10,1.67881377964354e-10,1.5893066892961e-10,1.56065319484419e-10,1.49507289381838e-10,1.52259949410969e-10,1.51624725408769e-10,1.47460547825847e-10,1.51820971227231e-10,1.51417263642159e-10
498,"MDA","Moldova",1.08333128511901e-10,1.06104493730797e-10,1.05014582568646e-10,1.0319500369233e-10,9.91846560789823e-11,9.2567941767677e-11,8.87858645708145e-11,8.75292123899878e-11,8.51485238741423e-11,8.68851871475553e-11,8.72644073054115e-11,8.58163547822287e-11,8.20796407102723e-11,7.83753171228954e-11,7.70288070726305e-11,7.98729434246048e-11,7.8384809081888e-11,7.70359375203459e-11,7.13498628058993e-11,6.29659355547812e-11,6.20755037666143e-11,5.85384957790746e-11,6.66461969260509e-11
492,"MCO","Monaco",NA,NA,NA,NA,NA,NA,NA,NA,NA,NA,NA,NA,NA,NA,NA,NA,NA,NA,NA,NA,NA,NA,NA
496,"MNG","Mongolia",2.45730757843597e-10,2.41042737903917e-10,2.31755115475564e-10,2.19609981532631e-10,2.02646347556918e-10,2.2286095892221e-10,2.08133689119607e-10,2.10711019621778e-10,1.93106885304721e-10,2.16077767904408e-10,2.03654232627232e-10,1.89656458584719e-10,1.65649305157784e-10,1.52827021976474e-10,1.25482295763261e-10,1.12354527081076e-10,1.1683630353557e-10,1.1590189682552e-10,1.15728059650128e-10,1.19822789080632e-10,1.14679751965986e-10,1.12707343803131e-10,1.06109662119389e-10
499,"MNE","Montenegro",6.95951216542121e-11,6.72149439665855e-11,6.42035438025639e-11,6.12663756787723e-11,5.83209694918136e-11,7.60469628332043e-11,7.35791830034194e-11,7.62043378025203e-11,7.64779824976046e-11,8.0668883486576e-11,7.92198733259682e-11,7.56713110217038e-11,7.70010044105907e-11,7.16916073459484e-11,6.77459790864987e-11,6.60626843943568e-11,6.38347245257028e-11,6.12998521777845e-11,5.37907429450864e-11,4.97333430733779e-11,5.52779080338493e-11,5.17829004519947e-11,4.71922222955483e-11
504,"MAR","Morocco",1.73032973707334e-10,1.6489250191845e-10,1.61903826535651e-10,1.55968892511037e-10,1.63364545942972e-10,1.60739806341078e-10,1.49821986245207e-10,1.47210475172212e-10,1.43782705422918e-10,1.41671248747738e-10,1.39497699120453e-10,1.36526621050789e-10,1.33370773160421e-10,1.30423374905768e-10,1.27724759874329e-10,1.26134366404874e-10,1.27924288356126e-10,1.24559178288152e-10,1.22507128469747e-10,1.21957129269184e-10,1.20970560999102e-10,1.19404241838746e-10,1.17894759956566e-10
508,"MOZ","Mozambique",2.07293467335865e-09,1.5800400670188e-09,1.58716307330357e-09,1.65880818300991e-09,1.58254818553336e-09,1.5093659963054e-09,1.34320956275575e-09,7.49959287759902e-10,7.34161639543989e-10,6.59788157634026e-10,5.83739102444909e-10,6.27529354333031e-10,6.05182046612855e-10,5.81876355378124e-10,5.61992099331982e-10,5.40077994748101e-10,5.33317753768601e-10,5.23617023582451e-10,5.12404643690624e-10,5.14805784424789e-10,5.17605996293503e-10,5.35255244418938e-10,5.14504149632965e-10
104,"MMR","Myanmar",8.35907741425379e-10,7.49061152110049e-10,6.86632876771172e-10,6.34340331921863e-10,5.76093558623372e-10,5.20233554948998e-10,4.54238471832144e-10,4.08292775615527e-10,3.50594844627333e-10,3.19074090143564e-10,2.855668918433e-10,2.6708602151038e-10,2.62911053525451e-10,2.50343011849721e-10,2.37667564515129e-10,2.34054971644227e-10,2.12146587671784e-10,2.21359079785672e-10,2.09078050859008e-10,1.97093486516802e-10,1.88494106868386e-10,2.23871974288789e-10,2.17372026824908e-10
516,"NAM","Namibia",1.29153041997486e-10,1.57684996402366e-10,1.35772796595253e-10,1.36983437084533e-10,1.2642918176908e-10,1.15246854493514e-10,1.10178963007894e-10,1.06862098721602e-10,1.2178201402948e-10,1.2923160306407e-10,1.24578224851626e-10,1.18881276036348e-10,1.17535088982985e-10,1.18893721685527e-10,1.16836014335349e-10,1.16189318039836e-10,1.15608543436745e-10,1.15437753477733e-10,1.15142712275678e-10,1.15604572100947e-10,1.17861357058561e-10,1.1600124103637e-10,1.11740190899297e-10
520,"NRU","Nauru",NA,NA,NA,NA,NA,NA,NA,NA,NA,NA,NA,NA,NA,NA,NA,NA,NA,NA,NA,NA,NA,NA,NA
524,"NPL","Nepal",5.55668619833743e-10,5.42509792885209e-10,5.57353265509754e-10,5.47820626010735e-10,5.34628243290336e-10,5.28999956830474e-10,5.18809415368541e-10,5.12313611872038e-10,4.97570984899689e-10,4.85508088141007e-10,4.70167593024318e-10,4.65168768394988e-10,3.9721063614874e-10,4.26618605830385e-10,4.11521508186669e-10,3.98136159268938e-10,4.13397499921778e-10,3.91560120254582e-10,3.71862225619154e-10,3.41273377133473e-10,3.71032605753369e-10,3.60002048379495e-10,3.41038517110453e-10
528,"NLD","Netherlands",1.14653288033897e-11,1.08496699398671e-11,1.02453080188027e-11,9.87072446358367e-12,9.56924717182452e-12,9.22939057946846e-12,8.63303611365357e-12,8.03649396160414e-12,7.57351526974187e-12,7.42881843133098e-12,7.10426218748439e-12,6.72022539155982e-12,6.18153912490467e-12,5.84345319689968e-12,5.41359138030299e-12,5.07513265934415e-12,4.69615319897114e-12,4.278613905087e-12,4.01495367009497e-12,3.70800769739919e-12,3.70664785451839e-12,3.52495326924535e-12,3.21595127742101e-12
540,"NCL","New Caledonia",NA,NA,NA,NA,NA,NA,NA,NA,NA,NA,NA,NA,NA,NA,NA,NA,NA,NA,NA,NA,NA,NA,NA
554,"NZL","New Zealand",3.05107808351721e-11,2.93489055813795e-11,2.93587374094904e-11,2.89399889579091e-11,2.86087302762469e-11,2.87016527082649e-11,2.78969396664287e-11,2.75592671908473e-11,2.7591398960855e-11,2.58076906609139e-11,2.56641668125962e-11,2.50858066776281e-11,2.47283846531084e-11,2.4020388955445e-11,2.30768140562828e-11,2.14218045694625e-11,2.04823505150536e-11,1.9975838279918e-11,1.89471465253136e-11,1.80841432750612e-11,1.81578929873544e-11,1.75024311079339e-11,1.67418711883994e-11
558,"NIC","Nicaragua",2.5206139137513e-10,2.37905289800089e-10,2.38256533531751e-10,2.34448105295647e-10,2.27554912294096e-10,2.18009990921844e-10,2.21457556438837e-10,2.15728642116167e-10,2.05814193709504e-10,2.11543344811552e-10,2.07895900945077e-10,1.96424977477297e-10,1.8991263976736e-10,1.82582581057288e-10,1.7864193224419e-10,1.72478764782351e-10,1.66972541079779e-10,1.63879011666271e-10,1.65965496857115e-10,1.72486525669562e-10,1.73914018578134e-10,1.63626776975595e-10,1.59141283781179e-10
562,"NER","Niger",4.90574900928918e-10,4.72345807191799e-10,4.65899759097001e-10,4.7362935289046e-10,4.87778350785118e-10,4.71109264587326e-10,4.577423465185e-10,4.63071465488147e-10,4.45486589338636e-10,4.57756457136833e-10,4.42759911087654e-10,3.6483108980041e-10,3.56766969484093e-10,4.400841312174e-10,4.2725316072018e-10,4.18088367409389e-10,4.05839958635806e-10,3.93054974773863e-10,3.79937105361828e-10,3.76424567029124e-10,3.92061740627462e-10,4.0058068411807e-10,3.5948608636382e-10
566,"NGA","Nigeria",3.71921791217879e-10,3.61415349915138e-10,3.16963115205862e-10,3.0982547684413e-10,2.91995015420037e-10,2.73895662980691e-10,2.59496520130273e-10,2.44404726467032e-10,2.3732724362615e-10,2.2323414770963e-10,2.19000710439886e-10,2.10877926101674e-10,2.1165396190671e-10,2.05444634788386e-10,1.94557694692367e-10,1.91323452275176e-10,1.99988917823102e-10,2.02299244248413e-10,2.0026255634531e-10,1.97506200800755e-10,1.95422955126181e-10,1.89584393556472e-10,1.8347913356006e-10
570,"NIU","Niue",NA,NA,NA,NA,NA,NA,NA,NA,NA,NA,NA,NA,NA,NA,NA,NA,NA,NA,NA,NA,NA,NA,NA
408,"PRK","North Korea",NA,NA,NA,NA,NA,NA,NA,NA,NA,NA,NA,NA,NA,NA,NA,NA,NA,NA,NA,NA,NA,NA,NA
807,"MKD","North Macedonia",3.17555660349589e-11,3.26834920437438e-11,3.39960178477981e-11,3.96229634510878e-11,3.71796157722888e-11,3.73575675237359e-11,3.52930463481118e-11,3.33211548956127e-11,2.95690703474692e-11,3.11434390130666e-11,2.8949111611072e-11,2.8864503966321e-11,2.9800657064756e-11,2.87997986325134e-11,2.65962004179376e-11,2.55667137743491e-11,2.36658369831141e-11,2.38435442284456e-11,2.05773847641603e-11,2.00857107621609e-11,1.91371155023285e-11,1.82919425298828e-11,1.70268560588672e-11
578,"NOR","Norway",1.67115144403824e-11,1.65631505599208e-11,1.67572859300249e-11,1.74628440545233e-11,1.61157587184494e-11,1.54553370264329e-11,1.50332739238423e-11,1.4417563833808e-11,1.40345462744913e-11,1.44606784960663e-11,1.39405004956384e-11,1.29245695738156e-11,1.20987708924787e-11,1.13781891099103e-11,1.01346102813507e-11,9.56085674828896e-12,9.05716849469049e-12,8.56896342958317e-12,8.32130371431965e-12,7.5830634179823e-12,7.18758602713818e-12,6.87563723888287e-12,6.31625019573579e-12
512,"OMN","Oman",1.10062098699337e-10,1.06079882123499e-10,1.00748166160416e-10,9.35953432163495e-11,8.87586068572804e-11,8.99117478250835e-11,8.53668719486055e-11,9.64278570051186e-11,1.01071830712443e-10,9.10468167997187e-11,9.44975763548771e-11,1.0158899826652e-10,9.92511272282186e-11,9.90630436802609e-11,1.00941704402031e-10,9.78594310875028e-11,9.54340403300859e-11,9.05436922495747e-11,8.92448266600781e-11,8.8132014442161e-11,7.78999603858427e-11,7.81315123934234e-11,7.71520301245158e-11
586,"PAK","Pakistan",2.19399672759365e-10,2.16647270493711e-10,2.15868191358769e-10,2.10402945663279e-10,2.01333905005785e-10,1.91683453911035e-10,1.857927317297e-10,1.85163238488849e-10,1.81518482099265e-10,1.78947483709333e-10,1.77934478041431e-10,1.75945846176957e-10,1.72663231912441e-10,1.68337404383223e-10,1.65492899974474e-10,1.6289986994006e-10,1.59574384055507e-10,1.58377237399669e-10,1.48899633953355e-10,1.439808559462e-10,1.5257998641722e-10,1.46928029783235e-10,1.3782596857849e-10
585,"PLW","Palau",1.11880904951001e-10,1.52955080142266e-10,1.44033504845233e-10,1.50725370368205e-10,1.43820938791333e-10,1.25982016613552e-10,1.43914740742975e-10,1.35717162596434e-10,1.63107739327929e-10,1.79364302998305e-10,1.95798117671835e-10,1.63102117768906e-10,1.66809839450268e-10,1.55051504985344e-10,1.45410254539833e-10,1.36852385534997e-10,1.36524460745289e-10,1.38093622534422e-10,1.44410570422504e-10,1.49116143084361e-10,1.50514366566855e-10,1.75186580825705e-10,NA
591,"PAN","Panama",4.55873739116921e-11,4.7743366412477e-11,4.7477976792018e-11,4.10924691149241e-11,4.60028066526318e-11,4.40779608014999e-11,4.26357428260291e-11,3.9549783236584e-11,3.71792432237631e-11,4.05795994078268e-11,3.92879227125583e-11,3.81335670667286e-11,3.52852767992592e-11,3.36397367256949e-11,3.34440971973859e-11,3.03629308248654e-11,2.86114684464152e-11,2.79733054043622e-11,2.68667227022328e-11,2.62407467436435e-11,2.57663229486047e-11,2.52283578277827e-11,2.35124475836234e-11
598,"PNG","Papua New Guinea",1.57105078943861e-10,1.63768719063654e-10,1.68050785565861e-10,1.69195133151645e-10,1.71843566484175e-10,1.56893261726279e-10,1.52362795686167e-10,1.5494264995582e-10,1.50421882433074e-10,1.42967642117562e-10,1.30101669016535e-10,1.2954217445613e-10,1.2521093767824e-10,1.2741900666941e-10,1.13859530920994e-10,1.0699352426048e-10,1.01744710211644e-10,9.82032904051423e-11,1.00227861696481e-10,9.72264982996656e-11,9.9029952368934e-11,9.98854678843018e-11,9.56411772253324e-11
600,"PRY","Paraguay",1.61203659114669e-10,1.69933604517472e-10,1.64378537402216e-10,1.61975111434226e-10,1.54448448586651e-10,1.45392729978125e-10,1.31454491463423e-10,1.24249249549145e-10,1.23676745196649e-10,1.26842983312464e-10,1.17923386657061e-10,1.10535005863063e-10,1.06038338275459e-10,9.30838105243596e-11,9.07439306118136e-11,8.9014062193052e-11,1.10585142305063e-10,1.06975916133097e-10,1.00401078928005e-10,9.69599918179017e-11,9.164347459559e-11,8.83818629709976e-11,8.75691035455199e-11
604,"PER","Peru",1.0706091446778e-10,1.03581593477005e-10,9.68575295142996e-11,9.50578219364577e-11,9.46590714594038e-11,8.58143521347628e-11,8.13445191473274e-11,7.54811628094115e-11,7.63810714355836e-11,7.80814616459115e-11,7.31673982306232e-11,6.79945333702434e-11,6.43632077389233e-11,6.06707441315071e-11,5.88660105926084e-11,5.72034557722916e-11,5.47010946619438e-11,4.94015362562248e-11,4.7667087788875e-11,4.58654235841793e-11,4.93290683281564e-11,4.36692438115823e-11,4.28294328993824e-11
608,"PHL","Philippines",1.08844159909401e-10,1.04364807082987e-10,9.9885416772631e-11,9.32110390372955e-11,8.65946221036884e-11,8.22663463160858e-11,7.79244658798202e-11,7.65008960134272e-11,7.37887253938044e-11,7.48730670165754e-11,7.20387028383232e-11,7.04220591533417e-11,6.71960100313288e-11,6.5886684046392e-11,6.40667756876212e-11,6.23478648134328e-11,6.08381216676972e-11,5.84804668624456e-11,5.46437299089358e-11,5.13664765974308e-11,5.15926315794998e-11,5.08648121187956e-11,4.72080349593546e-11
616,"POL","Poland",4.89186338278864e-11,4.84299162846682e-11,4.81899260916267e-11,4.6765117830126e-11,4.52154455178308e-11,4.52240798805689e-11,4.33023733078613e-11,4.00294613772813e-11,3.89816231226881e-11,3.84036694802274e-11,3.92037441573097e-11,3.58336756915911e-11,3.4482792863327e-11,3.21082531445985e-11,2.98935321703819e-11,2.97153364549524e-11,3.06967784468089e-11,3.08870785027214e-11,2.81180992548226e-11,2.51153855443788e-11,2.43386664378955e-11,2.19045398518758e-11,1.98821411535822e-11
620,"PRT","Portugal",2.47659276203551e-11,2.37086892284669e-11,2.31219360138728e-11,2.1354851589599e-11,2.13692027892382e-11,2.11570103971552e-11,1.89645704923683e-11,1.85068190497469e-11,1.71238301627374e-11,1.76774786889729e-11,1.61964508642164e-11,1.49207215217919e-11,1.37050488849108e-11,1.31095156798424e-11,1.26936309182763e-11,1.22478132079806e-11,1.1355953629983e-11,1.05660083698236e-11,9.69517407152758e-12,9.07825330015637e-12,8.77777970047992e-12,8.38926819773945e-12,7.31344961410174e-12
634,"QAT","Qatar",5.06976075527864e-11,5.21359024633174e-11,5.71607705437546e-11,5.68360378188322e-11,5.41715652550952e-11,6.13665391195233e-11,5.81655194918229e-11,6.13523928178244e-11,6.23145965406811e-11,5.16866175363895e-11,4.55290345329607e-11,4.43044675394732e-11,3.56679007425516e-11,3.87822242458196e-11,4.09485316671038e-11,4.39771833509136e-11,3.965664711381e-11,3.99968785052133e-11,3.34931886871636e-11,3.27944593453081e-11,3.13553503463249e-11,3.16175298303108e-11,3.22129870883582e-11
178,"COG","Republic of Congo",2.08518838897294e-10,2.0291953755013e-10,1.88488950795813e-10,1.95886705276367e-10,2.04473016926648e-10,2.01480814585455e-10,2.59728447458231e-10,2.15769963410604e-10,2.26278114093619e-10,2.23157265793615e-10,2.26660163152674e-10,2.9489810439407e-10,2.64750767829975e-10,2.7442551174837e-10,2.64028111390865e-10,2.59899203278384e-10,2.82195136291418e-10,3.05370698360784e-10,3.31560267390289e-10,3.35639019233743e-10,3.50299435117913e-10,3.5311454031522e-10,3.45935908951374e-10
642,"ROU","Romania",3.26934560557788e-11,2.92483485314402e-11,2.86478865601143e-11,2.93448909030331e-11,2.83519708433582e-11,2.73706431058111e-11,2.50849253373367e-11,2.47880411045697e-11,2.4407855478639e-11,2.41685493785106e-11,2.52567382572738e-11,2.38562526588637e-11,2.40960440099709e-11,2.21789710143476e-11,2.09013987510356e-11,1.99502962898747e-11,1.94760684471779e-11,1.83199613860926e-11,1.7080316454228e-11,1.6068518425931e-11,1.6121758134087e-11,1.62756236042668e-11,1.4876583271818e-11
643,"RUS","Russia",7.33455104779243e-11,7.19268422857062e-11,6.83726892964649e-11,6.60378453885147e-11,6.50145210847354e-11,6.11966036767444e-11,5.74843165436445e-11,5.26571562570346e-11,5.1160723624102e-11,5.35955792186722e-11,5.08397447523768e-11,4.94599201121336e-11,4.47803802923379e-11,4.30272019525799e-11,4.37660804631497e-11,4.40742627309722e-11,4.23074390311108e-11,4.22259444193394e-11,4.14190640566409e-11,4.18300517028674e-11,4.00041285033787e-11,3.86466347870514e-11,4.07965624699697e-11
646,"RWA","Rwanda",1.15221087593347e-09,1.06386368027667e-09,9.49042024919969e-10,9.23070309411471e-10,8.59962575877452e-10,6.88771857639187e-10,6.45657682302852e-10,6.10530042120111e-10,5.61226918978828e-10,5.48830460445087e-10,5.22372994650017e-10,4.9675926522955e-10,4.71523073487306e-10,4.61090744320487e-10,4.3729757086122e-10,4.06897661833113e-10,3.81634370261864e-10,3.73284118595758e-10,3.5199994514235e-10,3.29982342622609e-10,3.53170562272367e-10,3.28056006235084e-10,3.03329358646551e-10
652,"BLM","Saint Barthelemy",NA,NA,NA,NA,NA,NA,NA,NA,NA,NA,NA,NA,NA,NA,NA,NA,NA,NA,NA,NA,NA,NA,NA
659,"KNA","Saint Kitts and Nevis",3.00131488743927e-11,3.33957081846283e-11,3.12677376424092e-11,3.31983088187392e-11,3.21127456159024e-11,2.9893516220739e-11,3.02008708263936e-11,3.10972461077986e-11,2.93702545991328e-11,3.16563879834101e-11,3.27662110326362e-11,2.50527030685031e-11,2.69898998288345e-11,2.59190695519301e-11,2.45087952212916e-11,2.45310013071649e-11,2.36045070632555e-11,2.37901910768415e-11,2.33801362662666e-11,2.26794840675507e-11,2.50998814652782e-11,2.55349228620092e-11,2.37025684479285e-11
662,"LCA","Saint Lucia",3.9515607755973e-11,4.16200905493812e-11,3.93943552409829e-11,3.78834855238587e-11,3.47135385255768e-11,3.45625719290129e-11,3.28461517611294e-11,3.27729391594351e-11,3.19392663158687e-11,3.37107833862141e-11,3.50655160603548e-11,3.00129115423465e-11,3.13813157534722e-11,3.25385764803309e-11,3.26349406540303e-11,3.27722545063218e-11,3.16622759097453e-11,3.08992698010649e-11,3.00906995639569e-11,3.0421702910416e-11,3.89684299891391e-11,3.48542996810451e-11,3.03202281073674e-11
670,"VCT","Saint Vincent and the Grenadines",2.46383092834191e-11,2.5328810152779e-11,2.28630452085399e-11,2.15305870539248e-11,2.09141939270758e-11,2.0212477298866e-11,1.92029876880325e-11,1.8786750397393e-11,1.91423059362498e-11,1.9872203471009e-11,2.14024163245303e-11,1.64698101962874e-11,1.70351977903419e-11,1.63966112401275e-11,1.59399453529616e-11,1.56732284960561e-11,1.50036184122479e-11,1.50611040306472e-11,1.46437335172029e-11,1.46777296650885e-11,1.41686961931815e-11,1.41751557994617e-11,1.36293225757666e-11
882,"WSM","Samoa",1.21315326122016e-10,1.13588521875972e-10,1.06425285963147e-10,1.01069455020795e-10,9.99462301873174e-11,9.05816169039006e-11,9.12078078398858e-11,9.18677217175966e-11,9.10362339591762e-11,9.13060910194264e-11,8.83564198940162e-11,8.39690949378304e-11,8.63042590200303e-11,8.79450921818227e-11,8.69393670673424e-11,8.27701457898612e-11,7.57809410860033e-11,7.3470100509142e-11,7.48674859784468e-11,7.18695484003134e-11,7.1227381587966e-11,7.61481718420647e-11,8.02294865337181e-11
674,"SMR","San Marino",NA,NA,NA,NA,NA,NA,NA,NA,NA,NA,NA,NA,NA,NA,NA,NA,NA,NA,NA,NA,NA,NA,NA
678,"STP","Sao Tome and Principe",NA,4.93636865243561e-10,4.90352458974108e-10,4.6030246456639e-10,4.63974744934142e-10,4.58418684294465e-10,4.35765983489444e-10,4.28638195301235e-10,4.04171329734297e-10,4.04530762354125e-10,3.78310555573822e-10,3.4528685603562e-10,3.35033578155285e-10,3.1184113267466e-10,2.85335682132828e-10,2.7397191215566e-10,2.60768495130307e-10,2.52146668861377e-10,2.44196002087053e-10,2.4341597315292e-10,2.41386100175369e-10,2.38182694265928e-10,2.36918117520758e-10
682,"SAU","Saudi Arabia",5.47287120947443e-11,5.65299551202024e-11,6.10295351112721e-11,5.76347077284538e-11,5.57040950650254e-11,5.51272925834091e-11,5.83918410635709e-11,6.34814301841084e-11,6.43891743129119e-11,6.5930821338082e-11,6.48039349401963e-11,6.49773149114436e-11,6.6513012129473e-11,6.34596862662948e-11,6.49759745555374e-11,6.59506220568712e-11,6.30192591064323e-11,5.77112114933085e-11,5.34365756612263e-11,5.28182427897965e-11,5.32959788511139e-11,5.14849308668882e-11,5.07798929235215e-11
686,"SEN","Senegal",1.65602949711523e-10,1.65643983057104e-10,1.68629828490332e-10,1.58988192058646e-10,1.56311605284701e-10,1.52330186565861e-10,1.55569602160922e-10,1.63793403298584e-10,1.68132334707927e-10,2.01052385906084e-10,1.95382111241772e-10,2.02102286394594e-10,1.96098388555664e-10,1.68331528056631e-10,1.77492638408902e-10,1.67834961844063e-10,1.58348355766521e-10,1.36729090401486e-10,1.31188765563533e-10,1.24451748060504e-10,1.19525637882518e-10,1.17181011443949e-10,1.13151323138538e-10
688,"SRB","Serbia",7.16253599608872e-11,7.72209964170548e-11,7.98133932608854e-11,7.99452641501292e-11,7.28824362930904e-11,6.62682595450064e-11,6.356707373822e-11,6.03958337320178e-11,5.74157769480472e-11,6.23902975587067e-11,6.19549443976393e-11,5.9733740665634e-11,5.65654727274075e-11,5.05552479686695e-11,4.96775421822432e-11,4.74592719577013e-11,4.64528480032127e-11,4.3680584157769e-11,4.04687363439251e-11,3.82695633875225e-11,4.81374877018048e-11,4.45322069801219e-11,4.18716531670347e-11
690,"SYC","Seychelles",2.41815477897853e-10,2.82963571100565e-10,2.47235849796887e-10,2.51815007113215e-10,3.42323245740781e-10,3.22488748484281e-10,3.16047164174759e-10,2.69173641952929e-10,2.8511495854727e-10,3.04336861321209e-10,2.73331136662995e-10,2.01316411461979e-10,2.08828432664232e-10,2.07139318622681e-10,1.96753057823314e-10,2.00032972914043e-10,1.96117772717645e-10,2.02905854292278e-10,2.03938568980728e-10,2.03952025921944e-10,2.33949198138209e-10,2.240090982396e-10,2.07818714623287e-10
694,"SLE","Sierra Leone",1.02115810848983e-09,1.12958539553121e-09,9.21459137850376e-10,8.74792252337812e-10,8.53138425508989e-10,8.52124836708605e-10,8.48375173699434e-10,7.95551957760274e-10,7.65714903441341e-10,7.50689210251427e-10,6.88533955151051e-10,6.32723234258616e-10,5.36245703444369e-10,4.26736047436545e-10,3.95212223128149e-10,4.83129289425543e-10,4.42437845810378e-10,4.16022965961469e-10,3.91245812073848e-10,3.72592074854217e-10,3.82279094264227e-10,3.67729377002757e-10,3.5544117163246e-10
702,"SGP","Singapore",2.77854814333956e-11,3.04239471566115e-11,2.94002537959848e-11,2.8375959317363e-11,2.62817881259455e-11,2.50680180653425e-11,2.36744726533151e-11,2.23481199221816e-11,2.24256684874651e-11,2.30950272165898e-11,2.15204144801116e-11,2.11437044636907e-11,1.98030030827437e-11,1.97465847434742e-11,1.92213964800967e-11,1.94061260233718e-11,1.88909476799569e-11,1.667610830337e-11,1.43483893835825e-11,1.39578620323822e-11,1.41069097779846e-11,1.2801835886273e-11,1.22556135024454e-11
534,"SXM","Sint Maarten",NA,NA,NA,NA,NA,NA,NA,NA,NA,2.64857652989769e-11,2.05621845889453e-11,1.41529150286458e-11,1.63747531016206e-11,1.5944299551378e-11,1.56521778757053e-11,1.58725440625876e-11,1.5822437262277e-11,1.69287783281179e-11,1.81739949804577e-11,1.70750444621375e-11,1.76264545135503e-11,1.68268830235529e-11,1.58918143935966e-11
703,"SVK","Slovakia",3.01295384463676e-11,3.09940217919921e-11,3.02309837580607e-11,2.69596185005247e-11,2.78582997405307e-11,2.72928207306939e-11,2.35611960236344e-11,2.30833818830632e-11,2.26957264388455e-11,2.48166660422105e-11,2.41160724516542e-11,2.08159640738418e-11,2.01172627336685e-11,1.86286815334079e-11,1.69654476745147e-11,1.65647676263399e-11,1.54867077495202e-11,1.52550186291793e-11,1.43432748857091e-11,1.37502736807504e-11,1.33798958167842e-11,1.32269918590859e-11,1.25032616380366e-11
705,"SVN","Slovenia",3.11084234463797e-11,3.31098127918176e-11,2.78502892164137e-11,2.64660950131277e-11,2.63919822238197e-11,2.56497434248417e-11,2.44296240600627e-11,2.13443044068355e-11,2.45076913368678e-11,2.24222910251587e-11,2.23033123125871e-11,2.05426695724737e-11,1.93742732531601e-11,1.78441978972048e-11,1.59461416311199e-11,1.47594758606985e-11,1.41035309634047e-11,1.24380560255593e-11,1.12716495731091e-11,9.94891448950764e-12,8.79111682987127e-12,8.50586807877922e-12,7.39512841771009e-12
90,"SLB","Solomon Islands",1.60339410775816e-10,1.75766255930839e-10,1.81061238803399e-10,1.70101540960461e-10,1.58629137510319e-10,1.43505902339718e-10,1.40079433224248e-10,1.36707158163596e-10,1.3098059879428e-10,1.2725110762304e-10,1.18032079477079e-10,1.05191406955064e-10,1.00897381457755e-10,1.03157005958092e-10,1.00799854616534e-10,9.73640249643918e-11,9.05804807895739e-11,8.62274365254388e-11,8.39106211950154e-11,8.21179962516466e-11,8.24615422637765e-11,8.18705478546553e-11,8.35936711983279e-11
706,"SOM","Somalia",NA,NA,NA,NA,NA,NA,NA,NA,NA,NA,NA,NA,NA,7.85017784111757e-10,7.07476738642115e-10,5.98847516211994e-10,5.38599697734969e-10,5.13991596069088e-10,4.66452550933044e-10,4.3694213183062e-10,4.30727481567954e-10,4.17604553758674e-10,3.98331412722855e-10
710,"ZAF","South Africa",1.16812418065695e-10,1.19166439220128e-10,1.198488448512e-10,1.21965286846325e-10,1.24823814446799e-10,1.2023564630995e-10,1.19927057381489e-10,1.3225993744453e-10,1.3848622849282e-10,1.34086301005654e-10,1.00677670405868e-10,1.02721175655957e-10,1.1570255414401e-10,1.19636712872647e-10,1.1772518759037e-10,1.11311241461836e-10,1.00198810696398e-10,1.23778977323811e-10,1.0503024937544e-10,9.18274164538859e-11,9.2809721672172e-11,9.1510007222071e-11,8.74826379752446e-11
410,"KOR","South Korea",2.71350982625649e-11,2.78222413888579e-11,2.47704813177764e-11,2.42332752411189e-11,2.34771533247491e-11,2.32791232481108e-11,2.16022622125017e-11,2.01344276049499e-11,1.84145437846184e-11,1.7330615105296e-11,1.71634241094312e-11,1.63069428774606e-11,1.60828706126446e-11,1.53029987372496e-11,1.47620552023971e-11,1.40835385100369e-11,1.38848709751259e-11,1.35328003550198e-11,1.24527137785875e-11,1.11844374868169e-11,1.05714308626679e-11,9.69288372480966e-12,9.40386786404346e-12
728,"SSD","South Sudan",NA,NA,NA,NA,NA,NA,NA,NA,NA,NA,NA,4.46785807694687e-10,1.00922460974585e-09,8.2164695494121e-10,8.37673299274515e-10,8.70414915895822e-10,1.02581648211863e-09,1.10146664875485e-09,1.16563763560865e-09,1.17949089671719e-09,1.28104850684382e-09,1.24399440834925e-09,1.23883442942342e-09
724,"ESP","Spain",1.62303860354423e-11,1.5541877018791e-11,1.48850584127637e-11,1.521414459566e-11,1.55969230247878e-11,1.51588810677692e-11,1.27382397004534e-11,1.28618468429198e-11,1.18027967398379e-11,1.15568969818472e-11,1.14088639507886e-11,1.03798527844946e-11,1.09270457794255e-11,1.01944579256341e-11,9.07681037980829e-12,8.8498165590915e-12,8.2622588460231e-12,7.92747447377377e-12,7.52714789271542e-12,6.9263902658468e-12,6.6564672674906e-12,6.54127592367206e-12,5.77955327652431e-12
144,"LKA","Sri Lanka",2.04184719410703e-10,2.08246693949706e-10,1.99431138964037e-10,1.92703420099007e-10,1.84801473769594e-10,1.79293319388403e-10,1.66539130577953e-10,1.57331086446683e-10,1.46483066309735e-10,1.43230460093073e-10,1.40239432952656e-10,1.18839550838413e-10,1.06609138043212e-10,1.01862211789396e-10,9.60560834995775e-11,9.27178770072177e-11,8.71783502484293e-11,7.81154705228725e-11,7.57072355931857e-11,7.67465487242932e-11,7.88025181125779e-11,7.88339181011979e-11,8.50852695974217e-11
275,"PSE","State of Palestine",NA,NA,NA,NA,NA,NA,NA,NA,NA,NA,NA,NA,NA,NA,NA,NA,NA,NA,NA,NA,NA,NA,NA
729,"SDN","Sudan",1.61636098685944e-10,1.59117073032158e-10,1.5644215946758e-10,1.52993095802678e-10,1.54772323943833e-10,1.5773963357486e-10,1.65937840159667e-10,1.51101439036855e-10,1.49329604610843e-10,1.52981483406226e-10,1.48790480168526e-10,1.54943098060121e-10,1.84296071158036e-10,1.82347020252951e-10,1.77804136229509e-10,1.79346125595429e-10,1.81714776931662e-10,1.7932170869827e-10,1.88967485371882e-10,1.97075848487953e-10,2.01201140989777e-10,2.11465297790491e-10,2.13692420063838e-10
740,"SUR","Suriname",6.98409037566969e-11,6.48254876562541e-11,7.08063331176643e-11,6.84362996701576e-11,6.74470226762988e-11,6.93749370190889e-11,6.62757462425269e-11,6.08716009505674e-11,5.92197649086204e-11,5.34965992527102e-11,5.9831337681922e-11,4.73453540067201e-11,6.03128112943469e-11,4.58625576824862e-11,5.11936417809226e-11,5.17392716645042e-11,7.47666595027962e-11,6.44941951317046e-11,5.35664557325916e-11,6.49801280529042e-11,7.95745600313862e-11,8.10326162748166e-11,8.25279238831083e-11
752,"SWE","Sweden",2.20657793255144e-11,2.03946302235495e-11,1.99378368001339e-11,2.04610982885913e-11,1.88751784235898e-11,1.84038593774085e-11,1.73623362645307e-11,1.69950761005249e-11,1.66478036746467e-11,1.69656705085601e-11,1.67495760450253e-11,1.59526941992481e-11,1.56405082277381e-11,1.50423367656034e-11,1.3701160827157e-11,1.27689066400131e-11,1.28532465676376e-11,1.22190676504261e-11,1.14853426892304e-11,1.09166775072937e-11,1.06073728302458e-11,1.03447921495731e-11,9.66877072178612e-12
756,"CHE","Switzerland",1.01232956332348e-11,1.03429313102154e-11,9.66226030839369e-12,1.00214265820484e-11,9.56420186272102e-12,9.48819424660879e-12,8.90403994196128e-12,8.05718163507504e-12,8.00216153390069e-12,7.99721832602236e-12,7.78491633405958e-12,6.47324028417194e-12,6.48071466360539e-12,6.34701212730962e-12,5.06556214189418e-12,4.91113456145993e-12,4.83066356718905e-12,4.44374982961281e-12,4.01867398350044e-12,3.78957964869657e-12,3.5380850922565e-12,3.54051262458456e-12,3.33060252529181e-12
760,"SYR","Syria",NA,NA,NA,NA,NA,NA,NA,NA,NA,NA,NA,NA,NA,NA,NA,NA,NA,NA,NA,NA,NA,NA,NA
158,"TWN","Taiwan",6.36252661243558e-11,6.59395183463327e-11,6.50119979426345e-11,6.34271769056267e-11,5.88343910582451e-11,5.42083539866363e-11,4.97963910130821e-11,4.61367136847588e-11,4.55631072880142e-11,4.5693622105704e-11,4.29349760532671e-11,4.10812602851058e-11,3.91462753761928e-11,3.74123948116213e-11,3.54384134183934e-11,3.49748538182063e-11,3.35530290479873e-11,3.16990584082802e-11,3.00400271501964e-11,2.86310633933072e-11,2.49656393915624e-11,2.14139079940552e-11,2.04565141254811e-11
762,"TJK","Tajikistan",3.3080014380861e-10,3.07281626076038e-10,2.83624560356541e-10,2.62986730355685e-10,2.46530123400991e-10,2.3781713048636e-10,2.29267595540544e-10,2.24117081581065e-10,2.16002627767549e-10,2.1204425648524e-10,2.03443394151397e-10,1.95048268675833e-10,1.86472973886126e-10,1.78918095472369e-10,1.74320542430981e-10,1.7120747769747e-10,1.56637694109083e-10,1.47641001307769e-10,1.45574719816835e-10,1.34231313366734e-10,1.28124766527752e-10,1.197788852692e-10,1.12873580703807e-10
834,"TZA","Tanzania",9.01419022601018e-10,8.77012825941289e-10,8.61800253495302e-10,8.44091664067358e-10,7.93785460796189e-10,7.7652010462674e-10,7.51836746995695e-10,7.07197230259622e-10,6.81310457313727e-10,6.6460154974692e-10,6.41189785254645e-10,6.20231651753532e-10,5.8889851788226e-10,5.75061658853036e-10,5.2291621864815e-10,5.07880611733359e-10,4.84364753416648e-10,4.54294886971882e-10,4.36986387843627e-10,4.37746252276988e-10,4.31566471311141e-10,4.23879630477721e-10,4.05171255210469e-10
764,"THA","Thailand",1.03863667053249e-10,1.00591212075581e-10,1.00651386966765e-10,1.02453060747316e-10,1.05383015995994e-10,1.02532163890013e-10,9.63155545702999e-11,9.36091302297565e-11,9.20737388852814e-11,9.52071897447206e-11,9.31835243713984e-11,9.09259868293096e-11,8.96998613693768e-11,8.83149543737628e-11,8.87939753211708e-11,8.83753593418342e-11,8.90116625855384e-11,8.42259577423649e-11,7.98231525368318e-11,8.1571512741843e-11,7.93027940340157e-11,7.34816856534205e-11,7.06136136041624e-11
626,"TLS","Timor-Leste",1.40596506899824e-10,1.19885590430845e-10,1.45475880998578e-10,1.49921906597586e-10,1.52895850669863e-10,1.46617558557454e-10,1.5507834962757e-10,1.38871978270142e-10,1.26447521332484e-10,1.14208732084639e-10,1.05172217040965e-10,9.7917429797101e-11,9.47535336051682e-11,9.91957788905647e-11,9.60440942692998e-11,9.36638989601971e-11,9.04854544424821e-11,9.34726765190346e-11,9.50427742907747e-11,7.79170737639518e-11,5.87846705801844e-11,5.63552013574242e-11,6.82954229181767e-11
768,"TGO","Togo",4.15912977084028e-10,4.05540927253941e-10,4.06108356692003e-10,4.07690542816867e-10,4.13651150382048e-10,4.41225312308783e-10,4.44893366868622e-10,4.60788967750061e-10,4.50898416710547e-10,5.50730387836723e-10,5.12975453225936e-10,4.85139322732563e-10,4.49025404980545e-10,3.84527388071735e-10,3.56870620722684e-10,3.62271365671734e-10,3.40062570229673e-10,3.25683229725753e-10,3.29443556700833e-10,3.10685038866438e-10,3.37747906471403e-10,3.26376140832068e-10,3.08359162940184e-10
776,"TON","Tonga",1.32518357806515e-10,1.26201848340602e-10,1.23749136439419e-10,1.23926598643052e-10,1.25671361372939e-10,1.21662468520065e-10,1.28078054931082e-10,1.23654723178239e-10,1.22459991338991e-10,1.30885331557143e-10,1.27502619231746e-10,1.10570496620066e-10,1.08548581489668e-10,1.103988477916e-10,1.07613898459421e-10,1.05189589371185e-10,9.76868100972512e-11,9.33036876303959e-11,9.37929059716715e-11,9.32403711720083e-11,9.01874216133753e-11,9.21281494547734e-11,NA
780,"TTO","Trinidad and Tobago",1.11789565803239e-10,1.06548114395893e-10,1.11805360008133e-10,9.99291295824536e-11,8.81723916587872e-11,9.45877856960999e-11,9.257584036626e-11,8.33233162292582e-11,8.20181746912277e-11,8.21792285224178e-11,8.26701547381608e-11,7.92691923114367e-11,6.88976904603225e-11,6.85727178541703e-11,6.61037262277266e-11,6.7396979190739e-11,6.57395090889731e-11,7.02175641804443e-11,6.27506259045809e-11,6.21686295516191e-11,6.40696562067865e-11,6.66018224065314e-11,6.66228964141928e-11
788,"TUN","Tunisia",1.14129780544267e-10,1.13088692932459e-10,1.13105750906499e-10,1.11902248928687e-10,1.0826975029709e-10,1.06959477249341e-10,1.02597849640785e-10,9.90686186836576e-11,9.50432165241752e-11,1.00648373730224e-10,9.17688904336533e-11,8.74301573494153e-11,8.42855340631585e-11,8.20634885924671e-11,8.3614076572686e-11,8.56121267070022e-11,8.53775522629178e-11,8.70716713456468e-11,8.43134309139823e-11,8.02563483398498e-11,8.47005521930941e-11,8.42436673046525e-11,8.24996724202077e-11
792,"TUR","Turkiye",4.69599149829582e-11,4.89551425016785e-11,4.89546541538804e-11,4.70519263966178e-11,4.38574969137188e-11,4.02043443705993e-11,4.18081103982064e-11,4.50762680414916e-11,4.88327704419873e-11,4.97487849616452e-11,4.71667392810092e-11,3.87653086677807e-11,3.68901256068222e-11,3.24478390577651e-11,2.99446123795068e-11,2.9373960390348e-11,2.71049446785372e-11,2.42450876020983e-11,1.9823892255503e-11,1.78285634115082e-11,1.50861243712996e-11,1.30072776886664e-11,1.13757714898408e-11
795,"TKM","Turkmenistan",2.45719807500094e-10,2.33208557947544e-10,2.6253991250943e-10,2.79590907201864e-10,2.71720918704153e-10,2.35964109516325e-10,2.00295776906559e-10,1.94613271178701e-10,1.79236368040381e-10,1.60082412484355e-10,1.5707895625887e-10,1.44332613310454e-10,1.28630183671007e-10,1.23469858879358e-10,1.22967071474035e-10,1.21443480050721e-10,1.05959051802238e-10,1.00816014490976e-10,9.45917127719326e-11,8.93212699466078e-11,9.23064162752464e-11,NA,NA
796,"TCA","Turks and Caicos Islands",NA,NA,NA,NA,NA,NA,NA,NA,NA,NA,NA,8.72614549143954e-12,9.73215229232153e-12,9.51334138536967e-12,8.62947969053618e-12,7.90302145541232e-12,7.37491287527171e-12,7.7265411179835e-12,7.37116763331692e-12,7.13926480452856e-12,8.65250420981999e-12,8.09156523087498e-12,8.32580378360523e-12
798,"TUV","Tuvalu",NA,NA,NA,NA,NA,NA,NA,NA,NA,NA,NA,NA,NA,NA,NA,NA,NA,NA,NA,NA,NA,NA,NA
800,"UGA","Uganda",7.92100029765084e-10,7.7148597646073e-10,7.35711052131207e-10,7.12666525980238e-10,6.87751280701153e-10,6.70485407343041e-10,6.25904591956221e-10,5.93062487392371e-10,5.67417325503516e-10,5.5874276452064e-10,5.47565095015833e-10,5.1749141190903e-10,5.10471498294297e-10,5.17914176304159e-10,5.11029897970786e-10,5.10316978259532e-10,4.96758356934047e-10,4.93931071113546e-10,4.78844403574754e-10,4.41838696944519e-10,4.52216643605391e-10,4.54391677817429e-10,4.32919830897312e-10
804,"UKR","Ukraine",6.80169112719379e-11,5.28064201157187e-11,5.19701384907841e-11,4.88500296595171e-11,4.59771469581112e-11,4.28094899438244e-11,3.95939754756532e-11,3.74517076256535e-11,3.65002921511276e-11,3.97982460031559e-11,3.91511902164202e-11,3.8446774723112e-11,3.81167397303597e-11,3.75608888366646e-11,3.88586763530517e-11,4.1467824843043e-11,3.9462059223933e-11,3.70870846837861e-11,3.69235365976429e-11,3.55950308594691e-11,3.62866591953931e-11,3.59585147198363e-11,5.14711670330342e-11
784,"ARE","United Arab Emirates",5.03164079931779e-11,4.94867088100057e-11,5.16343461665478e-11,5.29977036185247e-11,4.95486213050161e-11,4.95443587570175e-11,4.75699540047557e-11,4.73828243166377e-11,4.74289446179329e-11,4.66596156957558e-11,4.83102980761713e-11,4.5053876254385e-11,4.17287791690231e-11,3.95860660390769e-11,3.67723762215038e-11,2.77813295092022e-11,2.91233823574952e-11,2.89763523101023e-11,2.61668773927027e-11,2.54794876687103e-11,2.45485306328925e-11,2.60819319492209e-11,2.55873279670604e-11
826,"GBR","United Kingdom",1.16383938812814e-11,1.14123784497506e-11,1.04888536556014e-11,9.74618808633743e-12,8.9290225324957e-12,8.52028002866562e-12,7.91318904646081e-12,7.7105542906091e-12,7.15205933866689e-12,6.94397556644803e-12,6.85944662898598e-12,6.15422602979643e-12,6.19362930448088e-12,5.65523608804517e-12,5.32882522729545e-12,5.31782455876818e-12,5.01450083776047e-12,4.84306744289998e-12,4.74988911523092e-12,4.36581669813024e-12,4.32693827583593e-12,4.43220186301003e-12,4.05924129562851e-12
840,"USA","United States of America",1.55042745255726e-11,1.53931049873221e-11,1.46721939319684e-11,1.44894563117063e-11,1.47652441649784e-11,1.44866997770661e-11,1.38332883584796e-11,1.36129864959802e-11,1.3191500392901e-11,1.27059161171231e-11,1.28880133467367e-11,1.13342789454004e-11,1.00111882462109e-11,1.02974692374382e-11,9.70089080533315e-12,9.3035547116524e-12,8.59856247382316e-12,8.06810803447116e-12,7.84338458241081e-12,7.18841643138423e-12,6.4471813162702e-12,6.20826532106342e-12,5.85038514675777e-12
858,"URY","Uruguay",6.22089902460959e-11,6.36234766048329e-11,6.69028668701607e-11,6.67244250669453e-11,6.60198282026477e-11,6.29231783015349e-11,6.42918848208489e-11,6.20873040508463e-11,6.94292741875015e-11,6.67521511461291e-11,6.90689762134252e-11,6.5299189971e-11,6.20610567568457e-11,5.9798353357025e-11,6.03370742225076e-11,6.37697461161558e-11,6.26364385993541e-11,6.16542032853263e-11,5.97566133706304e-11,5.7902113239086e-11,5.98725320786178e-11,5.71289806919306e-11,5.3638931250536e-11
860,"UZB","Uzbekistan",1.4012561926115e-10,1.36712663169731e-10,1.29874345097562e-10,1.17762119233484e-10,1.06260155968276e-10,1.01138730233706e-10,9.9921168123867e-11,9.22849103791092e-11,8.05884215428966e-11,7.13461513285128e-11,6.8159305837494e-11,6.42692772264298e-11,5.73390087750779e-11,5.21526986591915e-11,4.72056097159219e-11,4.35498656679679e-11,4.17494536943388e-11,4.02480415866266e-11,3.97155315203071e-11,3.8026814352096e-11,4.12065312183748e-11,3.37392112673001e-11,3.29888632877648e-11
548,"VUT","Vanuatu",1.55070728490115e-10,1.64066401036931e-10,1.73564527461749e-10,1.66130710326562e-10,1.54608370727441e-10,1.45878440142671e-10,1.3538257707822e-10,1.43352662543941e-10,1.3819822049987e-10,1.40272399012832e-10,1.41418582993181e-10,1.38356051370113e-10,1.36750893846705e-10,1.43204515489557e-10,1.39224793629395e-10,1.37434469952966e-10,1.30066983815868e-10,1.20978526336868e-10,1.18298463191959e-10,1.14732581604407e-10,1.17985458522701e-10,1.16557822290217e-10,1.12993807942294e-10
862,"VEN","Venezuela",2.97586821131278e-11,3.14972753849585e-11,3.40276796883218e-11,3.16295689295344e-11,3.55443705034302e-11,3.42722266083383e-11,3.10133837273451e-11,2.96543814246549e-11,2.20992262340443e-11,2.41976052673587e-11,3.20114437627468e-11,2.44977119134507e-11,2.65804078875711e-11,2.46270727589982e-11,2.83054436762067e-11,2.22565572002058e-11,2.41043123584222e-11,2.57908171199272e-11,3.0562091775069e-11,3.27794266777795e-11,2.99312214974319e-11,2.81460081288697e-11,2.6298826205671e-11
704,"VNM","Viet Nam",1.6062758568391e-10,1.54017404955733e-10,1.49314495601319e-10,1.42302805838504e-10,1.4196613750707e-10,1.31581004424067e-10,1.21044568946801e-10,1.17113251235956e-10,1.1558942854932e-10,1.15202153677309e-10,1.10107788298934e-10,1.02584169862208e-10,9.40323452329358e-11,8.89948899066957e-11,8.6091664770466e-11,7.96227820810821e-11,7.717658593623e-11,7.19306799697633e-11,7.05070768990987e-11,6.55939675839526e-11,5.97781825544769e-11,5.60307484580269e-11,5.0513657057305e-11
876,"WLF","Wallis and Futuna Islands",NA,NA,NA,NA,NA,NA,NA,NA,NA,NA,NA,NA,NA,NA,NA,NA,NA,NA,NA,NA,NA,NA,NA
732,"ESH","Western Sahara",NA,NA,NA,NA,NA,NA,NA,NA,NA,NA,NA,NA,NA,NA,NA,NA,NA,NA,NA,NA,NA,NA,NA
887,"YEM","Yemen",1.42163153874196e-10,1.42056289945768e-10,1.31759983318825e-10,1.39356391441123e-10,1.27863389721373e-10,1.26837658695109e-10,1.17702479067198e-10,1.03588296391468e-10,9.99563260983164e-11,1.0727529041539e-10,8.96668924839833e-11,8.38269290569217e-11,6.55569254570664e-11,9.52925706529186e-11,9.14366183797033e-11,3.73611410860115e-11,2.81617609459082e-11,3.29430339619383e-11,5.52232707906365e-11,5.33111605307125e-11,5.06808768492507e-11,4.93089124899042e-11,5.02955689296693e-11
894,"ZMB","Zambia",6.54034585503136e-10,6.38501771960167e-10,6.26090098346048e-10,6.00654728155778e-10,5.75778776966045e-10,5.52473947712239e-10,5.24251479572986e-10,5.00518137406102e-10,4.80499270564773e-10,4.54681957581092e-10,4.24122459443248e-10,4.15062965203883e-10,3.99239089390318e-10,3.86527473772462e-10,3.774968917461e-10,3.7438488502525e-10,3.68765575015712e-10,3.61643065514609e-10,3.53585173848921e-10,3.47180231453957e-10,3.67989594341397e-10,3.68686152409336e-10,3.51885134266234e-10
716,"ZWE","Zimbabwe",8.17454984468348e-10,7.80041555025654e-10,8.54515209704864e-10,1.03935778499576e-09,1.06516831293149e-09,1.17340769471085e-09,1.30739633426061e-09,1.39224640111154e-09,1.67639161916016e-09,1.53500966674978e-09,1.2559540126553e-09,1.12072202297905e-09,9.60369362705433e-10,9.25934604586873e-10,9.22896639025799e-10,9.13425007153617e-10,9.12669772995593e-10,9.00802642266639e-10,8.87356046421148e-10,9.62183347011617e-10,1.04103059329973e-09,9.80666207177224e-10,9.50042038128014e-10
