"code","iso","country","CDA.raw.1999","CDA.raw.2000","CDA.raw.2001","CDA.raw.2002","CDA.raw.2003","CDA.raw.2004","CDA.raw.2005","CDA.raw.2006","CDA.raw.2007","CDA.raw.2008","CDA.raw.2009","CDA.raw.2010","CDA.raw.2011","CDA.raw.2012","CDA.raw.2013","CDA.raw.2014","CDA.raw.2015","CDA.raw.2016","CDA.raw.2017","CDA.raw.2018","CDA.raw.2019","CDA.raw.2020","CDA.raw.2021","CDA.raw.2022"
4,"AFG","Afghanistan",-9999,-9999,-9999,-9999,-9999,-9999,-9999,-9999,-9999,-9999,-9999,-9999,0.216090604577498,0.199824979861715,0.191407223156475,0.172040111587725,0.148532838457441,0.12092757533037,0.0963743691071006,0.0755518271070599,0.0620250270933109,0.0541970022966523,0.0431486082856016,-9999
8,"ALB","Albania",0.00514074337227655,-0.00443315280735641,0.0223878037539833,0.02436266641255,0.0238453152663867,0.0282128593682114,0.0278126464582404,0.0211296474716709,0.0175436321447946,0.0233788100393895,0.0377982574490472,0.0267491971822207,0.0247323269042421,0.0192780291997368,0.0154595835713962,0.0174687600115899,0.0166643790161651,0.0123929474774025,0.0168118844736094,0.0209166958808973,0.0291071095310937,0.0324138910815044,0.0335546544305838,0.0297480905524332
12,"DZA","Algeria",0.0301032103306675,0.0234387367353994,0.0135733710516543,0.00339220243233518,-0.00264716758981683,-0.0119884262911095,0.00087418965562347,0.00738049552113829,0.0113686008796317,0.0261982838331223,0.0361065762851875,0.0403119838446504,0.0374459603711768,0.0384177273531208,0.0420362145991098,0.0422722314928978,0.0518622649571692,0.0513231553019124,0.0519392073851261,0.0505151746120145,0.0514911258282362,0.0422630495671263,0.0328450475120796,0.0225114151731147
20,"AND","Andorra",-9999,-9999,-9999,-9999,-9999,-9999,-9999,-9999,-9999,-9999,-9999,-9999,-9999,-9999,-9999,-9999,-9999,-9999,-9999,-9999,-0.000407301442008863,-0.000833501140035412,-0.000579284956035766,-0.00173879896846803
24,"AGO","Angola",0.0727530256024349,0.0637742752818278,0.0511684149111724,0.0369479167330944,0.0261274063864483,-0.0150434601585959,-0.0171902098644077,-0.00161689319985991,6.82384305954464e-05,0.00657170880308078,0.0204524100812065,0.033129104503133,0.0436362886707689,0.0539866084658001,0.0649216346853747,0.0855678710651724,0.0761807927455962,0.0682124006311884,0.0560961561078801,0.0346137676602654,0.0143845058371879,-0.0010218409162801,-0.0036186831533204,-0.00344446799906542
660,"AIA","Anguilla",-8888,-8888,-8888,-8888,-8888,-8888,-8888,-8888,-8888,-8888,-8888,-8888,-8888,-8888,-8888,-8888,-8888,-8888,-8888,-8888,-8888,-8888,-8888,-8888
28,"ATG","Antigua and Barbuda",0.0291048898034318,0.0379369789547481,0.0421904284572465,0.0473669346565988,0.0530750766315706,0.0551356984544566,0.0538151634329309,0.0519581589021398,0.0521719722057825,0.051560619832177,0.0513022244136212,0.0485944225786363,0.0400880502550371,0.0357955152217126,0.0322014301888733,0.0281200083102109,0.0246715915503617,0.0212876233456587,0.0185563925434264,0.0165641825170266,0.0175561779804763,0.0133259648824846,0.0065428110849135,0.00260374898257121
32,"ARG","Argentina",0.0430341729748878,0.0393602592457358,0.0333513717123426,0.0226637546737813,0.0158265889736984,0.0141346145629857,0.0119689966095013,0.0180027881917093,0.0263696413085184,0.0361740048654058,0.0391038249353386,0.0432017147976562,0.0449026028936821,0.0373005823289565,0.0311759216490348,0.0257843319044733,0.0207429775364194,0.0160680836759153,0.013098089871866,0.0103160666748574,-0.000558359086287279,-0.00478824297108635,-0.00410342771772046,-0.00271228205492568
51,"ARM","Armenia",-0.169178576861309,-0.249863216152206,-0.328241904116973,-0.28710402469286,-0.280563323032253,-0.235326722750277,-0.143873494342895,-0.0806000515971246,-0.00761874997062515,0.0447260953713138,0.0648199454315275,0.0607676160262884,0.0623977252713923,0.0571129482249186,0.0468853869927843,0.0348450310286981,0.0233903000441973,0.0107216979680473,0.0106917756409528,0.028943255435782,0.0281073873507747,0.0233022806586427,0.0275473991874919,0.0362343021301093
533,"ABW","Aruba",0.0598088021036118,0.113960239402002,0.156199209293619,0.180162696743719,0.200910755628953,0.204602147309668,0.196478865291713,0.170903274805413,0.133612269518433,0.0808640567730368,0.0155286966792603,0.00785214200451256,0.000206313564554028,-0.0100386173125483,-0.0317374043372315,-0.0562006731092627,-0.0995472829603498,-0.145689891746344,-0.178940566160954,-0.196874897790866,-0.132143720574605,-0.0674594022053442,-0.0155356016058,-9999
36,"AUS","Australia",0.0245216797223602,0.026563943228761,0.027498905918518,0.0273634451396489,0.0260895283991214,0.0250351531275155,0.0236428434043634,0.0217406497031702,0.0198654965436649,0.0186991337352995,0.0175991323063631,0.0154641596028315,0.0127646003063744,0.00993381241136038,0.0057254060081644,0.00224451751305099,8.18588288986621e-05,-0.000295868245404625,0.000647733654133509,0.00197638710113779,0.00360671519173761,0.00252423330790186,-5.32176706325079e-05,-0.00144914290996919
40,"AUT","Austria",0.00924468310613435,0.00902775973813341,0.0150804670067721,0.015850022641186,0.0188959013901913,0.0196060926229775,0.0214930787868477,0.0226404635383439,0.0200757866210639,0.0154768121863826,0.00369247251531646,-0.00420673749209403,-0.0153355882367572,-0.03048784265643,-0.030968323329467,-0.0344034613725281,-0.0283508683534159,-0.0207018401403163,-0.0103141967002333,-0.00555846869046759,-0.00556617484743905,-0.00545719717176508,-0.00235513548377244,-0.00483577283057456
31,"AZE","Azerbaijan",-0.0246402770137522,-0.040254442449481,-0.0603431246399402,-0.0661711484900059,-0.036143118007862,-0.00207624217223591,0.0128560724035254,0.0238583209670706,0.023520665548268,0.030112758700944,0.0234420740482901,0.0155334694917009,0.00901583772789438,0.00420292583150506,0.00294940853526593,0.00547813252669593,0.0126359705550438,0.0209579604565175,0.0192297939510258,0.0248349413435247,0.0239877849814307,0.0169594666565287,0.0157556659573492,0.0163197010332186
44,"BHS","Bahamas",-0.00129105049168339,0.00544737376474846,0.0136557239736861,0.0228691379603805,0.0197863846647024,0.0168754311965735,0.0166763345987071,0.01490955135524,0.00555776237103522,0.00817444866759365,0.0126506001321236,0.016904544164569,0.0217474088561906,0.0283011917052571,0.0272132429125482,0.0167018541519668,0.00588107381584857,-0.00425704462280037,-0.0234458974733765,-0.0105131561178273,-0.00195135507773527,0.000655846014291361,0.00317733760097316,0.00800047707884244
48,"BHR","Bahrain",0.0365907432898942,0.0347636912340832,0.0150914592022562,-0.00419673916149375,-0.0038236714779006,0.00091031158570698,0.00935682737163801,0.0163890273131884,0.0416443968818854,0.0686651948383239,0.0841724499719885,0.0957362139038707,0.0842482936277311,0.0684755793124581,0.0571737475081848,0.0427203148827964,0.0324387964901149,0.015877442093873,0.0154129298401675,0.00684758101685046,-0.00428049717153709,-0.0183673750984076,-0.0331039248873154,-0.0473452263235166
50,"BGD","Bangladesh",0.0868985817339678,0.0875859189705219,0.0907366733206352,0.0883897303415013,0.0812251196206086,0.073508748117713,0.0731896638434839,0.0745964746123531,0.0747828272005311,0.0716031897630653,0.0707043800899876,0.0702606861882553,0.0737157017822749,0.0755085841047469,0.0727818275515209,0.0704036554594925,0.0685455580637269,0.0677013123171726,0.0653203463017742,0.063851908981206,0.0657537702080102,0.0626839342180687,0.0588262040240819,0.056889622743131
52,"BRB","Barbados",0.0498089861467368,0.0430580752716867,0.046152158685145,0.0415471376719674,0.0563643755112135,0.0485016298650911,0.043218140791845,0.0338973878298092,0.0234452349306928,0.0311208790380397,0.0378150586440102,0.0346685153660395,0.0324600019220251,0.0257902415956166,0.0183228406390257,0.00292694774133873,-0.00611359958519324,-0.0110631552128059,-0.0231046866733456,-0.0343825793854896,-0.0376246061225018,-0.030860125787124,-0.0194695962157678,-0.0100586873114751
112,"BLR","Belarus",-0.0299077358644945,-0.0477813211935854,-0.064807840760203,-0.0615958046288795,-0.0418944059985717,-0.023020571982884,-0.0127653068077075,-0.000264754761276574,0.00660998785140543,0.014502217524619,0.0175105453434667,0.0178809733778575,0.0145678555465982,0.0105307669457331,0.00767157592631373,0.00633132971768879,0.000779607693732087,-0.00144811022146936,-0.00378612732539243,-0.00154482961604047,-0.00187780767825,-0.00217330366612498,-0.00262359015043228,-0.00185423746324045
56,"BEL","Belgium",0.00629966885805677,0.00495908566906311,0.00415010513245262,0.00293538368394408,0.00111351864423792,0.00120644120484359,0.000164470068486411,-0.000183042751321839,-0.00671864420217092,-0.00780771588900317,-0.0228277564419856,-0.0269035631113927,-0.0396878563590563,-0.0498090435208172,-0.0522211301306887,-0.0548547017697808,-0.0495651130126098,-0.0424778746072615,-0.0357073462093688,-0.0228614909102915,-0.0194505815033725,-0.0151790449992474,-0.0127531886681465,-0.0154677289007334
84,"BLZ","Belize",-0.0124557037365474,-0.0272898730718937,-0.0019663970387362,0.00157213111873999,0.00746395277592726,0.00648419463039529,0.00958535467624855,0.000181712542642876,0.00580508172270178,0.000847087754254128,-0.00113121846083857,0.00275823428207977,0.0136892148908443,0.00788077136383425,0.00638904562130738,-0.00386807923209666,0.00846140808552298,0.0170185638645743,0.0277250938634253,0.0286659704718604,0.0414436274019139,0.04232641759172,0.0513459340224807,0.0433094793558921
204,"BEN","Benin",0.0818433185699534,0.0723530909218646,0.0704354901332138,0.0755356009023835,0.0891512979042968,0.105091750182172,0.10935105067962,0.122578928826402,0.134319827214106,0.124894171955878,0.122933139800509,0.113579028392762,0.0975071864003598,0.0817115857431914,0.0684553048390015,0.0570098258782339,0.0425946661453855,0.0446762649237631,0.055768267624587,0.0616653824703304,0.0666500536395369,0.071716853184812,0.073062627347295,0.0652707378806463
60,"BMU","Bermuda",-8888,-8888,-8888,-8888,-8888,-8888,-8888,-8888,-8888,-8888,-8888,-8888,-8888,-8888,-8888,-8888,-8888,-8888,-8888,-8888,-8888,-8888,-8888,-8888
64,"BTN","Bhutan",0.130094370265559,0.13753072514477,0.137367361650488,0.131251447229803,0.10648719821935,0.103086163906194,0.0948680627143146,0.0775595212522786,0.0730502819028782,0.0575381778134689,0.0612906151695849,0.0629424324541943,0.0656959747414239,0.0678641861633491,0.0772003313929235,0.0863449037036441,0.0886270581059154,0.0868605719755606,0.0964534426300545,0.10640628981397,0.0969778335561784,0.0711589762071523,0.0542599147647267,-9999
68,"BOL","Bolivia",0.0563896115185964,0.0357714096064101,0.00905671753302051,0.00150109730898063,-0.000325212723733238,0.00408967836574825,0.0120237864777082,0.0283145087116183,0.0412077043970642,0.0603981165873366,0.0687407465104217,0.0735103066406313,0.0675536561908963,0.0754774361315034,0.0803295363761971,0.0808349953117042,0.0728090075470542,0.0704991357105644,0.0606226970845078,0.0524926324641577,0.0417651444723384,0.0209489234222404,0.0144932052539759,0.0135950594039074
70,"BIH","Bosnia and Herzegovina",-9999,-9999,-9999,-9999,0.219008773777569,0.17291302882958,0.0908356087348268,0.0510079237318004,0.0295552499477265,0.0337034197778976,0.0459620556054339,0.0618948159666322,0.0790224141380789,0.0704707518763985,0.0649108692826621,0.0641112772804031,0.0472416630589978,0.0432430505524368,0.0336952837259039,0.0238155861639926,0.0230163318082097,0.0257525467706534,0.0325197474932639,0.020242829718049
72,"BWA","Botswana",0.0228966297758615,0.0322148210722075,0.0361841141158403,0.0404873639201531,0.0471887120941588,0.0483576091234248,0.0497228817757545,0.0411857024563962,0.0300045080494395,0.0295003774974176,0.0131253831186191,0.0157052451673025,0.0107449841644063,0.020386008571861,0.0305858712781995,0.0479389277363245,0.0577703565920571,0.0716231260212963,0.0858538040562256,0.0983184582805585,0.0880141150508678,0.070368946018333,0.0462082101541463,0.0358784607227496
76,"BRA","Brazil",0.0499103045079292,0.051106980687011,0.0506687906036059,0.0452965165597374,0.0377597836267405,0.030704275402899,0.0247130690806445,0.0204007492997675,0.0197449285856417,0.0210518378346662,0.0184595713946054,0.0234742876923761,0.0286790637642833,0.0342406974786558,0.0396283160528972,0.0454307046511291,0.0444724475597935,0.0357488553719008,0.0276432365412966,0.0180637899162674,0.00299553569478994,-0.00350119481023329,-0.0039980214285264,-0.00806948370958401
92,"VGB","British Virgin Islands",-8888,-8888,-8888,-8888,-8888,-8888,-8888,-8888,-8888,-8888,-8888,-8888,-8888,-8888,-8888,-8888,-8888,-8888,-8888,-8888,-8888,-8888,-8888,-8888
96,"BRN","Brunei Darussalam",-0.0569900396433865,-0.0260682704519908,-0.0259445807643711,-0.0359765911100176,-0.0285189599393329,-0.0139398654618718,-0.00614966484878109,0.00169507606090069,0.043782276987236,0.0894710663878573,0.0948915045593983,0.105182088018261,0.118677553709874,0.112127974982146,0.0847680324650251,0.0664246294661333,0.0272674133603199,-0.00464599135183832,-0.00202462544209955,0.00833990234675386,0.0129649193280705,0.0157814229739217,0.0298651464962176,0.0407071130227146
100,"BGR","Bulgaria",-0.00367892972293447,-0.00341920995146896,-0.00357373483969248,-0.0110563019611012,-0.0104598845326503,-0.0111733966240474,-0.00817223289116922,-0.00157363007015036,0.0114953258934356,0.02059301198601,0.0110757950554776,0.0028042076762147,0.00465861438362447,-0.00357409045139213,-0.0163592790776702,-0.0271147911007306,-0.0259758317752145,-0.0279625874808936,-0.0137525923166001,-0.00994509541736912,-0.0220785062084321,-0.0398675226526172,-0.0270113030793663,-0.00996164399428455
854,"BFA","Burkina Faso",0.0234760511501784,0.02936336133583,0.032443089666873,0.0332219156094318,0.0338975817940388,0.0337272127675414,0.0249958838296476,0.0275066396852135,0.0395023333301385,0.0465312936058204,0.0508097398073806,0.0638632166845854,0.070696442844913,0.0811079223309334,0.0916597770118028,0.0947850462695399,0.0916506513662196,0.0930162110582384,0.104502722917768,0.0990231099277705,0.0876575407560181,0.0733534077409188,0.0592330465459803,0.0506732005981863
108,"BDI","Burundi",0.0211527751999836,0.0257017452730179,0.0234944550654013,0.0196568035975446,0.00747358112588348,0.0113331829694696,0.00492666917616158,0.00168159230703457,0.000114030715399949,-0.00597494279751139,-0.0226289239292117,0.00254185817372687,0.0151267984335606,0.0294704120138798,0.0274267596595887,0.0340297787606485,0.0293870203344708,0.0321010322553532,0.0440960992778463,0.0500082429581565,0.0362477489120057,0.037532604787472,0.0459787421672908,0.0522143009344311
132,"CPV","Cabo Verde",0.0411229147743526,0.0450189795799618,0.0481284906473827,0.0572907073318445,0.0672250104176466,0.0746693336777038,0.0940751061594989,0.109119921355298,0.110368224036233,0.0931568690187523,0.0774394108766692,0.0625410814003218,0.0492930928003799,0.0259479659166624,0.00502368133522291,-0.0247733060840164,-0.0312586583951758,-0.0209134358295454,-0.00254186198346767,0.0145513676893569,0.0327060358184059,0.0482239663683881,0.0709490575959182,0.0769837850835398
116,"KHM","Cambodia",-9999,-9999,-9999,0.0255324378700283,0.0223928981807526,0.0199035859566166,0.0193207145727674,0.0210724523713035,0.0271401726163574,0.0428698652250212,0.060006961488491,0.0719382408526268,0.0871816509653078,0.0943910253287632,0.0915027676683953,0.0880277859732259,0.0901170102613911,0.096532566646722,0.102523338623192,0.109627582045617,0.11783903301775,0.118596065785583,0.115845727362359,0.105704040679649
120,"CMR","Cameroon",0.103459673230831,0.0747314211048606,0.0233504576705923,0.0114848886498606,0.00655773375641022,0.00204361029408884,-0.00115797119840444,0.00306769213670877,0.0181963071854401,0.0284507651895234,0.0420554834072029,0.0540509827627762,0.0581978885288366,0.0516096365645127,0.0393758121998473,0.0380738415814064,0.0355860320415093,0.0284572014023379,0.0296047670424999,0.028929928328753,0.0349099168108733,0.0348336219163663,0.0338516398866784,0.025861994720316
124,"CAN","Canada",0.0219265725184472,0.0255367792297965,0.0243880363494442,0.0232359135634757,0.0212044534720806,0.0184662741862582,0.0145781678570618,0.0104854079013001,0.00933766377056733,0.0060335859591869,0.000243851061584088,-0.00163306212111754,-0.00430547030625533,-0.00676767932871006,-0.00451661803959868,-0.00304666374317098,-0.00143995387004104,-0.00253580121409582,0.000630504310361601,0.00354553901971899,0.00253222695192235,-0.00199021908010958,-0.00503185816201224,-0.00730621903495104
136,"CYM","Cayman Islands",-8888,-8888,-8888,-8888,-8888,-8888,-8888,-8888,-8888,-8888,-8888,-8888,-8888,-8888,-8888,-8888,-8888,-8888,-8888,-8888,-8888,-8888,-8888,-8888
140,"CAF","Central African Republic",0.0289659656915489,0.0272625997346494,0.0199302960516696,0.0139097766395071,0.005995953320866,0.000922385436522566,-0.00421654452151482,-0.00705115721652798,-0.00578856815603065,-0.00387560787848731,0.000897511871074563,0.00921784973559836,0.0151332595549498,0.0225227678967437,0.0234437697491983,0.0227832744441241,0.020377541128757,0.0199517285110136,0.0184652841788748,0.0174892321602351,0.0147748106475476,0.00687090471550378,0.00572076822801137,0.00218504220203175
148,"TCD","Chad",0.0223312184679969,0.0142728911821435,0.0166664087102224,0.0320124416493854,0.0502638020612178,0.0681590470241111,0.0831828708535116,0.095118449823717,0.105610853129236,0.105019145812549,0.0991860650391803,0.0766515910303294,0.0613555294419892,0.0344308802465914,0.0211463910525942,0.0280758198942015,0.0297271378138328,0.0428227010514539,0.0569735189618974,0.0626481100838818,0.0607305873260677,0.0513548670005193,0.0535429260361593,0.0340140663424708
152,"CHL","Chile",0.0751548699977405,0.0743303633466252,0.0616137070589564,0.0471255643249462,0.0334054127479726,0.0241629853407874,0.0156774872015062,0.0126742105682089,0.022825771544732,0.0321525059620358,0.0390686530563229,0.0396672990373887,0.0415362406409681,0.0427438485136058,0.03857590267487,0.0328649192451977,0.0287590398784023,0.0245222191617729,0.0260207485123398,0.0267619904185223,0.0224201701558346,0.0116039052693104,0.0121261489478193,0.0123843632379672
156,"CHN","China",0.0457921700215167,0.0392781867968002,0.0329569180315541,0.0304577005217221,0.0366823492211814,0.0487523008798438,0.0665867424867492,0.0848218049335794,0.0992209149170744,0.104700949025986,0.102602950991155,0.0970669543239657,0.0880685136487167,0.075442531366755,0.0657327021636522,0.0575887402903603,0.0491390745617717,0.0401440694204436,0.031517041148694,0.024518403426689,0.0183980361529896,0.0150986277270984,0.0170872666303992,0.017992200783852
170,"COL","Colombia",0.0258503545160012,0.0188436027783057,0.00945912766882739,0.00278360170671332,-0.000670051958237524,-0.00304282582852182,-0.000200651130004904,0.00422986584560325,0.0128674938206548,0.0207401205807487,0.0248057549898859,0.0340897844823067,0.035703131731815,0.0363178354663085,0.0372930781184881,0.0366803145564372,0.0374616549465776,0.0381840366248152,0.0311838246299849,0.0240656690426408,0.0189021593397725,0.0106760252464977,0.0044472057125724,0.00327905366586623
174,"COM","Comoros",0.0419872889290411,0.049043584890377,0.053741780135568,0.0528075294404255,0.0640454278487421,0.0718946661624875,0.0729435397112825,0.0775753543644129,0.0500755351998727,0.028236778194406,0.0186061339607613,0.0236918754941866,0.013668407038631,0.00350336791943384,0.0169386591278835,0.0250006130920655,0.0355070500800088,0.0640306185493149,0.0681797421631378,0.0688872884201226,0.0779586857030778,0.0840564683330889,0.0761437389877566,0.0684349348386841
184,"COK","Cook Islands",-8888,-8888,-8888,-8888,-8888,-8888,-8888,-8888,-8888,-8888,-8888,-8888,-8888,-8888,-8888,-8888,-8888,-8888,-8888,-8888,-8888,-8888,-8888,-8888
188,"CRI","Costa Rica",0.0585041860061783,0.0442800376739123,0.0328445969815419,0.0284071622192212,0.0231278288287156,0.0331917121040388,0.0331481606493267,0.032401534898933,0.0372371433295575,0.0419972437028346,0.0432496501752064,0.0375464494420206,0.0309124638644172,0.0275413949822259,0.0259230504359569,0.0237877612615283,0.01435510057666,0.0104912209828212,0.0132071937726075,0.0199540235305373,0.0289766315450459,0.0233788930085868,0.0240912695388351,0.0260254568476135
384,"CIV","Cote d'Ivoire",0.064767735028012,0.0667312962078621,0.0652559511196971,0.0474881384570429,0.022423732207079,0.00110655139748483,0.00113992349420777,0.00670792584044677,0.00927645935058141,0.00876437622955972,-0.00986033691582519,-0.0171421042240948,-0.00835004083831599,0.0149810860794573,0.0186151395387586,0.0383491514683367,0.054549511131857,0.0741317808943283,0.0856190133018653,0.0913945837755084,0.079868115163801,0.064728995763655,0.0486093639335268,0.043074410770449
191,"HRV","Croatia",-9999,-9999,-9999,-9999,-9999,0.036498766222794,0.0336489691262098,0.0292175324930297,0.0291945749093454,0.0239954646450187,0.0152265470299384,0.00242293236216051,-0.00436017254785413,-0.0104204748867927,-0.0119590514607356,-0.00686123504155741,-0.00188555193386403,-0.00963026597525744,-0.0119893524182934,-0.0197910438490194,-0.0168153736345318,-0.0160586316859915,-0.01092177890355,-0.00635933458566635
192,"CUB","Cuba",-8888,-8888,-8888,-8888,-8888,-8888,-8888,-8888,-8888,-8888,-8888,-8888,-8888,-8888,-8888,-8888,-8888,-8888,-8888,-8888,-8888,-8888,-8888,-8888
531,"CUW","Curacao",-8888,-8888,-8888,-8888,-8888,-8888,-8888,-8888,-8888,-8888,-8888,-8888,-8888,-8888,-8888,-8888,-8888,-8888,-8888,-8888,-8888,-8888,-8888,-8888
196,"CYP","Cyprus",0.0379819665620544,0.0329559820268888,0.0285783391479546,0.0267790966375729,0.0275891154519525,0.0294735558188641,0.0277887330707918,0.0278614375942055,0.0275550683305499,0.0280334440146226,0.0261446100502869,0.0214981985060843,0.0119406554767767,-0.000630484996173342,-0.0110199938003515,-0.0148157998030973,-0.013471462546036,-0.00985787147702608,-0.00614399390664838,-0.00480915350874164,-0.00173559945452636,-0.000665427352266586,0.00297570761895183,0.00679859220726553
203,"CZE","Czech Republic",-0.0444331435661997,-0.0375389454495309,-0.0283591147324013,-0.0210224983620154,-0.0111708573136215,-0.00618547617509333,-0.00359954917498815,0.00102970266775637,0.00444365970763427,0.00335711982802045,-0.0074902829725995,-0.0124697936673667,-0.0177153554044473,-0.0275204737271229,-0.0319488238028697,-0.0371100697175465,-0.0395359080765755,-0.0340402919316299,-0.0229511927821057,-0.0179423150985265,-0.0200218333885036,-0.0248846841177122,-0.0232400210413324,-0.0203764418061521
180,"COD","Dem. Rep. Congo",0.0215561701961822,0.045359238585102,0.0536794213014493,0.0492572585576379,0.0399572173472718,0.0290584763362092,0.0177415062452513,0.0111942129483211,0.0132791407574273,0.017122611846798,0.0141790737140484,0.017146620511957,0.0315317366296439,0.0348372447565264,0.0588886619852973,0.0886586433656085,0.0793854325191443,0.0481725944633815,0.0305466477154752,0.0247829465182727,0.0118864021156315,-0.00273970591889324,-0.00467005431980208,-0.0249091636563509
208,"DNK","Denmark",0.00983498591260834,-0.00825009998488557,-0.0137577090155584,-0.0307962056636639,-0.033308362181717,-0.0366004445035032,-0.0488297037343765,-0.0172249560625191,-0.00856038395126638,-0.00885064560290252,-0.0133088630071509,-0.0229476791920634,-0.0325731979137883,-0.0434393059274944,-0.0336283690430475,-0.0437620797357984,-0.0649375476469304,-0.071653415528344,-0.0780400302654518,-0.0777666717141337,-0.0784200909969171,-0.0743739082936313,-0.06745814934472,-0.0665083660641656
262,"DJI","Djibouti",-9999,-9999,-9999,-9999,-9999,-9999,-9999,-9999,-9999,-9999,-9999,-9999,-9999,-9999,-9999,-9999,-9999,-9999,-9999,-9999,-9999,-9999,-9999,-0.001976632381804
212,"DMA","Dominica",0.0574101812007581,0.0591828889022237,0.0560449060292045,0.0404464384093965,0.0350729390693552,0.031764249259683,0.0372521393842227,0.0394884833318991,0.0420660040070677,0.017583691036658,0.009599820931671,0.0108096196499934,0.0177287509458033,0.0205584850052789,0.0213435086562543,0.0211366861769746,0.0223370299113119,0.0228421307076059,0.0178482862166127,0.0109806325139024,0.00699593769262874,-0.00071773087706227,-0.00141203125249514,-0.00383950836668076
214,"DOM","Dominican Republic",0.0706360462770848,0.0521232157673301,0.0340225545288675,0.021887185451047,0.0111294554943615,-0.008318418666317,-0.0226011314582622,-0.0342180553063586,-0.0443116599295822,-0.0627650578986496,-0.0796814424758384,-0.0797815473752274,-0.0477238636128843,-0.00563849563732878,0.0241239723789135,0.0436418271972061,0.0653792746329602,0.0842494919938619,0.0944660715123038,0.0964318649390661,0.0865351421769567,0.0609080840580165,0.0409868293956877,0.0251897113116408
218,"ECU","Ecuador",0.00724980240434792,-0.00896493260999736,-0.0255819271416824,-0.00809655478268724,0.0166059806891943,0.00702161413732671,0.0260079683106589,0.0444940673901788,0.0483161806428236,0.0490524510943375,0.0464370645861909,0.0374807302218858,0.0357342417780575,0.0329788072588719,0.0310366815033356,0.0331185737205679,0.03170470721208,0.0248519426193192,0.0247296492244466,0.0146962237065686,0.00527620222186354,-0.00748697531113823,-0.00696552167586059,-0.00375571837463398
818,"EGY","Egypt",0.0315409719396953,0.0413906722836594,0.0430006770813356,0.0415753957497318,0.0519398575685719,0.0519009212573267,0.0583305010057793,0.0591553687013193,0.0623471830337667,0.0675391329269441,0.0690951504570172,0.0706600223080256,0.0644183324475309,0.0514166779604333,0.0427062913287968,0.0351505547220798,0.0291630081036061,0.0274401019278718,0.0294703340832636,0.0295318530341921,0.0269132141362478,0.0208185961427565,0.021064124694619,0.0213184694532633
222,"SLV","El Salvador",0.0828368376011661,0.0631401878586657,0.0519712893891375,0.0377672450018285,0.0314493210716342,0.0272181697985123,0.0254409205342974,0.0180212307408809,0.0208329708188546,0.020713231659321,0.0173741437984791,0.013008503501724,0.011439358225003,0.010737701265418,0.00973638396415488,0.00688520574724971,0.00684525249292922,0.00954620032168108,0.00824415988893712,0.014279671432196,0.0228859196110791,0.0200859453112843,0.024966661132066,0.0307173206573448
226,"GNQ","Equatorial Guinea",0.39672602832654,0.248234813079774,0.229972447887937,0.220475331876725,0.217435547007214,0.227860707585837,0.224160066427226,0.199242740346843,0.172782086809282,0.146846549783716,0.106880482764793,0.0584474419827989,0.0475676410898653,0.0269751151473252,0.00870280808112645,-0.00216934330404408,-0.0106380993795691,-0.0136216818417815,-0.022249464086951,-0.0137388750688084,-0.0140079822329005,-0.0120360778640445,-0.00631484946801933,-0.0041499636624494
232,"ERI","Eritrea",-9999,-9999,-0.0157794837841727,-0.0340440485422784,-0.039134158856652,-0.0368648791513585,-0.0216541509473712,-0.00514785678173491,0.00417237253188296,0.00292407774842895,0.00538981352695389,0.00485054294179843,0.0126077253561119,0.023368639026532,0.0318082893541356,0.0374720045240569,0.0383063270840416,0.0365747840011716,0.0307622337694167,0.022709502103466,0.0122227119693614,-9999,-9999,-9999
233,"EST","Estonia",-9999,-9999,-9999,-9999,-9999,-0.0201637575608069,-0.0106966697969204,-0.00216980015638011,0.0155627912167913,0.0197934404644557,0.00752823607510766,0.0100734661529855,0.0118464531141866,0.00569906834208145,0.0111834351490041,0.0125121312316316,0.00248507698826517,-0.00353625307172835,0.00581235977052486,0.00626942905466099,-0.0456762640681372,-0.0939597544935206,-0.116442992667946,-0.142041075485847
748,"SWZ","Eswatini",0.0376208828731459,0.049648527292163,0.0461916848634389,0.0362291543026307,0.00805166462984164,0.00423017798116221,0.000650063000607215,-0.0394250323210105,-0.0377615326312934,-0.0315870458099429,-0.0133047192363165,-0.00330650764108216,-8.91029807159591e-05,0.0112783146256743,0.0307164431960696,0.0152879110334736,0.00620355223329971,0.00796406606954503,-0.000226979081002647,-0.00760243823916334,-0.0153530899551175,-0.0427898630431119,-0.0545823527747736,-0.0316996879651987
231,"ETH","Ethiopia",0.0502457354974766,0.065069422255474,0.0732310891434902,0.0798562366429225,0.0926018091786902,0.0990610424379796,0.104557141276751,0.101946487396074,0.118167669434197,0.117490454936449,0.112173676644801,0.111315658556607,0.102451184498774,0.0870512054696204,0.0710660404112002,0.0614218095890169,0.0578531122955996,0.0514464141787649,0.0652587447301531,0.0685478096823542,0.0688364080645649,0.0726653682127243,0.0656078706799887,0.0547367783106689
234,"FRO","Faeroe Islands",-8888,-8888,-8888,-8888,-8888,-8888,-8888,-8888,-8888,-8888,-8888,-8888,-8888,-8888,-8888,-8888,-8888,-8888,-8888,-8888,-8888,-8888,-8888,-8888
238,"FLK","Falkland Islands",-8888,-8888,-8888,-8888,-8888,-8888,-8888,-8888,-8888,-8888,-8888,-8888,-8888,-8888,-8888,-8888,-8888,-8888,-8888,-8888,-8888,-8888,-8888,-8888
242,"FJI","Fiji",0.0151239569734432,0.0255424819499313,0.0336466430732936,0.0321874343089794,0.0381247400450739,0.0548226601364263,0.0565895402238072,0.0676468996170996,0.0662475808817815,0.058666745121577,0.0470599406205003,0.0378455855640003,0.0351060584786089,0.0159308089967727,0.0163876868011517,0.0424055943848256,0.0683126035800439,0.0911697585729754,0.101171498240678,0.105592964249465,0.10549141568694,0.0991965422700622,0.082114433862088,0.0539621289943246
246,"FIN","Finland",0.0113847067907276,0.00773253862448775,0.00709125469720906,0.00598540388287128,0.0112697089474858,0.0166620096868428,0.00617392843361708,0.0124868215298761,0.0153150294753452,0.00649337458544053,-0.00508589692528247,-0.0130081013538538,-0.0255974319283174,-0.0398181720444618,-0.0330257642106062,-0.0261836996542492,-0.0399861753275105,-0.0296891374839891,-0.043196789095207,-0.052001015843683,-0.0595674148137172,-0.0529734025188757,-0.0540639822674804,-0.0624096105076697
250,"FRA","France",0.00298902852284977,0.00270392489721649,0.00663530973955462,0.00853692194550781,0.00814927509845753,0.00601865806229407,0.00422514427273013,0.00295158928006667,-0.00111670854386737,-0.00386236669449111,-0.00961189232733952,-0.0154979285402805,-0.0241084896303966,-0.0313870104511737,-0.0322364980766994,-0.038397738452689,-0.0372395016401533,-0.0337809421111756,-0.0280417355840617,-0.026084025691162,-0.0271890895039742,-0.0302554749218957,-0.0294756986750374,-0.0265189139778325
258,"PYF","French Polynesia",-8888,-8888,-8888,-8888,-8888,-8888,-8888,-8888,-8888,-8888,-8888,-8888,-8888,-8888,-8888,-8888,-8888,-8888,-8888,-8888,-8888,-8888,-8888,-8888
266,"GAB","Gabon",-0.0146463868318976,-0.0128154997689735,-0.0145110906607938,-0.0122721614385598,-0.0038108025563777,-0.0106933911332279,-0.00759534722575081,-0.0040757583402797,-0.00347072120992714,0.0074362453704806,0.0149526439918866,0.0281562553150263,0.0417884090203027,0.045942044183602,0.0481278504501519,0.04375524671723,0.036982940760091,0.0304330286185315,0.0220602368734555,0.0150874460939117,0.00937827627653998,0.00931980195910098,0.0109726120367288,0.00672827473161308
270,"GMB","Gambia",0.0222977174866894,0.0269701178865474,0.0360184276607121,0.0427301037674936,0.050104258287043,0.0571143593770171,0.0613982971738434,0.0649901312131647,0.0624302015662137,0.0598697502157137,0.0600366098187206,0.0608818614654609,0.0641524146366692,0.062764921546671,0.0536631788021718,0.0548395182209358,0.0525594536241822,0.0507919223089592,0.0452568581582036,0.049112961283825,0.0504598515404904,0.054104649274249,0.0590801998579662,0.0597516094399491
268,"GEO","Georgia",-0.128040086485217,-0.157937850479459,-0.199066812361564,-0.231055298040617,-0.174880787067779,-0.121622455013146,-0.0657741105151462,-0.0100370884804273,0.0258789599710856,0.0460260237241334,0.0587879813196153,0.0736234589861056,0.0897079363675708,0.0910790738672171,0.0792208543424313,0.0663681556619804,0.0593104618650575,0.054351702526755,0.0556386626167609,0.0377111522699498,0.0186144513455238,-0.00809657263835863,-0.020138162402075,-0.0251780650640243
276,"DEU","Germany",-0.0267647852536609,-0.0216632311632984,-0.0147209781872802,-0.0135248229016956,-0.0116969330131044,-0.012635810835665,-0.0148578355862841,-0.0113145351547264,-0.0125425804564945,-0.0124173162821436,-0.0222781427946815,-0.023100473765541,-0.0228898388230024,-0.0207830193932441,-0.0136947154483757,-0.0120351652593649,-0.0105841557342042,-0.00700588198818166,-0.00712903966597747,-0.0084529787025308,-0.0248552170547119,-0.0384654588517547,-0.044478519605312,-0.0470625169152233
288,"GHA","Ghana",0.0631043064881531,0.0331462955336306,0.00104803132443809,0.0123406724275481,0.0217295841469707,0.0230339749939066,0.0221823426022438,0.0244531207319365,0.0448430876480859,0.0657788136805855,0.0809948995233629,0.100901839106774,0.162555309830796,0.176167034165605,0.183141800055451,0.165446182751889,0.146874382910185,0.134766727330107,0.156307432544049,0.119789448708029,0.0748517315451167,0.053148990325586,0.0841290914305535,0.0685735373517324
300,"GRC","Greece",0.0200793292403982,0.0241824496633793,0.0267509510733013,0.0277575758791018,0.0276616111965835,0.0260517780419653,0.0245379720309187,0.0203173391264844,0.0182463549002276,0.0150889590262464,0.00642728559155659,-0.00116491289914334,-0.003224313668353,-0.00390079029675798,-0.0036111230589924,-0.00416929338598904,-0.0023604610036601,-0.00193120426551504,-0.00526588512741875,-0.00986031068944241,-0.0233572292708761,-0.026688002388575,-0.0460000856971864,-0.0477654230211023
304,"GRL","Greenland",-8888,-8888,-8888,-8888,-8888,-8888,-8888,-8888,-8888,-8888,-8888,-8888,-8888,-8888,-8888,-8888,-8888,-8888,-8888,-8888,-8888,-8888,-8888,-8888
308,"GRD","Grenada",0.087426500036202,0.087534881391482,0.0828064120240086,0.0757039328368985,0.0642566820331458,0.0548309948585999,0.0472056037567421,0.039259128502279,0.0348110891254114,0.0328779142383984,0.0339172138604662,0.0335101592343479,0.0282723773040421,0.0258289738764363,0.0279650317528666,0.0192410741755416,0.01710298751554,0.0168661001886521,0.0182252263794944,0.0220091976807557,0.0244451396690493,0.0217321195368574,0.013748389705784,0.00878245411991019
320,"GTM","Guatemala",0.0873490301700575,0.0584656715560483,0.0369616056956541,0.0298099266789162,0.0190339015449073,0.0261761749882448,0.0343944632971311,0.0315324495698039,0.0300838550649261,0.0257331165332106,0.0222037498080732,0.0180785385468842,0.0146864386470265,0.0135559608231985,0.0126370945273153,0.0167648891804981,0.0303477411683799,0.0445787077454975,0.0583357232974342,0.0536046098464598,0.0548767409674598,0.0416768206189779,0.0328322403751491,0.0234341332751777
831,"GGY","Guernsey",-8888,-8888,-8888,-8888,-8888,-8888,-8888,-8888,-8888,-8888,-8888,-8888,-8888,-8888,-8888,-8888,-8888,-8888,-8888,-8888,-8888,-8888,-8888,-8888
324,"GIN","Guinea",0.0405100399281062,0.0439265406927578,0.0462406739221664,0.0472920810634492,0.0474966721137611,0.0464120264343626,0.0439141985697014,0.0423912170908551,0.0405773995079921,0.0378924623014503,0.0372174835039227,0.0437262364025817,0.0494471811715826,0.0476110680423145,0.0364527464152218,0.0263186422228894,0.0228046498860994,0.0242541947416057,0.0266371440493876,0.0346741952612613,0.0418476853844207,0.0537603970952643,0.0684199572533957,0.0751367210220328
624,"GNB","Guinea-Bissau",0.0100656501976137,-0.0025945327893848,-0.0091786620364211,-0.0126804649269261,-0.00839473698556665,-0.00214023110597224,0.00840491950712186,0.01946777774701,0.038787121301062,0.0454462214412521,0.0584496268509636,0.0508149313897988,0.0405674035991672,0.0278853470705698,0.0252727180669274,0.0247177096138831,0.0259194878409088,0.0274085674538966,0.0296198571565016,0.0407121889191719,0.0500558711052319,0.0543603055685589,0.0588921605474189,0.0603934836782938
328,"GUY","Guyana",0.0252164314349805,0.0260888126546062,0.0376655787195606,0.0308846821551712,0.0223846748346137,0.0122088821125321,-0.00950567353870767,-0.0467818922655014,-0.0513086539732113,-0.050412547660439,-0.0373217161818253,-0.0265739432702376,0.00188935486287711,0.0103124355715083,0.0169179660875285,0.0257254624890528,0.0236073547565718,0.0235340692472918,0.0284649413055318,0.0316291602532528,0.0382311583576427,0.0311862736121968,0.0353607522755062,0.0362792971293744
332,"HTI","Haiti",0.148171685723189,0.176045580527713,0.200944879143986,0.213161386995048,0.181507728887152,0.0867585414493517,0.0769265751437873,0.0658898862870059,0.0684013345765335,0.0640678742173595,0.0580615365607258,0.0388061254128891,0.023990037401437,0.0183467079692767,0.00933624230343799,0.0161819920657833,0.0294189819246464,0.0392951795249592,0.0536649453092424,0.0653122331935974,0.0694747063428338,0.0584810948742065,0.0418576576715934,0.0246497161219295
336,"VAT","Holy See",-8888,-8888,-8888,-8888,-8888,-8888,-8888,-8888,-8888,-8888,-8888,-8888,-8888,-8888,-8888,-8888,-8888,-8888,-8888,-8888,-8888,-8888,-8888,-8888
340,"HND","Honduras",0.0528960704864219,0.0436032707528591,0.040028691213567,0.0397086460827758,0.0448766334516544,0.055088123365501,0.0732926664993616,0.0763221197464279,0.0840396431377051,0.0882705843366787,0.0754865889425358,0.0554165954864334,0.0444610579698363,0.0346592789682083,0.0299896311426868,0.0285853005736376,0.0327703799208883,0.0240309899343472,0.0286698750584613,0.0325941623768273,0.0352759551939463,0.0233954761839401,0.0222212370746755,0.0231214753481332
344,"HKG","Hong Kong",0.0328496101085618,0.0331758872804653,0.0280193842586129,0.0318104288677477,0.0422412822424998,0.040110563082159,0.0376894988586876,0.0231890077977555,0.0101541169169936,0.00812540918951754,0.00961516477620106,0.00571004511519635,0.00153958393014197,-0.00200187919517209,0.00167604966948387,0.00381533698302539,0.00445823969328685,0.00381059092174096,0.0042443423128562,0.00439136924888817,-0.000411236185782184,-0.0341041012525934,-0.0606902593652877,-0.0885331009818994
348,"HUN","Hungary",-9999,-0.0186872242134293,-0.0104276573485607,-0.0131631147823284,-0.0059248977019269,-0.00557385619838143,-0.00533146608954838,-0.00287994652954167,-0.0033860705228907,-0.00549076136054804,-0.0119179384980017,-0.0222987182047654,-0.0289571581752328,-0.0364757680601575,-0.035924849379996,-0.0393289541938537,-0.0397612724604711,-0.0364035832324359,-0.0237600831216908,-0.00831510727140204,-0.000149143113513794,0.00496791590183099,0.0104146594234398,0.00793047842394823
352,"ISL","Iceland",-9999,-9999,-9999,-9999,-9999,0.0258623226774513,0.0212239604798787,0.0189065542225451,0.0221246459063138,0.0270213525606942,0.0311824592841945,0.0325617978330961,0.0277935151007778,0.0233800943466813,0.0168835585543279,0.0105497578811153,0.00154803572290163,-0.00683572023599138,-0.0069447214788398,-0.000951580977838256,0.00209802891934463,0.000448222091418815,8.62600473157116e-05,0.00939281175232076
356,"IND","India",0.0561945597948363,0.0541017591307986,0.0499068229364281,0.0438860687963547,0.037270037648675,0.0321538223310396,0.0295728635077814,0.0310250566798145,0.0342819548663296,0.0391109421254412,0.0487762202638302,0.0547535961897858,0.0587788911645497,0.0598638684671238,0.0591092023532713,0.0577292865389263,0.0571967737409695,0.0564984272824112,0.0552582646820996,0.054741393086388,0.054846748461751,0.0449859780949033,0.0402520330893306,0.0370999262803446
360,"IDN","Indonesia",0.0663599260747556,0.0655305361862479,0.06788496032953,0.066580349617335,0.0627326432452653,0.0589780529613892,0.0528616547239726,0.0524564469943412,0.0539915756347751,0.0404949076865926,0.0300202436547987,0.0289783273980617,0.0344080163905192,0.0389619619536217,0.0273108263038346,0.0182780909723497,0.0195140464446117,0.0265364403650481,0.0315296691187206,0.0391967242399589,0.0434772799493712,0.044639705697658,0.0484473781837835,0.0671913796807555
364,"IRN","Iran",0.036265090080557,0.0351838946050753,0.0399651448165672,0.0414349481860827,0.0445570812692102,0.0532667386095063,0.05999440625554,0.0649939171549392,0.0608385254716619,0.0573242838095387,0.060493966681521,0.057213208490063,0.0548450614578924,0.0496342826120657,0.0420293413854271,0.0374321414545029,0.0310666758947697,0.0276703476830515,0.0266576927468081,0.0272894714648302,0.0281088993574543,0.0305435646413628,0.0318344135973128,0.032640256864259
368,"IRQ","Iraq",0.0553997453736181,0.048190470298284,0.0364107924995318,0.0363972416215728,0.0413692532381822,0.0535035857379149,0.0636768048934677,0.0537248218318243,0.0132802731445707,0.00451165967888678,0.00102934523076725,-0.000998591584340574,0.0133697060045996,0.0316779214550558,0.0552604721399184,0.0806926591785746,0.103207382038935,0.117718676760919,0.0929315950238299,0.0828031731815035,0.0710209201687491,0.0483744895332654,0.0357116020973083,0.0308253493443942
372,"IRL","Ireland",0.0288334151416658,0.0345549942156955,0.0409053170937748,0.0406869738045226,0.0363685612005522,0.0310805554573987,0.0267961234666263,0.021152549833668,0.0150279012576058,0.00928297160454505,-0.00109809287014559,-0.00750844697088158,-0.0130345674950664,-0.0208290823553766,-0.0288400508404917,-0.0433301829326747,-0.0315045014279363,-0.0262109235111323,-0.0177949786092909,-0.0059573152016943,-0.00292435053125338,-0.00297104738046561,-0.00365588764519025,-0.0022455739139983
833,"IMN","Isle of Man",-8888,-8888,-8888,-8888,-8888,-8888,-8888,-8888,-8888,-8888,-8888,-8888,-8888,-8888,-8888,-8888,-8888,-8888,-8888,-8888,-8888,-8888,-8888,-8888
376,"ISR","Israel",-9999,-9999,-9999,-9999,-9999,0.0252491543984292,0.0201839622297486,0.0159429030836531,0.0152531384808352,0.0141582389054109,0.00749421075163603,0.00672712761477179,0.00985075156287429,0.0119766078675529,0.0100140941578595,0.00585962136941798,0.00316356946052587,0.000146680039557978,-0.00030620350049293,-0.00152207950467772,-0.00562678055210139,-0.0136726333153548,-0.0161195834594809,-0.00414868719853558
380,"ITA","Italy",0.00709961917989355,0.00957551243889365,0.0110410211515173,0.0125858618434542,0.0138882228034407,0.0131827786388701,0.0141436402579789,0.012423995460435,0.0094115599069855,0.00587408773943499,-0.00142630559811144,-0.00451582946532991,-0.0107306115830615,-0.0133314627143176,-0.0104275954532502,-0.00513813343917121,-0.00277881771828718,-0.0039846986632512,-0.00973527795240082,-0.0187430696107412,-0.0279143313815655,-0.0232087302922328,-0.0219239162004248,-0.0145628046707884
388,"JAM","Jamaica",0.0325053901748122,0.0306734087773126,0.0284287104621701,0.0207477599694135,0.0149503985429531,0.00751407853266595,0.00322255365552193,0.00700285920536614,0.00456192453390214,0.00387240417643575,-0.0122393235476904,-0.0237134233157894,-0.0244429817955236,-0.0221888807609394,-0.0125416044417199,-0.0140837823942108,-0.0165179251469803,-0.0145677874780221,-0.0169463424997485,-0.00414481776027604,-2.0807711058303e-05,-0.00437014470377659,-0.0041001670243009,-0.00658863212414044
392,"JPN","Japan",0.00749429635369792,0.00713480612272721,0.00590526002035263,0.00574204698434011,0.00444429627227994,0.00488120031614314,0.00580228432821528,0.00592320551537484,0.00659319899389677,0.00146060467032272,-0.00313870713520533,-0.0052101413559021,-0.00566328690888835,-0.00231051207616728,0.000432139305899026,0.00128164939427911,0.00108020975615686,-0.000336565729636657,-7.42244090225404e-05,-0.00618466184137527,-0.0247016153496936,-0.0385525959724237,-0.0404560044626997,-0.0335930335944213
832,"JEY","Jersey",-8888,-8888,-8888,-8888,-8888,-8888,-8888,-8888,-8888,-8888,-8888,-8888,-8888,-8888,-8888,-8888,-8888,-8888,-8888,-8888,-8888,-8888,-8888,-8888
400,"JOR","Jordan",0.0476911093763421,0.0469274401280515,0.0388854500712417,0.0413331270256005,0.0396518269675004,0.0463106818837435,0.053031655214717,0.057285406648383,0.059838359424726,0.0550239900749969,0.0466123216231276,0.0355488059576845,0.0244547031797395,0.0201777969978585,0.0138024917476398,0.015029158565343,0.0176617274479092,0.0158921746140421,0.0176573157819335,0.00346371579618587,-0.0121861860453346,-0.0423645574459014,-0.0703032295453807,-0.0744618531530576
398,"KAZ","Kazakhstan",-0.0176714739078576,-0.0322550764909619,-0.047706798424677,-0.0341552769808153,-0.00619822021007867,0.0139024280102644,0.0358670820513416,0.0561544926597499,0.0695130908316639,0.0762721239203847,0.062995650587413,0.0604932645867069,0.0465798827882034,0.0365184940874801,0.0304477536002228,0.0276032106139665,0.025924027989191,0.0267348320977296,0.0294705665070127,0.0316484114659401,0.0232846169621761,0.0151976038176853,0.00413618158807116,-0.00417806000494621
404,"KEN","Kenya",0.0626583602848214,0.0628386075519891,0.0435371939848626,0.0221842861971564,0.000736477207343933,-0.0117125936661144,-0.00101429844778294,0.0215843614741336,0.0325106956673511,0.0512858468447861,0.0752939053546358,0.0922177176167354,0.104338693906903,0.0961024981456284,0.0752953916422587,0.0615100939964925,0.0611896819266393,0.063465804931971,0.0570356731713857,0.0484750608199371,0.0462061235170357,0.0384467974762006,0.0395673909241312,0.0335598942186914
296,"KIR","Kiribati",0.031175310946669,0.0267917274595137,0.0109121522559867,0.0195350531227445,0.0365443107470265,0.0532320723444821,0.0673777344786313,0.11558463876948,0.153755705087032,0.170919099926237,0.159380784177936,0.146136557582022,0.106727991558213,0.0733012082771598,0.0383876415369875,0.00982875990020493,-0.0245579511509365,-0.00615050583090344,0.0109160807643363,0.026979834270894,0.0347331581634587,0.043480159789927,0.0466494015473056,0.040800717788158
689,"XKX","Kosovo",-8888,-8888,-8888,-8888,-8888,-8888,-8888,-8888,-8888,-8888,-8888,-8888,-8888,-8888,-8888,-8888,-8888,-8888,-8888,-8888,-8888,-8888,-8888,-8888
414,"KWT","Kuwait",-9999,-9999,0.087028843486586,0.0593518462113836,0.0548740001023589,0.0540591757371371,0.0584732915779576,0.0553459357123305,0.0555657454619731,0.0536396376229737,0.0536240571029953,0.0512982045987342,0.0464402376604427,0.0468284520854714,0.0418489797524026,0.0319889101953117,0.0285978765722434,0.0265457999392151,0.0233132603125483,0.022643167440402,0.0163738357270351,0.00659111099215837,-0.000967405561405636,0.000752065502816368
417,"KGZ","Kyrgyzstan",-0.0589757437737266,-0.0862461487147091,-0.102629902675484,-0.101434755088654,-0.0627202513267534,-0.0200907900114953,-0.00245688070216786,0.0070257088136767,0.0368952893681302,0.0543625874751987,0.0611138079311953,0.0542370555923346,0.06043601643195,0.0660945748077624,0.0660524011214818,0.0630381559843352,0.0606191760337234,0.0427251594003075,0.0439634448705188,0.0504269305682317,0.0446334385107292,0.02815033047849,0.0241378437498134,0.0265070490328698
418,"LAO","Laos",0.0906253155472518,0.0877671096004975,0.0851051237401239,0.0836945177771728,0.0787658898974133,0.0706086304673734,0.0613267136076814,0.0693841657880538,0.0740688402824419,0.0817756410000618,0.0954326552160143,0.112258722013354,0.123617620019346,0.130229290881617,0.138903293532541,0.135548124487111,0.162920950419125,0.216161097231375,0.257638974728145,0.28135817700241,0.295866101649055,0.290273759710628,0.270167340273552,0.224920750188844
428,"LVA","Latvia",-9999,-9999,-9999,-9999,-9999,-0.0377870684986957,-0.0225604797443749,-0.00339159658749685,0.0089783628972051,0.0156550843582304,0.0122973132445738,0.0111205405537143,0.00645621895285187,-0.000348197049247066,-0.00515113985104111,-0.0118874578052147,-0.017269002936167,-0.0202708068111461,-0.0230046701672864,-0.0111078301430825,-0.00922577412505317,-0.00372960208815724,-0.000864161439552174,-0.00427888892993651
422,"LBN","Lebanon",0.076695806555644,0.059012752302815,0.0395014915612781,0.026359445749639,0.0229123968644875,0.0153070550136327,0.00979186887404593,-0.00197769886814878,-0.0195453311042343,-0.00514860225743584,0.0110898996883668,0.0160059077906143,0.0226693332932331,0.0306400486639566,0.0456268766981038,0.0560566220223138,0.0617610673032982,0.0566932486552063,0.0415761618920791,0.0367713712424664,0.0332873904057707,0.019382993182961,0.00699774106829043,-9999
426,"LSO","Lesotho",0.0376350670788796,0.0376656298726652,0.0489136595615376,0.0666116489607715,0.0867822842366632,0.10623905428331,0.123837337542468,0.131645745728107,0.130731270349394,0.120654546834086,0.102959921649887,0.0778430693049956,0.0585457870040831,0.041001657227262,0.0284224352550226,0.0241406065284859,0.0254176747714099,0.0258666547315818,0.0235750805894579,0.0221405254392699,0.0182196052578207,0.00662349676592955,0.00422785734020792,0.00461950663868382
430,"LBR","Liberia",-9999,-9999,-9999,-9999,-9999,-9999,-9999,-9999,-9999,-9999,0.0327851154176222,0.0392458392813315,0.048877611748386,0.0558222390395486,0.0524869487579158,0.0690631240010402,0.0895165654205887,0.111275713996109,0.113090193513949,0.101354727606977,0.0714114399013985,0.0618512409508483,0.0571539085336388,0.0541087432672802
434,"LBY","Libya",-9999,-9999,-9999,-9999,-9999,-9999,-9999,-9999,-9999,0.0184729624327731,0.0202107077167826,0.0258341137141433,0.00515130771698757,0.000698968141177314,0.00046978503529771,0.000136405979432208,-0.00282776868898289,-0.00501788142878126,-0.00377600669924679,-0.00358767064517498,-0.00316877040653562,-0.00215759824591016,-0.00523937197255453,-0.000186289770915107
438,"LIE","Liechtenstein",-8888,-8888,-8888,-8888,-8888,-8888,-8888,-8888,-8888,-8888,-8888,-8888,-8888,-8888,-8888,-8888,-8888,-8888,-8888,-8888,-8888,-8888,-8888,-8888
440,"LTU","Lithuania",-9999,-9999,-9999,-9999,-9999,-0.0420174710649693,-0.0280662214040713,-0.00941627227356611,0.00669699632633569,0.0231666384849314,0.0200838469194353,0.0131341439873731,0.0095176442277638,0.00555012009835609,-0.00158206457567765,-0.00865624780169356,-0.0139993447553301,-0.0170661188815317,-0.00958635269527447,-0.00270925736022695,-0.00549388231712424,-0.00229787311300207,0.00210934874397184,0.00587521250877909
442,"LUX","Luxembourg",-0.106635010618802,-0.103412718413454,-0.0728050926835031,-0.0341249065504766,-0.000610375933312371,0.0281845359243842,0.0430574220004598,0.0540053704504138,0.0536196926430996,0.0414445661817806,0.0255875786104367,0.0143974891367038,0.0035772282804083,-0.00611447339888464,-0.0252489393539009,-0.0328134267963837,-0.0376736149404253,-0.0416857274155745,-0.0457807829678026,-0.0414079399910724,-0.0376674893769539,-0.0436045175652126,-0.0404972270388406,-0.0437661380757179
446,"MAC","Macao",0.0486084322128808,0.0481189180888015,0.0475645341078463,0.035057931398399,0.025356744645552,0.0237280957872252,0.0196072405396512,0.013111803084263,-0.000813267766640926,-0.0262382278103387,-0.0107671943941248,-0.0264414765762225,-0.0339591017971392,-0.0613097925319068,-0.095503638353444,-0.0770365192353942,-0.0157471586988574,0.0173938677640748,0.0372814261439529,0.0423724451136114,0.0809439653504278,0.0880835463498084,0.0923605868416326,0.079827344311578
450,"MDG","Madagascar",0.0843413901092971,0.0856465700170137,0.0819278410610351,0.0529718213178625,0.0378449418789808,0.0356477680759559,0.0306163848268228,0.0247107247721832,0.0286479817962493,0.0364203391978315,0.0394450988904598,0.041360939415068,0.0506728079404883,0.0443925327639634,0.0547855012400653,0.0615091244569748,0.0694338753504993,0.0696688631161377,0.075578302169625,0.0793410173652846,0.0694519489106109,0.0470122981572212,0.0355688244952488,0.0297066873648031
454,"MWI","Malawi",0.0204270983525801,0.0098339894482522,-0.00349989955901507,-0.011020355309288,-0.00454821209800378,-0.000728924697302157,-7.92690449585709e-05,0.00261208265036794,0.00721646567585599,0.0150995138703269,0.0215412842895837,0.0222176544333246,0.0186970210311539,0.0206756322228188,0.0287680469908482,0.028441712893126,0.0251572159381641,0.0258416886569997,0.0310256467453729,0.0391526769415633,0.043830860607422,0.0434386710201609,0.0502526984410283,0.0528828684024145
458,"MYS","Malaysia",0.0739755842467007,0.0718980275049175,0.0721567977057855,0.0729016288152105,0.0702911323683655,0.0692581127982481,0.0652612726249886,0.0624233007967712,0.0672250880559169,0.0617119750046466,0.05236180540179,0.047487378886715,0.0390189701435975,0.0337713333012233,0.0303937305265634,0.0296607686261903,0.0302412803209615,0.0254524434584376,0.0228213971993365,0.0228518830127731,0.01961365106497,0.0163879778682261,0.0124309238605416,0.0136323183916094
462,"MDV","Maldives",-9999,-9999,-9999,-9999,-9999,0.153497883193705,0.12873818997058,0.120182265627738,0.112627621568594,0.0967445518925347,0.0923212923417931,0.0877038665231442,0.0798496591236015,0.0813545686425532,0.0714135472863118,0.070896874552997,0.0583728383628579,0.0585323229064867,0.0562224958207529,0.0598296783811272,0.0674964878855056,0.0709441573053973,0.0720889528991491,0.0691997644795928
466,"MLI","Mali",0.0556015333001891,0.0662796589887664,0.0685272699236099,0.0652247763036689,0.0553419415847394,0.0425347828199818,0.0260608972578207,0.0149334917447743,0.00981162180175388,0.0308755292359613,0.0557062917855169,0.0813245518136911,0.101494371537672,0.114319119378247,0.121818652863183,0.12095431576101,0.10973541310046,0.0959800965375981,0.0828920818433185,0.0793069093619794,0.077799829691023,0.0726217785891949,0.0682857770439622,0.0608727456903522
470,"MLT","Malta",0.00797962504571581,0.0048578834039914,0.00266770918603632,-0.00104548072234588,0.0126940226823797,0.0185286307954857,0.014120708952343,0.0110958546296427,0.00943700075635912,0.00512953538027672,-0.00252542438707908,-0.017221666728409,-0.0214034754097896,-0.0159679252346906,-0.0168474519827312,-0.0182377258663138,-0.0566719110111262,-0.107942888247763,-0.126220661234721,-0.137470206256646,-0.135051594293449,-0.117817736532592,-0.0885543353043088,-0.0461067855443861
584,"MHL","Marshall Islands",0.0208946782366561,0.022173191577531,0.025526346006695,0.0287989849112531,0.0322436358082789,0.0385325005076156,0.041788990500838,0.0458197307187913,0.0475683867213377,0.0486827036908304,0.0439346663779283,0.0432485931091831,0.0417678419836054,0.0392616123555072,0.0325706470357121,0.0306686130807237,0.0237245736082428,0.0186476015310937,0.0152590516828726,0.0138783184605173,0.0171459399368219,0.0207263802360531,0.0249623246597295,0.0251287454966436
478,"MRT","Mauritania",0.029075348736604,0.0255320876598177,0.0248763331012178,0.0282692878446029,0.0315195827255756,0.0376141441147682,0.0447462420540656,0.050196106558221,0.0600291984363401,0.0676785289986501,0.0749175069198844,0.0739744808065554,0.0733433080376515,0.0751157557651014,0.0590833809646536,0.0530062555373174,0.0486916808017865,0.041123265396918,0.0395510396328917,0.0404690422997214,0.0447440457254704,0.044363734437902,0.0478141888332135,0.0539513045328937
480,"MUS","Mauritius",0.050747892112285,0.0582073709195639,0.0625572691482847,0.0680227740200632,0.0724578482757132,0.0645394387606315,0.0629160644398894,0.062124771182267,0.058130563517955,0.0536825642503771,0.0486352892415551,0.0516325143639291,0.0500157743742871,0.045672967896653,0.0410840984813483,0.034302370477632,0.0296989367818983,0.027554425023919,0.0278806726871039,0.0263703708880763,0.0217163262683939,0.0162012180948581,0.0125423544905781,0.0115140699110174
484,"MEX","Mexico",0.0337230681374663,0.0327411564548572,0.0287699858452255,0.0249569210414553,0.0187885697857959,0.0146035738892127,0.00852870691020002,0.00781640963527752,0.0144019068436771,0.0307024001081404,0.0362570048562652,0.0364040358457447,0.0313476974128841,0.024408712381224,0.0164017051671375,0.00769216831532082,-0.00173445415633387,-0.00899015798930094,-0.010138957247839,2.08850399794347e-05,0.00481545979430065,0.000828907668756651,0.00114131434127751,0.00429300968040924
583,"FSM","Micronesia",0.0323728205246085,0.0306381995923035,0.0341263014672362,0.0335986272380298,0.0339741296258613,0.0303212397717256,0.0186120265437379,0.00630873609970806,0.002135726879539,-0.00899279082432322,-0.00800619884761969,-0.0222824915132638,-0.0243885674910927,-0.0202058639325001,-0.00673392392513466,0.00868455824349779,0.01474042351297,0.018767655958658,0.026680162902275,0.023079099454318,0.0400710223760661,0.0318572218955424,0.0282438019828073,0.0248914315708286
498,"MDA","Moldova",-9999,-9999,-9999,-9999,-9999,-0.0426387176737507,-0.0265621038554295,-0.0103654587083421,0.00647773307139632,0.0251055059857563,0.0285368089433935,0.0265602964821496,0.0283811827892384,0.0224544931515474,0.0172078558908659,0.0145399458908806,0.0137891410889719,0.00711402333865263,-0.000387075215948029,-0.00219727317038903,-0.00313694766355728,0.00271080130414725,0.0122991309901577,0.0176642006249086
492,"MCO","Monaco",-8888,-8888,-8888,-8888,-8888,-8888,-8888,-8888,-8888,-8888,-8888,-8888,-8888,-8888,-8888,-8888,-8888,-8888,-8888,-8888,-8888,-8888,-8888,-8888
496,"MNG","Mongolia",-0.0894707293811287,-0.102538427702246,-0.0752368434828551,-0.0385100489432116,-0.0105207321345312,0.00334230547695058,0.0271728350261855,0.046303489247423,0.059419358527852,0.0669472220967307,0.0694863165829802,0.0715006753311609,0.0728514148101838,0.0760781783110744,0.0733804689313398,0.0602583863403434,0.0374392923389457,0.028540363641536,0.0357612892418979,0.039621990974348,0.0436044574337011,0.0445604566122066,0.0485003318297386,0.0533978987724268
499,"MNE","Montenegro",-9999,-9999,-9999,-9999,-9999,-9999,-9999,0.0309164504490369,0.0158636008733111,0.0209387124237947,0.00277785253540275,0.00649152392094643,0.00243942584091883,0.0060756897459624,0.00327617125555002,-0.000883133904534781,-0.00485794465761481,-0.00811912345652881,-0.0111976592829283,0.00738290600425717,-0.00712615184017755,-0.00180393805013674,0.00518022763663839,0.00960864026801733
504,"MAR","Morocco",0.038861412738862,0.0350713180659876,0.0363361417500707,0.0360373550624751,0.0347684842442699,0.0409913649027354,0.0467608292617478,0.0506787383477825,0.0533694552325867,0.0546056751444208,0.0513006991300684,0.0483944140372525,0.048891408120904,0.0490041786460764,0.0415169283419012,0.0383490943497427,0.0357871516716601,0.0314446931374881,0.0289761369028321,0.0280210313957228,0.0279794065041785,0.0225300913788644,0.0238292656408323,0.0243818679745993
508,"MOZ","Mozambique",0.017735058077385,0.0278887110889849,0.0524171188006375,0.0683401893004978,0.0946208282430903,0.114511947218727,0.124236728079133,0.124660857974453,0.1229916576661,0.103790446273232,0.0808119220101471,0.0617962844174111,0.0621428622667137,0.0534604928533597,0.0648728275608048,0.109725407609079,0.122910526203435,0.139450262538795,0.150417135265377,0.147053644777377,0.134465168255346,0.108759984802944,0.0851681237277038,0.0521053762507875
104,"MMR","Myanmar",0.0845584558685537,0.0856028298302431,0.0718756764210682,0.0609888593278596,0.0529578038918346,0.0501187128899139,0.0424158068235532,0.0386219450979139,0.0314637635498038,0.0103002615922172,-0.00321999148170327,0.00196564408279487,0.00941959988461605,0.00421410561640934,0.00850286318058235,0.0262730586351949,0.0519143302432388,0.0865161551618256,0.11368757919985,0.11335955285448,0.107663659123882,0.106370688492166,0.107808582854918,0.0851763800464145
516,"NAM","Namibia",0.0591912147029732,0.0565022984453367,0.0568521928251369,0.0552127701883263,0.0594369578926646,0.0632537397566999,0.0636604198676147,0.0638793865574028,0.060585190854946,0.0525842882912846,0.0456195972718278,0.0368099449930663,0.0294496072733983,0.0247326895336653,0.0221476174300963,0.0252290351101665,0.0329039282966799,0.0413539432878052,0.0493821802955268,0.0524132732044753,0.0497543947608943,0.0359093455828055,0.0264071059766624,0.0242099714777837
520,"NRU","Nauru",-9999,-9999,-9999,-9999,-9999,-9999,-9999,-9999,-9999,-9999,-9999,-9999,-9999,-9999,0.0554136602607769,0.087935889393908,0.112657498272403,0.0874167997536612,0.0500673426209515,0.0280328686396063,0.0205449437375018,0.0220753363575283,0.0170217093033052,0.0138638317225503
524,"NPL","Nepal",0.144194854122608,0.116095793321071,0.097336087078592,0.0663968723534343,0.0434338187567236,0.0139334781539071,0.00949278228228678,-0.0069815431118727,-0.0145445026815722,-0.0180946704434703,0.0130463417586253,0.042252709096471,0.0752052944096584,0.0908436504645644,0.114896205395252,0.129757533943702,0.133428676726532,0.136533502416599,0.134892736203957,0.134630916615072,0.136998550111408,0.131428510058287,0.120503351715068,0.100597957333909
528,"NLD","Netherlands",0.00572177303271504,0.00181479662882644,0.00202868478232232,0.00151419844320788,0.00187769076732658,0.0026119216143714,0.00183208599002826,0.00253705841181961,0.00123806120735348,0.00139868380571451,-0.00271966352107018,-0.00225425997523602,-0.00579941131060718,-0.0116461745824835,-0.0131681938415041,-0.0156458183795016,-0.0148333531265288,-0.0150145619544137,-0.0160669665029611,-0.0177021609279749,-0.0223025082256431,-0.0263718913095316,-0.0318049461995397,-0.0404790985853019
540,"NCL","New Caledonia",-8888,-8888,-8888,-8888,-8888,-8888,-8888,-8888,-8888,-8888,-8888,-8888,-8888,-8888,-8888,-8888,-8888,-8888,-8888,-8888,-8888,-8888,-8888,-8888
554,"NZL","New Zealand",0.0214955791760141,0.0207269834659367,0.0225964951131881,0.0262760673835851,0.0291731644532822,0.0284036059649175,0.0272250141988917,0.0254024010909226,0.0237300797847462,0.0187376506422032,0.0100657668680821,0.0021107228972399,-0.00340164598864053,-0.00749744769960658,-0.00903736200291148,-0.010813520198392,-0.00592341777630107,-0.00532403442316495,-0.001850302435635,0.00268909493664493,0.00427716071851592,0.0013109178082622,-0.00263627489888223,-0.00639280449204799
558,"NIC","Nicaragua",0.0662062196625282,0.0679861936008794,0.0619127639699857,0.0600832704137317,0.0534731340995849,0.0454051919060223,0.0355665623297987,0.0258538237561143,0.0196264110073234,0.0135329266701487,0.0109058051261071,0.0081698798948393,0.00984966666548082,0.00690475223858145,0.0046416394440234,0.00570473364512902,0.0108224371525563,0.0180184061589528,0.0242266828305973,0.0268688085808018,0.0337085968472262,0.0279857971665067,0.0318994972752198,0.032054442181823
562,"NER","Niger",0.130204520948412,0.119741266808788,0.0989757520500574,0.074231580333709,0.0623601374654139,0.0487884268169525,0.0229426104413,0.00336035007386037,-0.016485376794441,-0.0182796483871487,-0.00191852154162323,0.0216317780380091,0.0429702184216967,0.0773894340693109,0.113024542178291,0.146107264657841,0.152608087044999,0.14192774633427,0.116669562480553,0.092624110277163,0.0699939754802148,0.0500652869201164,0.0341548777837388,0.032237440463392
566,"NGA","Nigeria",-0.00886647229458021,-0.00430318303043601,0.0174286521853555,0.0455901328269106,0.0792975451838811,0.0914524873054727,0.104829170593862,0.111109084452739,0.117444520476235,0.112412881710304,0.0917576447678803,0.0725570192131946,0.0638510427522405,0.0526253012646776,0.0540280118666303,0.0542095142040278,0.0642869444490102,0.0617896255300185,0.0610829383128701,0.0664503738062763,0.0614749719862941,0.0547078565902275,0.0480442959375813,0.0393721491903298
570,"NIU","Niue",-8888,-8888,-8888,-8888,-8888,-8888,-8888,-8888,-8888,-8888,-8888,-8888,-8888,-8888,-8888,-8888,-8888,-8888,-8888,-8888,-8888,-8888,-8888,-8888
408,"PRK","North Korea",-8888,-8888,-8888,-8888,-8888,-8888,-8888,-8888,-8888,-8888,-8888,-8888,-8888,-8888,-8888,-8888,-8888,-8888,-8888,-8888,-8888,-8888,-8888,-8888
807,"MKD","North Macedonia",0.00741832352112004,0.0144203812685022,0.0149262909598111,0.0124476968414364,0.00782766351308561,-0.000422311791005085,-0.00376162558172109,-0.022180681694815,-0.0288849735532161,-0.0141684555672243,-0.0161815213343446,-0.0104813922279481,0.000233403971525492,0.00675589092787043,0.00337194607370939,-0.00518940858717337,-0.0129735851485963,-0.0324201439630686,-0.037934714483321,-0.0468039064658715,-0.0419041515473492,-0.0505096722951422,-0.0385195764939536,-0.0203207767998985
578,"NOR","Norway",0.0285422024878255,0.0283143924667497,0.0246972875801763,0.018504396340375,0.0144999770155254,0.012027860642295,0.00748937101859348,0.00745727971400489,0.0090103295170938,0.00862896934873669,0.006529396757746,0.00637961982216284,0.00616425678847565,0.00349681658164402,0.00263763106504822,0.00273620800882246,0.00189606491818672,0.000476489510814693,0.00074969162464944,0.00046191633749415,-0.00694067702695705,-0.0108129869552935,-0.0162571887846204,-0.0257685907824654
512,"OMN","Oman",0.028308733457381,0.0294188203617165,0.0299593110243759,0.0422651112665904,0.070913168084638,0.0969294917772132,0.11831090194334,0.136706654178819,0.151793229421816,0.150221140637221,0.14324244956782,0.130605567677077,0.113051489099751,0.106308370690833,0.108412331544771,0.0960589454976306,0.0806887750235405,0.0747499099774682,0.0713545941628004,0.0623327418089479,0.045820686694569,0.0306244976124221,0.0238048720538828,0.0232019450433718
586,"PAK","Pakistan",0.0481101079663269,0.0473031189870901,0.041681029974751,0.0387147939263843,0.0374996938437213,0.0416385670289785,0.0423129340265589,0.047835622348309,0.0528837561408697,0.0533855646939689,0.0507686319750111,0.0450815225332151,0.036196482736429,0.0270871720311674,0.0164531748046801,0.0103642597719591,0.00957155468205118,0.0190277878620995,0.0369205009773599,0.051725711301096,0.0617300666016258,0.0692936794157242,0.0768325494549824,0.0704456117577934
585,"PLW","Palau",-9999,-9999,-9999,-9999,-9999,-9999,-9999,-9999,-9999,-9999,0.081685842114688,0.051517817773534,0.0292206353665441,0.0113609181196286,-6.78078778445885e-05,-0.000818889175868452,-0.000613950880857914,0.000646360014928682,0.0133879952553804,0.0152588131870324,0.017413691104968,0.0202036824064324,0.0240604835476783,-9999
591,"PAN","Panama",0.0578933110401898,0.0404508106013854,0.0359446838083246,0.0400883703212918,0.0371200341114093,0.0291433767011311,0.0200881273177271,0.0199704995275449,0.0215967276811571,0.0295832864525609,0.040119343115903,0.0498640740394016,0.0698191538211463,0.0796884120936487,0.0843956460131599,0.080790452663652,0.0721884502784076,0.0626876906443015,0.0504336169255191,0.0324517130242947,0.0242246633429863,0.00817276460188809,0.00597852236327578,0.00596385803104638
598,"PNG","Papua New Guinea",0.0302915533209556,0.035803563605872,0.0454224548408899,0.0527610485847003,0.0594154290436184,0.064695790798978,0.0557191897733695,0.0419643019017999,0.0524061001761713,0.0555118410258271,0.0413872076996444,0.0239919238477535,0.0126646975280265,0.00389703210836001,0.00136677471815871,0.00958961004481496,0.0176135302533922,0.0220012031645898,0.0433188830391769,0.0485246250479843,0.0570975659846127,0.05452465968025,0.0486538036339295,0.0392382427229157
600,"PRY","Paraguay",0.0796248378689675,0.0536608471273354,0.0252225383456326,0.00986065119161328,-4.81676354708074e-06,-0.000602431532054766,0.000773307180519822,0.000734255155247165,0.00528732956862421,0.0149152436034843,0.0262955636168181,0.0286758157307474,0.0300605290067233,0.0342658682334096,0.0363110784708451,0.0398139556728505,0.0413090489601018,0.0479751434959304,0.052974438944559,0.0455561364055328,0.0373933151666404,0.0221434493951498,0.0174600842835961,0.0140933729752961
604,"PER","Peru",0.0379083110704348,0.0364865709827722,0.0246175882210982,0.0121394389973022,0.00494007809584018,0.00474058270045319,0.00855559405359041,0.00423759814724711,0.0159209335127777,0.0262119765283277,0.0426116780733357,0.0573755809004282,0.060007926155168,0.0619107717442302,0.0526212426553807,0.0539814177140836,0.0537904518546681,0.0472122014745378,0.0455371874020272,0.0409455957570839,0.0391488297949119,0.0249696603040577,0.0204505984524888,0.022636261209859
608,"PHL","Philippines",0.0625780905634892,0.0574596005728301,0.0471163039193752,0.0380813579178392,0.0255128455980038,0.0172978863928908,0.0125876693421771,0.00180525030404333,0.00235735027664452,0.00544178426082764,0.0066746930596373,0.0146880539077727,0.019712236441757,0.0256670950017974,0.033275429486056,0.042379314786686,0.0536313212867079,0.0577399958167355,0.0642885142400149,0.0708796600046981,0.0720655641939254,0.0643543064613101,0.0552924911637267,0.0474991691963718
616,"POL","Poland",-0.0159058783568021,-0.0244363956279798,-0.0307439959131495,-0.0401474773846264,-0.039967653982716,-0.0357589121061971,-0.0274820060594379,-0.00931600611832324,0.00192661759318935,0.00587161703475925,0.00576611323494602,0.00670036673656793,0.00635949970343441,0.0022117850655694,-0.000680476587729228,-0.00688740908609942,-0.013689188039073,-0.00921645221832908,-0.00130808601579977,0.00183723032545791,-0.00129246704993449,-0.0041860169022873,0.000409635382155882,0.000828521975458463
620,"PRT","Portugal",0.0349700698408066,0.0369744752295353,0.0366746467861752,0.0413542811460881,0.0357110507841587,0.0302590856087628,0.0286951524799963,0.0166597121000027,0.00349675748809131,-0.0109871830421817,-0.0209194850374439,-0.0371021900462908,-0.0493316704463711,-0.0373269278821744,-0.0298147457210148,-0.0168233405032202,-0.00539389806712925,-0.00267492015970356,-0.0015847006233006,-0.00130170341199616,-0.0012685886693628,-0.00788452342810017,-0.0199485327216251,-0.0297366939853143
634,"QAT","Qatar",-9999,-9999,-9999,-9999,-9999,-9999,-9999,-9999,-9999,-9999,0.0734927260514406,0.0688413219401038,0.0719025149322932,0.0714182159025258,0.0718339452722665,0.0786012237999316,0.076487969438197,0.0752103142435088,0.0678643589568302,0.0589143825161618,0.0497792585116936,0.0299488444822009,0.0171180794764998,0.00821228735479385
178,"COG","Republic of Congo",0.0630256419598216,0.060895447169943,0.0536204150580462,0.0209328358519478,-0.000447859816449572,-0.0145229132096891,-0.0244310531628095,-0.00734495129574575,0.00795219372248157,0.0101875265608837,0.02147162387766,0.0408184456579228,0.0531507173412233,0.0359619480888276,0.0375032409462084,0.0299869992947537,0.030188615907385,0.0353130087809572,0.0285814237269941,0.0224509696400084,0.0238062565112351,0.0258442593286201,0.0181771308735497,0.00642075757199767
642,"ROU","Romania",-0.0341561494651887,-0.044019269212125,-0.0482021747714991,-0.0384875415232356,-0.0321025761516165,-0.0237731541180337,-0.0152890340235463,-0.00140871112680236,0.0124256911441087,0.019257770109887,0.00358201843572781,-0.00768740347454699,-0.0146873553340835,-0.0219593946983789,-0.0333939675606021,-0.0461651342959261,-0.0568599736795245,-0.0614088902365171,-0.0457217287032699,-0.0271614132127394,-0.0275460031230317,-0.0310907087761367,-0.0185448298651108,-0.0112499813154623
643,"RUS","Russia",-0.00217902554176467,-0.00894249706033369,-0.00940971765910233,-0.00960607189481329,-0.00571190333123904,-0.00188110856386634,0.00246374193743204,0.00917561157776725,0.0108593368719712,0.0119924825995956,0.00917386891273231,0.00819387214415457,0.0098162547049514,0.0100228762083892,0.00812540656427729,0.00546445017846664,0.00290843176288291,0.00193694269919531,0.00221616661098212,0.00464903179046616,0.00246486484584651,-0.00012941635941602,0.0022363947478794,0.00125639504938735
646,"RWA","Rwanda",-0.000547467697508513,0.00948253459336379,0.0126595305346364,0.0155643698938484,0.0167772217408659,0.0151334973698174,0.0110751898557266,0.00681056830512317,0.00854554970400812,0.0113882680317217,0.018136139060255,0.0269199459766156,0.0306535544944977,0.0337509524188302,0.0348260694267928,0.0351030464960389,0.036545757096474,0.0326118089660705,0.0321484688996534,0.0404105270834145,0.0471465766055477,0.0484780344253102,0.0492694160566163,0.0481966520094499
652,"BLM","Saint Barthelemy",-8888,-8888,-8888,-8888,-8888,-8888,-8888,-8888,-8888,-8888,-8888,-8888,-8888,-8888,-8888,-8888,-8888,-8888,-8888,-8888,-8888,-8888,-8888,-8888
659,"KNA","Saint Kitts and Nevis",0.0494487123019061,0.055445890301353,0.0566300768791206,0.0607139252726143,0.0591869099371702,0.0594961707422399,0.0523538181447503,0.0430322903212874,0.0379996543536127,0.0310696505761812,0.0261959028088949,0.021003764767284,0.0169954880895058,0.0148690739240549,0.0123910094917634,0.0149471197983679,0.0124881390162783,0.0101577549223963,0.0112121207909823,0.0124468424960147,0.0151786717689923,0.0104527994474255,0.00788112024669108,0.00306708662032418
662,"LCA","Saint Lucia",0.0787615687274725,0.0662208723771354,0.0521697450207232,0.0153877966668465,0.0172688671258245,0.0233918368297239,0.0321551753548495,0.0459865284447203,0.039243708309828,0.0280304675409053,0.0267928674821645,0.0303293306411685,0.0283789043932612,0.0143784545006467,0.012283924068299,0.0208328600492393,0.0248983684360495,0.0342647647637355,0.0304440829845756,0.0283226367310832,0.0300106826437117,0.03136197355266,0.0257927204217308,0.0197740700298017
670,"VCT","Saint Vincent and the Grenadines",0.0812292603997165,0.0922786164578071,0.102921970191058,0.0987532917781542,0.09513542683782,0.0938063810229126,0.0863912556548061,0.0711182865855398,0.0581830773875436,0.0370372366163072,0.0494333322261786,0.0309384285198717,0.0149763336266058,0.0134970761122246,0.000904817889767706,0.00892766699315861,0.000176501948421892,0.000269251894505329,0.0114696677342891,0.00359512914400861,0.0257382793667356,0.021444547356765,0.00800766200466163,0.00975101212134533
882,"WSM","Samoa",0.0338909004744625,0.0399639403121288,0.0472861817149108,0.0537235216490868,0.0540374738366363,0.0453847943370498,0.0423039041306612,0.0398010999242637,0.0364193190315203,0.0286411969415059,0.0202997614877747,0.0174018692234399,0.0207458143082946,0.0238194426996874,0.0248889267335708,0.0236356895452614,0.0269771794293621,0.0327081216058931,0.0393557498275596,0.0427402495325047,0.0482033843088836,0.0487310977601485,0.0505686340833733,0.0464610342893073
674,"SMR","San Marino",-9999,-9999,-9999,-9999,-9999,-9999,-9999,0.0190104650444274,0.0158006020601424,0.011812031896655,0.00198522779526034,-0.00216822306985757,-0.00483238250606995,-0.00699889404812223,-0.00667767432365603,-0.00558255648505955,-0.00443936281288524,-0.00582997850926113,-0.0096414173757682,-0.0136864951370718,-0.0217462014441437,-0.0252739516313114,-0.0304334302143821,-9999
678,"STP","Sao Tome and Principe",-9999,-9999,-9999,-9999,-9999,-9999,-9999,-9999,-9999,-9999,-9999,0.0688362625951795,0.0654663422708983,0.0671744218876225,0.0686674913253493,0.0693195481209168,0.0657294167222482,0.0680542987498076,0.0675967277309577,0.063377897322928,0.0582204071408989,0.0462313372407992,0.0374487199364093,0.0262857871356992
682,"SAU","Saudi Arabia",-0.0627838252136053,-0.0794155495832745,-0.0432703415397912,-0.00147917126940234,0.0339092844997344,0.0668918602573398,0.0772791190993802,0.0920057073731779,0.0823620549152542,0.070738356571231,0.0571380802877155,0.0594225077809494,0.0525725658186784,0.0516844777897081,0.0453049145637403,0.0528522609484365,0.061214002598029,0.0628614681933937,0.0538160161439534,0.0444274639807951,0.0319020703411839,0.0217638582339565,0.00831594715477912,0.00302425260940908
686,"SEN","Senegal",0.00601178985381101,0.00639419181230361,0.0138139210636605,0.0218347355183497,0.0340759217254274,0.0511554804938761,0.0600719641355609,0.0549415579959438,0.0432529641737149,0.0287346395221098,0.0153499545665223,0.0276604659615152,0.0424751847308009,0.049579638992975,0.060539522402397,0.0764418133389773,0.0963505378206089,0.0940350155869083,0.0849733056424593,0.0721576643140827,0.0527428721990988,0.0529792972805971,0.0564425295636564,0.0506316500075445
688,"SRB","Serbia",-9999,-9999,-9999,-9999,-9999,0.028790852780322,0.0193699523392119,0.0264406595689683,0.0327333432093182,0.0385633894876813,0.0105949603381992,-0.00694951968492853,-0.0189734483864417,-0.039877657518623,-0.0494271355608178,-0.0353794457538378,-0.0184437976729228,0.00295212126753452,0.0176435662547574,0.0304675991299612,0.0332904622336836,0.0321058568146029,0.0313824929714359,0.0200205568412433
690,"SYC","Seychelles",0.138616107110249,0.15857089950428,0.177209636950233,0.167035407428336,0.146968445554042,0.137491533450706,0.105391748120574,0.0735009109196505,0.0465583073225657,0.0328246988565919,0.00921770641577613,-0.0203563990113997,-0.0719620917098976,-0.112305201976763,-0.171428931962374,-0.131643271648925,-0.0960874641283975,-0.0303865771724681,0.00464685056180736,0.0346043969370222,0.0506214206341002,0.0558724990188166,0.0396502581701834,0.0300145461707111
694,"SLE","Sierra Leone",-0.00594583628338407,-0.00438244951751178,-0.0129972451345134,0.00531079038490834,0.0581507345182672,0.113255239942645,0.128084972760725,0.156531615135518,0.145261853954881,0.131094036217622,0.0684865698513699,0.0554757809763271,0.0517741020758564,0.0617573340714266,0.0769016542819747,0.0856773150141872,0.080005784406892,0.084159550066307,0.075097160887508,0.0710539729153952,0.0604828342666373,0.0453257071518034,0.0398961740521875,0.0381174132098914
702,"SGP","Singapore",0.0660009381083466,0.0712411633583245,0.0707149818866089,0.0642247387530441,0.0569369593708584,0.0534616605168687,0.0145722042926049,-0.00285663221785847,-0.000838647203937798,0.0041080783912264,0.037782336257348,0.0419811806814492,0.0196723996638917,0.0261647759579668,0.0369802472967884,0.0392280416736273,0.0345753302477341,0.0204067361302966,0.00915856854187536,0.0079377900464146,0.0327009510129128,0.0298343189755266,-0.00376373161743266,-0.0158124121641588
534,"SXM","Sint Maarten",-8888,-8888,-8888,-8888,-8888,-8888,-8888,-8888,-8888,-8888,-8888,-8888,-8888,-8888,-8888,-8888,-8888,-8888,-8888,-8888,-8888,-8888,-8888,-8888
703,"SVK","Slovakia",-9999,-9999,-0.0227065212397402,-0.0153755974577976,-0.0102922889002822,-0.00931474991779071,-0.00649795795409321,-0.00397490462557711,-0.00433583248109843,-0.00307951463693322,-0.0100508969929444,-0.0214698979207777,-0.0237332508577894,-0.0345600655610654,-0.0418960469347101,-0.0481076350661609,-0.0463316743370934,-0.038781883552422,-0.0271243117887051,-0.0125438738835452,-0.013369127008096,-0.015720324535274,-0.00612037480129741,-0.00461694148959069
705,"SVN","Slovenia",-9999,-9999,-9999,-9999,-9999,0.0056259090628259,0.00590415099455788,0.00858127685714671,0.0127744858927028,0.017432518577676,0.0111076423346081,0.00389353688979055,0.000417339864380972,-0.00248023657986221,-0.00837511309848717,-0.0145092363311521,-0.0190669591832554,-0.0194369567971413,-0.0265287953709161,-0.0248064875317596,-0.0236577938865415,-0.025568325822716,-0.0226895649956134,-0.0173470746434437
90,"SLB","Solomon Islands",-0.0148863374846238,-0.0379798428689185,-0.0388315221998563,-0.0341668648081027,-0.0220926890733076,-0.0102486193852537,-0.00354888305836754,0.0082668949344582,0.0279565193819484,0.0466579496134392,0.0592306658531048,0.0646409656403086,0.0676210481820441,0.0665875111530136,0.0649170214538284,0.0529462361743893,0.0308546947239867,0.0107526908045348,-0.0063564259371583,-0.0263049534703244,-0.031124818457891,-0.0267839102058186,-0.0138755912567463,-0.00247124084535673
706,"SOM","Somalia",-9999,-9999,-9999,-9999,-9999,-9999,-9999,-9999,-9999,-9999,-9999,-9999,-9999,-9999,-9999,-9999,-9999,-9999,-9999,-9999,-9999,-9999,-9999,0.0422193679273961
710,"ZAF","South Africa",0.0298204425529047,0.0333870753302898,0.0356175207009399,0.031080999676091,0.0295762807661137,0.0304968923282067,0.0305689762671952,0.0292444537411118,0.0324677053473323,0.0312484756275331,0.0249662215577069,0.0222691390892826,0.0186721188442005,0.0124086827403085,0.00970579727012022,0.0119584351336675,0.00856234896773955,0.00481783310286832,0.00417310045065911,0.00458492875770555,0.00344553807738812,0.000712067528654492,-0.000243607983335176,-0.00652859483589217
410,"KOR","South Korea",0.058461056281027,0.0489618759180257,0.0403484036081685,0.0337862518081347,0.0299277733578587,0.0264668142354019,0.0245515846841233,0.0260381405587002,0.0316936891620607,0.0256546600853982,0.0213471066387461,0.0239573704172249,0.0280505786892158,0.0313926458890348,0.0332953489027303,0.032058301879399,0.028810168411739,0.0236554642997249,0.0194004697273296,0.0155594995905446,0.00799410289324642,0.000654084920692188,-0.00197201725256446,-0.00665743597219816
728,"SSD","South Sudan",-9999,-9999,-9999,-9999,-9999,-9999,-9999,-9999,-9999,-9999,-9999,-9999,-9999,-9999,-9999,-9999,-9999,-9999,-9999,-9999,-9999,0.00774384615396961,-0.0009619160391799,-0.00567204296949568
724,"ESP","Spain",0.0232202962819266,0.0267368827421013,0.0295789537451656,0.0351820156066744,0.0353261875106505,0.0374048074471567,0.0413489741830546,0.0364879445120434,0.0317688235289539,0.0204201870262375,0.00536538645784379,-0.00839702478197517,-0.0232692447976317,-0.0333272763722477,-0.0356640427158233,-0.0267796051649611,-0.0126604166564525,-0.0141348546523345,-0.0119248601719545,-0.00820894996270398,-0.00904466721392115,-0.0156258927141712,-0.0171936733268133,-0.0133159862500097
144,"LKA","Sri Lanka",0.0885872633926892,0.091147943898028,0.0879074843826708,0.0909132197162059,0.0829099579693735,0.0774944545059759,0.0653980853582514,0.0562528439111665,0.0468550890476533,0.0337654585599618,0.0261250168485054,0.0248964519345676,0.0289214156866604,0.0358418010946384,0.0340328558465233,0.0459819174258991,0.0588458294430652,0.0723974759366734,0.079224184141939,0.0755166732527592,0.0734974015916035,0.0625778145891658,0.0512324120667089,0.0323356010275306
275,"PSE","State of Palestine",-8888,-8888,-8888,-8888,-8888,-8888,-8888,-8888,-8888,-8888,-8888,-8888,-8888,-8888,-8888,-8888,-8888,-8888,-8888,-8888,-8888,-8888,-8888,-8888
729,"SDN","Sudan",0.0125449556481005,0.0348454462150545,0.058978502167226,0.0857141354070887,0.085117212446858,0.107205048607875,0.116359646106716,0.121546662034596,0.137447945171341,0.131717288627899,0.119357005525566,0.101365502177423,0.077920059560665,0.0618456081317456,0.051425406958844,0.0503459441573806,0.051748579940923,0.0478254023233715,0.0538112595517664,0.0586821101020731,0.0600558477443576,0.053306546840906,0.0442868460241135,0.0340834319189238
740,"SUR","Suriname",0.0122262058312392,0.00620027447639382,0.0112510348901391,-0.00402705686653673,-0.0225787305095995,-0.0451847787532782,-0.0610220963010989,-0.0600611778826318,-0.0505486672203462,-0.0286842225287155,-0.00777163816996522,0.0202386470332705,0.0478695917753811,0.0592446664830386,0.0655988959736926,0.0663915908236516,0.0594229540611784,0.042334278687729,0.027305362775865,0.0233683859799749,0.0171576539904499,0.00917133182374275,0.00572787957537879,0.0114864396952874
752,"SWE","Sweden",0.00147208668976351,-0.00400175784715457,-0.00989572893169809,-0.0144129449484141,-0.0171000333720392,-0.0146834586624626,-0.0174422940309471,-0.011615425796822,-0.0126615218381161,-0.0144522749733312,-0.0265430014571922,-0.0264322574390107,-0.0305575077598784,-0.034683538980547,-0.036835844869886,-0.0392468551020571,-0.043329667484625,-0.0439954388276661,-0.0446784207242468,-0.0449883463465253,-0.0521251994261458,-0.0499964341985061,-0.0431041485819447,-0.0347797109509849
756,"CHE","Switzerland",-0.00325862966413849,-0.00402176881685845,0.000448185151593616,0.00268224974629505,0.00338215488120786,0.0031426508539425,0.00402071041325458,0.00483502350931286,0.00114120118255334,0.00139190297762726,-0.000168728557805326,-0.000891107189466334,-0.00609119942188373,-0.0132043189551862,-0.0152502679088089,-0.0232968258570537,-0.0275699106562234,-0.0276163974305229,-0.0339912525690118,-0.0369419091056817,-0.0390753019343949,-0.0393227885376402,-0.0410226467504249,-0.0368083201181669
760,"SYR","Syria",-8888,-8888,-8888,-8888,-8888,-8888,-8888,-8888,-8888,-8888,-8888,-8888,-8888,-8888,-8888,-8888,-8888,-8888,-8888,-8888,-8888,-8888,-8888,-8888
158,"TWN","Taiwan",0.0594200003150243,0.0588843910618715,0.0562415655830026,0.0528699441075462,0.0509657600017133,0.0484112339600995,0.0451679361588759,0.0412036666342148,0.0380523039700134,0.0306426621401616,0.019188321462547,0.0151472438233458,0.0114893037831658,0.00675412721246649,0.00396196164499396,0.00287662077698037,0.00273212064153716,0.00512540333524969,0.00942101135439133,0.00986749716329793,0.00352560072022046,0.000181206783506971,0.00164992553745646,0.000667081730599595
762,"TJK","Tajikistan",-0.0214045902243594,-0.0502067960189878,-0.0688794099318936,-0.0910303473968079,-0.0757437491381823,-0.0303722508682142,-0.00726390869436089,0.0122868807750756,0.0173223630012604,0.00643976565100113,-0.0185132400961975,-0.0586192618084844,-0.0896361679823454,-0.100098011973329,-0.0960305035072409,-0.0252918917905504,0.0117476487351842,0.0656074351050628,0.11177454684325,0.142006209013958,0.146237350100067,0.134255943649039,0.106467667952098,0.0775419982125969
834,"TZA","Tanzania",0.0199765575037143,0.0171622595685472,0.0253369678245607,0.0351004068356044,0.0499892081556101,0.0571620057897504,0.0793419270455331,0.0991766209098013,0.114582754801084,0.113612001821274,0.0991185470945835,0.0879450180701118,0.081805474657032,0.0825430978872901,0.0810767638076668,0.0760826888242736,0.0814939018774763,0.0855469766692223,0.0821265999865854,0.0732942371408687,0.06000564849439,0.0451212531777747,0.0347276835633901,0.0344614776858805
764,"THA","Thailand",0.0863159026427864,0.0717246497017365,0.0574686201776868,0.0448497678094233,0.0361349719877835,0.0325456324957121,0.0343127041982041,0.0387710047858303,0.0448268423989058,0.0406953589478041,0.0349399200135347,0.0303584936922496,0.0241644673180181,0.0215233929350676,0.0178975880376355,0.0167910454087861,0.015975522020097,0.0164417397172509,0.0173892981323696,0.0174847393924329,0.0154198902037428,0.0117329948322777,0.00597794330216317,0.00415200834051777
626,"TLS","Timor-Leste",-9999,-9999,-9999,-9999,-9999,-9999,-9999,-9999,-9999,-9999,0.00224787171259999,0.0130471032297452,0.009684820906803,0.0304784332625327,0.0491297557869426,0.102453264382045,0.119091069390071,0.122326524110609,0.110314282741553,0.0865669811022711,0.0584752402253204,0.0196794174047803,-0.0288252550234006,-0.0191235127877631
768,"TGO","Togo",0.0276400778566119,0.026353182019722,0.0241328106058889,0.0262993781765548,0.0431628851410171,0.0487019823502091,0.0484063111191408,0.0494667966242943,0.0247693588441862,0.0109250653886326,0.0477748014166175,0.0586452302171139,0.0550482160450891,0.0448629950677806,0.0497469999853144,0.0534746721893653,0.063684054425637,0.0593106332734619,0.0399390298643587,0.0170182234388048,0.0283809360018348,0.0325679774255714,0.0360585136476306,0.0299617958989522
776,"TON","Tonga",0.0390647331197882,0.0374750192504816,0.0401098064717686,0.0285271839082051,0.0306455870463751,0.0288110377560766,0.0294732234440602,0.0208536964667112,0.0180324405300682,0.010962017988053,0.0224221608659276,0.0180118037294859,-0.00283340998488403,-0.0186453555966184,-0.0157759004245168,-0.0203974364227666,-0.014511661547626,0.00183346559743591,0.0168747725265623,0.0340050040864883,0.0580275653273987,0.0707747325482133,0.0701903131778399,-9999
780,"TTO","Trinidad and Tobago",0.0414882508633796,0.0448661687786407,0.0512605587837309,0.0571471889735868,0.0561325904603136,0.0586246233235839,0.0677784867105389,0.0764949111652498,0.0761907706303124,0.0731877447784786,0.0711968745543108,0.0618289329748887,0.0506396762021113,0.0353524168244546,0.0189577511648282,0.0025600150876508,-0.00292148251578202,-0.0110259516732501,-0.0151869765257442,-0.019112052358123,-0.0181038686787693,-0.0125192064880562,-0.00398578193321902,-0.00303852589973412
788,"TUN","Tunisia",0.0346114989743942,0.0331359899059418,0.039305924146307,0.0392075614735794,0.0419755321257145,0.0414408257831487,0.0368818725227427,0.0332350513150061,0.0292660419349617,0.0280036517052618,0.0247763055876948,0.0292413469489363,0.0286535318071635,0.0296327037578086,0.0273531399446494,0.0269850609695765,0.0268637650653027,0.0226252233894071,0.0189133786475226,0.00755042059450317,-0.00492336738028099,-0.0158030606102194,-0.0209012058211582,-0.0180504584223574
792,"TUR","Turkiye",0.0413606713989716,0.0429907138665104,0.0369829095823315,0.0320024950585303,0.0301586253791324,0.0252294925335168,0.0254325825905413,0.0307117623508519,0.0416325787077514,0.0477094455328342,0.0486288786665965,0.0509703752651394,0.04864003996754,0.0446643749851272,0.0382242937666071,0.0320695231597079,0.0296595669321444,0.0298889353549188,0.0358692797826492,0.0363786599010438,0.0315663194319431,0.0250999132645797,0.02601894142484,0.024884294692672
795,"TKM","Turkmenistan",0.0296084409227284,0.0543894827095128,0.0733131402092575,0.0751338599932563,0.0646831017425757,0.0584198797918078,0.0555694206850184,0.0488065333530805,0.0469044017604927,0.0485601430954659,0.0493212842440516,0.0570950468892213,0.0619776887998531,0.0632543071318006,0.0670704289408184,0.0638080368419651,0.0591988633245357,0.0509070318737639,0.0460870229905428,0.047322586469509,0.0341155358242606,0.0334552851638643,-9999,-9999
796,"TCA","Turks and Caicos Islands",-9999,-9999,-9999,-9999,-9999,-9999,-9999,-9999,-9999,-9999,-9999,-9999,-9999,-9999,-9999,-9999,-9999,-9999,-9999,-9999,-9999,0.0328180228770156,0.0262207844056244,0.0184599992687602
798,"TUV","Tuvalu",0,0,0,0.0223880103936263,0.040146861142347,0.0530203034706436,0.0608207211073057,0.040146861142347,0.0427088971321752,0.040146861142347,0.0324984623517348,-0.00132672451667214,-0.0334599196270995,-0.0202239332287169,-0.00594802593725702,0.00740766119224179,0.0223880103936263,0.00988905567683251,0.0198759047758443,0.0319701022136079,0.0480907475272501,0.0350989353106999,0.0170999714795113,0.0200105714410739
800,"UGA","Uganda",0.0608460310780294,0.0704479404133949,0.0768884532597165,0.078552797483662,0.0756836714714377,0.0605837786223735,0.0654599946789305,0.0767197330247582,0.088136739697585,0.0971545862755294,0.10314616785091,0.113909773839264,0.118885829576906,0.109385517995032,0.0937845980033072,0.0761916822487734,0.067343409007151,0.0628646555602346,0.0640138402594881,0.0626925348640095,0.0593622783514132,0.0541219466867284,0.0526362858418945,0.048527143330678
804,"UKR","Ukraine",0,-0.0104046713920164,-0.0164539176727565,-0.0289801596386115,-0.0280925280038128,-0.0254456027197504,-0.013355517234925,-0.000740926891004254,0.00938870194673402,0.0157121076272448,0.00690770749264447,-0.000401882370855278,-0.00106407620658179,-0.00395879969915519,-0.00666777389126699,-0.00791193251564212,-0.00645971725549248,-0.00225824400840066,-0.00329632610875175,-0.00389161497974666,-0.0119439957914566,-0.018087909829865,-0.0254770171333153,-0.031456058540297
784,"ARE","United Arab Emirates",0.0547528532477508,0.066160033803857,0.0717177223004104,0.0630651581993473,0.0709900466535052,0.0829899633798059,0.0884750984589968,0.0875338206574845,0.0810415369787634,0.0787815950242925,0.0660815556238983,0.0625187750256746,0.0549383277942801,0.0449610232000395,0.0430605316995405,0.0401936396275973,0.0428376549887934,0.037761424515665,0.0214439427669739,0.0101135956572671,0.00109893807593586,-0.0203716015891725,-0.0436407021052112,-0.0321715236048194
826,"GBR","United Kingdom",-0.0154254744394862,-0.0119707446406634,-0.00463247574221724,-0.00320952009553683,-0.00121428637059301,-0.000163875474913863,-0.000489835493316028,0.001141435255964,-0.000356892371097543,-0.00349076455653313,-0.0158460207508489,-0.0220401155790537,-0.0296919937343243,-0.0372584502196403,-0.0388487616811302,-0.0447324396527995,-0.0511036306329289,-0.0568110488244589,-0.0636957336014125,-0.0658055654448299,-0.072911245826937,-0.0697059278348338,-0.0659043727209764,-0.0516996162802134
840,"USA","United States of America",0.0162331170088139,0.0181005870792339,0.0162873349210033,0.0144170914761657,0.012694271725193,0.0115269420934982,0.00968833621717602,0.00794171921414843,0.00673962033766129,0.00330819136706695,-0.00309368044550186,-0.00654530874195944,-0.0139770126950045,-0.023599961519757,-0.0281525525731063,-0.0248327419919577,-0.0222804634117007,-0.0221771593188375,-0.0180363225661348,-0.0103909053258918,-0.0121731301891977,-0.0181411809056834,-0.0175402150841677,-0.0198204090968674
858,"URY","Uruguay",0.0529086527373763,0.0388867152058581,0.0248844742914724,0.0123498286276029,-0.000885833271349724,-0.00314642727516137,-0.00423697639532014,-0.000895573427229044,-0.000116876093222414,0.024215774205224,0.0575176440733745,0.0611293740494556,0.066409060756681,0.0636592753578156,0.0436569975477659,0.0264354726019644,0.0102899276067281,8.78444364424968e-05,-0.0334431588943697,-0.0319102397755133,-0.0225328701493951,-0.0507622370179839,-0.0345912033529244,-0.00654362401877877
860,"UZB","Uzbekistan",-0.0002197062731203,0.00545547517153699,0.0163577962970509,0.0224167680141969,0.028559056787056,0.0285789595218926,0.0199210812976138,0.0130844792552602,0.00615459375795613,0.0054025138020013,-0.00207887128533526,-0.0131430483939035,-0.0217601347315374,-0.0213549787110429,-0.0293462957190547,-0.0304907009002283,-0.0394328569965327,-0.0411304411442554,-0.0291967932729142,-0.00823926192550945,-0.00254805551122019,0.00237742034365951,0.011345877360698,0.0215308547330699
548,"VUT","Vanuatu",0.0376662875514726,0.0417488907463768,0.0451111455217645,0.0386382475617197,0.0285160014752621,-0.00373593937952302,-0.0422925982587005,-0.0794324494278331,-0.118199428617397,-0.109601153866303,-0.0813545595975518,-0.029185758746948,0.00931683945747364,0.035858835725284,0.0664371871837421,0.0754852935803882,0.0795896884722023,0.0701487776753358,0.0414996848355753,0.0331027132499047,0.0261499542090704,0.0287934189192451,0.0340765110940147,0.02995095739735
862,"VEN","Venezuela",0.0489575158543496,0.0511983739527846,0.0555134482424309,0.054176469018498,0.0543875604952755,0.0380077392379905,0.0261961958218555,0.00781376053200211,-0.0148046795079447,-0.00988648470175163,-0.00219594471207973,-0.00557548436614773,-0.00416063561773429,0.0104726186947055,0.0198232408940873,0.0149408794567749,0.00824675729100521,-0.0009118218632853,-0.00769844175594527,-0.00959834471668695,-0.010160109787716,-0.00189889486469388,-0.0021189428863123,-0.000278968184381758
704,"VNM","Viet Nam",0.112235640275274,0.121289073471534,0.128269864098147,0.130172048216276,0.127242674404798,0.127743493571442,0.120096207782586,0.111066979382354,0.106895383795087,0.104045370878307,0.0956788745906876,0.0901329063743683,0.085760432555491,0.0761791022980118,0.0676734739837626,0.0693379741409659,0.076322474594297,0.0782882202315436,0.0730641471841957,0.0769187344018016,0.0870547351860449,0.0934426036902267,0.0945611717394887,0.0817729554064792
876,"WLF","Wallis and Futuna Islands",-8888,-8888,-8888,-8888,-8888,-8888,-8888,-8888,-8888,-8888,-8888,-8888,-8888,-8888,-8888,-8888,-8888,-8888,-8888,-8888,-8888,-8888,-8888,-8888
732,"ESH","Western Sahara",-8888,-8888,-8888,-8888,-8888,-8888,-8888,-8888,-8888,-8888,-8888,-8888,-8888,-8888,-8888,-8888,-8888,-8888,-8888,-8888,-8888,-8888,-8888,-8888
887,"YEM","Yemen",0.0633039013364458,0.0775091337593328,0.0850154572730162,0.0864970866464454,0.0747507436192805,0.068229436358686,0.0612499767994268,0.0537266749217133,0.0430661131312375,0.032880691661723,0.0333525849320548,0.028280698259022,0.0249920923972016,0.0187172514305691,0.0346789144734716,0.0465810863111724,0.0181573372331327,-0.00439730588562772,-0.0122255265560893,-0.0113291426243511,-0.00975156254460406,-0.0093715829045021,-0.0161752835075064,-0.0194907722235372
894,"ZMB","Zambia",-0.053519898533031,-0.0783277306422883,-0.0766610246754699,-0.0497730176852131,-0.0257087190459116,-0.00175286663922675,0.0148417305387762,0.0256170839002541,0.044033571910411,0.0611859274135387,0.0707418588032955,0.0772137119203415,0.0862741291350124,0.103771309204302,0.117927995853339,0.125385054187758,0.129727689036559,0.135035039701213,0.136210942027163,0.134977867573144,0.128987371824892,0.114595562395316,0.0976463851340807,0.0850506338875185
716,"ZWE","Zimbabwe",0.0210747266655598,0.0227230057457357,0.0183258387068725,0.0143883058771839,0.00124102107868196,-0.00188249261119318,-0.00374123256571126,-0.0058445822611589,-0.00769949307681245,-0.00873847187577197,-0.0118872138369166,-0.00700971311504394,0.0146999809617736,0.0254564106574886,0.0505359443160096,0.0626179530169029,0.0775793340195243,0.075557962859055,0.0681403992937095,0.0514972870778367,0.0091098299117911,-0.00596429948807214,-0.00672173838532872,-0.0275225985348465
