"code","iso","country","CHA.raw.1999","CHA.raw.2000","CHA.raw.2001","CHA.raw.2002","CHA.raw.2003","CHA.raw.2004","CHA.raw.2005","CHA.raw.2006","CHA.raw.2007","CHA.raw.2008","CHA.raw.2009","CHA.raw.2010","CHA.raw.2011","CHA.raw.2012","CHA.raw.2013","CHA.raw.2014","CHA.raw.2015","CHA.raw.2016","CHA.raw.2017","CHA.raw.2018","CHA.raw.2019","CHA.raw.2020","CHA.raw.2021","CHA.raw.2022"
4,"AFG","Afghanistan",NA,NA,NA,NA,NA,NA,NA,NA,NA,NA,NA,NA,0.0415618236886477,0.0423535138357827,0.0404628203793154,0.0380801324000626,0.0311232997787536,0.0221341534216251,0.0126712399527127,0.00749516485715707,0.0019110626524681,0.00575412312647283,0.00894712936257225,NA
8,"ALB","Albania",0.0224510355276548,0.0443420069006515,0.0628180750523344,0.058945255560009,0.053406677560901,0.0473087548708817,0.0364272675838249,0.0300673324157419,0.0189320352481217,0.00280440490563705,-0.0121937754962715,-0.00668970844720609,-0.00190279735945537,0.00185287003084067,0.00635394565985048,0.012744030323957,0.0156724839896107,0.0198152758540546,0.019933237518007,0.0151134433509579,0.0126055461280079,0.00472827942504894,-0.00225852595835723,-0.00222025588449088
12,"DZA","Algeria",0.020514215831239,0.0216147120452894,0.0131430265644481,0.00207105450697975,-0.000548634595411216,-0.0088976672508754,-0.00571484931037877,0.00143120715926814,0.000973108062735983,0.00174905278358262,-0.000398007599341249,0.00576087452805396,0.0048685553751,0.00156588467261298,0.00191492241599955,0.00214815269327939,0.00348825515845874,0.0100226799974443,0.0124354768047217,0.016356400973089,0.0124153481070099,0.0113930332773806,0.00434763994523424,0.00401219249319862
20,"AND","Andorra",NA,NA,NA,NA,NA,NA,NA,NA,NA,NA,NA,NA,NA,NA,NA,NA,NA,NA,NA,NA,0.00216302789520295,-0.000817097286785552,-0.0024168234656374,-0.00542325032565523
24,"AGO","Angola",0.0963711550173953,0.0900778392663864,0.0731898476851085,0.0466442143456958,0.0215181264257751,0.0136518372753656,0.00888803268762195,0.000636377740297345,-0.00821847034965351,-0.00881650920304847,-0.0104189795553532,-0.00474669279827613,-0.00577035599489397,-0.00615586147581628,-0.00474662404159574,0.00164713069532518,0.0111836362824216,0.0109315565478219,0.00846236555063995,0.00204286631207595,-0.00439812256332564,-0.00587771306980112,-0.00755500375028395,-0.0032013440388341
660,"AIA","Anguilla",NA,NA,NA,NA,NA,NA,NA,NA,NA,NA,NA,NA,NA,NA,NA,NA,NA,NA,NA,NA,NA,NA,NA,NA
28,"ATG","Antigua and Barbuda",0.0111328147728942,0.0103957199398665,0.00771164928041324,0.00229379084283909,-0.00394009535168094,-0.0139990859330302,-0.0281912946154003,-0.0446109536971443,-0.0531393689616064,-0.0538786185229516,-0.0473941315477484,-0.0500089704156626,-0.0437750908499318,-0.0330270489714661,-0.0194345721253975,-0.00659063445404099,-0.0013848616118749,-0.000533021904823206,0.00311484596882505,0.0113181278045429,0.0177559764540245,0.011792337355305,0.00559605764902926,0.00067224888059858
32,"ARG","Argentina",-0.00161351394361958,-0.000189289270217667,0.00262569566537851,0.00536951149017306,0.0110452103576506,0.0127544622140274,0.0141442540093466,0.0137890521990169,0.0116194317675136,0.0066855792440419,0.000186357416574356,-0.00806958390415309,-0.0177676042714431,-0.025352008750024,-0.0217749638999415,-0.0220078704356271,-0.0180754976262899,-0.0104513887006915,-0.000108035159918811,0.00626803382908769,0.00959263933569687,0.00934943717052072,0.00816569467962869,0.00614735426208113
51,"ARM","Armenia",-0.0476222980605181,-0.0669601150883851,-0.0835711463021401,-0.070334323393048,-0.0534953455511711,-0.0282585320143631,-0.01081402748202,0.00327508809217147,0.013745774124029,0.0208982342874329,0.0231247348841781,0.0213358535245136,0.0197535681860965,0.0221689181574651,0.0278933940469368,0.0344953679586917,0.0417283183571093,0.0483775554655002,0.0507648314498019,0.0483584328940228,0.0389151164941715,0.0274645166343639,0.0151942185990908,0.0117289229615025
533,"ABW","Aruba",0.0371718132398127,0.0946695873850012,0.135701867929237,0.163338807472267,0.180925059786011,0.190103054043546,0.184922067697446,0.139546155091293,0.0887129359095769,0.0262953060965936,-0.0588639729771822,-0.0559976366477966,-0.0519516449853474,-0.0443979231540583,-0.0185109078408146,-0.00662890915735078,-0.00428256828495602,-0.00318148231585258,0.00297057357710706,0.0126840237628387,0.0189824952719981,0.0125116329388346,0.0129466861682974,NA
36,"AUS","Australia",-0.0169420881790011,-0.0102849344362424,-0.00552414653127882,-0.00231859705219324,-0.00531734630355646,-0.00861357488173583,-0.0108985098871254,-0.0141600672500071,-0.0118305766803768,-0.0113155789699071,-0.0144710433565852,-0.0148550666085316,-0.0123118429317726,-0.00871529479280419,-0.0120904854058975,-0.0158406772869813,-0.0145942142022665,-0.0139084123163095,-0.00809481967709938,-0.0041715683481558,-0.00621410104775581,-0.0129219262249043,-0.0152933244030493,-0.0148196267856775
40,"AUT","Austria",-0.0404045397482359,-0.04326737399182,-0.0448580949158255,-0.0468936054829598,-0.0441526052465376,-0.0406118611063298,-0.0370245597487578,-0.0344699041381494,-0.0335052920955186,-0.0324164873626652,-0.0310892241957418,-0.0302815123302824,-0.0324174576552261,-0.0345694160194811,-0.0359431192351918,-0.0355782674424698,-0.0355795424163552,-0.0347880638873546,-0.0335758118512199,-0.0341493812545056,-0.034308520063491,-0.0317026317928789,-0.0292939030702886,-0.0303412729908135
31,"AZE","Azerbaijan",-0.0116901938107278,-0.0155662472895679,-0.0241946188997315,-0.035461818152855,-0.0479712754261715,-0.0610408706898253,-0.0718589948168866,-0.0779622467827562,-0.0450824568761218,-0.0137101816982945,0.00622118744034617,0.0227316331217953,0.0388519951318118,0.0490972808294066,0.0540343138805459,0.0471623660219607,0.0301792903207552,0.0136360225858438,0.0149736484155285,0.0204579911828249,0.0247653380421919,0.00907365226838808,-0.0011000492532517,-0.00161852466636871
44,"BHS","Bahamas",0.0199904133569451,0.0215601388448525,0.0219854168077585,0.0217915858225135,0.0211261101053193,0.0201002452203458,0.0194336203254895,0.0190738973847362,0.0186643036994938,0.0180756871507566,0.0175945087444145,0.0181478913127251,0.019086184231049,0.0200160254634483,0.0206356187560044,0.020336883482956,0.0189062568780101,0.0175709446412269,0.0161746209082807,0.0144635965329878,0.0129845754270632,0.0114682135478443,0.0111062919044493,0.0118094101440331
48,"BHR","Bahrain",0.0800594688221168,0.0848775871526375,0.0825798403415929,0.0699613326205848,0.04651289658458,0.0136226848895888,-0.022437041252695,-0.073651132441418,-0.123652080118352,-0.144369934915204,-0.123195109799527,-0.0811168280234965,-0.037332598896387,-0.00502250711687746,0.0153095888159502,0.0302563070485977,0.0369128304133759,0.0336124927031445,0.0292063186805471,0.0270042899819547,0.0262327718255531,0.0311316150683467,0.0220615062092073,0.0209584117132067
50,"BGD","Bangladesh",0.0298164603087516,0.0374380597072932,0.0431446313576658,0.0470057293296424,0.0471104514411906,0.0434971901758978,0.0403377076215643,0.0371496705886116,0.0341392687757027,0.0315676889124412,0.0303453229627888,0.0296836862068079,0.0293687796657118,0.0291111404869715,0.0278639453334055,0.0253118325454669,0.0223380868586756,0.018934708381535,0.0159555500155906,0.0140199095150868,0.0121823161574206,0.0108988318441168,0.0111421680994848,0.0121407157256659
52,"BRB","Barbados",0.00999654436003028,0.00832586845044547,0.00574904015425792,0.00246922557562468,-3.08533920441578e-05,-0.00109930557868526,-0.00286283704184285,-0.00351396761575162,-0.00324465306821444,-0.00313186142398087,-0.00300360790462964,-0.00178752218669142,-0.00111422837127881,-0.00113572086083573,-0.00136374411435828,-0.000759878314510051,-0.000389461360012381,-0.000693302426263182,-0.000928382881796754,-0.000529885859311253,-0.00054586118325239,-0.000436106675483157,-7.78516425261501e-05,-6.12645530959678e-05
112,"BLR","Belarus",-0.0134501870945658,-0.020152678538519,-0.0262869082656548,-0.0263395314783047,-0.0209557566392173,-0.0119011243891637,-0.00309009405028536,0.001445991534194,0.00519107716695522,0.00930964843655713,0.0114118442658466,0.013728044553232,0.0145072860778972,0.0145533982049266,0.0138406710361776,0.011993706528691,0.0102507556174505,0.00860105034350966,0.0069111929223018,0.00589228369849804,0.00426749990828657,0.00395213906619407,0.00378049595217433,0.00432787850387784
56,"BEL","Belgium",-0.0146887394343528,-0.0200737098117926,-0.027624377023767,-0.0373396816978542,-0.0511845160435941,-0.0594802018966342,-0.0636568446535806,-0.064380741147457,-0.0611468435556166,-0.0554268079146374,-0.0462956493994055,-0.0372671798205146,-0.0316387711974709,-0.0266500987127478,-0.0269521452883562,-0.0267972252474751,-0.026349010863723,-0.0248246877693953,-0.0248263748736329,-0.0250279917570648,-0.0244646407864076,-0.0220146018723407,-0.0227756099227395,-0.0227197921080614
84,"BLZ","Belize",-0.0225833041007057,-0.0117189113961365,-0.00340682273279889,0.012840475985086,0.0259224142503047,0.037897151440923,0.0370144121356395,0.0525028825401725,0.0720531876225325,0.0913193988723944,0.106739311081637,0.109042236923027,0.115071937326272,0.0972980834298427,0.083318308950981,0.0455754997918101,0.0101950386066505,-0.0083125723897365,-0.0197692540499947,-0.026331044663209,-0.0211785308431777,-0.0154646174018299,0.00500339370530445,0.00721168493434066
204,"BEN","Benin",0.032463174878619,0.0337492056130226,0.0285207000327354,0.0259980520071301,0.0215714177960156,0.0182797722096508,0.0153573559508033,0.0150672417509687,0.0159477502058725,0.017194394266284,0.0185027055656017,0.025590268151765,0.0265080605423289,0.0294517652464878,0.0326550434673325,0.0319080533207925,0.0348356016043241,0.035685186497342,0.035645577619815,0.0328476306750234,0.0300102165402683,0.0284024254752306,0.0271097167965462,0.0256287678046245
60,"BMU","Bermuda",NA,NA,NA,NA,NA,NA,NA,NA,NA,NA,NA,NA,NA,NA,NA,NA,NA,NA,NA,NA,NA,NA,NA,NA
64,"BTN","Bhutan",-0.00418973133933216,-0.00536187728911435,-0.00963499878179356,-0.0176363454692279,-0.0216164335388968,-0.0270656833742728,-0.00788921523987829,-0.00216644485337675,0.000437836297662475,0.00770362597225027,0.0113246830155438,0.0127060155079306,0.00804861259014378,0.00381544781334564,0.000268416407842365,-0.00204801437907167,0.0111269346485712,0.0110286820336603,0.0122570622983558,0.00858373335482931,0.00542782853233326,0.000855589762727815,-0.00544951921791076,NA
68,"BOL","Bolivia",0.0307256105753706,0.0263023756824301,0.016701435417835,0.00980072030078882,0.00582480083793357,0.00786891482950836,0.0114836333580588,0.0164830627193977,0.0244085061222441,0.030795763996077,0.0366423083375027,0.0467795458001048,0.0446939919908664,0.0395999266596787,0.0318896963608308,0.0224477722088354,0.018148018629031,0.0169036482346971,0.014295314653396,0.0107802576284435,0.00914817520291877,0.0148574567512105,0.0166500799078138,0.0179047482666141
70,"BIH","Bosnia and Herzegovina",NA,NA,NA,NA,0.0677222057789117,0.0443846562279886,0.023010208667664,0.0171046361515512,0.0181018904179482,0.0235009627473903,0.0300532953857973,0.0277323882748373,0.0275236704534754,0.0181304387123142,0.0115620190388745,0.0004061932900008,-0.0112574555946868,-0.0225614368988104,-0.0220825999814461,-0.0148493470529136,-0.00687682364304245,-0.00959852512774422,-0.00352371821378443,-0.000966599270379027
72,"BWA","Botswana",0.00101688521554788,-0.0022099710140719,0.00263403108325622,0.00469992981294154,-0.0479165984920599,-0.0984595845888289,-0.120475910154794,-0.090262321296045,-0.0838872859025459,-0.0103980275859932,-0.0113504995795151,0.0377743356578557,0.106346128874193,0.127187552784766,0.085723745900651,0.0254520835243843,-0.0193093766421326,-0.073440367073717,-0.118193844970634,-0.117736966014233,-0.227457839327348,-0.154720135169971,-0.0480886617780308,-0.0370375600485211
76,"BRA","Brazil",0.01091015965289,0.0103005097153184,0.0124672141192113,0.0160706042174388,0.0200143569694164,0.0254158919134797,0.0303032609304721,0.030629355536528,0.026690753380161,0.0225976837041177,0.0182643161643607,0.0141439114802471,0.0112579591977917,0.00833279473402038,0.00766905673407736,0.0090784283948675,0.0114848715385394,0.0136336000951265,0.0119818975827457,0.00912632649768752,0.00752252975935508,0.00681519144629439,0.0086554329074997,0.00850573354666162
92,"VGB","British Virgin Islands",NA,NA,NA,NA,NA,NA,NA,NA,NA,NA,NA,NA,NA,NA,NA,NA,NA,NA,NA,NA,NA,NA,NA,NA
96,"BRN","Brunei Darussalam",0.0213786805795249,0.0277008353569979,0.0350338887535169,0.0318387040408281,0.0320844677086944,0.0269381540814047,0.0213681218893262,0.0230109450682352,0.0204480881634539,0.0263309770486733,0.0217015612844895,0.0157193974120224,0.0169207861409268,0.0111042661222174,0.00474025254125388,-0.00693943765311309,-0.0248625150089272,-0.024192902537955,-0.0226815900139744,-0.00941508142189233,-0.00453835666858586,-0.0274734345380542,-0.0482397194634305,-0.070835427610364
100,"BGR","Bulgaria",-0.0136809430865392,-0.0127347431858365,-0.0139844754319507,-0.0188975935800311,-0.0123807643374162,-0.0183920968208482,-0.0237266099784316,-0.0258994539172977,-0.0192693459197407,-0.0176869981697097,-0.0199400140280641,-0.0182601568829504,-0.0204333560096253,-0.0218601983529833,-0.013093992476553,-0.00934989307895582,-0.00759251153126809,-0.00993282396215929,-0.0122855820203442,-0.0188750347963007,-0.0326424794975799,-0.0405538227131289,-0.0371947545609311,-0.0358354843571461
854,"BFA","Burkina Faso",0.0363599405533399,0.0357218950305129,0.0378363489153954,0.0391482765101161,0.0500136429790261,0.0576373009391848,0.0637851010267112,0.0680007173959645,0.0699922705758032,0.0699549738161722,0.063651959429865,0.0543545186816328,0.0445388824161554,0.0321374352086714,0.0299427975004167,0.0281474602974723,0.0271017286306923,0.0262696022557409,0.0255513859314405,0.0254195939665522,0.0251620207155383,0.0247594778192284,0.0243225086430285,0.0238506900895139
108,"BDI","Burundi",-0.0070577765841769,-0.0224073386128153,-0.0199572337935317,-0.0164161952127861,-0.01233335522564,-0.00774695066187341,-0.000135800750645706,0.0111695459815087,0.0273882437435133,0.0446886648501659,0.0432932268710016,0.0406207694054956,0.0444175696941504,0.0318738243952199,0.0282995563587496,0.0228551195279119,0.0159777816391988,0.0153282560629036,0.0156611712253478,0.0169782159629706,0.0203760581104229,0.0239140051467577,0.0273571484303521,0.0176516368558566
132,"CPV","Cabo Verde",0.0124892780072627,0.00706021743687502,0.00235375758620271,0.00379765018033895,0.00605358282932777,0.00997062673439264,0.0157414325609004,0.018642861732626,0.0223309725530894,0.0283547160912145,0.0346660318325149,0.0394221433576567,0.0414347292303172,0.0415315191279264,0.0382511585626253,0.0358330566989395,0.0318185614788802,0.0271179630843246,0.018423974339024,0.01059266657332,0.00543812532339283,0.004839273553501,0.00407865778801475,0.00544315397860018
116,"KHM","Cambodia",NA,NA,NA,0.0194608978088646,0.0204592455343073,0.0113235533705738,0.015157733525244,0.0198195892565296,0.0237496599358427,0.0260621580373845,0.0305530950950086,0.029742207082815,0.0280965606103973,0.0228154912547809,0.0194003436463597,0.0113324424948285,0.00587400897493207,0.00321139053664532,0.00211774463376679,0.00112375547924937,0.000289837105625912,-0.000621385203195551,0.00157155464707248,0.00266388249407057
120,"CMR","Cameroon",-0.000755914683592843,0.00683851284871606,0.0140398179918668,0.0167715817092529,0.0184613769313471,0.0113536698516898,0.00716149177961034,0.0025015678329745,-0.00547337253526013,-0.012105943215987,-0.016305749330297,-0.0149428752303457,-0.0153980726614626,-0.0136713149466269,-0.00154231008784637,0.0044212983830545,0.017057233775551,0.0256461403534118,0.0266650200634799,0.0262752838549867,0.0260235384765661,0.0204705834465051,0.0102256688541265,0.00550492911994671
124,"CAN","Canada",0.0319048870649601,0.0294090387115391,0.0246921610075304,0.0197810985166069,0.0146565183063885,0.0110842092846695,0.00930801996340969,0.00904792224235718,0.00764650930115018,0.00568951369693815,0.00091974399226058,-0.00205251445550082,-0.00582566472740803,-0.00825502150213416,-0.00929126528617001,-0.00654624416601755,-0.00423393497891358,-0.00420799826894176,-0.0052332536441537,-0.00575823994769494,-0.0134718052616812,-0.0290384697229135,-0.0432138807019751,-0.0423895929149452
136,"CYM","Cayman Islands",NA,NA,NA,NA,NA,NA,NA,NA,NA,NA,NA,NA,NA,NA,NA,NA,NA,NA,NA,NA,NA,NA,NA,NA
140,"CAF","Central African Republic",0.0240519912491559,0.0287178887331567,0.0221384984542483,0.00880854505529083,0.0093309072112866,0.00143918996786874,-0.00565169914504414,-0.00486625565264923,-0.000805369354772617,0.010137685550377,0.00255403894774942,0.0101736783884931,0.0111921335079324,-0.00402345127454438,-0.000502631330414097,-0.00514362220520059,-0.00585325578062347,-0.0022445384760542,-0.000268001382593846,0.00695604238922765,-0.00206886704164677,-0.00169749437282048,0.00100629681676123,-0.00382429943918444
148,"TCD","Chad",-0.0482749911638916,-0.126742796871507,-0.140817918915686,-0.135807256381191,-0.0995164894618232,-0.0488088425822098,-0.00728447266851154,0.0169057953655478,0.037460327448859,0.0505720419007332,0.0576836868761978,0.0574255861736499,0.0547294040696,0.0494607868677974,0.043040298097974,0.0432351509375195,0.0469237110193879,0.0497823582518804,0.0516701973904701,0.0531063290498652,0.0530024821201285,0.0535463168194064,0.0538731155474144,0.0511861985177831
152,"CHL","Chile",0.0114080674951007,0.0144819683122224,0.0157831707879388,0.0174453880594012,0.0170110641914354,0.0170877535035983,0.0166836862735387,0.0164277085842024,0.0152196255387598,0.00994993203862715,0.00266531737122788,-0.00279473991802789,-0.00873914300262241,-0.00981604847312751,-0.00530250164182615,-0.00379447204930441,0.00098761022784366,0.00845004183877895,0.0137682150642748,0.016807474975288,0.0162874826540818,0.0137747933173391,0.00896922787833176,0.00661746202384483
156,"CHN","China",0.0197867802777454,0.0202514438965207,0.0195697048760914,0.0174831009784362,0.0164499714347397,0.0184442248558296,0.0253197371169107,0.033511477189055,0.036533648891939,0.0379327443160833,0.0374911580833626,0.0364868909775662,0.0351082311152668,0.0293953487852947,0.021889523086283,0.0150323907516468,0.0100644072499416,0.00484202698744163,4.61256365227314e-05,-0.00471723007279507,-0.011418844130018,-0.00744763310414033,-0.000578070095584114,0.00265341702287891
170,"COL","Colombia",0.0137984326324563,0.0128080872339289,0.0123091131206006,0.0130653173050856,0.0146008297986178,0.0164271880105029,0.0171256617737794,0.0183667047275029,0.0198735026034913,0.021612180135719,0.0215296930329694,0.0211447572682957,0.0206007692954948,0.0175740565346205,0.0152247577937932,0.0133431232774024,0.0113069769214691,0.0104297839109184,0.0111559104479626,0.0153932438147015,0.0202337189098842,0.0249169268683711,0.0296880169607159,0.0295779080356269
174,"COM","Comoros",0.0230940118569791,0.0204318622721316,0.0188424063633006,0.018773825470769,0.0176204254827919,0.0162035538259415,0.0158456878167532,0.0178962896922223,0.0167577211504459,0.0194055208384503,0.023102935340052,0.0242214211680931,0.0279972584450943,0.032203209902286,0.033323060860847,0.0338994162320083,0.0336267523259812,0.033784600374867,0.0290246052692775,0.0260278764562587,0.0222625036817052,0.0187675554715838,0.0165881599688285,0.0172382951841024
184,"COK","Cook Islands",NA,NA,NA,NA,NA,NA,NA,NA,NA,NA,NA,NA,NA,NA,NA,NA,NA,NA,NA,NA,NA,NA,NA,NA
188,"CRI","Costa Rica",-0.0197554004604946,-0.0184353296453354,-0.0122944828857573,-0.00447635920148171,0.00394094282025037,0.0112426471482914,0.0112325395701649,0.0082627299927871,0.00746431499793965,0.00871487396156589,0.00907407100237401,0.00890029378420221,0.0103443893434265,0.0103074519203594,0.0122746855403895,0.0136720164034618,0.0119256724500214,0.00685509046031929,0.00416096746853922,0.0046972594952881,0.00529679479830181,0.00372931087884809,0.00490174793284526,0.0059617941784702
384,"CIV","Cote d'Ivoire",0.0342330146759859,0.0334995095086132,0.0331292476792884,0.0336010724437279,0.0301501995735698,0.0261163772790463,0.027672675891862,0.0286317158109628,0.0290471230975624,0.0262225629767356,0.0209444136449985,0.0170454176410331,0.0175982489439765,0.0204725957508047,0.0236649407052385,0.0208259898513479,0.0234678865196374,0.0290398724316843,0.0301881561311943,0.0275568244692104,0.02093900818534,0.0145278279831476,0.00800053336064899,0.00782770376410014
191,"HRV","Croatia",NA,NA,NA,NA,NA,0.00837110637556271,0.0121139369949943,0.0161707548824159,0.01819235794124,0.017706950356817,0.0176720451932637,0.0159858792334149,0.012989192606174,0.00810587519004136,0.00371656112939345,0.000313125855986529,-0.00139220144779598,-0.00148685902235303,-0.00158150321037268,-0.00467354100163639,-0.00832252139243634,-0.00991615549868554,-0.0138834512284003,-0.0138206218796782
192,"CUB","Cuba",NA,NA,NA,NA,NA,NA,NA,NA,NA,NA,NA,NA,NA,NA,NA,NA,NA,NA,NA,NA,NA,NA,NA,NA
531,"CUW","Curacao",NA,NA,NA,NA,NA,NA,NA,NA,NA,NA,NA,NA,NA,NA,NA,NA,NA,NA,NA,NA,NA,NA,NA,NA
196,"CYP","Cyprus",0.0205664696198,0.0179339459485175,0.0166873203723452,0.0163921069237283,0.0156258281957025,0.0135501877219737,0.0103554616763062,0.00804223871713017,0.00561227048055146,0.00258214061328199,-0.00103012648693989,-0.00473657672871075,-0.00406871508886543,-0.00191837751351273,-0.000952423140650388,-0.000164486770209998,-0.000216688265323207,-0.0001027623124254,0.0015427700658559,0.00378162862303255,0.006649403684446,0.0109035841166414,0.0158150603962612,0.0161806320202897
203,"CZE","Czech Republic",-0.0574296581368635,-0.0657085673324483,-0.0661591186516818,-0.0683607553765489,-0.0664122608175559,-0.0682834933949003,-0.0607336866600328,-0.0448476203576682,-0.0328790499933998,-0.0203550867625377,-0.0150911284208838,-0.0112437246650524,-0.00966911630267005,-0.00939231116065461,-0.0120365727171119,-0.0191045475537068,-0.0181253495775787,-0.017244538511696,-0.0198801389295317,-0.0211208360568792,-0.026925012395636,-0.0316801436538233,-0.0325282235691772,-0.0311825710564081
180,"COD","Dem. Rep. Congo",-0.00606518920095324,-0.00471303829774117,-0.00465216479559038,-0.0051253759973751,-0.00459128032340823,0.00107251456423008,0.0101164203316375,0.0102185940410635,0.00473821376817973,0.00606663653443329,0.00413209368030865,0.00709246622067039,0.00591214527791384,0.00996878968598192,0.0151632832455018,0.0217218424656915,0.0276986563981865,0.0331231950484931,0.0333212870194513,0.0311890221941773,0.0269711738467617,0.0239687364123338,0.0163513627871581,0.0159193644882725
208,"DNK","Denmark",0.00529178351918036,0.00245580476343132,0.00203557519905506,0.00146227893626905,0.00237207855069288,0.00104212455163433,-0.00157547715372225,-0.00475512885797974,-0.009318889244733,-0.0135575548775998,-0.0190734822344102,-0.0215616634524631,-0.0200775148862999,-0.0177939027310957,-0.0136069093924939,-0.0118324010839261,-0.0118565111276576,-0.0129794564584034,-0.0118704699766178,-0.00864550585466171,-0.00813005939491611,-0.00332050780012145,-0.000497327515556785,-0.00105759786600933
262,"DJI","Djibouti",NA,NA,NA,NA,NA,NA,NA,NA,NA,NA,NA,NA,NA,NA,NA,NA,NA,NA,NA,NA,NA,NA,NA,0.0110216715397857
212,"DMA","Dominica",0.0542066001980681,0.0652779607502165,0.0716368672887335,0.0707289357713394,0.063163974904775,0.0497912934696412,0.0370895745189026,0.0490711748796944,0.0574228224906002,0.0630787130722854,0.0655430972513475,0.0671409185120839,0.0731604805333972,0.0671176879959194,0.0538676264954778,0.0352185249715453,0.0108557912354676,0.00836083986096292,0.00788794433546292,0.0069285305491531,0.00484249194930042,0.00256537134935941,0.00804093775587411,0.00938425963080203
214,"DOM","Dominican Republic",0.0344560588661664,0.0222612516051477,0.0186677803566686,0.0202054526830324,0.0264335775501823,0.0400878125251183,0.0485954466502314,0.0554303279008064,0.0630614285636484,0.0659630544187715,0.0649500985616327,0.0624300915156721,0.0592309509113771,0.0555120715681692,0.0488196125985938,0.0443554672447193,0.0363480834713199,0.0281972072268435,0.0242538481718884,0.0213931304566823,0.0195824973119214,0.0192377182605932,0.0191047121803105,0.0195803534889105
218,"ECU","Ecuador",0.0317356334009145,0.0213682095149392,0.0149221637068813,0.00976730122048419,0.0043522410007133,0.00108866202107927,-0.00348562970632426,-0.00482132835627838,-0.00456553839027214,-0.00471459108175984,0.00108661474341099,-0.000499903997484141,0.00292155545025863,0.00695714619022403,0.0121602230602313,0.0161256712566713,0.0151360736140715,0.015664928566997,0.0120914944294064,0.00575883811147615,0.00421248714774558,0.00322891243424706,0.00350619850114442,0.00472678665551252
818,"EGY","Egypt",0.0552304139733724,0.0505275268580878,0.0460116555946302,0.0410512074753386,0.0351827505693976,0.0294048290985756,0.0252253659600019,0.0227303172790894,0.0207614371924729,0.0167405114797743,0.0128638612425855,0.00857026749807632,0.00555001380082243,0.0047018211596308,0.00165487430370348,-0.00135660478552539,-0.00545729069127821,-0.00496750131683968,-0.00289685461949093,-0.00100037163585557,-0.00837279016999118,-0.0199162074265555,-0.0256342669045634,-0.0198370875640602
222,"SLV","El Salvador",0.0111494487945361,0.00301210469736612,0.00106394573804969,0.00287105891264106,0.00261439531217844,0.00477917155581964,0.00406004801221282,0.00965448191849183,0.0138967750166812,0.0122159434352669,0.011115478236212,0.000433175566015187,-0.0136092374756026,-0.0207758121344169,-0.0369251738679813,-0.0392485117719474,-0.0365972017963176,-0.0303992757246512,-0.0237202131559867,-0.025106217618063,-0.0286589252887011,-0.0291465354044373,-0.0388283508401805,-0.0389773704780293
226,"GNQ","Equatorial Guinea",0.479214306502512,0.351030098364699,0.278192316211491,0.215700186660346,0.165829430297864,0.0764110040714874,0.0690381817129371,0.0572355469173356,0.0447003449995598,0.0390549021686166,0.0264645068163358,0.0234010754471297,0.0157030748517291,0.0074938765763557,0.0032128446559867,-0.00525798183401677,-0.0237291039777617,-0.0246098477059229,-0.0160173862340686,-0.0111436712326324,-0.00808107320286039,-0.00266629234495092,-0.00110924164387201,-0.0028196181624533
232,"ERI","Eritrea",NA,NA,0.0734805869619821,0.0736147716130753,0.0596447017524118,0.0407197857468713,0.0228540921396239,0.00941874645822471,0.00784227297720363,0.00706290212222505,0.00920162528237745,0.0115852326927326,0.0121029754509865,0.0113918535272095,0.0116469207627148,0.0113597576058608,0.0114210558147105,0.00842726744757649,0.00853614463280894,0.00817440603413977,0.00773928052272632,NA,NA,NA
233,"EST","Estonia",NA,NA,NA,NA,NA,-0.00544832224970603,-0.00627454924546932,-0.00757475272269781,-0.00462365943924046,-0.00339723886430823,-0.00784642179199273,-0.00749742519575503,-0.00553805694185753,-0.00587017285400764,-0.00569111806063369,-0.00522253992942333,-0.0114929762066131,-0.020008174955743,-0.0291182418592018,-0.0332280706840177,-0.0302337100480755,-0.0251635843929536,-0.018892251117138,-0.0157691549745957
748,"SWZ","Eswatini",0.00172257975636492,-0.00612861216593211,-0.0101916873028387,-0.00534381354224244,-0.00709308383050421,-0.00334548416158163,0.000353517956035887,0.00244088730036296,0.00543044657681047,0.00377007408658403,0.00126941868850761,-0.01081798402189,-0.030370571465737,-0.0431876713049117,-0.05155759834693,-0.0461801701908278,-0.0357539908426323,-0.0236431900989438,-0.00954811817970157,0.000229933126004944,0.00236947340282501,-0.00434820265297689,-0.0128958829644734,-0.0200996648789328
231,"ETH","Ethiopia",0.0343538628319893,0.0445725122550902,0.0555585299034194,0.0657754548429446,0.0702769073863121,0.0581120384180276,0.0282617275156347,-0.000476251790954727,-0.000451823858461295,0.000512293700503763,0.00239319359130707,0.00405139035763957,0.00843202881544358,0.0176062465006148,0.0257910051524128,0.036241198603405,0.0315105734376442,0.0265337123450389,0.0257554011405587,0.0241328570952151,0.0251924336334794,0.0283836086006122,0.0313086077821523,0.0313212855815155
234,"FRO","Faeroe Islands",NA,NA,NA,NA,NA,NA,NA,NA,NA,NA,NA,NA,NA,NA,NA,NA,NA,NA,NA,NA,NA,NA,NA,NA
238,"FLK","Falkland Islands",NA,NA,NA,NA,NA,NA,NA,NA,NA,NA,NA,NA,NA,NA,NA,NA,NA,NA,NA,NA,NA,NA,NA,NA
242,"FJI","Fiji",0.0035853433014561,-0.00236378653553068,-0.00796954611287603,-0.0207066327458135,-0.0293817923708646,-0.0351080832940093,-0.0461193004213825,-0.0629338504868989,-0.066843857977286,-0.0677429538883768,-0.0670884082610979,-0.0523185568796466,-0.0276160221098645,-0.00977482985145299,0.00332993207378518,-0.0111985455147472,-0.0310096493332241,-0.0606238844976643,-0.0779394201433765,-0.0824590514696088,-0.0692168049564506,-0.0559056323859525,-0.0288579844072884,-0.00949501456259183
246,"FIN","Finland",-0.0220696561434785,-0.032211378293853,-0.0398275894688078,-0.0473611516296014,-0.0524575694403606,-0.0558401577581006,-0.0608372881441656,-0.0587717351546521,-0.0549500192320912,-0.0520836543127761,-0.0460857533938686,-0.0384790134823011,-0.0319382757304293,-0.0261492197907499,-0.0214805040498123,-0.0169187542130072,-0.0142039233638042,-0.0120211795709719,-0.02165019420182,-0.0314385307440285,-0.0335255208047445,-0.0323446273519117,-0.0352670209228785,-0.0366241639565383
250,"FRA","France",-0.00111792837947708,-0.00160207646197574,-0.00116411883489485,-0.00246681051915233,-0.0043158912700086,-0.00684193642287599,-0.00878671603457491,-0.0116727674616971,-0.0163528107297197,-0.0173804647678329,-0.0185067157255967,-0.0163654466961049,-0.0160813129557734,-0.0168294318025411,-0.0192009133060948,-0.0222474701992769,-0.025159311228418,-0.0279784261378439,-0.0295254345210821,-0.0285472948543405,-0.0260473323799152,-0.0203688185302127,-0.0203877434682225,-0.0205749736259528
258,"PYF","French Polynesia",NA,NA,NA,NA,NA,NA,NA,NA,NA,NA,NA,NA,NA,NA,NA,NA,NA,NA,NA,NA,NA,NA,NA,NA
266,"GAB","Gabon",-0.0010507424961974,-0.0157249686181645,-0.0340384666332384,-0.0397155921409312,-0.030481424032032,-0.0191901004181041,-0.0158746818918304,-0.0144606407141925,-0.0272684110424817,-0.0151044455413559,-0.00603510523441121,0.00543699845649059,0.00890236341234263,0.00514446904551202,0.00782279952031284,0.0086998860773051,-0.00232280302630003,-0.0117240428654226,-0.0226138658910624,-0.0282226515015192,-0.0180428028829308,-0.00309352098806515,0.00237689491412874,0.00294828956818205
270,"GMB","Gambia",0.0172312125057621,0.0194841371652561,0.0183233928730047,0.0148757902116559,0.0141125820425914,0.0182153261674312,0.0237457655907187,0.0312413330472276,0.0333590604496707,0.0407531878648972,0.0561009341280319,0.0723961097094863,0.0648464356946681,0.0564563519078758,0.0504021705395787,0.0455891044458936,0.0433241956216392,0.033695194251897,0.0212287923443351,0.00677194968749228,0.0107893178392715,0.0191944980055936,0.0129616291420891,0.0115158957319981
268,"GEO","Georgia",-0.0372402696638024,-0.0439385517618361,-0.0535595548538855,-0.0176370966885111,0.0281928596590533,0.0389790734014401,0.0271263822332131,0.0362070694883931,0.0372416618732268,0.0270458293598688,0.00221620154169688,-0.00968173942862255,-0.0300944615391762,-0.0165367912411287,-0.00491443620734007,0.00649240580653965,0.00668653524323992,0.0206121563018296,0.0235866346572633,0.0142835469225566,-0.0045548890801494,-0.0222893838878846,-0.0317519002160948,-0.020659666739953
276,"DEU","Germany",-0.058805703394453,-0.0606114608815334,-0.0659661354641296,-0.0733603505347014,-0.0758165021540297,-0.083971985764891,-0.0905267680513699,-0.0963572139275335,-0.099908526090373,-0.101209557810878,-0.0947371558022687,-0.0862216636162247,-0.0803441463898295,-0.0688296041934859,-0.0556143587734061,-0.0474513219224367,-0.0393792466136386,-0.0375659470048724,-0.036660739637985,-0.0375418744540953,-0.0439872349578574,-0.0482546459572531,-0.0537311942875792,-0.0549856032035376
288,"GHA","Ghana",0.0296160764404769,0.0318558843385846,0.0344569184464838,0.0345993900565691,0.0340710849824764,0.0338761556630858,0.034383931020012,0.0341975958313923,0.0372736045321731,0.0443983763578184,0.0474976713132231,0.0520547279043095,0.0571368358211959,0.057661184955828,0.0573269020061151,0.0566739322365162,0.0521720183493413,0.0447718545620934,0.0411456632678804,0.0403521446497555,0.0422150311877834,0.0443688944702938,0.048055779569816,0.0455987111396365
300,"GRC","Greece",0.00742357796084536,0.00729802448921779,0.00313808176922437,-1.72008204484045e-05,-0.0033271606410599,-0.00676851666838651,-0.00798440103986017,-0.00632521161481559,-0.00545173433532055,-0.00349882813634328,-0.00322460172512031,-0.000904114001208022,-0.00204761822165308,-0.00264013211803341,-0.00246485193069364,-0.00225161661626249,-0.00140603948930582,-0.00108286899467095,-0.00204731276867669,-0.0025969010338884,-0.00524312392805803,-0.00480044078196977,-0.0057435881457708,-0.00773984404022851
304,"GRL","Greenland",NA,NA,NA,NA,NA,NA,NA,NA,NA,NA,NA,NA,NA,NA,NA,NA,NA,NA,NA,NA,NA,NA,NA,NA
308,"GRD","Grenada",0.0150206877277732,0.0155093839077483,0.0155715007759689,0.0151085623309728,0.0146085416387689,0.0107695873656486,0.00791946286214218,0.00655819613575859,0.00610318540163912,0.00651320219382012,0.00537007084365992,0.00428450092060673,0.00157004235779334,0.00370818978054976,0.0118046357435004,0.00967198820551762,0.010083376565813,0.0109234567876533,0.0120147016249808,0.0141514431576681,0.0124766883724665,0.00984624008148272,0.00453991320477432,0.00341028122176246
320,"GTM","Guatemala",-0.00599596584232865,-0.000260066454506939,0.00533089310510215,0.0160996309117614,0.0249451952788713,0.0315349615867355,0.0377103201083118,0.0374218261057653,0.0368189880479586,0.0323568881310121,0.0297848978999151,0.0241210113382568,0.0184974725803073,0.016930433387552,0.0143355334153108,0.0147249292103302,0.0167557407413388,0.0159691997952178,0.0173436608346602,0.0172539802755038,0.0184190832372841,0.0191275175486449,0.0185994893474806,0.0175670831216339
831,"GGY","Guernsey",NA,NA,NA,NA,NA,NA,NA,NA,NA,NA,NA,NA,NA,NA,NA,NA,NA,NA,NA,NA,NA,NA,NA,NA
324,"GIN","Guinea",0.0299485191539655,0.032641136660067,0.0365457963072227,0.0388131974872752,0.0400306666724688,0.0398867616831398,0.0454966301300235,0.0481379105465689,0.0436859684368025,0.040103282913234,0.038198196515246,0.0427810608315495,0.0473248174446563,0.0537135369493702,0.0565069328881702,0.0553711518915465,0.0540494719326645,0.0535245380948788,0.0493626280011803,0.0418384471919802,0.0339186633944217,0.0321686318275021,0.031322412269511,0.0328158182565708
624,"GNB","Guinea-Bissau",0.0118655159598016,0.0133320449480308,0.019378083612422,0.0251853521544962,0.0295816897982921,0.0305416098799587,0.0308398970506951,0.0309084253731733,0.0279388665018194,0.0213674439700313,0.0190107373020239,0.01726740925673,0.0192606086128322,0.0245737187925608,0.0281088665861278,0.0262559716218378,0.0245231460774593,0.0239596966210964,0.0224173714352705,0.0196643056365442,0.0179224482702522,0.0173495693875698,0.0153330216215692,0.0171727194255278
328,"GUY","Guyana",0.0152103602586515,0.0126919020301581,0.0109543347676124,-0.00236147718287885,-0.000324770223984244,-0.000104095233768862,-0.00312265563579826,-0.0073640930548211,-0.00567028104390516,-0.00153238088229435,0.00921589906529263,0.0137998670082946,0.0230167679654592,0.016307883441288,0.0287173234392173,0.0413509148135855,0.0474923309936472,0.0371342690747178,0.0303507826598148,0.0223069191803058,0.0161803246107335,0.0113539634151998,0.00107686494695125,-0.000844986314055951
332,"HTI","Haiti",0.0440134690995146,0.039830572969372,0.0342669109169895,0.0311647308332821,0.0237807288063523,0.01525114589218,0.00985486788842294,0.010719035812357,0.0124623760304774,0.0131278940069119,0.014829050019384,0.016212164464692,0.0173140190899543,0.0181205754240858,0.0180253795832641,0.0164714876244623,0.0146543314575671,0.013322980275783,0.0123822913816796,0.00978833273543778,0.00832498405321913,0.00766854370544556,0.00738240097401843,0.00820021214186584
336,"VAT","Holy See",NA,NA,NA,NA,NA,NA,NA,NA,NA,NA,NA,NA,NA,NA,NA,NA,NA,NA,NA,NA,NA,NA,NA,NA
340,"HND","Honduras",-0.022453006839434,-0.0266376942170659,-0.0234934180901555,-0.00825596615092768,0.0028210215764406,0.0154497266618336,0.0265540234466397,0.0345059849412293,0.0395609424548806,0.0401818905618991,0.0328378394843825,0.0231150752090548,0.0124391372689239,0.00413861890366185,0.00153677824938359,-6.33467228463468e-05,0.000650357230590926,0.000622467509130864,-0.000579090865662957,0.00064610614579097,0.00237463974442287,0.00485382983795013,0.00733084384293781,0.00731706781998054
344,"HKG","Hong Kong",0.0199436510970905,0.0201925232447624,0.0193806649389965,0.017266566597985,0.0149673062482927,0.0133096562842878,0.0115051360541674,0.0104422576637437,0.00981701611544761,0.00895702591635827,0.00877145153120207,0.00935553203270789,0.00996189924046598,0.00950950699842124,0.00860416046985413,0.00801157187532553,0.00776519461332414,0.00786088009547536,0.00829491645173808,0.00868294548031145,0.00867401760104847,0.00892982405399079,0.00944771097275798,0.0092081003392408
348,"HUN","Hungary",NA,-0.0254958265895138,-0.0138632050064475,-0.0106535747952801,-0.00825452314910578,-0.0120272976064069,-0.0184423358497995,-0.0243608747004224,-0.0298809974366119,-0.0370180656796989,-0.0377487765980308,-0.0328326552390488,-0.0281989359694667,-0.0203042859076303,-0.0125522341251731,-0.0101625579668238,-0.00906609479010632,-0.00995568710412401,-0.00982102341569431,-0.0115688664796334,-0.0129913357513218,-0.012486927173194,-0.0120291382887321,-0.0106374897868975
352,"ISL","Iceland",NA,NA,NA,NA,NA,0.00222606914925527,-0.00142896461762706,-2.92017308346918e-05,0.00151990014025105,0.00164380611870785,0.00119050735277404,0.000490804920066701,-0.000877360658525527,-0.00320174403053849,-0.00655720740581436,-0.0104078410769515,-0.014861700904234,-0.0152676091554694,-0.0177370959302626,-0.0189236447551236,-0.0237967343505018,-0.0212392845950352,-0.0189864176227211,-0.0244392167908522
356,"IND","India",0.00964379997255072,0.0104603552565543,0.00996932498999348,0.00807039250043728,0.00580378832852602,0.00319145986522451,0.00159928913592045,0.00079119644027914,0.00115945405247087,0.00177894872301376,0.00271918240742686,0.00410064303601154,0.0046689118476333,0.00421581928306392,0.0024958095332801,0.000307694948503912,-0.000182872896891784,-0.00152690561971408,-0.0012399935741641,0.000118377533214309,0.000769378353537409,0.00190844007887625,0.003679824624645,0.00433727111371018
360,"IDN","Indonesia",0.0281807208408313,0.0215289164576253,0.0204772511054141,0.0190900915120844,0.0166968974651052,0.014205455566453,0.0121660135164947,0.0124892663992306,0.0145746828807034,0.0123532104772304,0.0104540342702939,0.0106487897155183,0.0124219844242801,0.0146965764675702,0.0161393874762785,0.0188476643916742,0.0222985233711779,0.0247535124741043,0.0268083603746392,0.023231815975979,0.0175680194267198,0.0127742015000618,0.00929484753499743,0.00855193563951651
364,"IRN","Iran",0.0551099189571236,0.0517812994170685,0.0521748894730298,0.0531459852637828,0.0582836864188607,0.0607988339981838,0.0634340592477483,0.0698846035433032,0.0730590656692773,0.0694419785877589,0.0641513663046978,0.0616473929034493,0.0530988348836205,0.0380835567659479,0.0284265375947248,0.0183790794351517,0.0122686295439809,0.0161312739305235,0.0195972903554731,0.0213077926379586,0.0178487949873729,0.0161642785062446,0.0244575893312027,0.0230736994997249
368,"IRQ","Iraq",0.0397153144617235,0.129515606764235,0.119827377933974,0.106057921813159,0.0902221955856759,0.0794835648037682,0.0588176097551205,0.0287645472347147,0.0137259976594857,0.00697096132763941,0.0126885640315844,0.026125292382142,0.042832057683533,0.0549092481901097,0.0585827774668928,0.0679952480559627,0.0729129553383485,0.0848061686785175,0.0843707623509777,0.0788586925255539,0.0737774145881194,0.0649677660046102,0.056253163436272,0.0548397116164678
372,"IRL","Ireland",0.00989827701099655,0.00538641702669884,0.00239331764307571,-0.000133499476796363,0.00036946557301043,-0.00451069430587271,-0.0111963443335036,-0.0142677115668329,-0.0216273833031015,-0.0237439913055414,-0.0278803078414428,-0.0342700029447677,-0.0346653010344112,-0.0266102302071717,-0.0126680223274279,-0.00432628956098107,0.000711156478404362,0.00986777117317161,0.0162163030252145,0.0218203107464954,0.0222053939602238,0.0200645696708497,0.0168215214433538,0.0150182358195516
833,"IMN","Isle of Man",NA,NA,NA,NA,NA,NA,NA,NA,NA,NA,NA,NA,NA,NA,NA,NA,NA,NA,NA,NA,NA,NA,NA,NA
376,"ISR","Israel",NA,NA,NA,NA,NA,0.0503578943683691,0.0599887940395132,0.0700761439588444,0.0768360504044365,0.0793381249704705,0.0752245621468732,0.0686412054491283,0.0613272864273713,0.0488927284137448,0.0422306595802104,0.0386106552494565,0.0362035429748133,0.0361380101503899,0.0366793146897744,0.0365651561982347,0.0322029010987559,0.0287525586720712,0.0250235596166271,0.0192806525785849
380,"ITA","Italy",0.00592329300395766,0.00457643982843892,0.00450699702528157,0.00175243987368567,-0.000559541746667784,-0.00706764336887448,-0.0124895962599042,-0.0182234082782368,-0.0184856792176186,-0.0200365593357914,-0.0160863125709715,-0.0130846199709902,-0.0102843698257263,-0.00599398773630871,-0.00278087441285789,-0.00200316252414995,-0.0014726020422447,-0.00304059194753247,-0.00620814148623738,-0.0117223091231689,-0.0156835018825154,-0.0124824561331788,-0.0149997076525322,-0.0147304785282041
388,"JAM","Jamaica",0.00370922155423314,0.000283451399744505,-0.00130575307317351,0.000158462019908656,0.00315758609374339,0.0031883946235931,0.00331378985839725,-0.00585275577791185,-0.0173648771383012,-0.0302568752028852,-0.0361183940208514,-0.0367751671694707,-0.0349393450098925,-0.02663927375473,-0.0144463427446742,-0.00442593204474334,0.00377344922218659,0.0017087172633885,0.000510234644833574,-2.78816830473559e-05,0.000900486957907232,0.00122169139274941,0.00110498493821964,0.00132625072418113
392,"JPN","Japan",-0.0343332346146836,-0.0372125899113993,-0.0409277613681718,-0.0434042692060739,-0.0450201199300636,-0.0430990262208745,-0.0394773474472153,-0.0377431111406099,-0.0349211389318575,-0.0349422628790664,-0.0289931946084121,-0.0246203385500477,-0.0228400818769555,-0.0212608283007193,-0.0228253834158718,-0.0249079222995332,-0.0276065837054248,-0.0287229563773283,-0.0284038477741911,-0.0268088549402553,-0.0227559697595668,-0.0157249925883646,-0.0129713028271896,-0.0137713946349186
832,"JEY","Jersey",NA,NA,NA,NA,NA,NA,NA,NA,NA,NA,NA,NA,NA,NA,NA,NA,NA,NA,NA,NA,NA,NA,NA,NA
400,"JOR","Jordan",0.0446223370118324,0.0343804367003075,0.0254620766726881,0.0216540705641328,0.0204747131350886,0.0201777528194231,0.0231836445433058,0.0268235711431601,0.0288794708024449,0.033433348736231,0.0337809347961462,0.0319595123776588,0.0303870931594501,0.0280746522532094,0.0247726516521765,0.0222043664989393,0.0208840796784004,0.0206840654913805,0.0234359809541729,0.0279192793916259,0.0300747941171575,0.0306311244168009,0.031834731109357,0.031093843517358
398,"KAZ","Kazakhstan",-0.0145513268946085,-0.0250757511388851,-0.0403533721502141,-0.0285685799094214,-0.00797328662775021,0.004979847465584,0.00663799349722227,0.00572776915322493,0.00125984116348099,0.000981812771682966,-0.0137552911064002,-0.0340057141226384,-0.0577561045291597,-0.0703872242845867,-0.0649197688371092,-0.047953774070659,-0.0320457358684187,-0.0138236561933226,0.00102878093936165,0.012068409714292,0.0190087524406708,0.0208128667185115,0.0255000733743249,0.0217032013222869
404,"KEN","Kenya",0.00868828558470303,0.00675419282993617,0.00394203534900983,0.00328470804232261,0.0069551716397076,0.0105070432613463,0.0134355455017194,0.0102700177373294,0.024700561798261,0.0397302996886086,0.0454812969161185,0.043092721428114,0.0387048149640494,0.0365475174133705,0.0322378905074379,0.0257974968734125,0.0180434576289179,0.00673301301225893,0.0110450787923801,0.0139353980386059,0.018277403733304,0.0204502590642985,0.0225801601590916,0.0251006074401798
296,"KIR","Kiribati",0.0233348707085508,0.0278093427763435,0.030837622393042,0.0333783364489739,0.034168904767433,0.0327305190746459,0.0311243660887246,0.0298392704141719,0.0286975441460726,0.0256216365018882,0.0224166479396162,0.0209068647644777,0.0192375035489165,0.0191284898600945,0.0192577559208824,0.0192042629370013,0.0201606365572029,0.0219919287401884,0.0243388847743453,0.0244810118005441,0.023532210557651,0.0224568242322947,0.0212708400902801,0.0203201867595633
689,"XKX","Kosovo",NA,NA,NA,NA,NA,NA,NA,NA,NA,NA,NA,NA,NA,NA,NA,NA,NA,NA,NA,NA,NA,NA,NA,NA
414,"KWT","Kuwait",NA,NA,-0.107739264418376,-0.160759060522885,-0.146776910922649,-0.111800391607794,-0.0770957068037105,-0.040891244281082,-0.00961015924235705,0.00592942909752536,0.0172112308750969,0.0218495706923489,0.0248079033929733,0.0283629129060754,0.03210369783029,0.0337250109359892,0.0343646738178642,0.0338383494086405,0.0320359889325639,0.0290461489433824,0.0282969402664128,0.0268378465806975,0.0250697082693985,0.024780804629106
417,"KGZ","Kyrgyzstan",-0.014302981309725,-0.014521103800864,-0.012692716167203,-0.00708289544437772,0.00254287762306005,0.0100522725775183,0.0122392304082644,0.0126842469301744,0.0159654747393203,0.0195007177835673,0.0233782028188185,0.0273859121453035,0.030681723421611,0.0339795850693652,0.0343459210121959,0.034738677023251,0.0332585814598889,0.031388254393349,0.0309360265291079,0.0307606576578294,0.029947708761304,0.0288564754812835,0.0277966073131204,0.0271647435456355
418,"LAO","Laos",-0.0277625759905725,-0.0182770119366319,-0.0138305076568484,-0.00821864058054354,-0.00457779866641722,0.00248204927213624,0.00564296986772872,0.00621778362927516,0.00929583654646948,0.00863237412322149,0.00917228288493721,0.0130882122218179,0.0139105189961726,0.017411826682717,0.0190151135783767,0.0218094810167653,0.0222487239699027,0.0226136989762591,0.0218032524072787,0.0186755517522761,0.0166051612746532,0.0184746070109281,0.0169201008655213,0.0178990746535093
428,"LVA","Latvia",NA,NA,NA,NA,NA,-0.0331047539724698,-0.0272466069526819,-0.0230910390130765,-0.014248176690781,-0.0089470284523434,-0.00909614764231362,-0.0119260734489337,-0.0105109052110673,-0.00695263300171258,-0.00366387130810448,-0.00214473146607499,-0.00184373441302509,-0.0028059075093479,-0.0020583263196138,-0.00441275009125205,-0.0045523539872887,-0.00827257294480823,-0.0156911494535379,-0.0183737445068108
422,"LBN","Lebanon",0.0730177883943699,0.0732924748229105,0.0737564162840318,0.0729383226690699,0.0697484358963474,0.0631589129936061,0.0576430042599319,0.0533948391254127,0.0481681234373674,0.0431405933161217,0.0382658592383338,0.0352419037374399,0.0345755534292957,0.0341387641599002,0.0115711122308486,-0.00834089136944592,-0.035494495151482,-0.0697431114017845,-0.106143737355002,-0.137027399264556,-0.132130339021036,-0.0984042420152534,-0.0597050679510206,NA
426,"LSO","Lesotho",0.0163253403708077,0.0241746293921745,0.0301087098702968,0.0354045150091835,0.038411780817031,0.0365578297850968,0.0352054883730695,0.0258516405467928,0.0209891866523646,0.00344128926429876,0.00520189662331649,0.00901679746617723,0.015471240868083,0.0139652056313291,0.0107149438487086,0.00645339102097964,0.00570670492979852,0.00202708230072424,0.00462748095731924,0.000325173688103586,-0.00693621577061872,-0.00537965947426429,0.000683033836109903,0.00287514777373166
430,"LBR","Liberia",NA,NA,NA,NA,NA,NA,NA,NA,NA,NA,0.0433526523967955,0.045472771138628,0.0464053694776796,0.04751517125652,0.0464648574437521,0.0446562822736838,0.0432147156781038,0.0419350604943871,0.0386051000884611,0.035144464045358,0.0377748597411536,0.0364068103784716,0.0335791414449422,0.0328030895696345
434,"LBY","Libya",NA,NA,NA,NA,NA,NA,NA,NA,NA,0.0163682987359914,0.0105790963985939,0.0116417319240938,-0.0171265831565581,-0.0275440367321974,-0.0276408554267343,-0.0339392665320239,-0.0148503090879151,-0.00359215081488111,-0.000968528146562147,0,-0.000710741125973064,0.004982028028236,0.0103935543886171,0.023538569056581
438,"LIE","Liechtenstein",NA,NA,NA,NA,NA,NA,NA,NA,NA,NA,NA,NA,NA,NA,NA,NA,NA,NA,NA,NA,NA,NA,NA,NA
440,"LTU","Lithuania",NA,NA,NA,NA,NA,-0.0313070897474782,-0.0226839140949024,-0.0141977650039965,-0.00555180898659802,-0.00271816343467316,-0.00317141002021407,-0.00674834184035926,-0.0150446373949954,-0.0214915191987933,-0.024347403341625,-0.0246140275802871,-0.0232423916205614,-0.0225225957537776,-0.0223630730560515,-0.0289936237916039,-0.0339766781274572,-0.0378471306190328,-0.042572259279243,-0.0448709491639906
442,"LUX","Luxembourg",-0.00113252748488566,-0.00112152007888565,-0.000113529950007667,-0.000412117172294053,-0.000458219614079056,-0.00659740890703318,-0.00836000624272797,-0.00857131907910048,-0.00684040047588987,-0.0024317035181609,-0.000137252232263271,0.00120098644439248,0.000393697218097344,-0.000515117111177912,-0.00143767042913166,-0.00248390581703491,-0.00269596743730095,-0.0017420305183947,-0.000287380172172346,0.00217315561716158,0.00319267609063423,0.00539469524205316,0.00433711491991007,0.0023323438244307
446,"MAC","Macao",0.0184497347446473,0.0162326958976433,0.0149000024117465,0.0149076051749153,0.0156935533974738,0.0177241382488302,0.0201665700791971,0.0209290579739945,0.0225257489582442,0.0236356892181133,0.0247552018732933,0.0241757187718006,0.0235262019621472,0.0224766843627695,0.0217683137290934,0.0216792798734902,0.0216426254539259,0.0208384691137797,0.0200519765670806,0.0187654575637262,0.0188387382412427,0.0183369879842961,0.018328499927466,0.0181438076652469
450,"MDG","Madagascar",-0.00302902216946655,-0.00893462221855536,-0.0190322350792679,-0.0244480810175252,-0.0163854614519222,-0.00598830954942257,0.00925115657763853,0.025518837578455,0.0372603345828586,0.0437021002933413,0.0464792011772075,0.0460006027216719,0.03845697946287,0.0277041892035788,0.0171187514856685,0.00551994413845525,0.00164480527979505,0.00411433674641715,0.00503775401551754,0.00311843904490394,0.00291414535735202,0.00554475890653183,0.00625305016031064,0.00706417181881447
454,"MWI","Malawi",0.00974255208952712,0.014150323715878,0.0177562294675475,0.0216904946548728,0.0258624683493673,0.026290502536034,0.0265250132825483,0.0265221415631949,0.0267735805366824,0.0299637607802978,0.0326121409163271,0.0371609457905508,0.0400719740921531,0.0430320251072747,0.045219898555815,0.0454160837111697,0.0454662741410543,0.0442350788157715,0.0429399743794512,0.0439574473509365,0.0459730814503503,0.0478659220839399,0.0487384741257917,0.047707231251505
458,"MYS","Malaysia",0.0717949289476862,0.0696392377905068,0.0653148393952312,0.055399011604151,0.0511037421619065,0.0459854615375295,0.0447421153890615,0.0439312087671206,0.044793105093643,0.0428593941793616,0.0400494411920207,0.038923711162431,0.0364437082938145,0.03067664180329,0.0225369464413041,0.0113338258579325,0.003398259573554,-0.00123340286686755,-0.0082523436888425,-0.0159262216033686,-0.0256648756438459,-0.0259185075741757,-0.027445250788723,-0.0204966826814837
462,"MDV","Maldives",NA,NA,NA,NA,NA,0.0128206397790231,0.0175114830790579,0.0228522990519298,0.0260292076220967,0.0294536768528433,0.0301830221440642,0.0334687277021224,0.0338456269634244,0.0355004091237416,0.0344026324503237,0.0403951963668785,0.0445354986355417,0.0479308479447205,0.0488477944094057,0.0502404299988344,0.0506291994801769,0.0494593946551638,0.0470633054745699,0.0432509134366534
466,"MLI","Mali",0.0263828858397139,0.0327814302131366,0.0354296620939349,0.0367558345340513,0.0381404095132347,0.0417709510598316,0.0445133050970585,0.045027900162852,0.0448311076251677,0.0458489180236474,0.0463716730680788,0.0475693758307418,0.0450631957846344,0.0411659158603146,0.0368253630276907,0.0354708450444416,0.0353346045717469,0.0363603022151815,0.0374675412761571,0.0396061874723657,0.0396642735940378,0.0413644082772091,0.0416751850326305,0.0403818583732312
470,"MLT","Malta",0.0434968916523666,0.040462257036876,0.037623814735066,0.0357567777877683,0.0344848845494876,0.0342641124187961,0.0318502663105111,0.0304369016475132,0.0292702117887413,0.00190622198975809,-0.014924779657516,-0.0428058203391419,-0.0727039915962514,-0.0892401144898649,-0.094999996624291,-0.0751419584174862,-0.0394886576889366,-0.00514579699865177,0.0224775474730148,0.0262619757118017,0.0371107904042589,0.0415748825767701,0.0431116555233528,0.0369769127855182
584,"MHL","Marshall Islands",0.0123503359180319,0.0110543399246588,0.00884515540302555,0.00590336378084766,0.00196153982187441,-0.00454934758170722,-0.0128058117893132,-0.0158181232256901,-0.0133987103170674,-0.00768746094699711,0.0010134634411636,0.0100988227189789,0.0161917604232387,0.0204768818597729,0.0224947601701391,0.0217895772400696,0.0183224196204332,0.0142825726591775,0.0108878866842466,0.00871299493412314,0.00800217978360651,0.00899536976433546,0.00969399527545023,0.0105261832054737
478,"MRT","Mauritania",0.0316080424883378,0.0320240548874333,0.0351819389574555,0.0373954179901819,0.0397714720766806,0.0380158833882223,0.035506526397789,0.0328907146365582,0.0273971481588604,0.0175027101685832,0.0143000448202335,0.0115554009767604,0.0111507934223567,0.0127474680804907,0.0163016331053998,0.0193789855165041,0.0236869608806225,0.0302249298851753,0.0341948681820916,0.033339036724251,0.0340083648896699,0.0334154206167623,0.0313538359679308,0.0297361300901957
480,"MUS","Mauritius",0.00753389019863326,0.00790846344916796,0.00867336512392769,0.00962615843074666,0.0119764620298135,0.0131596787655754,0.0226020820885959,0.0283957524552347,0.0318846885703781,0.0329126815377057,0.0267918370991354,0.0237751846373488,0.0175553421077881,0.0100769643096659,0.00401129121366295,-0.00273861684483668,-0.00833005033926146,-0.00911974189121724,-0.0085094615182824,-0.00554844729710963,-0.00849917272605491,-0.00364369048592446,-0.00204540021245818,-0.00286712395659738
484,"MEX","Mexico",0.0125063357527093,0.0138425567847049,0.0139198789428965,0.0135166565212954,0.0141170139997944,0.0145879126897701,0.0147712500740225,0.0152471445376079,0.016839271159145,0.0185940793213979,0.0194871743360021,0.0217006100810626,0.0236544103270717,0.023243938572846,0.0230046949476279,0.0210943523908784,0.0219920424198601,0.0225221331796708,0.022978974527351,0.0232818587600052,0.024787908515651,0.0272851170599711,0.0305635536427189,0.0293961757146453
583,"FSM","Micronesia",0.424975052809089,0.396395963074313,0.332908431019175,0.238268654953335,0.119715243927713,-0.000175648292493099,0.000182017292234882,0.0005461512736189,0.00156057840108681,0.0020300761081109,0.00450342510070212,0.0062691361181042,0.010364444225603,0.0130785263384972,0.0165653419085856,0.0183407608458241,0.0195418121028821,0.0196095328937029,0.0183206428658063,0.0158497122653654,0.0152890251067648,0.0135303093870285,0.0141216344844697,0.0140761153696516
498,"MDA","Moldova",NA,NA,NA,NA,NA,-0.0330776780681952,-0.0296486742087308,-0.0230458463301297,-0.026314846711256,-0.0285449138640931,-0.0329343513830251,-0.0368594714246054,-0.0357240311516204,-0.0306874632525867,-0.030364792151425,-0.0263129823784061,-0.018662319007179,-0.0111736576654207,-0.00349207902229784,0.000840233922751121,-0.00373487504558742,-0.0135882291288041,-0.0221342647393378,-0.0240503326154981
492,"MCO","Monaco",NA,NA,NA,NA,NA,NA,NA,NA,NA,NA,NA,NA,NA,NA,NA,NA,NA,NA,NA,NA,NA,NA,NA,NA
496,"MNG","Mongolia",0.0319906655201687,0.0275728737390728,0.00758909091413829,-0.0179624924377466,-0.0549313365942683,-0.0826278743882313,-0.0835173560139298,-0.0634382991621334,-0.0227073539726571,0.0102386149851383,0.0426231564825896,0.0538601350963634,0.0540545021353049,0.0515115412275926,0.048610820992641,0.0502726971300604,0.0526930269165071,0.059964619377064,0.0720644671459962,0.0807643295090894,0.0901157960169974,0.073758168882621,0.0588315989285637,0.0488262610307244
499,"MNE","Montenegro",NA,NA,NA,NA,NA,NA,NA,-0.0418176886275256,-0.056143851367202,-0.0627982307146004,-0.067388350292147,-0.0643541212185392,-0.0604506398578631,-0.0432874244256998,-0.0251957002194889,-0.0191493313100177,-0.012211272749951,-0.00672414771927644,-0.00604687122026159,-0.00324785721728801,-0.00585376234337993,-0.00475428549707973,-0.00607808541104586,-0.00893441345508094
504,"MAR","Morocco",0.00301959066036273,0.0112865436784115,0.0177952711323917,0.0221111064839916,0.0196341037848082,0.020282808302553,0.0190684558236056,0.0183600312929058,0.0180473362973537,0.016001545744369,0.0140996384295458,0.0143688392823103,0.0158183037561677,0.0154999297518223,0.0136532394443476,0.012422363212822,0.0110923245488048,0.0109260883290494,0.0124523939801231,0.0159152294460443,0.0180937831445005,0.0193393554136501,0.0222140993651914,0.0240116993861619
508,"MOZ","Mozambique",0.00572457653374503,0.00351476096471703,0.0058414943683307,0.0130058471341057,0.0196525317707159,0.0250188087907173,0.0348949582052362,0.0385304904314028,0.0354665278834925,0.0379215334337271,0.0288787905315278,0.0189501528254576,0.0241465763900013,0.0381116777075927,0.0500807026660162,0.0579912400151235,0.0651157776724187,0.0628086608027358,0.0629965664959478,0.0654612654576188,0.0474832582191875,0.0247099604536176,0.0141295091323845,0.0170934534304319
104,"MMR","Myanmar",0.0203296949124578,0.0206601574777248,0.0191332494047685,0.0184499699234235,0.0194240092080809,0.0212125260569718,0.025878776590071,0.0308439886889829,0.0318826994634085,0.0308238894499402,0.0311837531809798,0.0306567706684695,0.0274354925617091,0.0220798357724015,0.0166742721222191,0.0116897103594245,0.00962994751828905,0.0102373199997252,0.013181760129513,0.0162347055584753,0.018977832126412,0.0208773080301459,0.0210782505449141,0.0194426109155861
516,"NAM","Namibia",-0.00164585336258614,0.00600191437856767,0.015656601602303,0.0209871312395749,0.0223567629182395,0.020758243897055,0.015572518786924,0.0095506377416561,0.00338634761136802,-3.5693528559864e-05,-0.00395883297017375,-0.00556800689338859,0.00470826050458695,0.0136499078508487,0.0162411947220071,0.0215934793888328,0.0204307086548561,0.0264336108966285,0.0251335822282241,0.0226043690749533,0.0189276044608289,0.00804899886519883,0.00542172965138321,0.00970712146505748
520,"NRU","Nauru",NA,NA,NA,NA,NA,NA,NA,NA,NA,NA,NA,NA,NA,NA,-0.0370334416057203,-0.0124639623306444,0.00153774217659253,0.0106759016847817,0.0207787600921596,0.0283194759218635,0.0320817172916936,0.0302945709134104,0.024041005544218,0.0173870270468874
524,"NPL","Nepal",0.017139356596829,0.0182043346476548,0.0179230473874228,0.0155695820952599,0.0140813946617526,0.0125917009697525,0.012702453406773,0.0129767400760585,0.0127429981528622,0.013446127760617,0.0145071600395843,0.0150034198802871,0.0152852431662196,0.0151111434394295,0.014945045277315,0.0146333120688253,0.0129190748507213,0.0112306944765466,0.00961285732147754,0.00893636071335102,0.00889044198734878,0.00810123051596134,0.0079801521718259,0.00793831062932648
528,"NLD","Netherlands",-0.0542065619018618,-0.0652233664512642,-0.0709384414718934,-0.0754398585878358,-0.0773532589789314,-0.076617468890116,-0.078195697674264,-0.0759425059781904,-0.0714942674439601,-0.0607817013596888,-0.0498361815515285,-0.0384051771535709,-0.0296423493634292,-0.0239543790097056,-0.0182643348958395,-0.0141479748360569,-0.0139611927112722,-0.0153790172102961,-0.01653532637241,-0.0202322442933739,-0.0200410728473347,-0.0187004741053296,-0.0202033599329252,-0.0221020519490632
540,"NCL","New Caledonia",NA,NA,NA,NA,NA,NA,NA,NA,NA,NA,NA,NA,NA,NA,NA,NA,NA,NA,NA,NA,NA,NA,NA,NA
554,"NZL","New Zealand",0.00860770349716034,0.00904975560596544,0.00978940721319876,0.00816620556207748,0.00645682891870614,0.00528518919739862,0.00429121739694471,0.00396333716302721,0.00293675284453343,-0.00140287071889253,-0.00706872507192504,-0.0103586359072326,-0.010522955281013,-0.0104548867258075,-0.0084816325819045,-0.0051640412316168,-0.0026487767082691,-0.000826115854690632,-5.18588597132291e-05,-0.00227587026891286,-0.00437683342137682,-0.00545146558973324,-0.00780749100520217,-0.0075378415251612
558,"NIC","Nicaragua",0.00228820371925997,0.0140832807867206,0.0140206412636268,0.0181071984199159,0.027931360943946,0.0360875925903534,0.0377897326282071,0.0340431405424664,0.0340967591445482,0.0335364370038307,0.0371530617585876,0.0455454901768906,0.0540286974251749,0.059838352949878,0.064667487786831,0.0649606133441549,0.0614052461637189,0.0547087468051284,0.0438036700178974,0.0352578573039071,0.0263896094133911,0.0206223182362022,0.0174393030546962,0.0176932155725178
562,"NER","Niger",0.079718372677412,0.0731792866915542,0.0683958786723557,0.0647979035663337,0.0630824543075641,0.0617473521035565,0.0608402588573476,0.0599596061272838,0.061827766974071,0.0642089992614363,0.066290882041177,0.0587292693530543,0.0515404554171386,0.0459933806869179,0.0429332097371846,0.0410541688565564,0.0398884118169813,0.0397249936025608,0.0412688905441092,0.0445934636867928,0.048565079724969,0.0487642576724598,0.0474789840547252,0.0439764438679375
566,"NGA","Nigeria",0.0449526884968847,0.0352107709383624,0.0268240010321161,0.0140818601443762,0.00600068743030158,0.00508752013272762,0.00762081718703733,0.0164614853922882,0.0208159915743882,0.0193878577564346,0.0133557799807615,0.0149468208201418,0.0168623658031044,0.0128699153857865,0.0102924013605532,0.0115998643277069,0.0141648120331901,0.0124304655268777,0.0108911208826235,0.0084366570979677,0.00440081664954839,0.00435894193759379,0.0018449516950394,0.0041159372104731
570,"NIU","Niue",NA,NA,NA,NA,NA,NA,NA,NA,NA,NA,NA,NA,NA,NA,NA,NA,NA,NA,NA,NA,NA,NA,NA,NA
408,"PRK","North Korea",NA,NA,NA,NA,NA,NA,NA,NA,NA,NA,NA,NA,NA,NA,NA,NA,NA,NA,NA,NA,NA,NA,NA,NA
807,"MKD","North Macedonia",-0.0088355649710716,-0.00960052005072046,-0.00870796350518266,-0.0138493216793246,-0.0141241794766704,-0.00776705583628383,-0.00840718889063606,-0.00193550462324279,-0.000415290432460661,-3.16890741271976e-05,-0.00149559815534111,0.00247940469997743,0.00614949095566053,0.00498695447657771,0.00225605611515234,0.0035098132447775,0.00230726082310739,0.00259352363530119,0.00375273956495659,0.00272963049130226,-0.00149332660968857,-0.00412819115409366,-0.000278868912870869,0.000324551154915698
578,"NOR","Norway",0.00202828261006127,0.000254265900568873,-0.00380329708619136,-0.0114642192771887,-0.0160960847681218,-0.018928220090844,-0.0223897603262295,-0.0259246273244821,-0.0239680334516271,-0.0266118036344316,-0.0263238760126047,-0.0233970330696056,-0.020820451766828,-0.0205377868532809,-0.0195115588491918,-0.0186343062400129,-0.0181875145042591,-0.021301519738186,-0.0233125545178684,-0.0271908556875329,-0.0314911198247945,-0.0314643498167061,-0.0313774176446933,-0.0319076054714428
512,"OMN","Oman",0.0300570126388389,0.0312566680980155,0.0480578102761662,0.0566194898990322,0.0620464559757519,0.0588533531793212,0.0557565870430248,0.0486113688557295,0.0423717282480232,0.0253766795367634,0.00901067078131867,-0.00383206594006269,-0.00865085588676811,-0.00715807991443307,0.00489027418024546,0.0131101669161984,0.0222013505611898,0.0291616163703774,0.0305813521380798,0.0318800455600137,0.0300811499052407,0.0237404153108838,0.0171716566307796,0.015358100074456
586,"PAK","Pakistan",0.0265164944157505,0.0279451220671854,0.0264868819053419,0.0259752824631319,0.026499588860257,0.0266234841393955,0.0266657839365023,0.0290479298708526,0.0302302816979356,0.03192511186765,0.0326408234012912,0.0313127051333504,0.0290679322318801,0.0267566926088314,0.0257904150005488,0.0249737691187144,0.0235822959071412,0.0239711581696567,0.0240365978877575,0.0254103340176357,0.0265364827558019,0.0262665800307973,0.0262623410409357,0.0249544832505904
585,"PLW","Palau",NA,NA,NA,NA,NA,NA,NA,NA,NA,NA,0.020131515421087,0.0355628833540302,0.0452238651864147,0.0216021070454517,-0.0283248315507942,-0.0755046083015833,-0.0947733186265427,-0.0957800382353979,-0.102643679181435,-0.0990752993613297,-0.0581727764924232,-0.0307260579245626,-0.0129004835597594,NA
591,"PAN","Panama",0.0194601573221562,0.014374315027442,0.018903694352099,0.0185642070620613,0.0197654030904244,0.0186644046571198,0.0169135405779004,0.019644063841652,0.0198662741471631,0.0227398140120689,0.0246489247070409,0.022355673162231,0.0303642693806168,0.029511148313057,0.0257667817517881,0.0187585883441277,0.012013248141735,0.00493216384594009,-0.00151026031326842,-0.0129171645384453,-0.0152218039425658,-0.0125502274310601,-0.00381476861767512,0.00132289646884232
598,"PNG","Papua New Guinea",0.101145856817424,0.111720127068223,0.111126934215806,0.104483621432091,0.0908396759513328,0.0689619965178476,0.0346605579718002,-0.0104423084718556,-0.108051473757405,-0.0543131680098946,-0.125298444792955,-0.142989724853516,-0.147148626704045,-0.14552917568464,-0.130944218460401,-0.0705200186306431,-0.0107376170937909,0.0186519972900321,0.0392431630918706,0.0524883369484226,0.0583998117767495,0.0690283706584804,0.079000205275404,0.0652133153909384
600,"PRY","Paraguay",0.00940448657712478,0.0029501835068293,-0.00429517311830326,-0.0148205242313829,-0.00839733429354068,-0.00119881300415963,0.0101584875830476,0.0197647616641214,0.0298350549742659,0.0359277597822703,0.0430658362056806,0.0453009817262793,0.0476471107117857,0.0447945681680497,0.0438853037434919,0.0409617345243596,0.035037836816983,0.0235485324507767,0.0116854149992167,-0.0033279544109191,-0.0170454737328976,-0.0234573849700528,-0.0248930157089089,-0.0162804450688616
604,"PER","Peru",0.0117891508261814,0.0151635825116347,0.0175631429368908,0.0174296380669232,0.0161829622943048,0.0136451380941633,0.0165848606385977,0.0160613195773711,0.0146925364277686,0.0135030395711602,0.0142662044337674,0.0190309606805912,0.0226142687781377,0.0208447614485776,0.0208566898351858,0.0192517551453817,0.0185509539849718,0.0140881428812858,0.00917928942230084,0.00413897511482908,0.00108743072533568,0.00860722889643384,0.0126554403717831,0.013293105026895
608,"PHL","Philippines",0.0144790329026101,0.0169471578810667,0.0190575292110655,0.0180817759885055,0.0162279610646716,0.0168865273586363,0.0171812883379219,0.0198716828281265,0.0213555088702515,0.0162006191167678,0.0178836649312744,0.0178246713475707,0.0177426448800135,0.0178475157808233,0.0170011519181386,0.0160145001259679,0.0132672313674109,0.0118261488579137,0.011630075719488,0.0118062562943653,0.0120671189618955,0.00893903908510385,0.00694558009390489,0.00708851915777942
616,"POL","Poland",-0.045661744648552,-0.0469342347331066,-0.0434836751340145,-0.0430502517378859,-0.0393400502553373,-0.03533261249365,-0.0306494683269968,-0.0248738356791797,-0.0193014302948148,-0.0162968024698881,-0.0185068378321078,-0.0241240878259195,-0.0263635662446194,-0.0317455052255937,-0.032258914809888,-0.0332764605017954,-0.0281363886719036,-0.0228433988840614,-0.0152794247580404,-0.00605999330300632,-0.00713858872838865,-0.0074162760594946,-0.0104103903478538,-0.0149665019879635
620,"PRT","Portugal",0.0144394325071331,0.0159835603364318,0.0165598102508533,0.0157959917746877,0.014052874436564,0.0114900149956598,0.00832727129062594,0.00470555884265145,0.000706066179241294,-0.00581625273018634,-0.013254901809453,-0.0179415641620828,-0.0200601984467588,-0.0163605993068086,-0.0116497450963474,-0.00683925992608004,-0.00387491495589135,-0.00442921871997205,-0.00993795611672813,-0.0156431458184773,-0.0149296955358309,-0.0132662470808989,-0.0110504243026023,-0.0116927341914505
634,"QAT","Qatar",NA,NA,NA,NA,NA,NA,NA,NA,NA,NA,0.0520775707377017,0.0723119744422207,0.0875723579069083,0.0962825066887705,0.104155146024881,0.104067089879378,0.0915934232195361,0.0747454082873897,0.0566740171703388,0.0391784707594185,0.0213255187814059,-0.000759069251619848,-0.00582193137890781,-0.00282484196674115
178,"COG","Republic of Congo",0.0704571919972681,0.0830467346956429,0.0840383800557383,0.0568758547797323,0.0351904415423758,0.0101472931794926,0.00286497148337927,0.00632387891259412,0.000904821332321282,0.00392814493874294,0.0127200627763895,0.0304871277938032,0.0430396348998674,0.0274969986571616,0.00964814445395468,-0.00288609837353196,-0.00588216472606748,-0.00271321899541395,-0.00283399802674192,0.00352382017685349,0.0124758422600939,0.0279876824834684,0.0326102729543796,0.0368126030862563
642,"ROU","Romania",-0.00504972750271297,-0.0135966474366323,-0.0307967444615853,-0.0420738242721868,-0.0544857159828213,-0.0651190420658427,-0.0615593461132621,-0.0576571196811103,-0.0419456935191987,-0.0282103043009195,-0.0141078829035905,-0.0294656894228818,-0.0540345940255199,-0.0599679151300641,-0.0581617871122949,-0.0580044539553996,-0.0521360086236784,-0.0450918564385333,-0.0381993911843463,-0.0334830752301516,-0.0247292575533867,-0.0231720160723076,-0.0252397682810222,-0.0295476640903956
643,"RUS","Russia",-0.00211582326205541,-0.0072025009748371,-0.0115185191919212,-0.0174244184043545,-0.0135520420390501,-0.00624714259037394,-0.00104825793461901,0.00233141729693709,0.00382194894066346,0.00267654530755523,-0.00139310824222338,-0.00382120784388995,-0.00669151640479614,-0.0101520145858322,-0.0104612714226375,-0.0103572812810541,-0.00948727360395423,-0.00728283877668258,-0.00360202927377447,0.0014243243701606,0.00198941861406454,0.00267251454742246,0.00592780578763707,0.00683132332066649
646,"RWA","Rwanda",-0.00145412581768054,0.00270644733117265,0.0168616405327695,0.0313183907716921,0.0464317273825401,0.0580124821364201,0.0554072705189113,0.0509230055100309,0.0524998235514207,0.0528364171746294,0.0575957593243821,0.0544342599143419,0.0473442150458945,0.0398576998006701,0.0365413382228212,0.034736863633309,0.0361548131838043,0.0323505718599024,0.0319166564585522,0.040079847194356,0.0474862074794102,0.0528902446346859,0.0520714504722142,0.0486858994464712
652,"BLM","Saint Barthelemy",NA,NA,NA,NA,NA,NA,NA,NA,NA,NA,NA,NA,NA,NA,NA,NA,NA,NA,NA,NA,NA,NA,NA,NA
659,"KNA","Saint Kitts and Nevis",0.00929845750992597,0.0122360205642851,0.0141167149148751,0.0161704195986203,0.0161260707809256,0.0158640045489762,0.0142123619242676,0.0115237253549902,0.0110056401627239,0.0111715408272974,0.0104223017652543,0.0106391404324782,0.00976937354899698,0.000420633395620706,-0.00785305429849736,-0.0193451663452901,-0.02845925192922,-0.0363925014397482,-0.0374998915007327,-0.0266785690716266,-0.0137286918289973,-0.00428435562931834,0.00393938228798296,0.00101278284461648
662,"LCA","Saint Lucia",0.0105044648784778,0.0116175301556121,0.0134784590640002,0.01645833801904,0.0207381023304591,0.0252893489098089,0.0295541095706808,0.0333039275930413,0.0363974992347291,0.0382794351818168,0.0391549048109396,0.0386159591215616,0.037589434564258,0.0342404176733442,0.0303433061609097,0.02599391897035,0.0219706564447828,0.0184546017789406,0.0169038484987449,0.0183877636380403,0.0183374148304771,0.0183116010437787,0.018631425280381,0.0191890129471033
670,"VCT","Saint Vincent and the Grenadines",0.0278308638767608,0.0438558510686295,0.053740128454959,0.0595520759265018,0.0601008398482741,0.0561020648500445,0.0483794265242281,0.0365565249356334,0.0204324698460572,0.0102761922473569,0.0061840411082259,0.00806865177111571,0.0100836357935885,0.0110902921622771,0.0102189642345418,0.00831730404255637,0.00661519418793821,0.00542502248392096,0.00499156065084683,0.0047795617945996,0.00466458521588087,0.00433372942846599,0.00566880860899177,0.00645540407158429
882,"WSM","Samoa",0.0526950363267271,0.0697905269287742,0.0838859048680125,0.0927273095049941,0.09588656137801,0.091647745508906,0.0856256588329518,0.0764067664248191,0.0633981614026962,0.0502228364463233,0.0399438605267146,0.0356766088472709,0.0332867458949562,0.0319216506614353,0.0304881540398596,0.0281082617059862,0.0280657010946108,0.0224620586359197,0.0149393005096035,0.00698131139728941,-0.0183576978819244,-0.0346440400798359,-0.0390442702492541,-0.0319269368362927
674,"SMR","San Marino",NA,NA,NA,NA,NA,NA,NA,-0.00870750439276717,-0.0139764726880363,-0.0206692698675324,-0.0243704787382618,-0.0211446117485771,-0.0179592939071614,-0.0106481407013661,-0.00493246778902037,-0.0024975261408112,-0.0032155320312865,-0.0062501388521123,-0.00860125656128619,-0.0102355345945515,-0.0128161455147624,-0.0146709347902653,-0.0322474649054987,NA
678,"STP","Sao Tome and Principe",NA,NA,NA,NA,NA,NA,NA,NA,NA,NA,NA,0.0410619665230976,0.0485181392566241,0.0556670225783438,0.0587461757055794,0.0562940376595475,0.0493949889822207,0.0420347063284594,0.0361737438754413,0.0309851769730536,0.0274916493218502,0.0248309948865051,0.0229776519500835,0.0248675637058888
682,"SAU","Saudi Arabia",0.050737464738797,0.0461191288450216,0.0445384712021961,0.041732383297467,0.0431219917566923,0.0446552567393117,0.0470573568108825,0.0496148376116148,0.0504148034537131,0.0512012147295451,0.0465181504335839,0.0449916452124697,0.0381262240521894,0.024271113469855,0.0143072201139351,0.00781161998229418,0.00547465250892909,0.00580724559607981,0.00720831784838949,0.0113912303237456,0.0162602840983075,0.026589531662192,0.0315503139864313,0.0270063815875969
686,"SEN","Senegal",0.0218771034887879,0.0233778264885471,0.0215337142161327,0.0161754534534673,0.00901515367506467,0.0063210828592799,0.00465044541754445,0.00779202517618827,0.00901134280412186,0.0103503443169961,0.015550697941886,0.0233714277809856,0.0286811927027193,0.0278305714601192,0.0220307198886767,0.0174363635125021,0.0124879814191923,0.0115502900596212,0.00805113652236145,0.00553684848411184,0.00606564969222756,0.0088831164974017,0.0121580162995278,0.0134065582588825
688,"SRB","Serbia",NA,NA,NA,NA,NA,-0.0523169020680384,-0.0550164147308536,-0.0527472523906056,-0.0488437157177771,-0.0395610166232921,-0.0365808166758852,-0.0333916522804634,-0.0311807922712119,-0.0230741642221289,-0.0149072154058708,-0.00863261410735909,-0.0031015340057411,0.000789795380355729,0.00407410960083721,0.00566774950046556,0.00648689590720064,0.00690472107743711,0.00684483337074671,0.00670243185251929
690,"SYC","Seychelles",0.0157777836304103,0.0163104983772855,0.0166235727157469,0.0166740017830198,0.0162356037199201,0.0168406450650174,0.0169417839219081,0.0171236456032842,0.017439770101598,0.0169441488037125,0.0160151123247008,0.0157961092438568,0.0147465251457299,0.0142571235905353,0.0132683570202314,0.0137828220644403,0.0146424491138089,0.0165217218878897,0.0184777433156704,0.0194298512432654,0.0196014176814243,0.0191620912819657,0.0182261727744368,0.0171450735633429
694,"SLE","Sierra Leone",-0.00142244393838685,-0.00158341156493847,-0.00152657588712524,0.00863114810986154,0.0227765907246886,0.0375578407646908,0.0504665743772168,0.0641877636165655,0.0702816229738306,0.0706469846957243,0.067096148084073,0.0585483490971654,0.0512295370741456,0.0479979015351502,0.043426438898055,0.0406667395213671,0.0353072964696322,0.0377036990974027,0.0347237132312512,0.0337275657628096,0.0259449514733403,0.0187189535279195,0.0128241403833946,0.0144676098869458
702,"SGP","Singapore",0.050808717986331,0.092236082242676,0.0944689084200239,0.0849215153395118,0.0678046404118093,0.0523043044611753,0.0343196269955282,0.0141306453843164,-0.00220576938029636,-0.0313907257379321,-0.064440216094582,-0.0615227673644166,-0.0564402674410004,-0.0592931817907388,-0.0504046208926795,-0.0427202717840888,-0.0334344862657511,-0.0397392253155512,-0.0260305360274942,-0.0206614351635641,-0.0226596275676874,-0.00787309508726641,0.000281904576816094,0.001016038224122
534,"SXM","Sint Maarten",NA,NA,NA,NA,NA,NA,NA,NA,NA,NA,NA,NA,NA,NA,NA,NA,NA,NA,NA,NA,NA,NA,NA,NA
703,"SVK","Slovakia",NA,NA,-0.0589936865101868,-0.055875925873785,-0.0564721304281557,-0.0577945255675916,-0.0536447430233713,-0.0505294873269272,-0.0490198921838764,-0.0456071433377218,-0.042116727708042,-0.0400909966294787,-0.0371402691399242,-0.0358873609252007,-0.0362763239114359,-0.0385641032873388,-0.0366503988693527,-0.0360475119388246,-0.035469972561465,-0.0346472943059581,-0.0348262197931496,-0.03306743003816,-0.0286373239073683,-0.0289563540337768
705,"SVN","Slovenia",NA,NA,NA,NA,NA,0.00844121075360138,0.0073886591319392,0.00307170484375452,-0.000665408749599794,-0.00897113754999028,-0.0230898014841973,-0.0303790289805081,-0.0331107987950065,-0.0312623541485367,-0.0276800527557567,-0.0251425512579923,-0.0181759675260712,-0.0129724184177768,-0.0154274219335442,-0.0194297202902438,-0.0194803557008742,-0.0201243784954046,-0.0204349351127582,-0.021756335282679
90,"SLB","Solomon Islands",0.0315781214916298,0.0285895650581525,0.0245329240881855,0.0209197854668308,0.0186487460530798,0.0184554621879616,0.0194950762250377,0.0207564263841502,0.0211628090345437,0.0215731436883091,0.0211196838871075,0.0196218206835264,0.01882148563048,0.0185251132787956,0.0194307160860285,0.0225650614981845,0.0266313810818239,0.0304256619511099,0.0335292863826828,0.036154410028673,0.0355405956135115,0.0332096802464801,0.0317120344653032,0.0298946389169803
706,"SOM","Somalia",NA,NA,NA,NA,NA,NA,NA,NA,NA,NA,NA,NA,NA,NA,NA,NA,NA,NA,NA,NA,NA,NA,NA,0.00673549354325664
710,"ZAF","South Africa",0.00865273488605833,0.0139978911295313,0.0194573397992279,0.0235824085619369,0.0246278281348296,0.022990673151055,0.0213748753342293,0.0187706945863995,0.0155802074540412,0.0127519559048934,0.00999434039171843,0.00939139393698207,0.0105477270231613,0.0124723599648238,0.0110212407495291,0.0100155514505036,0.0091728795311512,0.00695162912215896,0.00370558218572237,-4.13941035983161e-05,-0.00350662379537914,-0.00875471016598903,-0.00944692388585269,-0.00425862432544507
410,"KOR","South Korea",-0.0136034250388889,-0.0136264112632105,-0.0108557597453052,-0.00805894922838663,-0.00632474903328879,-0.00731152142612805,-0.00866401469517628,-0.00821826875907498,-0.00642117082642813,-0.00812438814098857,-0.0099670850202677,-0.00748758234038373,-0.00351996043290076,-0.00047456932489308,0.00143299023069954,0.00129915550830551,0.00125833453734403,0.000799118908429097,0.00107026228636342,0.000970909065042713,-0.000889547074723136,-0.00198510545687504,-0.000103366844163836,0.000413795131692263
728,"SSD","South Sudan",NA,NA,NA,NA,NA,NA,NA,NA,NA,NA,NA,NA,NA,NA,NA,NA,NA,NA,NA,NA,NA,0.00915247539469721,0.0108916456917001,0.0109973672042936
724,"ESP","Spain",0.0158669658898885,0.0198155885022455,0.0199978560173277,0.0193724306074357,0.0163002377362544,0.0120599374199228,0.00636998703029512,0.00171750734605269,-0.000291575330365286,-0.00672496223180374,-0.0103789451771958,-0.0137880945867298,-0.0124295788631802,-0.0115112782723563,-0.00919322861997113,-0.00581235768193818,-0.00433654434579197,-0.00608850768315394,-0.00687280056295222,-0.00758440563548194,-0.00519683919567206,-0.00328219436858163,-0.00103196733973496,-0.00130431445397552
144,"LKA","Sri Lanka",-0.0124416301278472,-0.0146102505814209,-0.0234113474225697,-0.0255901421679367,-0.0193109246826198,-0.0133944744719442,-0.000741771938640776,0.00438481304153848,0.00888043904170188,0.0120958264286755,0.0140532155591611,0.0178312404894942,0.0184536742812602,0.0195882871784558,0.0209218288295818,0.0127845000826454,0.0130284081299883,0.00974436544787705,-0.000252149024390928,-0.000635527028429824,-0.00540616186450181,-0.00397115186591617,-0.00155449529745191,0.0020953425538337
275,"PSE","State of Palestine",NA,NA,NA,NA,NA,NA,NA,NA,NA,NA,NA,NA,NA,NA,NA,NA,NA,NA,NA,NA,NA,NA,NA,NA
729,"SDN","Sudan",0.0527618964774852,0.0486779507586246,0.0422287112109054,0.0378158415393028,0.0354101884101914,0.0340720662432168,0.0319344117303175,0.0283238557180132,0.0244110358003828,0.0205106887139841,0.0171379230169522,0.014463691295626,0.0102794478879338,0.00881470543184482,0.00874097476986946,0.00876471840881221,0.00947184432711157,0.00977144098857119,0.0102166828042332,0.0105597267344564,0.0110962582754681,0.011433111832619,0.00909662472670103,0.00883017034751443
740,"SUR","Suriname",0.00768705776944301,-0.0098400438233998,-0.0217273155259126,-0.0386054474299468,-0.0474801533614343,-0.0481255974718419,-0.0471815337379494,-0.0368695302996783,-0.0316131789445462,-0.0176979371434376,0.004687361640074,0.0128291592926912,0.0255377020227001,0.0229058012726395,0.0265773226507722,0.0293960181855004,0.0252039641233706,0.0206676229620815,0.0123529043815886,0.00345642933970547,0.00390574705710178,0.00356780994726358,0.00392815516953449,0.0039817822565329
752,"SWE","Sweden",-0.0108516523135453,-0.0173349602037253,-0.0232343414477191,-0.0289209129381866,-0.0352492706459264,-0.0380765913541814,-0.042123062457099,-0.043993953464869,-0.0464778075802625,-0.0500078238726959,-0.051968786295304,-0.0546996167085771,-0.0555614786918532,-0.0576563291404213,-0.0603697969659685,-0.0592429770236596,-0.0578243678069433,-0.0547599762503765,-0.0504819249760256,-0.0479195475614369,-0.04607824653449,-0.0427071071468414,-0.0405741127273087,-0.0434395193809488
756,"CHE","Switzerland",-0.0232689222830413,-0.0243835806889939,-0.023049862047569,-0.0214160915249429,-0.020743511274797,-0.020575096043831,-0.015958744043809,-0.0105638034616499,-0.00694005565343385,-0.00257079843739639,-0.00203572187928102,-0.00250876396818158,-0.00285680643122864,-0.00389453204959468,-0.00702470903425006,-0.0109127928536843,-0.013044277581638,-0.0144904560732504,-0.0162251623150455,-0.0147886422650307,-0.016060018688667,-0.0168589928560731,-0.0170197306223973,-0.0172771063080486
760,"SYR","Syria",NA,NA,NA,NA,NA,NA,NA,NA,NA,NA,NA,NA,NA,NA,NA,NA,NA,NA,NA,NA,NA,NA,NA,NA
158,"TWN","Taiwan",0.0266999989040739,0.020246781214531,0.0101431819830768,-0.00431731941752618,-0.0283372589025332,-0.0554318522930587,-0.0746959920658232,-0.0870276041862904,-0.100712473876642,-0.113410928984542,-0.117104423890719,-0.122633608546018,-0.126837365312435,-0.128743265149296,-0.128575894996501,-0.126062371264841,-0.119281923245392,-0.108408656341982,-0.0957757850926564,-0.0813391251249976,-0.0690117376096926,-0.0598446689534188,-0.0347924376762102,-0.0424905505722716
762,"TJK","Tajikistan",-0.00792301580537092,-0.0141736381546912,-0.019629502841294,-0.0225903282215237,-0.0111209616292859,-0.000471131197623418,0.0116587597179032,0.0207027123769137,0.0281970465864358,0.0379268370813464,0.0438044227599121,0.0475731682320173,0.0512060941929082,0.0559287451099981,0.062180728836776,0.0662269059831273,0.0682870616603486,0.066121219987767,0.0598626174785137,0.055032806542056,0.0484828486384163,0.0358729545438923,0.0254812456004405,0.0231774524994286
834,"TZA","Tanzania",0.0265234205021505,0.0269888360232797,0.0267985539130022,0.028953819466969,0.0324883932884459,0.0327256147798056,0.0375437235182703,0.0348246763723379,0.0302105659366216,0.0307137268515354,0.0305033917725548,0.0288266037066685,0.026784850268639,0.0269235960858747,0.0309285934683301,0.0318628060797463,0.0352250638477036,0.0331603288110152,0.0291261181267262,0.0256112139586306,0.0213143424571505,0.0205886252980307,0.0204037446650194,0.0194540692425096
764,"THA","Thailand",0.00387688672506159,0.00135998159720785,0.00323888467467071,0.00612594356514795,0.0125070265692344,0.0189422669811223,0.0225519501472173,0.0260985407601348,0.031515101922974,0.0331038400594819,0.0332119660710819,0.0298019108325442,0.0250692300598541,0.0187023600075937,0.0134386674555569,0.00729526734892727,-0.00189576604338667,-0.0120421843109125,-0.00964411524933565,-0.00396749689292158,0.000175148073093379,0.0042502053871003,0.00735965658854809,0.00878864427916737
626,"TLS","Timor-Leste",NA,NA,NA,NA,NA,NA,NA,NA,NA,NA,0.255438458477111,0.237154500803836,0.213107744375034,0.171332128977627,0.113212916510427,0.0407029964775572,-0.0204862719782607,-0.0670785402582815,-0.111027005592256,-0.115788591872156,-0.11514949819116,-0.128801097847404,-0.1388849919873,-0.132203892175137
768,"TGO","Togo",0.0132588038627275,0.0187388651468559,0.0237405603523397,0.0255180571444649,0.0258031962977301,0.0276098109962066,0.0239614728095212,0.0202112768202278,0.0195392064611315,0.0178075147400614,0.0176714153089335,0.0182213223772409,0.0215127091205001,0.0283644160438308,0.0328823745179041,0.039372819606744,0.0422142773708454,0.0459169545542673,0.0532437531635159,0.0604450934741767,0.063342714701067,0.0689631452956678,0.069709369118184,0.0686196112822088
776,"TON","Tonga",-0.0240072546154354,-0.0294072779280001,-0.0433657047147388,-0.0612674945320725,-0.084442625277185,-0.112032433411417,-0.146787753544496,-0.179500604045839,-0.199032087288415,-0.194403409353945,-0.164749798575332,-0.124285560898218,-0.0786865796516815,-0.0469693326275129,-0.0277778240941791,-0.00580185948005065,0.0039544766370625,0.00397490972465775,0.00373140551337303,0.00357340678443308,0.00430746673838622,0.00455795827535876,0.00494296738900291,NA
780,"TTO","Trinidad and Tobago",0.040874685780464,0.0654411747364949,0.0848617192693701,0.102171372519722,0.125560895497016,0.145474077732266,0.153972876332767,0.160816614871216,0.152178818300359,0.135986488383755,0.115072289537567,0.0983435909134631,0.0719835495215315,0.0453359560902804,0.0305659592743419,0.017523515501106,0.00323518298661551,-0.00778170753518805,-0.0145899492433556,-0.0150173812805528,-0.0112725300570108,-0.0142467155046813,-0.0121693801780876,-0.0101678539310017
788,"TUN","Tunisia",0.0360551056794562,0.0401686433712405,0.045262577321171,0.0481921851779494,0.0465083650180533,0.0410196843242963,0.0342047220094466,0.031983185715317,0.0291121718707434,0.0311107168616471,0.0341193205624561,0.0339517917927989,0.0307777835348391,0.0257442361755014,0.0176239449204518,0.00849071792599809,-0.000309623999418013,-0.0103610039158082,-0.0270994999844597,-0.0307422565122915,-0.031998214533362,-0.0286062896378014,-0.0231522683342722,-0.0192428729826823
792,"TUR","Turkiye",-0.000191449471651998,0.000302821868981784,0.00101192222892243,-0.00137056339325644,-0.000420728613870232,0.000571305213140194,0.00309294995719567,0.00713665372897232,0.0119400331609025,0.0167366034132805,0.0211780783426352,0.0259034802283697,0.0300171551319475,0.03148059415841,0.0309547410193076,0.029465361636895,0.0212106231130558,0.0157910779713306,0.0129917070422516,0.0136302030288773,0.014108904289766,0.0146761541171858,0.0158225557913356,0.0196067112412566
795,"TKM","Turkmenistan",-0.00513642787513756,-0.00323151210153018,-0.001240264187325,0.0194591052514781,0.0782493951761611,0.108055544057829,0.126751997959361,0.141062593397238,0.106654061578495,0.0704090091458609,0.0287818852028368,0.00708005728528005,-0.00164058757888466,-0.00394501581446243,0.0036345541546523,0.0129424313784734,0.022515313476996,0.0287150837302586,0.0344210892577108,0.0438999549850771,0.029086965581731,0.0226509705640392,NA,NA
796,"TCA","Turks and Caicos Islands",NA,NA,NA,NA,NA,NA,NA,NA,NA,NA,NA,NA,NA,NA,NA,NA,NA,NA,NA,NA,NA,-0.0244138605945518,-0.0209231857645214,-0.0110181084495468
798,"TUV","Tuvalu",0.00968279937478611,0.00531733370500187,0.00612566482982735,0.00830209790666658,0.00842804032652178,0.00920228081167584,0.00939544981791296,0.00895030855484058,0.00908225279811647,0.00925979932214305,0.00967020099891536,0.00949407104944999,0.00926072628589081,0.00984838982217817,0.0100719749072622,0.010461065715704,0.0105384573772616,0.0104095684167045,0.0102745566799101,0.0103819351247492,0.0103816289082641,0.0100663865638322,0.00996850931450077,0.00973052362876081
800,"UGA","Uganda",0.0231141371510888,0.0229479819374241,0.0231533850255978,0.0244450877620994,0.028463807899642,0.0291359252016579,0.0313803216677149,0.0291237694610718,0.0304407089755823,0.0426644144460513,0.0501193850610511,0.0554781775496673,0.0564533791730266,0.0564791915940404,0.0553746083324886,0.0513055733556127,0.0472911115003285,0.0358705749925516,0.0250113128198024,0.0244948822475164,0.0228636709100241,0.0230853099796269,0.0225998907254434,0.0236735805838382
804,"UKR","Ukraine",-0.000530818379513034,-0.00556553866654837,-0.0120174416752201,-0.0236679037201243,-0.0348031493389025,-0.0478974363458923,-0.0555123108852436,-0.0568108690273918,-0.0554634512668719,-0.058137746749798,-0.0597059715711112,-0.0607445764242336,-0.0532780329401842,-0.0540894088740203,-0.052603218392506,-0.0363343455318407,-0.0218937643740124,-0.0104663402158743,-0.00966477905309882,-0.00805485726147128,-0.00363498436150751,-0.00265247982792454,-0.00105898576076082,-0.000769461952372683
784,"ARE","United Arab Emirates",0.0830912065111018,0.0876261481540324,0.090820665098174,0.0872536122353202,0.0865854455060147,0.0781374161291901,0.0754414147228195,0.0748008620270835,0.0703439005936939,0.0613226676667014,0.0491172774313027,0.0407050649195999,0.0351570823706402,0.0278262280573349,0.0236354387757822,0.0178453668898282,0.0202396749928824,0.0235087599829442,0.0218470810571327,0.0171687377623146,0.0146377013839036,0.0152150978465917,0.0124024379028593,0.0128370494090999
826,"GBR","United Kingdom",-0.0312423166006966,-0.041107151606809,-0.0497683275082052,-0.0554700619483472,-0.0614738046531677,-0.073691056260088,-0.0808250575769554,-0.0854539841512642,-0.088008483121412,-0.0919273508619003,-0.0915284121461976,-0.0957002398148375,-0.0956307036306334,-0.0949644239623738,-0.0957080041278369,-0.0941998650955654,-0.0914973506031661,-0.0868052845308895,-0.0786932079724039,-0.0684568233835856,-0.055758224467261,-0.0429321143608101,-0.0341899407193098,-0.037719627795145
840,"USA","United States of America",-0.0131547468433476,-0.0178038886224969,-0.0207131903844106,-0.0222762100602463,-0.0230796377583583,-0.0211889931978391,-0.0178577452577866,-0.011773034564904,-0.00553853662059138,-0.000318475624515888,0.000739089098515944,0.00205278967460543,0.000941680493157238,-0.00123414478979514,-0.00368426643975725,-0.00701379353381789,-0.0101693742277961,-0.0156321745362477,-0.0158995170678237,-0.0101283674989688,-0.00736180820219992,-0.0057229414896468,-0.00786200440190199,-0.00979617673542982
858,"URY","Uruguay",0.00694437910082457,0.000578835690386414,-0.00540178708832312,-0.00746897116055783,-0.0045789720131974,3.02711917028464e-05,0.00227700869926495,0.00655474025303149,0.00834641267434311,0.00878289113161146,0.0090106234086107,0.0059795041788393,0.00192354280765583,-0.00369459372057062,-0.00952292757208362,-0.00680106328679656,-0.00369228897066726,0.000508435366347149,0.00167825974940206,0.0015550024110822,0.00185714131762804,0.00045737591907069,-0.00110728701226983,-0.00307252166447692
860,"UZB","Uzbekistan",0.0522667105651251,0.0440969390658619,0.0367409515614061,0.038468802066129,0.0305582257067512,0.022984405850548,0.0212288493478616,0.0214729607847683,0.0126323694557309,0.00966428835704991,-0.00984237814648092,-0.031512190241608,-0.042963643013429,-0.0338946011814412,-0.0414696414765674,-0.05613402411411,-0.05628052468573,-0.0501550755209736,-0.0496022841050162,-0.0245533447127187,-0.0174709587144834,-0.015148132171238,-0.0211807234735763,-0.0211072069283112
548,"VUT","Vanuatu",0.0192786775488072,0.0101243445068926,-0.00115191250685156,-0.00966258880385139,-0.0129377602588758,-0.0118473095653067,-0.00759207937936214,-0.00150963139361667,0.00731426962604775,0.0161646609143626,0.00774773373255067,0.0126534945318166,0.0137819393925356,0.013779408626353,0.0144364987160017,0.0148278484812776,0.015491847029631,0.00430245031259258,0.00127282303794995,0.000211646102339369,-0.0360057661273597,-0.0539577337525025,-0.0616910805447135,-0.0574104041228458
862,"VEN","Venezuela",0.0399371423427033,0.0395874563389182,0.037133651158278,0.0301128940871938,0.0212152954970546,0.0134973569044881,0.00953846510130507,0.00550331916126034,0.00452834020220316,0.00721076443678959,0.00540328675850676,0.00281667735457325,0.000759748299768104,0.000649370653232451,-7.18324700567504e-05,-0.000119546230765949,-0.000711015650539269,-0.00198487223211718,-0.0013861771345339,-0.00132176983978692,-0.00122895023741168,-0.00111931384882267,-0.000544804146146795,-0.000841494291103098
704,"VNM","Viet Nam",0.0370329040290271,0.0386072123161147,0.0387228883631348,0.0384480288567453,0.0379719223883284,0.0371466563723766,0.0367420307053665,0.03650719784745,0.0352111328354736,0.0339095994052789,0.0349170803543546,0.0344078378597956,0.0296220540336725,0.0230816968196788,0.0158022484308931,0.00957222865301266,0.00416198000052859,-0.00151835242285833,-0.0108590357221706,-0.0212857360260581,-0.0251344369019614,-0.0255586004677548,-0.026796895166854,-0.0234387100357386
876,"WLF","Wallis and Futuna Islands",NA,NA,NA,NA,NA,NA,NA,NA,NA,NA,NA,NA,NA,NA,NA,NA,NA,NA,NA,NA,NA,NA,NA,NA
732,"ESH","Western Sahara",NA,NA,NA,NA,NA,NA,NA,NA,NA,NA,NA,NA,NA,NA,NA,NA,NA,NA,NA,NA,NA,NA,NA,NA
887,"YEM","Yemen",0.0561551797234825,0.0695634748342349,0.0760640108563613,0.0777340153817712,0.0799314643622417,0.0749928670633486,0.0663085251390516,0.0613981276933266,0.0574331277068949,0.0527849278089489,0.0495901645907044,0.0489229744743547,0.0479869318268609,0.044693841801732,0.0456597316928857,0.0417258552738271,0.0276672864804473,0.014046565610577,0.00274616085120694,-0.00255787685937133,-0.00423090935112087,-0.00382911018253624,-0.00654837786446081,-0.00729936440731278
894,"ZMB","Zambia",0.00105842441115533,0.0009448293131884,0.00186947215101307,0.00449738924522647,0.00747733031542674,0.00775200600208636,0.00827461339365088,0.00438841867665474,0.003264438006509,0.00683521285112398,0.0107889985354768,0.0169458981907211,0.022572955843791,0.0337826798035279,0.0448977195280382,0.0502876391739147,0.0534034382932667,0.0556057724820951,0.0501379399389332,0.0417256941935149,0.0320242861802991,0.0223215070063023,0.0119455377424209,0.0134525670219552
716,"ZWE","Zimbabwe",0.0175153616160397,0.0181449637541571,0.0139591923507516,0.00529446486971152,-0.00192590017236617,-0.00405890413153388,-0.00755491595537733,-0.0056041120318301,-0.00662409870210555,-0.00951758846547478,-0.00563367260262442,0.00439425001199867,0.0191391756746022,0.0194883262694578,0.0123401967342549,0.00780304697797818,0.00770972150281635,-0.010578032006985,-0.0242794344119304,-0.0286124129047834,-0.0246017450887508,-0.0255003964030007,-0.01318127968538,-0.00733901649217307
