"code","iso","country","CHG.raw.2000","CHG.raw.2001","CHG.raw.2002","CHG.raw.2003","CHG.raw.2004","CHG.raw.2005","CHG.raw.2006","CHG.raw.2007","CHG.raw.2008","CHG.raw.2009","CHG.raw.2010","CHG.raw.2011","CHG.raw.2012","CHG.raw.2013","CHG.raw.2014","CHG.raw.2015","CHG.raw.2016","CHG.raw.2017","CHG.raw.2018","CHG.raw.2019","CHG.raw.2020","CHG.raw.2021","CHG.raw.2022"
4,"AFG","Afghanistan",NA,NA,1.6623246410867e-08,1.57867443528225e-08,1.56003080342055e-08,1.44191052431506e-08,1.39734154106838e-08,1.26297167804672e-08,1.32707749543104e-08,1.12326364044386e-08,1.10650275576539e-08,1.13492904596984e-08,1.00038378354406e-08,9.51718997325538e-09,9.50707666913833e-09,9.04793246881243e-09,8.87541927565723e-09,8.65992969838022e-09,8.7962476482961e-09,8.49058453349996e-09,8.40822100930148e-09,1.09811463362296e-08,NA
8,"ALB","Albania",6.97712281547848e-09,6.34133973629068e-09,5.96908912997546e-09,5.70235573438014e-09,5.27357534754746e-09,4.95609712688931e-09,4.64086205411671e-09,4.23167461665765e-09,3.69683059627522e-09,3.44437658751667e-09,3.3531947380902e-09,3.20767598062019e-09,3.25497257195146e-09,3.25308339414282e-09,3.25611067275734e-09,3.21465876582739e-09,3.08322624090386e-09,2.94302820863318e-09,2.85550582173635e-09,2.56615616164915e-09,2.48659782357022e-09,2.2539579189712e-09,2.09636089302785e-09
12,"DZA","Algeria",1.13538997287268e-08,9.80239279572457e-09,8.84054184318533e-09,9.07145151815453e-09,8.42376439176376e-09,8.15546676507838e-09,8.38621473408542e-09,7.70083997623624e-09,7.84036649840555e-09,7.0869454528954e-09,7.29672633502496e-09,7.04184122876858e-09,6.9769767757209e-09,6.64796063343083e-09,6.65005830281759e-09,6.45582407581623e-09,6.61012994842512e-09,6.52530103497576e-09,6.46826638418546e-09,6.22297251609197e-09,6.28152224541196e-09,6.58806210717552e-09,6.50941169251418e-09
20,"AND","Andorra",NA,NA,NA,NA,NA,NA,NA,NA,NA,NA,8.10358163424104e-10,7.69271127099234e-10,7.99508371444877e-10,8.2112247236692e-10,7.81659560281796e-10,7.57657963912102e-10,7.36725067244223e-10,7.31116087748127e-10,7.25685851081978e-10,6.94157725061695e-10,7.78590770917063e-10,7.28890709748336e-10,6.22512932956493e-10
24,"AGO","Angola",2.74777505025318e-08,2.57497008395648e-08,2.28717165226216e-08,2.2630710035838e-08,2.22081826803783e-08,1.9389286941785e-08,1.50047158425779e-08,1.30957241216384e-08,1.18971213765328e-08,1.15632513777085e-08,1.21892578119636e-08,1.14574952196877e-08,1.05558068922341e-08,1.02463700231944e-08,9.54973682931884e-09,9.90671912935572e-09,1.00774795892344e-08,9.9547077480929e-09,9.39020334868296e-09,9.40979967195346e-09,9.52553550289542e-09,8.97143957884207e-09,8.37326994401369e-09
660,"AIA","Anguilla",NA,NA,NA,NA,NA,NA,NA,NA,NA,NA,NA,NA,NA,NA,NA,NA,NA,NA,NA,NA,NA,NA,NA
28,"ATG","Antigua and Barbuda",2.17681999410843e-09,2.28806551771193e-09,2.27224603955352e-09,2.15612795633694e-09,2.04520369232945e-09,1.92085103639363e-09,1.71533657525155e-09,1.56410121062716e-09,1.55926300289166e-09,1.73663629144788e-09,1.45384526765449e-09,1.47652499337506e-09,1.43450537819999e-09,1.44937098177351e-09,1.39636863202912e-09,1.34492144481617e-09,1.29119407203367e-09,1.2571105686387e-09,1.18175256090198e-09,1.06621168787716e-09,1.26943581941949e-09,1.1913443882766e-09,1.10340131234964e-09
32,"ARG","Argentina",6.71298255387014e-09,6.9616640227464e-09,8.03507865400905e-09,7.88531898351325e-09,7.3475307615312e-09,6.65739255185947e-09,6.27180894040613e-09,5.62993789512705e-09,5.31323111458793e-09,5.38347040513707e-09,4.53410165221308e-09,4.22813062125897e-09,4.40113194459362e-09,4.34626438911296e-09,4.48813849355562e-09,4.3785060225809e-09,4.55067057137136e-09,4.57987096561479e-09,4.70296623756446e-09,4.75865967864782e-09,5.22809158777066e-09,4.64439979821639e-09,4.42265845812046e-09
51,"ARM","Armenia",3.62129443941883e-09,3.36284033508674e-09,3.08097342724424e-09,2.80502289863481e-09,2.60027087611301e-09,2.3191073626446e-09,2.10059731909714e-09,1.71753445131864e-09,1.62310210782777e-09,1.77477666347325e-09,1.72908685328573e-09,1.64074404641627e-09,1.59056618487123e-09,1.63659418584958e-09,1.61711403754978e-09,1.60923993297835e-09,1.64821247437711e-09,1.48276756759012e-09,1.31355597911322e-09,1.15144274545484e-09,1.2354421374236e-09,1.186490566023e-09,1.031302030102e-09
533,"ABW","Aruba",8.58896023208853e-10,8.30092971408999e-10,8.41040523695714e-10,8.75036614921498e-10,8.82946772552199e-10,8.91763232386162e-10,6.17204880263409e-10,6.06440742351784e-10,5.59892717058387e-10,5.96500832281207e-10,5.03642423106833e-10,5.53158655602434e-10,3.50427186501529e-10,5.68715929136545e-10,5.66110735315689e-10,5.38850799866179e-10,5.22533174931892e-10,4.90494344292621e-10,4.61356355737878e-10,4.49230116096826e-10,5.43316533055119e-10,4.58859328241004e-10,NA
36,"AUS","Australia",8.77801826703121e-09,9.1910634058026e-09,8.50362136176765e-09,6.28819955044285e-09,6.99151971658674e-09,5.94215079073061e-09,6.57437456259611e-09,6.21530747975588e-09,5.30751422131286e-09,5.38544889746798e-09,4.90578913830326e-09,6.65446220560156e-09,6.43302062616693e-09,4.6433513460909e-09,4.80614096827981e-09,4.71368493032613e-09,3.92677383521238e-09,4.49441818642871e-09,4.34397702371102e-09,3.81210573472126e-09,3.35827995921986e-09,3.44906552486912e-09,3.41167622837279e-09
40,"AUT","Austria",1.16842399773248e-09,1.14319368233388e-09,1.12201064990488e-09,1.16324557295492e-09,1.03414582504222e-09,9.94221652455131e-10,9.49133462169505e-10,8.96680221535984e-10,8.70211645835225e-10,8.85463283464537e-10,8.83327974939751e-10,8.42557355906722e-10,8.1905736404813e-10,8.21073650935359e-10,8.00206181802784e-10,7.54968273352215e-10,7.50969770832615e-10,7.34383194453721e-10,6.92410713978448e-10,6.67935667559365e-10,6.98918093190545e-10,6.64331201549573e-10,6.30749854224954e-10
31,"AZE","Azerbaijan",1.02540226034939e-08,9.55651044814231e-09,8.55143204111992e-09,7.97031472944182e-09,7.40251149811208e-09,6.40536535959682e-09,5.16129402844174e-09,5.66495654422427e-09,5.88006989310954e-09,4.96799220610491e-09,4.83117325851595e-09,4.70882222383186e-09,4.74706648378077e-09,4.57338883756084e-09,4.54266449797897e-09,4.49350661778418e-09,4.56525455608025e-09,4.46271979865652e-09,4.48881012247562e-09,4.84212648116512e-09,5.18239627400957e-09,5.43302536725594e-09,5.35005472257518e-09
44,"BHS","Bahamas",8.11187885493001e-10,8.00226337415199e-10,7.94243442774248e-10,8.04415488143332e-10,8.53193094015764e-10,8.17464288119107e-10,8.12440209255382e-10,8.2309992726071e-10,8.57863067020044e-10,8.87324295700312e-10,8.8168314424789e-10,9.30592576711926e-10,8.95203779512229e-10,9.52569528485322e-10,9.27687855744317e-10,9.33589822131317e-10,9.41749865687104e-10,9.34252737201493e-10,9.20144735287057e-10,9.41640803964335e-10,1.25012039199575e-09,1.06861902708127e-09,9.41493587044219e-10
48,"BHR","Bahrain",2.15617563339358e-08,2.15131463514396e-08,1.9551041051917e-08,1.74462447878355e-08,1.61308195413928e-08,1.52975931185454e-08,1.40792422067139e-08,1.3473337006675e-08,1.40345796399447e-08,1.41205553105813e-08,1.31364272875871e-08,1.29872396212968e-08,1.40065208812822e-08,1.48585271983233e-08,1.46583248515693e-08,1.42422397331403e-08,1.38114170933719e-08,1.29766131114499e-08,1.26533689009887e-08,1.29094363850681e-08,1.35664431300817e-08,1.35158603272802e-08,1.29941196316384e-08
50,"BGD","Bangladesh",1.02768604396654e-08,9.84527241392588e-09,9.66958126880481e-09,9.35153169431394e-09,8.88594944856394e-09,8.52733484231728e-09,8.16885223297578e-09,7.7235991135413e-09,7.57160262227888e-09,7.33367252773069e-09,7.06570643180482e-09,6.71125539882529e-09,6.35288194943896e-09,6.07505722539221e-09,5.77458134535424e-09,5.47789429632247e-09,5.14137886700434e-09,4.93864809834602e-09,4.61374359225726e-09,4.28771195336895e-09,4.13411577786881e-09,3.93580049828695e-09,3.68421675810048e-09
52,"BRB","Barbados",2.18654721505339e-09,2.13228460868035e-09,2.01170064081556e-09,1.95433789651683e-09,1.93429856106455e-09,1.84002494811357e-09,1.64094106861646e-09,1.57148893720848e-09,1.55517200667347e-09,1.64176619791645e-09,1.67244793425425e-09,1.70691118948555e-09,1.67985831520831e-09,1.6835437927359e-09,1.69201562986659e-09,1.63980052295747e-09,1.59929010661762e-09,1.60971501977113e-09,1.64429337599901e-09,1.62631940087855e-09,1.87603941066511e-09,1.86666990086384e-09,1.70168893454701e-09
112,"BLR","Belarus",6.56981765255891e-09,6.17832996470966e-09,5.79110214140805e-09,5.41006111923447e-09,4.97751344935262e-09,4.35916989667681e-09,4.04166683978938e-09,3.68533529887779e-09,3.56146735147408e-09,3.64633851075297e-09,3.46788341883342e-09,3.27352593987954e-09,3.27609000848863e-09,3.30548465276131e-09,3.27707126878797e-09,3.45361794677419e-09,3.50177466167101e-09,3.44986809363284e-09,3.33894401496367e-09,3.27483261200488e-09,3.29147717735716e-09,3.18065794534622e-09,3.34310804670951e-09
56,"BEL","Belgium",1.36945547473973e-09,1.3141927757601e-09,1.26567732711775e-09,1.20902757655984e-09,1.17787505274922e-09,1.13467401758913e-09,1.09036957446977e-09,1.05169982210401e-09,1.03352288674316e-09,1.06271039059067e-09,1.03311884291188e-09,1.01214159679567e-09,9.78569584137286e-10,9.57365465123792e-10,9.18697021270584e-10,8.77002417685679e-10,8.46551197970103e-10,7.98203105672823e-10,7.67022791986819e-10,7.31643035950564e-10,7.44795488225563e-10,6.94089082968296e-10,6.56134093617253e-10
84,"BLZ","Belize",4.92344077834509e-09,4.91464550549833e-09,4.84875068255774e-09,4.63289133797417e-09,4.35215898567422e-09,4.36962996441045e-09,4.95701101579481e-09,5.17696075023892e-09,5.50055614903666e-09,5.7004112339099e-09,5.66422072588501e-09,6.11967600327514e-09,5.52613930708482e-09,5.5733190431359e-09,4.92600071535691e-09,4.88391352788413e-09,4.96709307209813e-09,5.11288418648852e-09,5.11657698463301e-09,4.9815480046132e-09,5.81830502421939e-09,5.10674546722143e-09,4.63068891761384e-09
204,"BEN","Benin",1.03436242502558e-08,8.87140036038352e-09,9.11760671573891e-09,8.7625424997198e-09,8.44021209584337e-09,9.12300541300839e-09,8.68349769374346e-09,8.413276906095e-09,7.93655998806025e-09,8.00290356022127e-09,8.39989184476119e-09,8.5094117366583e-09,8.30500919200271e-09,8.30372724942792e-09,7.8400271130491e-09,7.89563153501779e-09,7.91999416294786e-09,7.61248316045627e-09,7.35503218649056e-09,7.16604991250089e-09,7.04939623374135e-09,6.62499178544715e-09,6.34410113838201e-09
60,"BMU","Bermuda",NA,NA,NA,NA,NA,NA,NA,NA,NA,NA,NA,NA,NA,NA,NA,NA,NA,NA,NA,NA,NA,NA,NA
64,"BTN","Bhutan",1.39976508121183e-08,1.25345501731722e-08,1.12585311565673e-08,1.05059056596546e-08,9.88010732592232e-09,1.0084727495155e-08,9.71540826234124e-09,8.31982091593504e-09,8.1516377710054e-09,7.31730332848674e-09,6.64332729611197e-09,6.26767639478299e-09,5.93111060803332e-09,6.1306486787111e-09,5.91205911366306e-09,5.59831013555472e-09,5.36649146270483e-09,5.26035960629163e-09,5.20953837070266e-09,4.97021629133773e-09,7.49908510230637e-09,5.25899619937293e-09,NA
68,"BOL","Bolivia",1.67802307450875e-08,1.59414994210587e-08,1.68177853752183e-08,1.66812287118081e-08,1.71342612124205e-08,1.72753523773844e-08,1.63048188922963e-08,1.57822016793299e-08,1.51271784849283e-08,1.45418324945411e-08,1.53500266634463e-08,1.45907124969976e-08,1.44240573341944e-08,1.41432598419614e-08,1.32901264920481e-08,1.29049476907557e-08,1.24877045963006e-08,1.18788516014144e-08,1.12957024653351e-08,1.1150296303613e-08,1.23269687990831e-08,1.18232412751279e-08,1.15708215252488e-08
70,"BIH","Bosnia and Herzegovina",4.59193767730086e-09,4.41484620886877e-09,4.17093134838027e-09,4.42347947266781e-09,4.24884528389374e-09,4.20306773339454e-09,4.28354654012923e-09,3.9192862701854e-09,3.88589413520285e-09,4.00626046533006e-09,3.89786701267227e-09,4.0563066492224e-09,3.96672876189979e-09,3.82751159202977e-09,4.54538145685009e-09,4.44862559164466e-09,4.50779263127644e-09,4.40895570246035e-09,4.43194723549771e-09,4.12725581672866e-09,4.2142489886712e-09,3.59717117532204e-09,3.42522434871732e-09
72,"BWA","Botswana",1.20233355552567e-08,1.48656245200183e-08,1.40149809254169e-08,6.40251231712996e-09,6.63174024894676e-09,7.4421303815584e-09,8.50661130924815e-09,6.71299578355037e-09,1.29316748808535e-08,7.19818237309429e-09,1.5944623861176e-08,1.84605411495505e-08,8.99809323511561e-09,7.11044101763902e-09,5.00768783106675e-09,5.199585720537e-09,4.19963052844432e-09,5.85173682201781e-09,4.55311517715039e-09,3.28125040517534e-09,5.13168860415029e-09,8.88927045312857e-09,7.83986835734749e-09
76,"BRA","Brazil",7.93989861412702e-09,8.07425552942164e-09,8.21260744195053e-09,8.49330450797034e-09,8.38373632660722e-09,8.20911934032934e-09,7.81401720113211e-09,7.36685842683813e-09,6.97287367452553e-09,6.98165743753172e-09,6.76769031916724e-09,6.47595472211178e-09,6.38630318427423e-09,6.200004056867e-09,6.26285832825306e-09,6.59048417858234e-09,6.8808251724097e-09,6.79098927680342e-09,6.63943706770711e-09,6.6236693020304e-09,6.947792921163e-09,6.74430194699255e-09,6.58496637082681e-09
92,"VGB","British Virgin Islands",NA,NA,NA,NA,NA,NA,NA,NA,NA,NA,NA,NA,NA,NA,NA,NA,NA,NA,NA,NA,NA,NA,NA
96,"BRN","Brunei Darussalam",8.9580497137131e-09,9.39599077145992e-09,8.35304015032e-09,8.63207356250568e-09,8.07658518887143e-09,7.84917917114081e-09,8.8342787127718e-09,8.55790102670306e-09,1.06410395089722e-08,9.07876715807648e-09,8.27912553266113e-09,8.41951940782168e-09,8.12570495025039e-09,7.78332408041107e-09,7.67944402775435e-09,7.55702838049528e-09,7.35767747426274e-09,7.64743922468925e-09,8.02947910647037e-09,7.06140675237255e-09,6.76176538977649e-09,6.42295464298577e-09,6.41539018615866e-09
100,"BGR","Bulgaria",4.69606735743087e-09,4.39965701244855e-09,4.01782607394196e-09,3.85817214332034e-09,3.63180003249316e-09,3.3217437489513e-09,3.10189981653918e-09,2.91008502955226e-09,2.68385797943788e-09,2.70659721556959e-09,2.62082729796234e-09,2.62523006955947e-09,2.54042090845075e-09,2.39461391400911e-09,2.37889160946882e-09,2.40459230171381e-09,2.29306804318265e-09,2.27092644743793e-09,2.11539716558189e-09,1.95319071906207e-09,2.01445059982382e-09,1.90136596776843e-09,1.86260082579053e-09
854,"BFA","Burkina Faso",2.91644224608055e-08,2.74799306750087e-08,2.71696254577082e-08,2.98006490295683e-08,2.94245412302294e-08,2.78596488292519e-08,2.62659845378169e-08,2.589032831279e-08,2.53464652263654e-08,2.53866035430593e-08,2.44174407654767e-08,2.34260678025529e-08,2.22363451100246e-08,2.16095780008562e-08,2.11901975550258e-08,2.07061010514977e-08,2.04079236445246e-08,1.95471773216742e-08,1.86230293389e-08,1.80957548492486e-08,1.82634636172624e-08,1.74987656492619e-08,1.76118722347125e-08
108,"BDI","Burundi",1.64719435430773e-08,1.64740673278424e-08,1.5932588582252e-08,1.65975111284381e-08,1.64840497297304e-08,1.70000172532361e-08,1.67720134792783e-08,1.68359235012808e-08,1.66500004276336e-08,1.67544976840517e-08,1.68913630599692e-08,1.70222479116806e-08,1.65482754372259e-08,1.79223289401726e-08,1.71932244315193e-08,1.80102455174038e-08,1.91988974185524e-08,2.06555299234312e-08,2.05632668599315e-08,1.92738801355482e-08,1.94411021416898e-08,1.96375896153004e-08,1.9500185610996e-08
132,"CPV","Cabo Verde",3.18428924609727e-09,3.20004583844232e-09,3.12617710348574e-09,2.63032143579876e-09,2.51976252730387e-09,2.39179150875318e-09,2.22214643931682e-09,1.9325595642333e-09,1.82005595566388e-09,1.91002674738295e-09,1.93083291576417e-09,1.88029950577283e-09,1.88505472153148e-09,1.89796957623071e-09,1.90942338160098e-09,1.9187795964043e-09,1.87115653927312e-09,1.72516310987941e-09,1.68025248876677e-09,1.58106293041659e-09,2.01987822183957e-09,1.91945285298681e-09,1.64594630994429e-09
116,"KHM","Cambodia",3.64244194682071e-08,3.39367474084819e-08,3.22754394869776e-08,3.18763414660616e-08,2.84464698580848e-08,2.68236190729614e-08,2.54341485938402e-08,2.34847751558294e-08,2.22573212511021e-08,2.27558390812618e-08,2.16810038036664e-08,2.09940963173838e-08,1.91380697549546e-08,1.77223754035121e-08,1.62295692274433e-08,1.51362862970902e-08,1.43420276591665e-08,1.40401734981308e-08,1.33306912634822e-08,1.25213958124705e-08,1.29927550079038e-08,1.24865059973537e-08,1.19656842647084e-08
120,"CMR","Cameroon",1.81330285585044e-08,1.69274188730798e-08,1.57675110940828e-08,1.55604369759128e-08,1.37292989312977e-08,1.40217520877181e-08,1.28335526704481e-08,1.21356456560873e-08,1.19284119716576e-08,1.16912559332787e-08,1.1102608238695e-08,1.05774158189727e-08,1.04340426621593e-08,1.04747745511312e-08,1.04288598566755e-08,1.08673316348984e-08,1.06027955666952e-08,9.52935835396774e-09,9.20950113805729e-09,9.12736500241746e-09,9.34056249719531e-09,8.83280304021504e-09,8.46356060259989e-09
124,"CAN","Canada",3.24791382780999e-09,3.20628870157963e-09,3.17249836793093e-09,3.08681771243885e-09,3.08034483496156e-09,2.95000286725765e-09,2.94867872649714e-09,2.84907277595797e-09,2.74858576890722e-09,2.68952272911177e-09,2.63512972217682e-09,2.56746479768481e-09,2.57924134628906e-09,2.55104994991928e-09,2.58666554132642e-09,2.5402571582072e-09,2.42753988762984e-09,2.40689214118575e-09,2.35838856130129e-09,2.2984577784849e-09,2.13646273972839e-09,2.11045234618543e-09,2.07786126607929e-09
136,"CYM","Cayman Islands",NA,NA,NA,NA,NA,NA,NA,NA,NA,NA,NA,NA,NA,NA,NA,NA,NA,NA,NA,NA,NA,NA,NA
140,"CAF","Central African Republic",1.2544845042171e-07,1.01884240892883e-07,8.90565233958169e-08,1.20186616221837e-07,1.0049289051672e-07,1.05134504266812e-07,1.02188096362406e-07,1.00327320542052e-07,1.03913224228876e-07,7.88198152447533e-08,8.34906726179999e-08,8.50465867217054e-08,7.0727541895215e-08,1.17461021911195e-07,1.14915077305741e-07,1.12748159275911e-07,1.16355588967698e-07,1.02258170496387e-07,1.00591585412252e-07,9.06615806411885e-08,9.55928934889615e-08,9.53966302317156e-08,9.75846263379476e-08
148,"TCD","Chad",1.17099120888112e-07,9.84228557846277e-08,9.74355562761144e-08,9.04023358285031e-08,7.39714355331849e-08,6.67167482908494e-08,6.81114484221264e-08,6.94870088153928e-08,6.91429079865197e-08,6.90862070623956e-08,6.42221619575431e-08,6.75463002619029e-08,6.51377087444112e-08,6.41403877576501e-08,6.27454861417244e-08,6.63980339385919e-08,7.48993628291917e-08,8.05636597293791e-08,8.32039918500967e-08,8.41600101481691e-08,9.07731418728457e-08,9.55506664918632e-08,9.7854360869531e-08
152,"CHL","Chile",3.79025463989897e-09,3.69484532287674e-09,3.53254948826684e-09,3.350483017306e-09,3.23678548450565e-09,3.03477335708838e-09,2.85531307750829e-09,2.7240257417633e-09,2.66227146974245e-09,2.68064173105591e-09,2.31633420076975e-09,2.30060096688984e-09,2.22371664224565e-09,2.09303961736395e-09,1.96271682023544e-09,1.85274968309565e-09,1.83881333511128e-09,1.84744966738675e-09,1.82988248510987e-09,1.80368239852238e-09,1.90599128096421e-09,1.69568353951389e-09,1.68090538872935e-09
156,"CHN","China",8.90266502870736e-09,8.28120120624754e-09,7.64635041831505e-09,7.30155746911278e-09,7.07939900113532e-09,6.70032596340214e-09,6.19928527049864e-09,5.53864562423078e-09,5.10209220824529e-09,4.73822954750624e-09,4.42576244208442e-09,4.29337162557127e-09,3.98036612389623e-09,3.74638067244531e-09,3.52431742954407e-09,3.29822892500206e-09,2.9953984685977e-09,2.82596189693678e-09,2.70851264457772e-09,2.58751570071501e-09,2.58739013517778e-09,2.44599367330244e-09,2.48787125067633e-09
170,"COL","Colombia",7.61802901312103e-09,7.65698185326384e-09,7.52348404134771e-09,7.34286642744232e-09,6.99555630932977e-09,6.7433175742075e-09,6.36261559641646e-09,6.10434551955174e-09,5.98961718623671e-09,6.02017419996549e-09,5.93012260390495e-09,5.42204153915656e-09,5.08279384906867e-09,4.86670999014466e-09,4.64181173830108e-09,4.41896992038709e-09,4.40173366427936e-09,4.44369372979702e-09,4.5013943070552e-09,4.51232835679637e-09,4.82106949965936e-09,4.42211145141573e-09,4.13838695369009e-09
174,"COM","Comoros",8.45902764855902e-09,8.64770146757964e-09,8.69978052805081e-09,8.45965887503037e-09,8.53917910672453e-09,8.4777621646318e-09,8.655132704548e-09,8.24971452586735e-09,8.52890228823856e-09,8.47032266861837e-09,8.51466026120242e-09,8.56291610009536e-09,8.58129388027348e-09,8.39396778463133e-09,8.44059107348967e-09,8.51869738161124e-09,8.28699488651846e-09,8.18500434857393e-09,7.97553888858283e-09,7.91437568322523e-09,8.04536684566057e-09,8.02974131754602e-09,7.9161263049869e-09
184,"COK","Cook Islands",NA,NA,NA,NA,NA,NA,NA,NA,NA,NA,NA,NA,NA,NA,NA,NA,NA,NA,NA,NA,NA,NA,NA
188,"CRI","Costa Rica",3.11867606751726e-09,2.99415356699018e-09,2.87654834592339e-09,2.75750202374652e-09,2.6578104122478e-09,2.42422957832527e-09,2.18191082891072e-09,2.17246150997038e-09,2.16908035343582e-09,2.2155456732018e-09,2.15474857964266e-09,2.11360484513478e-09,2.00335615965575e-09,2.00085619128181e-09,1.93240817059447e-09,1.90742733752341e-09,1.89251830422926e-09,1.87654691315195e-09,1.89643960356094e-09,1.88946442680536e-09,1.86525274198993e-09,1.68481535894933e-09,1.64161345596545e-09
384,"CIV","Cote d'Ivoire",5.18193219120111e-09,5.44353002288117e-09,5.94516288878916e-09,6.25597830917693e-09,5.95488335862588e-09,6.58352924427607e-09,6.43295437742419e-09,6.42165122968614e-09,6.05842283156781e-09,5.69881095137208e-09,5.52359776833859e-09,6.29225952175699e-09,6.04575284059846e-09,5.7279670714305e-09,5.12418414821597e-09,4.88562394343249e-09,4.95193813436087e-09,4.46048862271199e-09,4.21475294586278e-09,3.97173842278191e-09,3.96982296936989e-09,3.75803153823778e-09,3.58481934134109e-09
191,"HRV","Croatia",1.77027617555883e-09,1.82340267990757e-09,1.7342569063754e-09,1.70593627355645e-09,1.75949328985174e-09,1.6380617185106e-09,1.67279698819299e-09,1.67341985359316e-09,1.57113527539493e-09,1.7396797005932e-09,1.70441933467875e-09,1.68694246669188e-09,1.60107034657239e-09,1.57823864659259e-09,1.56547575473e-09,1.57467886856874e-09,1.5021257950591e-09,1.42582353857475e-09,1.3089611997513e-09,1.23213531366116e-09,1.31110514055978e-09,1.127094737188e-09,1.021854703304e-09
192,"CUB","Cuba",7.849615471475e-09,7.49903079943926e-09,7.40703001758714e-09,7.17494113911915e-09,6.58898799894045e-09,5.64102305499014e-09,5.1897503343291e-09,4.86566461505816e-09,4.76935996882037e-09,4.91638548719817e-09,4.6250184756157e-09,4.57256360789336e-09,4.43874002213848e-09,4.34322691103478e-09,4.29055192987546e-09,3.9617551664982e-09,3.9852551953164e-09,3.79275797910405e-09,3.72337081349203e-09,3.70141207440405e-09,4.0148128247806e-09,3.91067961747735e-09,3.80428554859747e-09
531,"CUW","Curacao",NA,NA,NA,NA,NA,NA,NA,NA,NA,NA,NA,NA,NA,NA,NA,NA,NA,NA,NA,NA,NA,NA,NA
196,"CYP","Cyprus",9.44723695242791e-10,9.42462077543675e-10,9.37028841322966e-10,8.97265395085381e-10,8.46797041446015e-10,7.89657233559382e-10,7.40398703010384e-10,7.14268139636126e-10,6.95430107788238e-10,7.12944553586882e-10,1.0518209496139e-09,1.03182239386541e-09,1.00713419500778e-09,1.02615646586301e-09,1.03412289425862e-09,1.02041235759295e-09,9.76685645523477e-10,9.44924368452168e-10,9.00142787691331e-10,8.61127450902401e-10,9.26067946226229e-10,8.84397628867136e-10,9.10375531513641e-10
203,"CZE","Czech Republic",1.86619866391838e-09,1.82245434912671e-09,1.76817436498076e-09,1.71780457758267e-09,1.64921105529377e-09,1.50195569568361e-09,1.41279871921665e-09,1.32967491848486e-09,1.2948888691527e-09,1.32893468496951e-09,1.32015606110577e-09,1.291714620489e-09,1.31323148003266e-09,1.26297646565748e-09,1.21017207180598e-09,1.14567574932628e-09,1.1122123892666e-09,1.05998166920152e-09,1.01749289927374e-09,9.78426531994449e-10,1.00637447747127e-09,9.71847439095141e-10,9.59905791402284e-10
180,"COD","Dem. Rep. Congo",2.73425072156917e-08,2.86792267859421e-08,3.08288138721802e-08,3.07928169251616e-08,3.00923579151132e-08,2.83528666869541e-08,2.75878846206073e-08,2.53346208409154e-08,2.4638181818161e-08,2.41459061950163e-08,2.3438102257493e-08,2.19304556096486e-08,2.40746918617196e-08,2.3345195819192e-08,2.19837975880697e-08,2.1300459266863e-08,2.12823079685815e-08,2.15608959168121e-08,1.99366823149511e-08,1.95190334961017e-08,1.94955268069155e-08,1.88429872543496e-08,1.75666473713967e-08
208,"DNK","Denmark",1.43598570671828e-09,1.46224216864797e-09,1.42899190692488e-09,1.40837680520792e-09,1.35343560861229e-09,1.31536456253481e-09,1.25893416881647e-09,1.25100864592042e-09,1.23339745254064e-09,1.25368219796035e-09,1.26966889235291e-09,1.22142214234756e-09,1.20469440438109e-09,1.17279700240221e-09,1.15070301088247e-09,1.12769028531549e-09,1.09545868754242e-09,1.06226250313525e-09,1.03846827165819e-09,1.00502402095743e-09,1.03165586856477e-09,9.66206944512625e-10,9.36339479383964e-10
262,"DJI","Djibouti",NA,NA,NA,NA,NA,NA,NA,NA,NA,NA,NA,NA,NA,1.06999525411621e-08,1.01778278789231e-08,9.51423892494003e-09,9.26871175007494e-09,8.94016224571865e-09,8.53277213200486e-09,8.08447730700822e-09,8.0656374595011e-09,7.80669099224877e-09,7.68656605300186e-09
212,"DMA","Dominica",3.13190101354388e-09,3.13390184470311e-09,3.22510785924949e-09,3.04696136384211e-09,2.98491939714551e-09,2.96546999833021e-09,2.84681212081067e-09,2.71445922004465e-09,2.54574237050642e-09,2.58773986550701e-09,2.59403224497971e-09,2.67074905683127e-09,2.72322294181772e-09,2.75072859468938e-09,2.66045026433398e-09,2.73516127842443e-09,2.6731260104043e-09,2.83792384783043e-09,2.76452749968823e-09,2.65422728346983e-09,3.19625761757234e-09,3.00285687654385e-09,2.83451694803434e-09
214,"DOM","Dominican Republic",3.57094031475249e-09,3.65824588332617e-09,3.63097799467352e-09,3.63255231633036e-09,3.81035926142681e-09,3.42865632595753e-09,3.20901783154028e-09,3.2698208179635e-09,3.25638825788495e-09,3.3395149699797e-09,3.16314183617468e-09,3.12180709033448e-09,3.06207157416586e-09,2.95604384158065e-09,2.802063419517e-09,2.65226388806814e-09,2.53426325414151e-09,2.4667396000485e-09,2.35886828905479e-09,2.26565467384275e-09,2.46141097252763e-09,2.22616721924762e-09,2.14605013067347e-09
218,"ECU","Ecuador",6.8669375814142e-09,6.95417741360551e-09,6.70721452417428e-09,6.64215207490915e-09,6.50675687964764e-09,6.20259803900744e-09,5.94098518591561e-09,5.76372896770845e-09,5.40580803507757e-09,5.65546254537933e-09,5.67546819899179e-09,5.2913478679267e-09,5.03136866036513e-09,4.89657049042807e-09,4.59325568134659e-09,4.43316890919515e-09,4.50920909892323e-09,4.3638610395304e-09,4.17668541717968e-09,4.25211042969677e-09,4.53436006877996e-09,4.29219009413752e-09,4.23579721028268e-09
818,"EGY","Egypt",3.59661096049888e-09,3.57698553737624e-09,3.64464451016845e-09,3.62951129083327e-09,3.58064379491103e-09,3.77161479808377e-09,3.65609790196938e-09,3.45335422768999e-09,3.30817785042663e-09,3.12548337084929e-09,2.81720375765428e-09,2.8228493173213e-09,2.7933606250509e-09,2.61884808953319e-09,2.50409621947749e-09,2.31178228458621e-09,2.25271814264156e-09,2.26952914528547e-09,2.20555930763213e-09,2.04936220837948e-09,1.89372788684644e-09,1.9160504283432e-09,1.79057611512131e-09
222,"SLV","El Salvador",3.74417134551113e-09,3.99308818124958e-09,4.08245481107478e-09,3.96990944853162e-09,3.98409856528422e-09,3.92704032450116e-09,3.87813239484385e-09,3.71725785067008e-09,3.48529982978895e-09,3.49196949608401e-09,3.28749967632323e-09,2.93313730714822e-09,2.99731666328038e-09,2.66892459187562e-09,2.80300165768639e-09,2.71789278408176e-09,2.55592856323987e-09,2.48122722256198e-09,2.31429638667709e-09,2.11765086230497e-09,2.37538084355585e-09,2.11932587026725e-09,2.01523407453012e-09
226,"GNQ","Equatorial Guinea",4.72325932031281e-08,3.15296157670226e-08,2.06453897008328e-08,2.00416300629194e-08,1.77450564380292e-08,1.44579287318277e-08,1.52593602447639e-08,1.43312887265177e-08,1.25038127948441e-08,1.0920857995279e-08,1.24181101888687e-08,1.13997943653025e-08,1.10008743668058e-08,1.07855524193721e-08,1.07684407835142e-08,1.20593457269359e-08,1.20320831067566e-08,1.17008423059724e-08,1.0080720338936e-08,9.39663390345246e-09,9.77143943770828e-09,9.864698613163e-09,8.46967143306405e-09
232,"ERI","Eritrea",3.63489472868569e-08,3.20395446350906e-08,3.11047057794692e-08,3.31027293758979e-08,3.33087528332833e-08,3.29145374476976e-08,3.27906754632881e-08,3.40887211398316e-08,4.28584046647328e-08,3.84485924797668e-08,3.42454221005115e-08,2.84640964260488e-08,2.82799128635897e-08,3.19651806617555e-08,2.47054632939369e-08,3.14918980628107e-08,2.96674724437927e-08,3.31598043293307e-08,2.95052440631301e-08,2.85775912640356e-08,NA,NA,NA
233,"EST","Estonia",3.88432004195787e-09,3.71374103685637e-09,3.52093929721677e-09,3.29540080029437e-09,3.12883548551685e-09,2.80295476533859e-09,2.47370255569341e-09,2.41918760261331e-09,2.62580078136314e-09,3.04618005331274e-09,3.0312376949405e-09,2.82598408089164e-09,3.18084045343689e-09,3.13511700919764e-09,3.19314576693306e-09,3.13505261354228e-09,2.61176975242274e-09,2.5809942210191e-09,2.40038511506733e-09,2.31385377099075e-09,2.26379069780326e-09,2.03762342515831e-09,1.83615339860446e-09
748,"SWZ","Eswatini",9.87620431107444e-09,9.45558263904154e-09,9.56582059020775e-09,9.40374414924563e-09,9.29468508386827e-09,8.7242362036461e-09,7.86768103342855e-09,7.86806688319063e-09,7.52523237564498e-09,6.92577605048578e-09,5.96759982465601e-09,5.33160168978193e-09,5.14038620503714e-09,5.17425122136275e-09,5.22722721294736e-09,5.047913081735e-09,4.95168548681777e-09,4.73701826550451e-09,4.68886110343844e-09,4.25416723728031e-09,4.1683211550728e-09,3.90161109178666e-09,3.75463439006821e-09
231,"ETH","Ethiopia",4.44018318784066e-08,4.29142412168061e-08,4.66145319013033e-08,4.70656208700658e-08,4.22901993857112e-08,3.94910825135657e-08,3.75491748117952e-08,3.66405509238607e-08,3.44042945699468e-08,3.27428824711762e-08,3.03605131181062e-08,2.71449170813951e-08,2.58846559988112e-08,2.40860816758501e-08,2.25837341444157e-08,2.08478785028743e-08,1.95601089259805e-08,1.82710692646648e-08,1.74098285146862e-08,1.70701784429039e-08,1.68523100267176e-08,1.54863293258644e-08,1.51810121170092e-08
234,"FRO","Faeroe Islands",NA,NA,NA,NA,NA,NA,NA,NA,NA,NA,NA,NA,NA,NA,NA,NA,NA,NA,NA,NA,NA,NA,NA
238,"FLK","Falkland Islands",NA,NA,NA,NA,NA,NA,NA,NA,NA,NA,NA,NA,NA,NA,NA,NA,NA,NA,NA,NA,NA,NA,NA
242,"FJI","Fiji",4.95742543678468e-09,4.93596471350652e-09,4.64835397024239e-09,4.60233069346418e-09,4.38218623264054e-09,4.38598969056258e-09,4.32864591933613e-09,4.37709396641551e-09,4.37712851738128e-09,4.40459374123145e-09,4.28921357629165e-09,4.16550446660985e-09,4.12870710200598e-09,4.0027277553004e-09,2.47903272259577e-09,2.35393431186519e-09,2.3335020860845e-09,2.31676467905901e-09,2.27255836017099e-09,2.50786892055765e-09,2.82340377316458e-09,2.79801368937447e-09,2.48141242868031e-09
246,"FIN","Finland",3.61257875600755e-09,3.53484638593923e-09,3.34558841786298e-09,3.39359327809791e-09,3.70513521567068e-09,3.24315451867583e-09,3.43672016560069e-09,2.63043708726365e-09,2.59840939164126e-09,2.77212552103186e-09,2.74749888096193e-09,2.62771694339998e-09,2.9141730303581e-09,2.80683705948115e-09,2.69498760151628e-09,2.5144076842684e-09,2.0518249255269e-09,2.01124713987122e-09,1.95084888140455e-09,1.88996750385682e-09,1.88210189593852e-09,1.65233423391517e-09,1.5061021079614e-09
250,"FRA","France",1.30154927696003e-09,1.2721808504788e-09,1.23786682610656e-09,1.20789371154846e-09,1.16306192882264e-09,1.13263179121094e-09,1.09442348502741e-09,1.0685148189466e-09,1.06579761099427e-09,1.07500874641697e-09,1.05080422015604e-09,9.99694897694116e-10,9.85896695768933e-10,9.80247269277366e-10,9.60447239131651e-10,9.36009150211477e-10,9.29295746657889e-10,8.98421724833514e-10,8.72099532738286e-10,8.49855060248211e-10,9.00572583565533e-10,8.36540694507524e-10,7.9964781172565e-10
258,"PYF","French Polynesia",NA,NA,NA,NA,NA,NA,NA,NA,NA,NA,NA,NA,NA,NA,NA,NA,NA,NA,NA,NA,NA,NA,NA
266,"GAB","Gabon",3.35617873151853e-08,3.36780417854329e-08,3.27492570443619e-08,3.54257977285209e-08,3.27002260033129e-08,2.95665421506521e-08,2.58197092967906e-08,2.05479053132245e-08,2.29913611421314e-08,2.20923769403082e-08,2.07151742506249e-08,1.92636222750586e-08,1.81509678863479e-08,1.65364452143214e-08,1.58524189726034e-08,1.59556431715317e-08,1.54990769576166e-08,1.43611800273476e-08,1.29936835265594e-08,1.41664673462974e-08,1.38355958449011e-08,1.25532562393608e-08,1.17931534704509e-08
270,"GMB","Gambia",1.11302809733053e-08,9.82509174980253e-09,1.0122480444516e-08,1.02356222993727e-08,1.03321652522549e-08,1.09609825046608e-08,1.14631086559408e-08,1.11530850366988e-08,1.18118481673914e-08,1.38672993735288e-08,1.39966932104413e-08,1.21314126372699e-08,1.25840715271799e-08,1.29255208738723e-08,1.35462223347053e-08,1.42754919526873e-08,1.28840016236009e-08,1.2225863816343e-08,1.09132691542191e-08,1.10775687172282e-08,1.11645895336727e-08,1.07625721026792e-08,1.03270622864472e-08
268,"GEO","Georgia",6.0828606902425e-09,5.80395437480103e-09,5.59295209763684e-09,5.15787080034117e-09,4.83697906903551e-09,4.37869239601911e-09,3.90569615821846e-09,3.44085829298454e-09,3.05418533274981e-09,3.14108577594568e-09,2.98345257303062e-09,2.80314233973304e-09,2.77774851371827e-09,2.77232009876105e-09,2.69854603967305e-09,2.40642490172881e-09,2.33845902186251e-09,2.21070883680947e-09,2.05211131461843e-09,1.88298744354498e-09,2.00028209714581e-09,1.84559738020701e-09,1.67615914640636e-09
276,"DEU","Germany",1.04556554131866e-09,9.86475600738533e-10,9.63302800077936e-10,9.44787778702095e-10,9.06022531573918e-10,8.82887121939279e-10,8.21197357001653e-10,7.81976594773232e-10,7.64316952468842e-10,7.77936453048351e-10,7.38918776502125e-10,6.9849246772735e-10,6.90595228844859e-10,6.82621887691285e-10,6.58150716135395e-10,6.4129719974116e-10,6.15604715406137e-10,5.9953577112844e-10,5.82422829953602e-10,5.49527071542237e-10,5.4974534645965e-10,5.35673277664161e-10,5.12954620859209e-10
288,"GHA","Ghana",7.07651293980589e-09,6.28912828280326e-09,6.03530546270117e-09,6.02787161875252e-09,5.708211760681e-09,5.8815213472812e-09,5.52775016747483e-09,5.25843061373575e-09,5.55696625105905e-09,5.11821773128657e-09,4.80674187270271e-09,5.06503184506334e-09,4.6089989979237e-09,4.68896146270017e-09,4.6813408453007e-09,4.7416784062433e-09,4.52161922887209e-09,4.75222980457226e-09,4.55695359843344e-09,4.64050006821178e-09,4.8352131951981e-09,4.4380854948459e-09,4.40737243989317e-09
300,"GRC","Greece",1.62317719016295e-09,1.48861455297559e-09,1.46177537763446e-09,1.40113331044624e-09,1.36532840327942e-09,1.37819797630294e-09,1.31937217396158e-09,1.2847662584288e-09,1.28184485989533e-09,1.30161348244649e-09,1.33702079142788e-09,1.46131601709121e-09,1.55998694367117e-09,1.49859399571302e-09,1.4425438861806e-09,1.39305671486333e-09,1.32758244592697e-09,1.30673872016536e-09,1.23733574874073e-09,1.17993204619783e-09,1.23461083609432e-09,1.12585675256237e-09,1.0539859395543e-09
304,"GRL","Greenland",NA,NA,NA,NA,NA,NA,NA,NA,NA,NA,NA,NA,NA,NA,NA,NA,NA,NA,NA,NA,NA,NA,NA
308,"GRD","Grenada",1.46530722080862e-09,1.49557618788421e-09,1.45413887966629e-09,1.35106125923506e-09,1.35986571409932e-09,1.22060671352338e-09,1.27140345485384e-09,1.20462459212311e-09,1.20635912132784e-09,1.29178874548877e-09,1.2843885649319e-09,1.28160570026489e-09,1.30362571592034e-09,1.28056500302218e-09,1.20580297038044e-09,1.14484297700477e-09,1.10938197416583e-09,1.07335575844334e-09,1.03915642784649e-09,1.02158725549565e-09,1.19067745325699e-09,1.14908917435414e-09,1.10271953133301e-09
320,"GTM","Guatemala",5.00450712262999e-09,5.03312579703112e-09,5.14685078829132e-09,5.0183617741262e-09,4.98377980595173e-09,5.03152401015831e-09,4.85192516702644e-09,4.80773076499688e-09,4.8125482736407e-09,4.98640877081201e-09,4.99001487465394e-09,4.85478217384651e-09,4.8303966176673e-09,4.77001153706687e-09,4.71517336654292e-09,4.66419811781981e-09,4.68114389663337e-09,4.66078658865809e-09,4.58668532831078e-09,4.49978904186278e-09,4.68088144061551e-09,4.40606883113151e-09,4.30725863255443e-09
831,"GGY","Guernsey",NA,NA,NA,NA,NA,NA,NA,NA,NA,NA,NA,NA,NA,NA,NA,NA,NA,NA,NA,NA,NA,NA,NA
324,"GIN","Guinea",2.4199127802849e-08,2.41003658766995e-08,2.46143434520435e-08,2.48266775290059e-08,2.45740405355304e-08,2.5877755560056e-08,2.61176499866712e-08,2.50733166232213e-08,2.48390974364571e-08,2.59456620099675e-08,2.86351034411679e-08,2.8553557941484e-08,2.84591833510286e-08,2.80103714723609e-08,2.76208266953134e-08,2.69381751249742e-08,2.62359059703209e-08,2.41286887326661e-08,2.29117621265357e-08,2.21509336389659e-08,2.15192806975021e-08,2.0795496655105e-08,2.04233584702049e-08
624,"GNB","Guinea-Bissau",2.47879114427194e-08,2.66684590155771e-08,2.75546194569728e-08,2.77787343101299e-08,2.67088018138067e-08,2.5793271339516e-08,2.68571405699508e-08,2.62601900770221e-08,2.50385707558974e-08,2.55201551253309e-08,2.53726105329884e-08,2.34747302954534e-08,2.54052692899531e-08,2.47412513651459e-08,2.40636631202226e-08,2.38561007158596e-08,2.24500949063709e-08,2.14796179890442e-08,2.1684256512226e-08,2.09652374547979e-08,2.17558180278176e-08,2.09328644743884e-08,2.04297900650117e-08
328,"GUY","Guyana",9.83346507913157e-09,9.96789581502768e-09,9.09040301444547e-09,1.03043368421875e-08,9.45284478501893e-09,9.10252359833375e-09,8.4343207532301e-09,8.0775096069292e-09,8.39304466688123e-09,8.36956699113953e-09,8.29534150113805e-09,8.22169355435446e-09,7.96926240638262e-09,8.38731003492922e-09,8.92394585285933e-09,9.11756199720808e-09,7.47901739750136e-09,7.8437219971626e-09,7.32501044415106e-09,7.24580744796986e-09,5.20660096794955e-09,3.76411220041443e-09,2.45362156671618e-09
332,"HTI","Haiti",1.10751999912552e-08,1.14342520196067e-08,1.1474046419227e-08,1.12799298220383e-08,1.16249657603086e-08,1.15425160444336e-08,1.15272312751e-08,1.12922772825326e-08,1.12067910848552e-08,1.08113392711343e-08,1.17005469563621e-08,1.13956894743521e-08,1.15674559783507e-08,1.12132143813069e-08,1.09592696670641e-08,1.09280466763262e-08,1.0969406534519e-08,1.0758318843293e-08,1.06384212058089e-08,1.09688942603351e-08,1.1284318529443e-08,1.15515917145413e-08,1.18108872216769e-08
336,"VAT","Holy See",NA,NA,NA,NA,NA,NA,NA,NA,NA,NA,NA,NA,NA,NA,NA,NA,NA,NA,NA,NA,NA,NA,NA
340,"HND","Honduras",7.62590644313305e-09,7.67600668855222e-09,7.98872210154846e-09,8.6379580909058e-09,8.13119724430911e-09,8.05064485174599e-09,7.49917657830781e-09,7.21850528452794e-09,7.10045934031892e-09,7.5849156732407e-09,7.41090332967701e-09,7.30367791557378e-09,7.08262969644222e-09,7.06809708320211e-09,6.98776589496466e-09,6.83320139043734e-09,6.63712864486453e-09,6.2542741277699e-09,6.22468241275835e-09,6.09958029627889e-09,6.89672881781118e-09,6.09364757926209e-09,5.92654838219901e-09
344,"HKG","Hong Kong",6.77551689439426e-10,6.77881540611985e-10,6.66834131780953e-10,6.47058147380872e-10,6.06092416022099e-10,5.7111309700384e-10,5.39865348293963e-10,5.12979562359305e-10,5.05178277899149e-10,5.20873582369474e-10,4.93400763517481e-10,4.76025250188731e-10,4.70666990208367e-10,4.61552437173757e-10,4.51599663765305e-10,4.43464749742038e-10,4.41061142166461e-10,4.29450883479962e-10,4.21958593259522e-10,4.31370673960329e-10,4.66363382919545e-10,4.42633377371342e-10,4.63230538807279e-10
348,"HUN","Hungary",2.0183270385505e-09,1.88113800889433e-09,1.77284106481113e-09,1.68564823451846e-09,1.56718784148264e-09,1.55139437401299e-09,1.48859228505312e-09,1.44551216423918e-09,1.37713884595622e-09,1.44550888002198e-09,1.38517064586015e-09,1.34374098909158e-09,1.34856763116566e-09,1.28877953887993e-09,1.17520204996514e-09,1.10735284311724e-09,1.05099973378826e-09,1.00794074682627e-09,9.56642256459107e-10,9.05997625910852e-10,9.49041903886338e-10,8.63857021226191e-10,8.31900065666189e-10
352,"ISL","Iceland",1.86666383828097e-09,1.80286843585027e-09,1.76827775649145e-09,1.72316914047873e-09,1.60588622199081e-09,1.65332265385805e-09,1.56826657186827e-09,1.40955457270367e-09,1.36719511311773e-09,1.44204471432474e-09,1.49071089833145e-09,1.41165186822614e-09,1.33886345307901e-09,1.26209648100594e-09,1.28353643885462e-09,1.28118435201039e-09,1.19975813865245e-09,1.14622129574318e-09,1.1077625308244e-09,1.00969713061761e-09,1.12551562885776e-09,1.07370362349957e-09,9.99181433825389e-10
356,"IND","India",9.83675119088069e-09,9.45409731674098e-09,9.04018072255289e-09,8.53774174046399e-09,8.02687281260259e-09,7.59866513371237e-09,7.15608434604181e-09,6.78535587174453e-09,6.71651401443644e-09,6.24771406044636e-09,5.81578258461241e-09,5.58067444884115e-09,5.30916391857815e-09,4.84464201786081e-09,4.55566529864493e-09,4.26025912072083e-09,3.97405332544101e-09,3.757429870643e-09,3.5863791330901e-09,3.45270965601201e-09,3.70131414266086e-09,3.46861491303838e-09,3.29132465734414e-09
360,"IDN","Indonesia",6.9555408652605e-09,6.75111661973697e-09,6.49112199586295e-09,6.26820583022472e-09,6.05860001533195e-09,5.82463539690947e-09,5.76477796744013e-09,5.49725785361738e-09,5.30743187546472e-09,5.30055018590917e-09,5.13968047346782e-09,5.49900130526223e-09,5.36357505712712e-09,5.03920602396037e-09,4.91891253383725e-09,4.57580791559857e-09,4.39284473368893e-09,4.45730493211113e-09,4.56654604079e-09,4.4734234457403e-09,4.37611656236935e-09,4.25065491451336e-09,4.3288711489734e-09
364,"IRN","Iran",6.84932416814781e-09,6.31091955409132e-09,5.93921082215305e-09,6.47972499668603e-09,6.19936975692198e-09,6.37119205183042e-09,6.41396423653936e-09,5.77969136835707e-09,5.76522891380284e-09,5.86576168543642e-09,5.75518317154793e-09,5.64964226967866e-09,5.48717330440144e-09,5.58100840340381e-09,5.41924054700262e-09,5.63719560412455e-09,6.03860261314293e-09,6.11842666268948e-09,6.21958709450358e-09,5.75787013150636e-09,5.36591522666377e-09,5.41210995412996e-09,5.38533784442841e-09
368,"IRQ","Iraq",1.11452165901696e-08,1.11340749252281e-08,1.09898334150803e-08,1.68811162634021e-08,1.27383625368938e-08,1.19275063935052e-08,1.16695343185162e-08,1.08948583285619e-08,1.07118631131878e-08,1.16101087312231e-08,1.20456628515381e-08,1.22550114928263e-08,1.19688515816748e-08,1.11501698732302e-08,1.16905769182474e-08,1.21525045572724e-08,1.31388979046361e-08,1.36354005145307e-08,1.35319646210573e-08,1.33387579620036e-08,1.33847038410053e-08,1.31760747479369e-08,1.33880338078804e-08
372,"IRL","Ireland",3.92817727355814e-09,3.76104270318374e-09,3.51760889996577e-09,3.47584019189277e-09,3.06990628123481e-09,2.82412309136415e-09,2.70978962203268e-09,2.4601294094727e-09,2.51251346258948e-09,2.59754733810526e-09,2.4891583005075e-09,2.4604676041293e-09,2.52951709710691e-09,2.54144544187547e-09,2.36495252910567e-09,1.93713723909793e-09,2.01244861694607e-09,1.87820754864496e-09,1.57329778779364e-09,1.48978143566838e-09,1.40081601031003e-09,1.25836899471555e-09,1.10658556239864e-09
833,"IMN","Isle of Man",NA,NA,NA,NA,NA,NA,NA,NA,NA,NA,NA,NA,NA,NA,NA,NA,NA,NA,NA,NA,NA,NA,NA
376,"ISR","Israel",1.14261250946646e-09,1.16480827057721e-09,1.17655221327697e-09,1.18091521596553e-09,1.22009407790516e-09,1.1669514352526e-09,1.17655544099559e-09,1.15164097536162e-09,1.14387327143874e-09,1.10964939105385e-09,1.10358381726007e-09,1.11417684665035e-09,1.0296536574948e-09,1.13132697658483e-09,1.14715618806086e-09,1.15738248100945e-09,1.15281933954046e-09,1.14045165163058e-09,1.11262031601089e-09,1.06017153864824e-09,1.24432089189001e-09,1.25896375814163e-09,1.24164379163361e-09
380,"ITA","Italy",8.97379840240397e-10,8.32192677749404e-10,8.42057111672997e-10,8.20965073325233e-10,7.78007268530316e-10,7.67798506684647e-10,7.42805179346146e-10,7.31920980211773e-10,7.27602241530258e-10,7.64146924999029e-10,7.47321274772085e-10,6.988829535768e-10,7.2844997845934e-10,7.21498516756093e-10,6.96793111714971e-10,6.7913824074787e-10,6.70466012745238e-10,6.63439725190616e-10,6.65226372581183e-10,6.58110144715231e-10,7.35943397226815e-10,6.79837232657048e-10,6.47980587476651e-10
388,"JAM","Jamaica",2.00347343222679e-09,1.98086334908955e-09,1.94597421947713e-09,1.94486476333002e-09,1.84149012108757e-09,1.77733943585057e-09,1.43044628616602e-09,1.36441892992178e-09,1.36847609201655e-09,1.40834608027367e-09,1.40654580693908e-09,1.41227533205547e-09,1.42845436163498e-09,1.42480797588735e-09,1.41136165024336e-09,1.3838694024138e-09,1.37229995779058e-09,1.35875153289625e-09,1.34054873880191e-09,1.29400120152676e-09,1.42078192346119e-09,1.3619811481619e-09,1.31061629394632e-09
392,"JPN","Japan",3.34249961269196e-10,3.22153842775002e-10,3.13373917937446e-10,3.02250396723514e-10,2.93701224244997e-10,2.84404867546551e-10,2.78536296147119e-10,2.7247447926276e-10,2.67797637028563e-10,2.75424118831297e-10,2.64581774867785e-10,2.58367194337414e-10,2.48795278889717e-10,2.4192177902618e-10,2.33298873291642e-10,2.23873713071371e-10,2.20266556913326e-10,2.16637165690604e-10,2.07699541425982e-10,2.06642415929542e-10,2.11917940797253e-10,2.05533862256554e-10,2.0152195857874e-10
832,"JEY","Jersey",NA,NA,NA,NA,NA,NA,NA,NA,NA,NA,NA,NA,NA,NA,NA,NA,NA,NA,NA,NA,NA,NA,NA
400,"JOR","Jordan",2.22393465836707e-09,2.16133749946341e-09,2.1032578549142e-09,2.07691657329858e-09,1.98387646250033e-09,1.91632698156657e-09,1.86376603560495e-09,1.83495735858107e-09,1.89428497734559e-09,1.80367364286963e-09,1.8479700986399e-09,1.94074090514702e-09,1.98713653285131e-09,2.02666655724693e-09,2.05834391932636e-09,2.13571371432336e-09,2.18771567948897e-09,2.16540533423953e-09,2.16453129535626e-09,2.23511191199102e-09,2.34135075964839e-09,2.34891359570584e-09,2.33908043164712e-09
398,"KAZ","Kazakhstan",8.04233818676024e-09,7.25858394431254e-09,7.60758863105409e-09,7.00828431795103e-09,6.96378616226066e-09,6.5875757026373e-09,6.4196899897043e-09,5.89503213012366e-09,6.28379377998998e-09,6.14592236692816e-09,6.20018878110782e-09,5.69051643912895e-09,5.61350129980124e-09,5.27100942014663e-09,5.08229936968702e-09,4.48228353040359e-09,4.54957546548158e-09,5.01702875830748e-09,4.7980123465141e-09,4.52990741874042e-09,4.56196732739097e-09,4.27310917817449e-09,4.17967202415224e-09
404,"KEN","Kenya",1.04010358840683e-08,1.02113040970547e-08,1.05319058144384e-08,1.06886384717996e-08,1.07779888040077e-08,1.00948032217383e-08,9.48113715949985e-09,1.20474268057594e-08,1.22354268612286e-08,1.16347532750939e-08,1.08960373445002e-08,1.06105539898111e-08,1.02056243907649e-08,9.8322118895626e-09,9.52363570058386e-09,9.27795611987071e-09,9.44388989412755e-09,8.81062040880725e-09,8.60862352717832e-09,9.04288751191239e-09,9.96582866198914e-09,8.66642744646262e-09,8.49331309942557e-09
296,"KIR","Kiribati",3.8679632768244e-09,3.97552657785139e-09,3.99049636967612e-09,3.94861848166483e-09,4.05655402462075e-09,3.94115148952353e-09,4.02925543005862e-09,4.03333928167057e-09,4.1905217258453e-09,4.23264031050945e-09,4.38239182472137e-09,4.38151262394996e-09,4.29591485853709e-09,4.22019336526976e-09,4.36394831873962e-09,4.08978596041957e-09,4.21502392725667e-09,4.29994122452462e-09,4.13086033482685e-09,4.30413356241009e-09,4.41835775967897e-09,4.21211562761849e-09,4.22341135054364e-09
689,"XKX","Kosovo",NA,NA,NA,NA,NA,NA,NA,NA,NA,NA,NA,NA,NA,NA,NA,NA,NA,NA,NA,NA,NA,NA,NA
414,"KWT","Kuwait",8.70601488550341e-09,8.1816732255378e-09,8.03702663909016e-09,8.29655635422918e-09,7.52588345671592e-09,7.28574174591244e-09,6.83250708960505e-09,6.07640556645577e-09,5.77469230527073e-09,5.71505505121127e-09,5.85380570756414e-09,5.96177821915423e-09,6.02888894005484e-09,6.00845382606818e-09,5.93068078054458e-09,6.03835635523286e-09,6.05148240643927e-09,6.05986242696888e-09,6.05785213888222e-09,6.18665389202981e-09,6.6832994021906e-09,6.59700682501938e-09,6.62237540704122e-09
417,"KGZ","Kyrgyzstan",1.03436415804969e-08,9.94691519987701e-09,1.01375369662828e-08,9.53048219278589e-09,8.90476131886637e-09,9.08561095379964e-09,8.49173515728176e-09,7.9710037108555e-09,7.7163365526905e-09,7.94103698317479e-09,8.2002911782104e-09,7.99032112351716e-09,8.12298397624411e-09,8.04083866495507e-09,8.528170930522e-09,8.34971106064537e-09,8.23711387796171e-09,8.15206876092628e-09,8.25736024650308e-09,7.83526685704959e-09,8.74657110441367e-09,8.32931839648237e-09,7.98090181836393e-09
418,"LAO","Laos",1.64122163106248e-08,1.60162467535383e-08,1.54143058772819e-08,1.48641544525165e-08,1.449516669237e-08,1.3387760457334e-08,1.24593730606992e-08,1.20362309626809e-08,1.15476787742467e-08,1.12073295511558e-08,1.08546614594927e-08,9.83325037110608e-09,9.72458276774399e-09,9.02821987169688e-09,8.559830013257e-09,8.22906617215851e-09,8.11271552089237e-09,7.56978380993716e-09,7.03138476210276e-09,6.84434729743072e-09,7.1268387647562e-09,7.07123310112612e-09,7.03522815211993e-09
428,"LVA","Latvia",2.36390215334226e-09,2.25695109929425e-09,2.14183357195559e-09,2.0228552659877e-09,1.9021530928404e-09,1.7926741698121e-09,1.67752313637315e-09,1.58471820175399e-09,1.51250915543235e-09,1.77267288463268e-09,1.79454488373782e-09,1.81756632025746e-09,1.75335891856553e-09,1.71482438844563e-09,1.67886871608869e-09,1.60278655922818e-09,1.55271545845253e-09,1.49395313957496e-09,1.40552550481869e-09,1.35347822417905e-09,1.3598678855378e-09,1.2951820174994e-09,1.25548416604384e-09
422,"LBN","Lebanon",1.42367828378648e-09,1.42194418412242e-09,1.43428837668113e-09,1.45028927624783e-09,1.41343109107954e-09,1.42299488317203e-09,1.42641028258412e-09,1.32114152648374e-09,1.23112510174223e-09,1.14721498075861e-09,1.09373013677964e-09,1.15661370732321e-09,1.1981714660629e-09,1.22188011541636e-09,1.25850043677317e-09,1.29038435878438e-09,1.29845581340248e-09,1.31441036680189e-09,1.33965899703401e-09,1.49956205263827e-09,1.95905443630853e-09,2.14784287324176e-09,NA
426,"LSO","Lesotho",1.88257856625545e-08,1.8037431395326e-08,1.67605892740402e-08,1.64846042675708e-08,1.58681661409918e-08,1.64556686468752e-08,1.53241983208954e-08,1.5036120709362e-08,1.39829303659678e-08,1.43405389504184e-08,1.35590493561303e-08,1.31651064724515e-08,1.24383897148777e-08,1.17102142048973e-08,1.14391149983362e-08,1.10023118703898e-08,1.05326785056224e-08,1.1500918275301e-08,1.09646100632232e-08,1.05176692691307e-08,9.92077945618446e-09,1.08391489267772e-08,1.07563634356141e-08
430,"LBR","Liberia",1.03309903133811e-08,1.0271295841495e-08,1.02175136054594e-08,1.50561839401633e-08,1.51948641152819e-08,1.5053671498564e-08,1.49905343469251e-08,1.39584488362633e-08,1.35760690370621e-08,1.43624160469471e-08,1.34314934256701e-08,1.28834542204876e-08,1.24100010529979e-08,1.17080187575997e-08,1.21886004168833e-08,1.28490880059019e-08,1.3093830676801e-08,1.3024784828846e-08,1.32655050971766e-08,1.43314363752568e-08,1.50560874146584e-08,1.47468214578398e-08,1.41993905875992e-08
434,"LBY","Libya",9.72457522495823e-09,9.09841916913621e-09,8.89254008542556e-09,9.03889176880058e-09,8.52833236938476e-09,8.29112081882307e-09,7.62830555841433e-09,6.83664318727472e-09,6.99553277501639e-09,6.75066692128745e-09,6.86912525864456e-09,5.67107762463938e-09,6.45170460577848e-09,6.23614880878749e-09,5.71511725857361e-09,5.24816507259282e-09,5.22464767518637e-09,5.57511538769838e-09,5.89080001806608e-09,7.16035633016121e-09,5.61855973901641e-09,7.90917883681842e-09,8.7497429510654e-09
438,"LIE","Liechtenstein",NA,NA,NA,NA,NA,NA,NA,NA,NA,NA,NA,NA,NA,NA,NA,NA,NA,NA,NA,NA,NA,NA,NA
440,"LTU","Lithuania",3.48763060687781e-09,3.11898716768923e-09,3.04876082283679e-09,2.72458732613561e-09,2.5874325535586e-09,2.35883463562852e-09,2.19601911396903e-09,2.01241782406053e-09,1.89110429270359e-09,2.15207483257464e-09,2.09014651754371e-09,1.9583941205487e-09,1.8614103349701e-09,1.7384630280083e-09,1.63338492542526e-09,1.60097190511517e-09,1.52887533766579e-09,1.44514454518096e-09,1.31916188397457e-09,1.21272252612255e-09,1.19373646452426e-09,1.1082027288962e-09,9.98516491299265e-10
442,"LUX","Luxembourg",5.49333162019904e-10,5.21752039463245e-10,4.90264026716974e-10,4.60838444396997e-10,4.31987513281884e-10,4.1558473369887e-10,3.91999255519551e-10,3.69538234698119e-10,3.70650840285157e-10,3.83057909882391e-10,3.86426574770447e-10,3.63652649883937e-10,3.45993077030565e-10,3.40240107750128e-10,3.34716102667096e-10,3.16429509085556e-10,3.05856752610362e-10,3.03338780470294e-10,2.8959911829452e-10,2.80216716797679e-10,2.81049783590449e-10,2.62003403264517e-10,2.56677665732348e-10
446,"MAC","Macao",1.25068782381342e-10,1.24229077917501e-10,1.16517975318402e-10,1.08397138475465e-10,8.8203624826676e-11,8.2950933002362e-11,7.4571076717567e-11,6.65840076064895e-11,6.49979766500328e-11,6.57550882030384e-11,5.34965161628658e-11,4.50228749536187e-11,4.23980991369445e-11,3.91371789812701e-11,4.08289691333341e-11,5.35510004237507e-11,5.4757397515627e-11,5.09330008864612e-11,4.795988612424e-11,5.06678393183667e-11,1.11519480553908e-10,9.53021642372104e-11,1.31660135975367e-10
450,"MDG","Madagascar",3.09582244731295e-08,2.81362829004377e-08,3.05137528856096e-08,2.96830487802404e-08,2.7614559750116e-08,2.93675555697849e-08,2.74653023912245e-08,2.72053773973517e-08,2.51706011676878e-08,2.68872754871805e-08,2.69652823063629e-08,2.62166876026679e-08,2.62647510497896e-08,2.46790269724128e-08,2.51196727214878e-08,2.43300691032324e-08,2.41397857132855e-08,2.29053543508819e-08,2.19093031707235e-08,2.20603377656316e-08,2.42493342383904e-08,2.27697567796288e-08,2.16447904909697e-08
454,"MWI","Malawi",1.18045650721962e-08,1.24225841120639e-08,1.25450635446477e-08,1.23363933037167e-08,1.17761460351601e-08,1.18337171138081e-08,1.15764996481549e-08,1.10624996762659e-08,1.0857978706503e-08,1.03448339173671e-08,1.02812931635145e-08,1.01325561531194e-08,1.04126662561177e-08,1.02341918726251e-08,1.00682916600076e-08,1.02448305804469e-08,1.0394754930504e-08,1.03024937920297e-08,1.05687480022561e-08,1.08259058563373e-08,1.1051792195839e-08,1.10930294598901e-08,1.14258454485983e-08
458,"MYS","Malaysia",4.14427230325805e-09,4.12292891782262e-09,4.039875918582e-09,4.13303034087545e-09,4.14209136928469e-09,4.10431843143026e-09,3.92792687869563e-09,3.67602968544225e-09,3.63444364727105e-09,3.5790321105226e-09,3.15903640072192e-09,2.98381342488227e-09,2.84451479010356e-09,2.85060927065565e-09,2.71709478829424e-09,2.62543675445002e-09,2.53910625681672e-09,2.39962284212126e-09,2.33478099289534e-09,2.25812832605602e-09,2.27381875241272e-09,2.27348262647733e-09,2.15406589755275e-09
462,"MDV","Maldives",6.91283118080182e-10,7.39189804673086e-10,7.35910132157054e-10,6.8353056542578e-10,6.87754272235469e-10,8.21478220834043e-10,6.9665322696519e-10,6.75995019875694e-10,6.50804335069515e-10,7.2310090165569e-10,7.11017265759879e-10,6.88893961103283e-10,7.05124584507391e-10,6.89570038507006e-10,6.79117047119365e-10,6.77882351354203e-10,6.62593493987424e-10,6.39229917089151e-10,6.11840975857941e-10,5.95378496960912e-10,9.14040286747406e-10,6.63242914575213e-10,6.0698224267535e-10
466,"MLI","Mali",3.02505002273228e-08,2.61217158878067e-08,2.59952367797258e-08,2.47307714013637e-08,2.63943296998157e-08,2.57343620585594e-08,2.45880225001025e-08,2.47909656139493e-08,2.48235166403627e-08,2.3785920626585e-08,2.38617594941793e-08,2.36443476872517e-08,2.46230685298772e-08,2.47104833275319e-08,2.37016198586096e-08,2.31546163227589e-08,2.37732820606234e-08,2.3176599247601e-08,2.29067651533871e-08,2.23487799894063e-08,2.35157278995574e-08,2.34649724357773e-08,2.34609534152675e-08
470,"MLT","Malta",5.63594049957446e-10,5.76892283078281e-10,5.69817277419565e-10,5.58988675014097e-10,5.51154640380532e-10,5.82590991974816e-10,6.09928207209263e-10,6.05954719973735e-10,6.06574862540074e-10,6.2822665592483e-10,6.13555722474724e-10,6.09979398505684e-10,3.93136328029211e-10,3.6874977278563e-10,3.4877174902478e-10,3.34531118937308e-10,3.2032157349541e-10,2.85825598364018e-10,2.7946991443652e-10,2.67651187870523e-10,2.98079585608643e-10,2.67874060302495e-10,2.51886811784121e-10
584,"MHL","Marshall Islands",1.34955315594949e-09,1.27425581182913e-09,1.24938625924706e-09,1.30741415344487e-09,1.33787835908781e-09,1.3613343150525e-09,1.44155014338694e-09,1.51462423313511e-09,1.8083749223376e-09,1.93287433735304e-09,2.02725189702896e-09,1.88896164946312e-09,1.98944039132863e-09,1.99188541602465e-09,2.0883251991953e-09,2.12232533174953e-09,2.15130497283141e-09,2.1489392666344e-09,2.12826269797855e-09,1.97952076955418e-09,2.07715928373087e-09,2.11808013501946e-09,2.14572706425901e-09
478,"MRT","Mauritania",2.099533497962e-08,2.14335850177748e-08,2.14068930397923e-08,2.05162232084247e-08,1.94311409331167e-08,1.82617305282968e-08,1.64162087294192e-08,1.62442553678587e-08,1.51655208637945e-08,1.60308151781488e-08,1.62953645854257e-08,1.58778590152064e-08,1.56488102175357e-08,1.54034755143904e-08,1.52903144203598e-08,1.48053196563571e-08,1.47181118434392e-08,1.39867878027987e-08,1.3524222260695e-08,1.32168142504463e-08,1.33838559194067e-08,1.33909932178539e-08,1.27678891800326e-08
480,"MUS","Mauritius",1.51262085968503e-09,1.45031971773324e-09,1.41417623634291e-09,1.34124840540731e-09,1.3033554599001e-09,1.26895063053629e-09,1.21562474095426e-09,1.15502695830574e-09,1.1159136007808e-09,1.07528530773583e-09,1.0394311100983e-09,1.00314709909629e-09,9.778381286597e-10,9.46047104068167e-10,9.1117664871414e-10,8.82600175804132e-10,8.53488598783693e-10,8.17581549756097e-10,7.92950529395253e-10,7.74004538596512e-10,9.06300885958457e-10,8.80283183913613e-10,8.13373119908344e-10
484,"MEX","Mexico",3.08634651470596e-09,3.07600812279764e-09,3.10011329573364e-09,3.14048633857283e-09,3.01658035051776e-09,2.98565570674635e-09,2.93842127722611e-09,2.91228773333529e-09,2.93822236989463e-09,3.07630174586999e-09,2.9265190437284e-09,2.87538814507639e-09,2.72848098652268e-09,2.7146505335165e-09,2.63063457777307e-09,2.54676572342889e-09,2.48148934168412e-09,2.42200985041329e-09,2.38589468753953e-09,2.39463765158492e-09,2.62417669595447e-09,2.52656038604958e-09,2.50765808884123e-09
583,"FSM","Micronesia",4.55530209638854e-09,4.45865615672173e-09,4.43440009143228e-09,4.36576523831211e-09,4.53132363932688e-09,4.44065143579368e-09,4.44425373870176e-09,4.58096343441023e-09,4.6940185225422e-09,4.8333381449783e-09,4.72654701643011e-09,4.86355879274418e-09,4.95607987083437e-09,5.28154156011385e-09,5.51766428912528e-09,5.32718209474032e-09,5.38524878172136e-09,5.16745324214882e-09,5.20784808937404e-09,5.24880288987132e-09,5.4205680262443e-09,5.75905071604343e-09,5.87544027849873e-09
498,"MDA","Moldova",5.95750880771172e-09,5.29947268206791e-09,5.16092806368594e-09,4.95906874820182e-09,4.4243393519309e-09,3.91182263389242e-09,3.66781998853353e-09,3.50253967394633e-09,2.91961028061798e-09,3.03497482992511e-09,3.12792601711347e-09,2.98335037344147e-09,2.93409604723272e-09,2.65824269515335e-09,2.55918686883928e-09,2.53680935683051e-09,2.427479740729e-09,2.38716855396105e-09,2.25414081461035e-09,2.04755607457113e-09,2.21308444250284e-09,1.87221650869847e-09,1.9427965903182e-09
492,"MCO","Monaco",NA,NA,NA,NA,NA,NA,NA,NA,NA,NA,NA,NA,NA,NA,NA,NA,NA,NA,NA,NA,NA,NA,NA
496,"MNG","Mongolia",4.25091219845244e-08,3.55577220637758e-08,2.77935057814504e-08,2.61339547127801e-08,2.26124094953289e-08,2.73474221281744e-08,2.80461998155466e-08,2.93226035199825e-08,2.75462615509506e-08,3.27683437602634e-08,3.53350082814156e-08,3.57903478114865e-08,3.12669808398135e-08,2.83727760527748e-08,2.87800789221255e-08,2.74749469588068e-08,3.34291449231175e-08,3.58835511255912e-08,3.435313260284e-08,3.42689650629848e-08,3.3303602316891e-08,2.94393508682452e-08,2.85670085674505e-08
499,"MNE","Montenegro",4.41907913489078e-09,4.27884538181375e-09,4.08262370650108e-09,3.87026105575858e-09,3.62171511324793e-09,3.2098587867329e-09,2.97793251460747e-09,2.9079779682666e-09,2.64685110165101e-09,2.7602083622765e-09,2.76378314031425e-09,2.61204519565075e-09,2.72354376062149e-09,2.6857661175295e-09,2.55680898959336e-09,2.710581961174e-09,2.66712337934303e-09,2.62862969619178e-09,2.49383222252896e-09,2.38899953772611e-09,2.81195721802764e-09,2.45630969004738e-09,2.30052521154927e-09
504,"MAR","Morocco",5.3514398775094e-09,5.04208002962889e-09,4.91282031552112e-09,4.73758589247987e-09,4.71802940435261e-09,4.63455287038115e-09,4.41023127089212e-09,4.33483400428775e-09,4.14987106986076e-09,4.06043431517923e-09,4.03535974302768e-09,3.96021118131923e-09,3.91270394027568e-09,3.86086145802677e-09,3.85127018481708e-09,3.77227816920233e-09,3.78951090690974e-09,3.67710920412579e-09,3.63569209979032e-09,3.63260956655943e-09,3.94948599095014e-09,3.72524809689734e-09,3.7506755399928e-09
508,"MOZ","Mozambique",4.23420064586407e-08,3.98525467701428e-08,4.0410670828396e-08,3.84252552050628e-08,3.61133535744926e-08,3.74273704987365e-08,3.30365165094105e-08,3.15207335932441e-08,2.99335381408781e-08,2.59957051812719e-08,2.60220216207753e-08,2.89238267912664e-08,2.99827053944677e-08,2.98099513693478e-08,2.85065639488978e-08,2.61249657256422e-08,2.47395510975447e-08,2.62130463851887e-08,2.86524945885602e-08,2.53580673711474e-08,2.43394926654839e-08,2.52597817045769e-08,2.48880412218306e-08
104,"MMR","Myanmar",5.07593495120305e-08,4.59347209469903e-08,4.16608925847965e-08,3.81439746169404e-08,3.49471889480482e-08,3.22493970249663e-08,2.99828664008439e-08,2.73272609132907e-08,2.47765634776092e-08,2.26767545451496e-08,2.09599326198483e-08,1.90947805572594e-08,1.78692900273172e-08,1.67348960092049e-08,1.58948236340106e-08,1.58568128911782e-08,1.46304003906189e-08,1.44113391125658e-08,1.11268003253908e-08,1.03841490713466e-08,1.00647176394327e-08,1.2030558526057e-08,1.18141013456909e-08
516,"NAM","Namibia",1.66231323732218e-08,1.5458392224686e-08,1.33617322992178e-08,1.35592043929688e-08,1.2737331507317e-08,1.36461194925398e-08,1.39469939240819e-08,1.24369953586704e-08,1.03374581505902e-08,1.34655348077127e-08,1.18625087348634e-08,1.60615068910246e-08,1.67076020210523e-08,9.23171069989523e-09,8.06795693373739e-09,7.65696917920597e-09,8.1808743354254e-09,8.26578467687815e-09,7.57173269867011e-09,7.14581051215871e-09,1.07527592282619e-08,1.07729457405915e-08,1.04262389044074e-08
520,"NRU","Nauru",NA,NA,NA,NA,2.0103966031263e-09,2.16184108559297e-09,2.34146128572786e-09,2.67871763605747e-09,1.7214329636106e-09,1.86228979147488e-09,1.93824679149438e-09,1.79224545901941e-09,1.39604014731835e-09,1.40562394695669e-09,1.28097427618884e-09,1.3763066474916e-09,1.29146348353984e-09,1.39011635602846e-09,1.2880894675126e-09,1.2446408653803e-09,1.22408459399318e-09,1.20735033284154e-09,1.17948840208366e-09
524,"NPL","Nepal",1.70054323651822e-08,1.6341929093939e-08,1.65527516793379e-08,1.61646842480468e-08,1.56886805313332e-08,1.53487914444368e-08,1.50471629290627e-08,1.46305290229848e-08,1.41947685603341e-08,1.38669073552859e-08,1.33120522718589e-08,1.31104650134328e-08,1.26269272039172e-08,1.23684087779011e-08,1.17825616018489e-08,1.12208974322997e-08,1.12831266573319e-08,1.05566632816493e-08,9.90330268186367e-09,9.37361322243584e-09,9.60112342345652e-09,9.24444021120049e-09,8.75311117310067e-09
528,"NLD","Netherlands",1.60217595767418e-09,1.53986181754391e-09,1.47196355304846e-09,1.41810848140111e-09,1.41578961665388e-09,1.28824154875437e-09,1.22120200627227e-09,1.16526579421939e-09,1.163097373069e-09,1.1839261561064e-09,1.19137320178229e-09,1.12875384532367e-09,1.12554386793155e-09,1.13968695006333e-09,1.0907428413566e-09,1.03189577612648e-09,1.00649325060096e-09,9.31400901718631e-10,8.56089417849418e-10,8.2545448084446e-10,8.15518113347385e-10,7.66615828814053e-10,7.11579846122603e-10
540,"NCL","New Caledonia",NA,NA,NA,NA,NA,NA,NA,NA,NA,NA,NA,NA,NA,NA,NA,NA,NA,NA,NA,NA,NA,NA,NA
554,"NZL","New Zealand",1.03757560769595e-08,1.01867080328707e-08,9.94755917857982e-09,9.4984282359097e-09,9.19239648745676e-09,8.89414762999808e-09,8.77833081809022e-09,8.45599126299215e-09,8.31151858626427e-09,8.44503525335812e-09,8.32295816747962e-09,8.14207546185764e-09,8.07819201797287e-09,7.74692053952481e-09,7.51740707257286e-09,7.08795576296407e-09,6.82835810900246e-09,6.54666855859297e-09,6.27619800889242e-09,6.07993682372726e-09,6.02652208026255e-09,5.73038455344695e-09,5.56590746927097e-09
558,"NIC","Nicaragua",1.36684552681741e-08,1.33719400087356e-08,1.34635298323591e-08,1.36933129981935e-08,1.26919509150322e-08,1.26814117546266e-08,1.23800201754545e-08,1.1820772946637e-08,1.1503246632952e-08,1.20116344090158e-08,1.17648558529586e-08,1.19412350605554e-08,1.16074377320786e-08,1.15638281010435e-08,1.14842856160225e-08,1.13301302615702e-08,1.09176481636799e-08,1.0330044975396e-08,1.10674681858335e-08,1.1758985522517e-08,1.22817013319668e-08,1.1232664445656e-08,1.09007039190397e-08
562,"NER","Niger",4.32409440403023e-08,4.19870333526118e-08,4.14479643282485e-08,4.22954273396401e-08,4.39458617205131e-08,4.24716658452025e-08,4.1535908140648e-08,4.2088080636507e-08,4.07549075510527e-08,4.17525690412758e-08,3.7867739146577e-08,3.83126521322653e-08,3.64698651151962e-08,3.66952249699711e-08,3.59779564628308e-08,3.58337967498812e-08,3.55179525855151e-08,3.53782082834226e-08,3.45577298731154e-08,3.39861182336825e-08,3.45127006081937e-08,3.5375436841702e-08,3.29240873257734e-08
566,"NGA","Nigeria",2.80185833052323e-08,2.645316822907e-08,1.96989244889536e-08,2.02988524014725e-08,1.82924728295572e-08,1.68256599375929e-08,1.49641433077226e-08,1.3417356958125e-08,1.23135157795357e-08,1.09692367535648e-08,1.06933968971705e-08,1.07131439867602e-08,1.05230858736246e-08,9.4716737333365e-09,9.09448129570864e-09,8.83944541960726e-09,8.67946000450728e-09,8.8220438878692e-09,8.784362250221e-09,8.88524154561483e-09,8.32732369222994e-09,7.78679579510751e-09,7.44015330058341e-09
570,"NIU","Niue",NA,NA,NA,NA,NA,NA,NA,NA,NA,NA,NA,NA,NA,NA,NA,NA,NA,NA,NA,NA,NA,NA,NA
408,"PRK","North Korea",NA,NA,NA,NA,NA,NA,NA,NA,NA,NA,NA,NA,NA,NA,NA,NA,NA,NA,NA,NA,NA,NA,NA
807,"MKD","North Macedonia",3.29651469551512e-09,3.31120030577765e-09,3.21831619083338e-09,3.17713691199062e-09,3.06277582895056e-09,2.85894196973755e-09,2.76505996251729e-09,2.59694694343703e-09,2.46221453012023e-09,2.37431716950828e-09,2.44118389511947e-09,2.46628857588859e-09,2.3644912014421e-09,2.24234691221813e-09,2.17376021602407e-09,2.1058173734634e-09,2.02578444889006e-09,2.03786439347168e-09,1.94202455070118e-09,1.78281479374667e-09,1.86827413685515e-09,1.66354310275151e-09,1.61439675669846e-09
578,"NOR","Norway",3.0917029885087e-09,3.11259647807914e-09,3.18637369442756e-09,3.27524225989023e-09,3.1809230548813e-09,2.95536077627804e-09,2.8911406890088e-09,2.83562550278664e-09,2.86463459124825e-09,2.83775707902097e-09,2.73268765892627e-09,2.55847946175219e-09,2.5291007558798e-09,2.44991865372449e-09,2.40694364153442e-09,2.44516754164427e-09,2.40799725455919e-09,2.3677005527665e-09,2.26966979810817e-09,2.14085798085505e-09,2.23853017682959e-09,2.20503467658978e-09,2.16487400077051e-09
512,"OMN","Oman",9.94787803803986e-09,1.06347702248315e-08,1.1150599352716e-08,1.29308978009931e-08,1.23180080884065e-08,1.19094544441494e-08,1.08875435060975e-08,9.87743278199362e-09,9.17473285753829e-09,8.55977803245799e-09,8.50054238888464e-09,8.67447724548497e-09,8.34768230252836e-09,8.36567756083154e-09,8.25895107608137e-09,8.20337239578029e-09,8.06744098636129e-09,7.97864179443656e-09,8.19488454182852e-09,8.41693994760277e-09,8.64486007854893e-09,8.77258113918772e-09,8.966548941064e-09
586,"PAK","Pakistan",9.07651867616559e-09,8.83925426232236e-09,8.91280870952516e-09,8.80280774092961e-09,8.40803063059156e-09,8.11771904775351e-09,8.10315756747653e-09,7.89119454510333e-09,8.01075693243531e-09,7.9704343372016e-09,7.84439926617948e-09,7.89357832343764e-09,7.79294902263548e-09,7.73870020478051e-09,7.61118000750843e-09,7.40270272595636e-09,7.17286430390395e-09,7.02902262725961e-09,6.86197955064648e-09,6.83370018210785e-09,7.11538744904715e-09,6.87189337158954e-09,6.51810012527139e-09
585,"PLW","Palau",9.4519204347363e-09,8.59358378877343e-09,4.59770771016899e-09,5.25310591960864e-09,5.52103405066926e-09,8.39227439284604e-09,8.2947924033674e-09,6.38822187165732e-09,6.98571203460701e-09,9.42155223520634e-09,7.79168650946881e-09,6.58347451578373e-09,7.04849340858216e-09,4.22377920284686e-09,4.07220206549812e-09,4.24478976955389e-09,4.15664112758393e-09,4.49270787566546e-09,4.23322600373561e-09,4.37504604203975e-09,4.91805299998881e-09,5.67467653844862e-09,NA
591,"PAN","Panama",2.7872512785485e-09,3.03319479170493e-09,2.98840042629935e-09,2.86779540676235e-09,2.66716884186781e-09,2.5593254238753e-09,2.38823076470126e-09,2.11804662191275e-09,2.02110410382376e-09,2.02255734643551e-09,1.93599468090763e-09,1.81726740151571e-09,1.66555058289684e-09,1.57698775966628e-09,1.46477630067254e-09,1.35969855708337e-09,1.31182425475414e-09,1.2346454147906e-09,1.21308752548109e-09,1.16733480244707e-09,1.43534848989446e-09,1.24667939592813e-09,1.13188539163422e-09
598,"PNG","Papua New Guinea",6.79011080257249e-09,5.88594543916417e-09,6.62998740292761e-09,6.1387606330078e-09,6.43146428299717e-09,7.65334364137472e-09,8.12369437293747e-09,6.16914445490459e-09,7.41553875117518e-09,4.73209949551456e-09,3.89129650409738e-09,3.86455798195138e-09,3.73433528303094e-09,3.69179747192172e-09,4.73228091024935e-09,5.34635053604595e-09,5.1826657874218e-09,4.97807663938475e-09,4.9088166781332e-09,4.67176792967627e-09,4.24892058524358e-09,4.2994459210676e-09,4.00564617442026e-09
600,"PRY","Paraguay",1.43366743736859e-08,1.53455664456623e-08,1.47491137167639e-08,1.53306178930824e-08,1.37711173796228e-08,1.4044424848878e-08,1.39546203385176e-08,1.43249316633495e-08,1.31616541395248e-08,1.38448234809703e-08,1.30921431761595e-08,1.27750524832873e-08,1.3504263945907e-08,1.27167698076012e-08,1.27532663486673e-08,1.21847288350837e-08,1.15889896801167e-08,1.13462838340834e-08,1.04896959794094e-08,1.08470798472207e-08,1.13451635109081e-08,1.06671005068824e-08,1.06808570369028e-08
604,"PER","Peru",6.17870669204189e-09,6.14076338634291e-09,5.93411180355619e-09,5.80332015408078e-09,5.52917254374505e-09,5.44084398514597e-09,5.05988997703455e-09,4.78540557336691e-09,4.27274763509166e-09,4.33765530919634e-09,4.20935628044918e-09,4.18417249759972e-09,3.94213618812862e-09,3.75282551591251e-09,3.72146930653194e-09,3.60425026568961e-09,3.51931959750895e-09,3.38199464950815e-09,3.27733426894219e-09,3.18158885977412e-09,3.54275150100511e-09,3.12363661236097e-09,3.15722044339774e-09
608,"PHL","Philippines",7.2260095632596e-09,7.09600266230658e-09,6.97642597486169e-09,6.68998442733877e-09,6.42190740081848e-09,6.14237241732154e-09,6.00640147923745e-09,5.72051380304844e-09,5.65855237156878e-09,5.71286992090021e-09,5.28652898234775e-09,5.21133334608962e-09,4.93988543253663e-09,4.67302074168834e-09,4.43688431645746e-09,4.14520109448603e-09,3.94373482077989e-09,3.8286117072881e-09,3.6223194287262e-09,3.40309038100697e-09,3.78401459420927e-09,3.63369232921333e-09,3.40821932286703e-09
616,"POL","Poland",4.10377021366144e-09,3.90916151980604e-09,3.72170242646259e-09,3.41459758281393e-09,3.15178706038777e-09,3.04500381267628e-09,2.85599475028841e-09,2.54525196758627e-09,2.36045575018305e-09,2.13556282710147e-09,2.08577305669071e-09,1.9434047859166e-09,1.9658381435276e-09,1.89757800467521e-09,1.70827703656643e-09,1.59848336414078e-09,1.51565911058239e-09,1.42398251154683e-09,1.35237123759165e-09,1.25503781801823e-09,1.2241644206746e-09,1.16847143962052e-09,1.10693184367467e-09
620,"PRT","Portugal",1.51612374058759e-09,1.42446533662799e-09,1.42290855924269e-09,1.41427357631031e-09,1.34619409973111e-09,1.29285948486781e-09,1.30534727429366e-09,1.25872308352808e-09,1.19022260331659e-09,1.21344954809999e-09,1.16000633651671e-09,1.19817562073658e-09,1.19207924763421e-09,1.16180110925491e-09,1.16214376923424e-09,1.14478666445667e-09,1.14037144693825e-09,1.15168619139819e-09,1.10264051925202e-09,1.08495997451914e-09,1.17103404900621e-09,1.11570693611082e-09,1.06196012455251e-09
634,"QAT","Qatar",2.43723259591787e-08,2.12059357096401e-08,1.99600386091728e-08,2.17762904719586e-08,1.89737783420045e-08,1.68608624741347e-08,1.44076103350293e-08,1.38041049196222e-08,1.31607224762344e-08,1.25612754408107e-08,1.24131234104943e-08,1.28312978924403e-08,1.30559582623113e-08,1.28617029799814e-08,1.20401834836289e-08,1.16969128658514e-08,1.146737338364e-08,1.15217025993898e-08,1.13811598205112e-08,1.13720837934338e-08,1.17203282980506e-08,1.16970113989193e-08,1.12729625873453e-08
178,"COG","Republic of Congo",4.2441378256624e-08,3.88562938928697e-08,2.57065155535479e-08,2.85537247103838e-08,3.00971153096848e-08,3.40649352705239e-08,3.43582608742839e-08,3.12994854478623e-08,2.87760894657159e-08,2.78166318165618e-08,2.78385507706975e-08,2.66176634712668e-08,2.3484430017366e-08,2.16243875444314e-08,2.07575908182028e-08,2.09304811824731e-08,2.32835314477491e-08,2.71692917880054e-08,3.32975725050082e-08,3.40066618148923e-08,3.3627138234486e-08,3.18935498638043e-08,3.22421260391206e-08
642,"ROU","Romania",3.2274753074474e-09,3.01872438883761e-09,2.95455987793285e-09,2.87732694764757e-09,2.58523181870328e-09,2.45046156525604e-09,2.31468598462795e-09,2.1585412598253e-09,1.98133252640873e-09,2.03891238287604e-09,2.1023302818553e-09,1.91425320180948e-09,1.88945480181915e-09,1.86171903959949e-09,1.83807004280805e-09,1.80495200388501e-09,1.72405743673921e-09,1.60102902403838e-09,1.48139980523617e-09,1.42127484102504e-09,1.42909240365638e-09,1.32888401866309e-09,1.26972492708433e-09
643,"RUS","Russia",5.89913301520636e-09,5.74651343436741e-09,5.48855193740273e-09,5.31341010321528e-09,4.99353080275071e-09,4.76269800984953e-09,4.46601053574079e-09,4.17536461602548e-09,4.02527650495174e-09,4.21315869281492e-09,4.23623889090898e-09,4.14562224626757e-09,4.06603440211497e-09,4.02235251529334e-09,3.99295370598984e-09,4.12690481528773e-09,4.19916569788392e-09,4.25520596190026e-09,4.29231049338177e-09,4.29999129785772e-09,4.31448297180594e-09,4.23102937440655e-09,4.27078988329662e-09
646,"RWA","Rwanda",1.74266250872668e-08,1.67330145397771e-08,1.51376394777505e-08,1.56214328608287e-08,1.49694151815355e-08,1.36859597886607e-08,1.3160822486498e-08,1.27299643485253e-08,1.19038438245222e-08,1.14874415117987e-08,1.12309703915235e-08,1.0280667140371e-08,9.63190750517823e-09,9.41293821174255e-09,8.96747578661147e-09,8.84290166096033e-09,8.3007428949168e-09,8.0286071275703e-09,7.66944026122318e-09,7.25531371462916e-09,7.65588322136046e-09,7.07084219348868e-09,6.59892831122463e-09
652,"BLM","Saint Barthelemy",NA,NA,NA,NA,NA,NA,NA,NA,NA,NA,NA,NA,NA,NA,NA,NA,NA,NA,NA,NA,NA,NA,NA
659,"KNA","Saint Kitts and Nevis",1.72453468937591e-09,1.64909840901303e-09,1.65833514303145e-09,1.72623477286453e-09,1.69141651504882e-09,1.54139527646616e-09,1.47575558262827e-09,1.50384935502129e-09,1.39413583868978e-09,1.46007303111298e-09,1.45943120750476e-09,1.41931665192763e-09,1.23148010242098e-09,1.15692856325223e-09,1.05299341169954e-09,1.07518855920463e-09,1.02739672623379e-09,1.03445373143433e-09,1.03462547118309e-09,9.94382192338001e-10,1.16343553904519e-09,1.18169671293098e-09,1.09140143426911e-09
662,"LCA","Saint Lucia",1.44398313897245e-09,1.47972866400975e-09,1.46349878825469e-09,1.39395876743776e-09,1.29049308900317e-09,1.27768664329614e-09,1.19034904612401e-09,1.16215681746427e-09,1.10335282218095e-09,1.12313213666342e-09,1.09893075137028e-09,1.08086378307743e-09,1.08992496848553e-09,1.11623182139299e-09,1.11745290756036e-09,1.11236548179909e-09,1.07549042867473e-09,1.04765292986153e-09,1.01832143950423e-09,9.99630578481682e-10,1.31208597012635e-09,1.16908428614909e-09,1.01676864568495e-09
670,"VCT","Saint Vincent and the Grenadines",1.89673706731745e-09,1.86414746310354e-09,1.78843817892911e-09,1.65862812238864e-09,1.61002540627092e-09,1.58746799092784e-09,1.50683971449232e-09,1.48081485143404e-09,1.48229574084788e-09,1.51811575980687e-09,1.58125232316105e-09,1.64657897836575e-09,1.6196885147822e-09,1.55006807144236e-09,1.53250925307338e-09,1.49098208214099e-09,1.43866484417627e-09,1.40975303606252e-09,1.3798941721609e-09,1.37081835083655e-09,1.4240699230886e-09,1.42727353523501e-09,1.36651847904431e-09
882,"WSM","Samoa",7.90244124748199e-09,7.92840758966947e-09,7.51574376591087e-09,7.2306330402053e-09,7.0775657598107e-09,6.64684735132652e-09,6.51780023091917e-09,6.22528027590112e-09,5.92749315621086e-09,6.14748540556225e-09,6.19951431658386e-09,6.18263524202074e-09,6.55501742510432e-09,6.67170561661595e-09,6.65430238209267e-09,6.76262490259648e-09,5.76161543451244e-09,5.37292565308858e-09,5.07189834147873e-09,4.26828173316644e-09,4.75824658527765e-09,5.53404008849116e-09,5.63377347832063e-09
674,"SMR","San Marino",3.76342719222115e-10,3.46685901163837e-10,3.50250822547823e-10,3.34065228882382e-10,3.04151830478105e-10,2.99869920827486e-10,2.84389834665159e-10,2.68138749820737e-10,2.61196763888408e-10,2.83692178960137e-10,2.96562813161908e-10,3.03574878682129e-10,3.34406411881098e-10,3.30213157677529e-10,3.17192326234926e-10,3.02321564211221e-10,2.9640790767518e-10,3.00184973432667e-10,2.95269415373077e-10,2.77604894902022e-10,2.9111355054384e-10,2.63588756027736e-10,NA
678,"STP","Sao Tome and Principe",NA,4.7826204113995e-09,4.78223946541279e-09,4.55930358011053e-09,4.47267658740506e-09,4.30330432426822e-09,3.99256815507979e-09,3.94811622970235e-09,3.77074167361904e-09,3.76949227831855e-09,3.61628648458709e-09,3.54302088692945e-09,3.45042636046157e-09,3.39434240936087e-09,3.28180201571022e-09,3.25077301996581e-09,3.2096021756731e-09,3.15172380102135e-09,3.12088525650906e-09,3.11142847784656e-09,3.08769779831781e-09,3.09714955037986e-09,3.11253704902845e-09
682,"SAU","Saudi Arabia",2.96329992630394e-09,2.99961761262504e-09,3.0985989458004e-09,3.10809596437139e-09,2.93874555737915e-09,2.99118222871863e-09,3.0018379727641e-09,2.96542261964725e-09,2.91824083809907e-09,2.8583354726355e-09,2.83664563462946e-09,2.73398351358309e-09,2.72712826783961e-09,2.65840154869157e-09,2.61475239551161e-09,2.57939656935823e-09,2.59360234538425e-09,2.60156155928769e-09,2.5914811702869e-09,2.57009081009282e-09,2.64950272745427e-09,2.56742997994714e-09,2.51472044773964e-09
686,"SEN","Senegal",1.32540540457397e-08,1.20276291481603e-08,1.16802677048484e-08,1.06689886039548e-08,1.09457542552213e-08,1.07876702425476e-08,1.11169773374131e-08,1.07181270967093e-08,1.07547972624794e-08,1.08457600955487e-08,1.08002437506844e-08,1.09085059741702e-08,1.03013486946994e-08,1.01370736715921e-08,9.39553001821223e-09,8.83312132756925e-09,8.7400639546067e-09,8.07656887313211e-09,7.56627647500647e-09,7.45120897515829e-09,7.76600016538808e-09,7.27243011189135e-09,7.16059647521585e-09
688,"SRB","Serbia",5.59042774079517e-09,4.97888353686854e-09,4.65397012438067e-09,4.3953775940076e-09,3.92745167615687e-09,3.44798303419491e-09,3.33249602043778e-09,3.15045008243592e-09,2.96329088308787e-09,2.99891230971392e-09,2.98659929480178e-09,2.98257342889449e-09,3.02169284671662e-09,2.99112766409654e-09,2.89207309277272e-09,2.97647259169239e-09,2.87155616834023e-09,2.81246173905684e-09,2.66685943722777e-09,2.60332464301935e-09,2.71435653389358e-09,2.48691318829008e-09,2.41772032991189e-09
690,"SYC","Seychelles",1.12465537323346e-09,1.15688057296693e-09,1.16708120855313e-09,1.24008670631192e-09,1.31595046580017e-09,1.23137479498512e-09,1.14757684543282e-09,1.07429086023945e-09,1.11481493573966e-09,1.153841844066e-09,1.11432380599632e-09,1.02689177693578e-09,1.01401964548031e-09,1.02381804775061e-09,1.00531908428076e-09,9.85464112488465e-10,9.61139300448332e-10,9.50373497559987e-10,9.23741437785071e-10,8.94822409391916e-10,9.94910721711271e-10,9.58516260211384e-10,8.94388283767267e-10
694,"SLE","Sierra Leone",1.92954934902253e-08,2.2297443014947e-08,1.95616131012754e-08,1.96377769396088e-08,2.0256945265242e-08,2.0860495919086e-08,2.29209231216999e-08,1.85259779864685e-08,1.74488258508338e-08,1.77338096936951e-08,1.69625949284649e-08,1.70467786669746e-08,1.64313869420651e-08,1.34958199912777e-08,1.35527086432472e-08,1.64142029648412e-08,1.61130546637268e-08,1.54483485099867e-08,1.6904697181246e-08,1.35091668175381e-08,1.40101067118953e-08,1.55168110402221e-08,1.50630325656776e-08
702,"SGP","Singapore",3.78443939723229e-10,4.32320008678041e-10,4.53110804713926e-10,4.78802399563903e-10,4.76811131478595e-10,4.61581632140988e-10,4.33066809302146e-10,4.09000370256953e-10,3.9285228677122e-10,3.89465332947295e-10,3.87949653680436e-10,3.72364882172453e-10,3.5882113040903e-10,3.92161683310671e-10,3.91904594102204e-10,3.96770328902358e-10,3.65391150740358e-10,3.81280371450001e-10,3.68118540732378e-10,3.77528668772246e-10,3.98413374078862e-10,3.7271945455431e-10,3.51394614515629e-10
534,"SXM","Sint Maarten",NA,NA,NA,NA,NA,NA,NA,NA,NA,NA,NA,NA,NA,NA,NA,NA,NA,NA,NA,NA,NA,NA,NA
703,"SVK","Slovakia",2.62962701971928e-09,2.54676092084033e-09,2.39296396350732e-09,2.30985093717792e-09,2.17426463281954e-09,2.01139181220647e-09,1.90519477295005e-09,1.71128447159672e-09,1.63552290567846e-09,1.68356150781702e-09,1.51970634037666e-09,1.45901923977145e-09,1.39828817122292e-09,1.3687575220731e-09,1.25203281915588e-09,1.24812230611701e-09,1.18665063756558e-09,1.16497987826295e-09,1.11984573110115e-09,1.11530688275661e-09,1.15380049013656e-09,1.1059329779398e-09,1.076681334475e-09
705,"SVN","Slovenia",2.58309570343292e-09,2.53967365259246e-09,2.50738799927308e-09,2.36571696243765e-09,2.21689337359522e-09,2.2481864653121e-09,2.14120292173333e-09,1.90213031379947e-09,1.85134600541979e-09,1.92833694992093e-09,1.80031176007735e-09,1.7559142219683e-09,1.7438965523084e-09,1.70179241348558e-09,1.50940849052596e-09,1.5197833914263e-09,1.54224509824881e-09,1.45813619055199e-09,1.34519322988423e-09,1.28805106476423e-09,1.33340528652345e-09,1.1694302517876e-09,1.09066948371705e-09
90,"SLB","Solomon Islands",5.02160496330252e-09,5.39626275578951e-09,5.66176559523592e-09,5.51019335998116e-09,5.34090645559347e-09,5.15360146090632e-09,5.12997615808679e-09,5.08782506690598e-09,4.98883130979803e-09,4.9425366394579e-09,4.65098122015107e-09,4.48648513788465e-09,4.53861015910696e-09,4.49184727017427e-09,4.57655014902945e-09,4.62989203256346e-09,4.48995596796441e-09,4.48028186441312e-09,4.46422686089479e-09,4.47804746430485e-09,4.74022235374807e-09,4.87345701122796e-09,5.20267106491105e-09
706,"SOM","Somalia",NA,NA,NA,NA,NA,NA,NA,NA,NA,NA,NA,NA,NA,7.46412230529685e-08,6.97312555449359e-08,6.09623445986248e-08,5.66248540059708e-08,5.55790240901376e-08,5.21000198102208e-08,4.91444007852644e-08,4.85407254398708e-08,4.64455491934007e-08,4.45155422613245e-08
710,"ZAF","South Africa",6.02619337794958e-09,5.80888987266793e-09,5.62053370984508e-09,5.60658610194911e-09,5.41509892587863e-09,5.21046589276091e-09,4.88653338569017e-09,4.72797562257673e-09,4.69813174802668e-09,4.7272044677581e-09,4.60208586447275e-09,4.44684825868423e-09,4.43778345991548e-09,4.33015874948978e-09,4.30896370783068e-09,4.18831265557177e-09,4.12225675557686e-09,4.12569159397739e-09,4.02642958608736e-09,4.00182020692831e-09,4.19320494223001e-09,3.92094720000939e-09,3.81768226625596e-09
410,"KOR","South Korea",1.17649536102709e-09,1.11321402542704e-09,9.84174917209405e-10,9.62096399593186e-10,9.29679725654189e-10,9.05770941264372e-10,8.74240406123703e-10,8.32824149109409e-10,7.51620004100573e-10,7.5824169879262e-10,7.21666479044151e-10,7.01672373581675e-10,7.01787652257069e-10,6.85615796943817e-10,6.69530757217103e-10,6.61333537031692e-10,6.47306526959101e-10,6.36987710256511e-10,6.23610475390165e-10,6.09923917713164e-10,6.09731491619777e-10,5.98569549727965e-10,5.87885638693218e-10
728,"SSD","South Sudan",NA,NA,NA,NA,NA,NA,NA,NA,NA,NA,NA,1.0150023261633e-07,2.1343292240458e-07,1.66268115305333e-07,1.66536217577247e-07,1.68339089634748e-07,1.97416478805553e-07,2.00908978553579e-07,2.30087034746529e-07,2.00059001049609e-07,2.40233639496355e-07,2.17381198949735e-07,2.46502453825524e-07
724,"ESP","Spain",1.19857574735906e-09,1.18051472723901e-09,1.1624172810243e-09,1.12875842366411e-09,1.1008324091955e-09,1.06204560938439e-09,1.01439386680293e-09,1.00147930271591e-09,9.593996459825e-10,1.04877721963607e-09,1.01830564001904e-09,1.00926552720108e-09,1.01015329361033e-09,9.82094771758834e-10,9.86512217450216e-10,9.78833806631109e-10,9.44387598446488e-10,9.27950205248717e-10,9.1253033811838e-10,8.79171642853547e-10,9.9732530411363e-10,9.45156493792729e-10,9.01565248016645e-10
144,"LKA","Sri Lanka",3.27946460952134e-09,3.26063114100532e-09,3.17855553835432e-09,3.1040627270354e-09,2.83025943116796e-09,2.8562999281038e-09,2.66610137706032e-09,2.45925619278925e-09,2.50824085070853e-09,2.34910093603552e-09,2.30023953913904e-09,2.08786549218264e-09,1.9396724482575e-09,1.9109584926579e-09,1.64435279204162e-09,1.73155854558246e-09,1.58247731150475e-09,1.3628587960623e-09,1.4495248304313e-09,1.42918828945848e-09,1.55842545258887e-09,1.54301562283133e-09,1.66659739406025e-09
275,"PSE","State of Palestine",NA,NA,NA,NA,NA,NA,NA,NA,NA,NA,NA,NA,NA,NA,NA,NA,NA,NA,NA,NA,NA,NA,NA
729,"SDN","Sudan",1.49653480495361e-08,1.42670028750068e-08,1.39320336140377e-08,1.34894926840026e-08,1.30114762432545e-08,1.25455406850669e-08,1.18301504244849e-08,1.13918880482668e-08,1.10678494199902e-08,1.1533994648585e-08,1.11055169351722e-08,1.12738219944573e-08,1.4127032779195e-08,1.40337681198501e-08,1.34653129864685e-08,1.34349887180172e-08,1.30920366954216e-08,1.31063905727701e-08,1.36316804908764e-08,1.40471541832739e-08,1.48085334845432e-08,1.50313241752503e-08,1.49967691013019e-08
740,"SUR","Suriname",5.08574527309375e-09,5.16143591702891e-09,4.18657147765573e-09,4.40935073518406e-09,4.02446220950084e-09,3.66237764831461e-09,3.55698603375297e-09,3.38401264120099e-09,3.41238996347566e-09,3.72399193098167e-09,3.52090348180269e-09,3.44005479721333e-09,3.24841693564965e-09,3.24549675409085e-09,3.34453688870562e-09,3.39784226678516e-09,3.6319307835682e-09,3.50878190806633e-09,3.2611308035567e-09,3.38598227761795e-09,3.94377356065604e-09,3.99920677674597e-09,3.95764025830735e-09
752,"SWE","Sweden",1.52871837455186e-09,1.49320221157665e-09,1.49321508587515e-09,1.4751969076659e-09,1.45649592934203e-09,1.14304813265971e-09,1.22718503807961e-09,1.16837310107698e-09,1.13521751883038e-09,1.16307880854034e-09,1.08212188666656e-09,1.04861513863566e-09,1.04829603288561e-09,1.00375040875661e-09,9.50545175280955e-10,8.99687127517436e-10,8.85362389566406e-10,8.80421807643258e-10,8.20402677620757e-10,7.36315988237885e-10,7.18780845401189e-10,6.83832352994467e-10,6.62750131939837e-10
756,"CHE","Switzerland",5.19708056822034e-10,5.16276524314808e-10,5.0970429083988e-10,5.00599126587913e-10,4.8291693809822e-10,4.76582225109952e-10,4.60038209191826e-10,4.42700397864632e-10,4.3653478000552e-10,4.22538834009833e-10,4.11222956504725e-10,4.01976483399365e-10,3.9729140922688e-10,3.92164178049609e-10,3.86809510720735e-10,3.80550865818394e-10,3.76355344208888e-10,3.73030357975252e-10,3.64343533610937e-10,3.58562042838801e-10,3.68995494747491e-10,3.58965908894606e-10,3.54935195751481e-10
760,"SYR","Syria",NA,NA,NA,NA,NA,NA,NA,NA,NA,NA,NA,NA,NA,NA,NA,NA,NA,NA,NA,NA,NA,NA,NA
158,"TWN","Taiwan",7.88124144813015e-10,8.53155293539742e-10,8.0728175065007e-10,7.84938661829256e-10,7.47811751200277e-10,7.21467666771202e-10,6.84569847575822e-10,6.77980143564424e-10,6.57572158269083e-10,6.7774152861616e-10,6.2222448446187e-10,5.90919278193951e-10,5.85112440233657e-10,5.85639698166977e-10,5.66747334881833e-10,5.58567880168243e-10,5.53954050598446e-10,5.34458332679677e-10,5.2591862162941e-10,4.88819387952332e-10,4.4006422273051e-10,4.11600474294199e-10,3.96994454177439e-10
762,"TJK","Tajikistan",1.49370167297574e-08,1.37418698518073e-08,1.28024869086573e-08,1.19843100576714e-08,1.14370474521473e-08,1.14079535015549e-08,1.11625208106079e-08,1.08194834339782e-08,1.12576715553204e-08,1.14271845362271e-08,1.09521290858918e-08,1.0508097212491e-08,1.0449110351686e-08,1.00878315040358e-08,9.87458247678648e-09,9.78955355375101e-09,9.45427887202654e-09,9.17370205996609e-09,8.6222632814439e-09,8.17795754410276e-09,8.00545294515552e-09,7.23891481349204e-09,6.87269488801077e-09
834,"TZA","Tanzania",2.72669912686186e-08,2.63233584334799e-08,2.65001626064647e-08,2.6822673761766e-08,2.46155338356333e-08,2.41496498055391e-08,2.20838660166206e-08,2.13687673199852e-08,2.1126293167321e-08,2.04382098605835e-08,2.01465904086845e-08,1.95713277423866e-08,1.90372275715789e-08,1.85991422794645e-08,1.78773964449911e-08,1.76054019179608e-08,1.64741059219734e-08,1.55036437609561e-08,1.49840251608581e-08,1.46970322047197e-08,1.46064901658854e-08,1.42525811845742e-08,1.36913140484862e-08
764,"THA","Thailand",5.39234913863509e-09,5.29107745893687e-09,4.96982693373237e-09,4.85662828488507e-09,4.67280483160951e-09,4.60922762151114e-09,4.45026580285381e-09,4.42291813269326e-09,4.42513341999147e-09,4.5670265926784e-09,4.4959183716339e-09,4.37646671440212e-09,4.15735281512535e-09,4.03924125276185e-09,3.83397086841489e-09,3.53873957557329e-09,3.47305202714664e-09,3.28401956717809e-09,3.06343204002823e-09,2.92207344481052e-09,3.13569002477538e-09,3.21219318711699e-09,3.09908608607134e-09
626,"TLS","Timor-Leste",1.1607109579204e-08,1.27239163120951e-08,1.37283550543662e-08,1.43588612206031e-08,1.76694631273882e-08,2.34283184326592e-08,5.09254891016374e-08,5.16941051824139e-08,5.24942771446771e-08,4.14430844234472e-08,3.6643060156635e-08,3.72664488711299e-08,3.66769876739275e-08,3.33671029932606e-08,2.44160340141405e-08,2.43759696237161e-08,2.0522331604021e-08,1.96575083355838e-08,2.01296325466839e-08,1.5524392030996e-08,1.02796419039116e-08,9.61260448148459e-09,1.0939341111125e-08
768,"TGO","Togo",1.49277547672773e-08,1.43320509536768e-08,1.46023991647475e-08,1.42173735103734e-08,1.41419810866244e-08,1.70989503847559e-08,1.59956169142829e-08,1.58509407530026e-08,1.59830531287226e-08,1.59574919353729e-08,1.52317482845358e-08,1.53962325853209e-08,1.45351598281201e-08,1.44146477905518e-08,1.3232982642005e-08,1.33675506115157e-08,1.27982914266094e-08,1.24586969357622e-08,1.22795837616422e-08,1.20545354257928e-08,1.26243509769225e-08,1.18024328805663e-08,1.13589735833914e-08
776,"TON","Tonga",6.50943747681468e-09,6.27422157225772e-09,6.02139528063893e-09,5.90377554584673e-09,6.04961361819481e-09,6.06337187883961e-09,6.09108190695789e-09,6.09324769969723e-09,5.83472227758073e-09,6.17347685825386e-09,6.1428837576873e-09,5.75077971617795e-09,5.77296867490968e-09,5.78945641930707e-09,5.69178681767166e-09,5.67593987029976e-09,5.35729957028244e-09,5.21535224717105e-09,5.2330504816246e-09,5.21135752737177e-09,5.2159068851183e-09,5.38956443305704e-09,NA
780,"TTO","Trinidad and Tobago",1.46039075371408e-08,1.48651219759911e-08,1.53801888159711e-08,1.72586469361073e-08,1.75563455914612e-08,1.78498942279697e-08,1.85987934424425e-08,1.83376879531948e-08,1.74285623529121e-08,1.86848650970508e-08,1.85768578901371e-08,1.78770651845003e-08,1.66710041327183e-08,1.61244382558713e-08,1.55148677775695e-08,1.4853636637324e-08,1.41857406486607e-08,1.50154441283942e-08,1.59541917110341e-08,1.61445803603707e-08,1.54316396398612e-08,1.37992188018222e-08,1.39093661025712e-08
788,"TUN","Tunisia",4.30725342662777e-09,4.22586045660269e-09,4.17070055823599e-09,3.95946160176892e-09,3.81713030170251e-09,3.81909545599438e-09,3.83556678152502e-09,3.58471136563447e-09,3.68992735341005e-09,3.59898315092774e-09,3.44257949665264e-09,3.38930984094806e-09,3.22643325802789e-09,3.11638353155894e-09,2.96608029518956e-09,2.88131399838108e-09,2.78579786515983e-09,2.66253915432811e-09,2.60202565041473e-09,2.51654609250186e-09,2.74353246778958e-09,2.6826783205064e-09,2.6013893104267e-09
792,"TUR","Turkiye",2.15158847705795e-09,2.30459410816443e-09,1.98118004120506e-09,1.89253394649638e-09,1.60935713458075e-09,1.53305982888505e-09,1.57680929015881e-09,1.58010645824966e-09,1.56733231474381e-09,1.73658115069226e-09,1.72587463884681e-09,1.61412575489779e-09,1.64700615295908e-09,1.5946314059826e-09,1.59242507361184e-09,1.54033558474211e-09,1.50978622642992e-09,1.4309248152891e-09,1.45384832267255e-09,1.4255232248226e-09,1.42761410333569e-09,1.31579424337004e-09,1.29613500475195e-09
795,"TKM","Turkmenistan",4.93439192004893e-08,4.82079735604283e-08,5.26637684972851e-08,5.89788748271884e-08,5.82817983795631e-08,5.15612827999828e-08,4.74728392323665e-08,4.36549661962039e-08,4.04388854258646e-08,2.66548436601519e-08,2.60060608810868e-08,2.82419480829971e-08,2.68524246264342e-08,2.68036906187831e-08,2.4742548010429e-08,2.3923881116929e-08,2.16156900311636e-08,1.98073521325229e-08,1.9111509008242e-08,1.83037607878852e-08,1.83874010389527e-08,NA,NA
796,"TCA","Turks and Caicos Islands",NA,NA,NA,NA,NA,NA,NA,NA,NA,NA,NA,6.35613079457398e-10,6.60956612273792e-10,6.71593939925298e-10,5.65619933110995e-10,5.19579952889713e-10,4.40763488934551e-10,4.38080835451314e-10,4.19519945631806e-10,4.37695260010887e-10,5.95359496597752e-10,5.20527149105281e-10,5.06228295527211e-10
798,"TUV","Tuvalu",8.72501839666811e-09,8.78457483623581e-09,8.21102042909469e-09,8.61267329475631e-09,8.90022513167541e-09,9.36488697299913e-09,9.20146991320971e-09,8.69921060618877e-09,8.28578965485631e-09,8.92155464724151e-09,9.1811665815389e-09,8.70157596832762e-09,8.97230709139486e-09,8.67662878951935e-09,8.78085255876282e-09,8.04686158008117e-09,7.70511436907123e-09,7.58636488935227e-09,7.54706783254428e-09,6.68726057088376e-09,7.04509836715073e-09,6.9784060752293e-09,6.98921905829199e-09
800,"UGA","Uganda",2.1695039988745e-08,2.1008415860593e-08,2.00248134656727e-08,2.001896592501e-08,1.90266761304311e-08,1.89118875061695e-08,1.66331270751957e-08,1.64729510969585e-08,1.82173728997007e-08,1.72658739684107e-08,1.71180418419843e-08,1.56483981935069e-08,1.56497090261543e-08,1.53875804334651e-08,1.51723804392128e-08,1.48036604500049e-08,1.35244226993636e-08,1.31137771578408e-08,1.27766933326423e-08,1.25212044435786e-08,1.25643170611604e-08,1.23293101743673e-08,1.19669914362075e-08
804,"UKR","Ukraine",6.86256129862762e-09,6.23270868910936e-09,6.03510931680583e-09,5.57551097541123e-09,4.81327379431837e-09,4.68860630921207e-09,4.23655772157649e-09,4.01157899480377e-09,3.87628264242692e-09,4.34485295798896e-09,4.03134803873799e-09,4.09383253232597e-09,4.08760649583255e-09,4.1870495540284e-09,4.31839755015009e-09,4.07862969715162e-09,4.08301081626518e-09,3.7110424304963e-09,3.66265629441846e-09,3.51193924079298e-09,3.72609920078721e-09,3.32204090728398e-09,4.44862136361542e-09
784,"ARE","United Arab Emirates",3.72040486202181e-09,3.73125908425707e-09,3.49084182755478e-09,3.403777062232e-09,3.1065873516576e-09,3.10845066725263e-09,2.96270821155421e-09,2.89270302349336e-09,2.82399321347462e-09,2.93641800433248e-09,3.04106919563658e-09,3.00538385035097e-09,3.00312818644253e-09,2.95023157752888e-09,2.79706560439652e-09,2.84992984474003e-09,2.77781010690746e-09,2.57163869830573e-09,2.44654244122846e-09,2.61632601400871e-09,2.70504678627038e-09,2.61841398216257e-09,2.53754075528124e-09
826,"GBR","United Kingdom",1.66502597916364e-09,1.57852859532935e-09,1.48380815113831e-09,1.36957733780552e-09,1.27447333313575e-09,1.14436946267938e-09,1.04042840323034e-09,9.47783048372856e-10,8.82504147763261e-10,8.69825492664072e-10,7.84742144656942e-10,7.3519188249277e-10,7.0620787189313e-10,6.64534858094243e-10,6.29855987433879e-10,6.11698658820104e-10,6.05462172888785e-10,6.00870514645504e-10,5.87568896012602e-10,5.68759043903074e-10,6.21419865553377e-10,5.67583721459133e-10,5.35655549754483e-10
840,"USA","United States of America",1.87795520379237e-09,1.80390385300107e-09,1.73982183927216e-09,1.69951438964338e-09,1.62305769704969e-09,1.56295851748783e-09,1.54519507872666e-09,1.53279412841941e-09,1.56648464698488e-09,1.52357639194806e-09,1.44840237608699e-09,1.44388611180517e-09,1.37788821666301e-09,1.34759756441094e-09,1.32320651921152e-09,1.26213293642093e-09,1.21035626059229e-09,1.20970175710349e-09,1.21029911879836e-09,1.20743696508393e-09,1.17706801796298e-09,1.1160289089129e-09,1.10264273914442e-09
858,"URY","Uruguay",1.57603662936175e-08,1.63690385165769e-08,1.84364708522169e-08,1.87492963716698e-08,1.8359670277514e-08,1.72074269754067e-08,1.71174917351011e-08,1.58091417796233e-08,1.60027034115401e-08,1.51867363431995e-08,1.34921922278725e-08,1.29314901314577e-08,1.22372713748178e-08,1.18154813020824e-08,1.21584863638057e-08,1.25272737161616e-08,1.25352303561966e-08,1.21708531053426e-08,1.20146570736836e-08,1.19134929824878e-08,1.28283887939418e-08,1.28003361469444e-08,1.21998736797497e-08
860,"UZB","Uzbekistan",2.11885913571848e-08,2.25726142316092e-08,2.46130486236049e-08,2.19182405040666e-08,2.00606377243709e-08,2.12860601018288e-08,2.08886977081838e-08,1.80957292772221e-08,1.81582639345199e-08,1.52083999037407e-08,1.49119741741565e-08,1.41312679459349e-08,1.38692100500676e-08,1.26972742915633e-08,1.15595218589959e-08,1.08810743557914e-08,1.05544477121195e-08,1.0380887612998e-08,1.05717152315854e-08,1.00957172996531e-08,9.30666515933813e-09,8.84873578322132e-09,8.40877448698295e-09
548,"VUT","Vanuatu",2.29099780752516e-08,2.26211672905356e-08,2.4053999634378e-08,2.3987495429569e-08,2.34225834155975e-08,2.291656032888e-08,2.15949862346318e-08,2.41626464267037e-08,2.33100992922674e-08,2.13738498954274e-08,2.16563896411661e-08,2.15286941080687e-08,2.15765470407792e-08,2.1738939501227e-08,2.14586815388527e-08,1.94826565969208e-08,1.57098039913086e-08,1.37533603994698e-08,1.49121709993106e-08,1.35880718834502e-08,1.39642582012704e-08,1.37623731030473e-08,1.28533825062644e-08
862,"VEN","Venezuela",6.70800453803598e-09,6.46305612382344e-09,6.87455742749552e-09,7.45250781830213e-09,6.49878559550007e-09,5.93592399457824e-09,5.40262336830695e-09,5.08058504342404e-09,4.93311264258909e-09,4.9301769735285e-09,4.70486223666193e-09,4.53418168649976e-09,4.58232407478788e-09,4.521564678773e-09,4.66981364160359e-09,4.86766189506643e-09,5.68758643163201e-09,6.42479288524471e-09,7.36615209602472e-09,9.58765051850552e-09,1.29091755078327e-08,1.27166618125352e-08,1.17747068646205e-08
704,"VNM","Viet Nam",1.02200815644802e-08,9.59177744489214e-09,9.20379530152202e-09,8.86553637648622e-09,8.9048126484334e-09,8.6238799356586e-09,8.26806333863043e-09,7.88932808025286e-09,7.42600772966412e-09,7.25744434439236e-09,6.8736828661159e-09,6.51042374065996e-09,6.15464026417713e-09,5.87661718557517e-09,5.56501031870103e-09,5.05410094798052e-09,4.7120520266417e-09,4.38275000231499e-09,4.14390765796826e-09,3.87003472132668e-09,3.68302642692495e-09,3.71653343503384e-09,3.48528710177135e-09
876,"WLF","Wallis and Futuna Islands",NA,NA,NA,NA,NA,NA,NA,NA,NA,NA,NA,NA,NA,NA,NA,NA,NA,NA,NA,NA,NA,NA,NA
732,"ESH","Western Sahara",NA,NA,NA,NA,NA,NA,NA,NA,NA,NA,NA,NA,NA,NA,NA,NA,NA,NA,NA,NA,NA,NA,NA
887,"YEM","Yemen",7.02707651127299e-09,6.61619918701133e-09,6.40601448747707e-09,7.09344390564698e-09,6.76015582710452e-09,7.34548468764507e-09,8.46840484778944e-09,8.50445501623798e-09,7.61816527840976e-09,7.75589619829694e-09,7.9928108294829e-09,8.74187969458711e-09,7.715943287343e-09,8.11435172051542e-09,7.75199399115039e-09,7.09709039083667e-09,7.01845372197464e-09,8.20028281701824e-09,8.61293050824048e-09,8.98016674564422e-09,9.6219209629209e-09,9.73669776111373e-09,9.88890114489738e-09
894,"ZMB","Zambia",2.48352293645335e-08,2.40851166483832e-08,2.49744872720245e-08,2.48275560052722e-08,2.30814673310804e-08,2.2523531192675e-08,1.97159208199456e-08,1.86235281606962e-08,1.73934972982105e-08,1.54064092578902e-08,1.49320760700828e-08,1.36326277007118e-08,1.40570881979197e-08,1.36957067084805e-08,1.29494024028745e-08,1.27465515365045e-08,1.21945633295274e-08,1.13901051331273e-08,1.11775072406563e-08,1.14381466235434e-08,1.15169070069728e-08,1.10581566922268e-08,1.05420758923185e-08
716,"ZWE","Zimbabwe",1.41003105900218e-08,1.45361580697138e-08,1.4559137355546e-08,1.70595381341433e-08,1.85365117433759e-08,1.97043591218459e-08,1.9943812567741e-08,2.11848319275941e-08,2.57901591895e-08,2.41267450767154e-08,2.06875498589471e-08,1.85396471328732e-08,1.57567021100224e-08,1.50473217271311e-08,1.40173161629705e-08,1.45636380715075e-08,1.34047878877046e-08,1.32862994167057e-08,1.29292879660228e-08,1.33600162104879e-08,1.4076088877177e-08,1.33910299694504e-08,1.28363509469788e-08
