"code","iso","country","CXN.raw.1970","CXN.raw.1975","CXN.raw.1980","CXN.raw.1985","CXN.raw.1989","CXN.raw.1990","CXN.raw.1991","CXN.raw.1992","CXN.raw.1993","CXN.raw.1994","CXN.raw.1995","CXN.raw.1996","CXN.raw.1997","CXN.raw.1998","CXN.raw.1999","CXN.raw.2000","CXN.raw.2001","CXN.raw.2002","CXN.raw.2003","CXN.raw.2004","CXN.raw.2005","CXN.raw.2006","CXN.raw.2007","CXN.raw.2008","CXN.raw.2009","CXN.raw.2010","CXN.raw.2011","CXN.raw.2012","CXN.raw.2013","CXN.raw.2014","CXN.raw.2015","CXN.raw.2016","CXN.raw.2017","CXN.raw.2018","CXN.raw.2019","CXN.raw.2020","CXN.raw.2021","CXN.mry"
4,"AFG","Afghanistan",-9999,-9999,-9999,-9999,-9999,-9999,-9999,-9999,-9999,-9999,-9999,-9999,-9999,-9999,-9999,-9999,-9999,-9999,-9999,-9999,-9999,-9999,-9999,-9999,-9999,-9999,0.08,-9999,-9999,-9999,-9999,-9999,-9999,-9999,-9999,-9999,-9999,0.08
8,"ALB","Albania",-9999,-9999,-9999,-9999,-9999,-9999,-9999,-9999,-9999,-9999,-9999,-9999,-9999,-9999,-9999,-9999,-9999,-9999,-9999,-9999,-9999,-9999,-9999,-9999,-9999,-9999,-9999,-9999,-9999,0.209,0.19,0.16,0.174,0.25,0.242,0.248,0.265,0.265
12,"DZA","Algeria",-9999,-9999,-9999,-9999,-9999,-9999,-9999,-9999,-9999,-9999,-9999,-9999,-9999,-9999,-9999,0.3,0.3,0.32,0.32,0.39,0.39,0.45,0.48,0.53,0.56,0.6,0.61,0.65,0.65,0.65,0.65,0.68,0.72,-9999,-9999,-9999,-9999,0.72
20,"AND","Andorra",-9999,-9999,-9999,-9999,-9999,-9999,-9999,-9999,-9999,-9999,-9999,-9999,-9999,-9999,-9999,0.036,0.035,0.171,0.196,0.311,0.477,0.864,0.98,0.98,0.98,0.98,1,1,1,1,1,1,1,1,1,-9999,-9999,1
24,"AGO","Angola",-9999,-9999,-9999,-9999,-9999,-9999,-9999,-9999,-9999,-9999,-9999,-9999,-9999,-9999,-9999,-9999,-9999,-9999,-9999,-9999,-9999,-9999,-9999,-9999,-9999,-9999,0.178,-9999,-9999,-9999,-9999,-9999,-9999,-9999,-9999,-9999,-9999,0.178
660,"AIA","Anguilla",-8888,-8888,-8888,-8888,-8888,-8888,-8888,-8888,-8888,-8888,-8888,-8888,-8888,-8888,-8888,-8888,-8888,-8888,-8888,-8888,-8888,-8888,-8888,-8888,-8888,-8888,-8888,-8888,-8888,-8888,-8888,-8888,-8888,-8888,-8888,-8888,-8888,-8888
28,"ATG","Antigua and Barbuda",-9999,-9999,-9999,-9999,-9999,-9999,-9999,-9999,-9999,-9999,-9999,-9999,-9999,-9999,-9999,-9999,0.006,-9999,-9999,-9999,-9999,-9999,-9999,-9999,-9999,-9999,-9999,-9999,-9999,-9999,-9999,-9999,-9999,-9999,-9999,-9999,-9999,0.006
32,"ARG","Argentina",-9999,-9999,-9999,-9999,-9999,-9999,-9999,-9999,-9999,-9999,-9999,-9999,-9999,-9999,-9999,-9999,0.425,-9999,-9999,-9999,-9999,-9999,-9999,-9999,-9999,0.502,-9999,-9999,-9999,-9999,-9999,-9999,-9999,-9999,0.55,-9999,-9999,0.55
51,"ARM","Armenia",-9999,-9999,-9999,-9999,-9999,-9999,-9999,-9999,-9999,-9999,-9999,-9999,-9999,-9999,-9999,0.334,0.333,0.315,0.323,0.332,0.352,0.359,0.365,0.365,0.38,0.382,0.386,0.378,0.371,0.371,0.38,0.381,0.383,0.441,0.349,0.411,0.429,0.429
533,"ABW","Aruba",-8888,-8888,-8888,-8888,-8888,-8888,-8888,-8888,-8888,-8888,-8888,-8888,-8888,-8888,-8888,-8888,-8888,-8888,-8888,-8888,-8888,-8888,-8888,-8888,-8888,-8888,-8888,-8888,-8888,-8888,-8888,-8888,-8888,-8888,-8888,-8888,-8888,-8888
36,"AUS","Australia",-9999,-9999,-9999,-9999,-9999,-9999,-9999,-9999,-9999,-9999,-9999,-9999,-9999,-9999,-9999,-9999,-9999,-9999,-9999,-9999,-9999,-9999,-9999,-9999,-9999,1,-9999,-9999,-9999,-9999,1,1,1,1,1,1,1,1
40,"AUT","Austria",-9999,-9999,-9999,-9999,-9999,1,-9999,-9999,-9999,-9999,-9999,-9999,-9999,-9999,-9999,1,-9999,-9999,-9999,-9999,1,-9999,-9999,-9999,-9999,1,-9999,-9999,-9999,-9999,1,1,1,1,1,1,1,1
31,"AZE","Azerbaijan",-9999,-9999,-9999,-9999,-9999,-9999,-9999,-9999,-9999,-9999,-9999,-9999,-9999,-9999,-9999,-9999,-9999,-9999,0.131,0.135,0.136,0.136,0.139,0.138,0.141,0.141,0.141,0.144,0.184,0.185,0.189,0.191,0.195,0.236,0.245,0.251,0.259,0.259
44,"BHS","Bahamas",-8888,-8888,-8888,-8888,-8888,-8888,-8888,-8888,-8888,-8888,-8888,-8888,-8888,-8888,-8888,-8888,-8888,-8888,-8888,-8888,-8888,-8888,-8888,-8888,-8888,-8888,-8888,-8888,-8888,-8888,-8888,-8888,-8888,-8888,-8888,-8888,-8888,-8888
48,"BHR","Bahrain",-9999,-9999,-9999,-9999,-9999,-9999,-9999,-9999,-9999,-9999,-9999,-9999,-9999,-9999,-9999,0.73,0.75,0.77,0.7,0.71,0.7,0.67,0.66,0.65,0.77,0.81,0.88,0.87,0.87,0.9,0.88,0.85,0.81,0.83,0.82,0.81,0.81,0.81
50,"BGD","Bangladesh",-9999,-9999,-9999,-9999,-9999,-9999,-9999,-9999,-9999,-9999,-9999,-9999,-9999,-9999,-9999,-9999,-9999,-9999,-9999,-9999,-9999,-9999,-9999,-9999,-9999,-9999,-9999,-9999,-9999,-9999,0.029,-9999,-9999,-9999,-9999,-9999,-9999,0.029
52,"BRB","Barbados",-8888,-8888,-8888,-8888,-8888,-8888,-8888,-8888,-8888,-8888,-8888,-8888,-8888,-8888,-8888,-8888,-8888,-8888,-8888,-8888,-8888,-8888,-8888,-8888,-8888,-8888,-8888,-8888,-8888,-8888,-8888,-8888,-8888,-8888,-8888,-8888,-8888,-8888
112,"BLR","Belarus",-9999,-9999,-9999,-9999,-9999,-9999,-9999,-9999,-9999,-9999,-9999,-9999,-9999,-9999,-9999,-9999,-9999,-9999,-9999,-9999,-9999,-9999,-9999,-9999,-9999,-9999,0.718,-9999,-9999,-9999,-9999,-9999,-9999,-9999,-9999,-9999,-9999,0.718
56,"BEL","Belgium",-9999,-9999,-9999,-9999,-9999,-9999,-9999,-9999,-9999,-9999,-9999,-9999,-9999,-9999,-9999,0.65,-9999,-9999,-9999,-9999,0.74,-9999,-9999,-9999,-9999,0.959,-9999,-9999,-9999,-9999,0.952,0.97,0.973,0.971,0.971,0.978,0.98,0.98
84,"BLZ","Belize",-9999,-9999,-9999,-9999,-9999,-9999,-9999,-9999,-9999,-9999,-9999,-9999,-9999,-9999,-9999,0.151,-9999,-9999,-9999,-9999,-9999,-9999,-9999,-9999,-9999,-9999,-9999,-9999,-9999,-9999,-9999,-9999,-9999,-9999,-9999,-9999,-9999,0.151
204,"BEN","Benin",-8888,-8888,-8888,-8888,-8888,-8888,-8888,-8888,-8888,-8888,-8888,-8888,-8888,-8888,-8888,-8888,-8888,-8888,-8888,-8888,-8888,-8888,-8888,-8888,-8888,-8888,-8888,-8888,-8888,-8888,-8888,-8888,-8888,-8888,-8888,-8888,-8888,-8888
60,"BMU","Bermuda",-9999,-9999,-9999,-9999,-9999,-9999,-9999,-9999,-9999,-9999,-9999,-9999,-9999,-9999,-9999,-9999,-9999,-9999,-9999,-9999,0.015,0.015,0.015,0.015,0.015,0.015,0.015,0.015,0.015,0.015,0.015,0.015,0.015,0.015,0.015,-9999,-9999,0.015
64,"BTN","Bhutan",-9999,-9999,-9999,-9999,-9999,-9999,-9999,-9999,-9999,-9999,-9999,-9999,-9999,-9999,-9999,-9999,-9999,-9999,-9999,-9999,-9999,-9999,-9999,-9999,-9999,-9999,0.1,-9999,-9999,-9999,-9999,-9999,-9999,-9999,-9999,-9999,-9999,0.1
68,"BOL","Bolivia",-9999,-9999,-9999,-9999,-9999,-9999,-9999,-9999,-9999,-9999,-9999,-9999,-9999,-9999,-9999,-9999,-9999,-9999,-9999,-9999,-9999,-9999,-9999,-9999,-9999,-9999,0.319,-9999,-9999,-9999,-9999,-9999,-9999,-9999,-9999,-9999,-9999,0.319
70,"BIH","Bosnia and Herzegovina",-9999,-9999,-9999,-9999,-9999,-9999,-9999,-9999,-9999,-9999,-9999,-9999,-9999,-9999,-9999,-9999,0.396,0.396,0.382,0.382,0.382,0.382,0.382,0.336,0.336,0.323,0.318,0.304,0.296,0.296,0.296,0.366,0.369,0.36,0.36,-9999,-9999,0.36
72,"BWA","Botswana",-9999,-9999,-9999,-9999,-9999,-9999,-9999,-9999,-9999,-9999,-9999,-9999,-9999,-9999,-9999,-9999,-9999,-9999,-9999,-9999,-9999,-9999,-9999,-9999,-9999,-9999,0.19,-9999,-9999,-9999,-9999,-9999,-9999,-9999,-9999,-9999,-9999,0.19
76,"BRA","Brazil",-9999,-9999,-9999,-9999,-9999,-9999,-9999,-9999,-9999,-9999,-9999,-9999,-9999,-9999,-9999,-9999,-9999,-9999,-9999,-9999,-9999,-9999,-9999,-9999,-9999,-9999,-9999,-9999,-9999,-9999,0.63,0.635,-9999,-9999,0.722,-9999,-9999,0.722
92,"VGB","British Virgin Islands",-9999,-9999,-9999,-9999,-9999,-9999,-9999,-9999,-9999,-9999,-9999,-9999,-9999,-9999,-9999,-9999,0.245,-9999,-9999,-9999,-9999,-9999,-9999,-9999,-9999,-9999,-9999,-9999,-9999,-9999,-9999,-9999,-9999,-9999,-9999,-9999,-9999,0.245
96,"BRN","Brunei Darussalam",-9999,-9999,-9999,-9999,-9999,-9999,-9999,-9999,-9999,-9999,-9999,-9999,-9999,-9999,-9999,-9999,-9999,-9999,-9999,0.38,-9999,-9999,-9999,-9999,-9999,-9999,0.4,-9999,-9999,-9999,-9999,-9999,-9999,-9999,-9999,-9999,-9999,0.4
100,"BGR","Bulgaria",-9999,-9999,-9999,-9999,-9999,-9999,-9999,-9999,-9999,-9999,-9999,-9999,-9999,-9999,-9999,0.702,0.705,0.705,0.715,0.718,0.718,0.72,0.726,0.74,0.749,0.771,0.817,0.817,0.817,0.819,0.868,0.875,0.874,0.877,0.882,0.904,-9999,0.904
854,"BFA","Burkina Faso",-9999,-9999,-9999,-9999,-9999,-9999,-9999,-9999,-9999,-9999,-9999,-9999,-9999,-9999,-9999,-9999,-9999,-9999,-9999,-9999,-9999,-9999,-9999,-9999,-9999,-9999,0.01,-9999,-9999,-9999,-9999,-9999,-9999,-9999,-9999,-9999,-9999,0.01
108,"BDI","Burundi",-9999,-9999,-9999,-9999,-9999,-9999,-9999,-9999,-9999,-9999,-9999,-9999,-9999,-9999,-9999,-9999,-9999,-9999,-9999,-9999,-9999,-9999,-9999,-9999,-9999,-9999,0.04,0.04,0.045,0.045,0.045,0.045,0.045,0.045,0.045,0.045,0.045,0.045
132,"CPV","Cabo Verde",-9999,-9999,-9999,-9999,-9999,-9999,-9999,-9999,-9999,-9999,-9999,-9999,-9999,-9999,-9999,-9999,-9999,-9999,-9999,-9999,-9999,-9999,-9999,-9999,-9999,0.173,-9999,0.195,0.207,0.198,0.209,0.245,0.247,0.252,0.296,-9999,0.286,0.286
116,"KHM","Cambodia",-9999,-9999,-9999,-9999,-9999,-9999,-9999,-9999,-9999,-9999,-9999,-9999,-9999,-9999,-9999,-9999,-9999,-9999,-9999,-9999,-9999,-9999,-9999,-9999,-9999,-9999,0.46,-9999,-9999,-9999,-9999,-9999,-9999,-9999,-9999,-9999,-9999,0.46
120,"CMR","Cameroon",-9999,-9999,-9999,-9999,-9999,-9999,-9999,-9999,-9999,-9999,-9999,-9999,-9999,-9999,-9999,-9999,-9999,-9999,-9999,-9999,-9999,-9999,-9999,-9999,-9999,-9999,0.02,-9999,-9999,-9999,-9999,-9999,-9999,-9999,-9999,-9999,-9999,0.02
124,"CAN","Canada",-9999,-9999,-9999,-9999,-9999,-9999,-9999,-9999,-9999,-9999,-9999,-9999,-9999,-9999,-9999,-9999,-9999,-9999,-9999,-9999,-9999,-9999,-9999,-9999,-9999,-9999,-9999,-9999,-9999,-9999,0.982,0.983,0.983,-9999,-9999,-9999,-9999,0.983
136,"CYM","Cayman Islands",-8888,-8888,-8888,-8888,-8888,-8888,-8888,-8888,-8888,-8888,-8888,-8888,-8888,-8888,-8888,-8888,-8888,-8888,-8888,-8888,-8888,-8888,-8888,-8888,-8888,-8888,-8888,-8888,-8888,-8888,-8888,-8888,-8888,-8888,-8888,-8888,-8888,-8888
140,"CAF","Central African Republic",-9999,-9999,-9999,-9999,-9999,-9999,-9999,-9999,-9999,-9999,-9999,-9999,-9999,-9999,-9999,-9999,-9999,-9999,-9999,-9999,-9999,-9999,-9999,-9999,-9999,-9999,0.01,-9999,-9999,-9999,-9999,-9999,-9999,-9999,-9999,-9999,-9999,0.01
148,"TCD","Chad",-9999,-9999,-9999,-9999,-9999,-9999,-9999,-9999,-9999,-9999,-9999,-9999,-9999,-9999,-9999,-9999,-9999,-9999,-9999,-9999,-9999,-9999,-9999,-9999,-9999,-9999,0.03,-9999,-9999,-9999,-9999,-9999,-9999,-9999,-9999,-9999,-9999,0.03
152,"CHL","Chile",-9999,-9999,-9999,-9999,-9999,-9999,-9999,-9999,-9999,-9999,-9999,-9999,-9999,-9999,-9999,0.209,0.394,0.422,0.657,0.716,0.733,0.82,0.823,0.826,0.833,0.869,0.906,1,0.999,0.999,0.998,-9999,-9999,-9999,-9999,-9999,-9999,0.998
156,"CHN","China",-9999,-9999,-9999,-9999,-9999,-9999,-9999,-9999,-9999,-9999,-9999,-9999,-9999,-9999,-9999,-9999,0.208,0.243,0.275,0.326,-9999,-9999,-9999,-9999,-9999,-9999,-9999,-9999,-9999,-9999,-9999,-9999,-9999,-9999,-9999,-9999,-9999,0.326
170,"COL","Colombia",-9999,-9999,-9999,-9999,-9999,-9999,-9999,-9999,-9999,-9999,-9999,-9999,-9999,-9999,-9999,-9999,-9999,-9999,-9999,-9999,-9999,-9999,-9999,-9999,-9999,-9999,-9999,-9999,-9999,-9999,-9999,-9999,-9999,-9999,-9999,-9999,0.318,0.318
174,"COM","Comoros",-8888,-8888,-8888,-8888,-8888,-8888,-8888,-8888,-8888,-8888,-8888,-8888,-8888,-8888,-8888,-8888,-8888,-8888,-8888,-8888,-8888,-8888,-8888,-8888,-8888,-8888,-8888,-8888,-8888,-8888,-8888,-8888,-8888,-8888,-8888,-8888,-8888,-8888
184,"COK","Cook Islands",-8888,-8888,-8888,-8888,-8888,-8888,-8888,-8888,-8888,-8888,-8888,-8888,-8888,-8888,-8888,-8888,-8888,-8888,-8888,-8888,-8888,-8888,-8888,-8888,-8888,-8888,-8888,-8888,-8888,-8888,-8888,-8888,-8888,-8888,-8888,-8888,-8888,-8888
188,"CRI","Costa Rica",-9999,-9999,-9999,-9999,-9999,-9999,-9999,-9999,-9999,-9999,-9999,-9999,-9999,-9999,-9999,-9999,-9999,-9999,-9999,-9999,-9999,-9999,-9999,-9999,-9999,-9999,-9999,-9999,-9999,-9999,-9999,0.842,0.821,0.829,0.84,0.839,0.814,0.814
384,"CIV","Cote d'Ivoire",-9999,-9999,-9999,-9999,-9999,-9999,-9999,-9999,-9999,-9999,-9999,-9999,-9999,-9999,-9999,-9999,-9999,-9999,-9999,-9999,-9999,-9999,-9999,-9999,-9999,-9999,-9999,0.1,-9999,-9999,-9999,-9999,-9999,-9999,-9999,-9999,-9999,0.1
191,"HRV","Croatia",-9999,-9999,-9999,-9999,-9999,-9999,-9999,-9999,-9999,-9999,-9999,-9999,-9999,-9999,-9999,-9999,-9999,-9999,-9999,-9999,-9999,-9999,-9999,-9999,-9999,-9999,0.983,0.983,0.983,0.983,0.983,0.983,0.983,0.983,0.983,0.983,0.965,0.965
192,"CUB","Cuba",-9999,-9999,-9999,-9999,-9999,-9999,-9999,-9999,-9999,-9999,-9999,-9999,-9999,-9999,-9999,-9999,-9999,-9999,-9999,0.166,0.164,0.162,0.163,0.167,0.165,0.163,0.163,0.165,0.167,0.168,0.168,0.172,0.173,0.175,0.179,0.18,0.187,0.187
531,"CUW","Curacao",-8888,-8888,-8888,-8888,-8888,-8888,-8888,-8888,-8888,-8888,-8888,-8888,-8888,-8888,-8888,-8888,-8888,-8888,-8888,-8888,-8888,-8888,-8888,-8888,-8888,-8888,-8888,-8888,-8888,-8888,-8888,-8888,-8888,-8888,-8888,-8888,-8888,-8888
196,"CYP","Cyprus",-9999,-9999,-9999,-9999,-9999,-9999,-9999,-9999,-9999,-9999,-9999,-9999,-9999,-9999,-9999,1,1,1,1,1,1,-9999,-9999,-9999,-9999,-9999,-9999,-9999,-9999,-9999,-9999,-9999,-9999,0.827,-9999,0.835,-9999,0.835
203,"CZE","Czech Republic",-9999,-9999,-9999,-9999,-9999,-9999,-9999,-9999,-9999,-9999,-9999,-9999,-9999,-9999,-9999,0.664,-9999,-9999,-9999,-9999,0.754,-9999,-9999,-9999,-9999,0.794,-9999,-9999,-9999,-9999,0.808,0.813,0.823,0.823,0.826,0.834,0.847,0.847
180,"COD","Dem. Rep. Congo",-9999,-9999,-9999,-9999,-9999,-9999,-9999,-9999,-9999,-9999,-9999,-9999,-9999,-9999,-9999,-9999,-9999,-9999,-9999,-9999,-9999,-9999,-9999,-9999,-9999,-9999,0.04,-9999,-9999,-9999,-9999,-9999,-9999,-9999,-9999,-9999,-9999,0.04
208,"DNK","Denmark",-9999,-9999,-9999,-9999,-9999,0.984,-9999,-9999,-9999,-9999,-9999,-9999,-9999,-9999,-9999,0.996,-9999,-9999,-9999,-9999,-9999,-9999,-9999,-9999,-9999,0.997,-9999,-9999,-9999,-9999,0.996,0.995,0.998,0.997,0.998,0.998,-9999,0.998
262,"DJI","Djibouti",-9999,-9999,-9999,-9999,-9999,-9999,-9999,-9999,-9999,-9999,-9999,-9999,-9999,-9999,-9999,-9999,-9999,-9999,-9999,-9999,-9999,-9999,-9999,-9999,-9999,-9999,0.07,-9999,-9999,-9999,-9999,-9999,-9999,-9999,-9999,-9999,-9999,0.07
212,"DMA","Dominica",-9999,-9999,-9999,-9999,-9999,-9999,-9999,-9999,-9999,-9999,-9999,-9999,-9999,-9999,-9999,-9999,-9999,-9999,-9999,-9999,0.13,-9999,-9999,-9999,-9999,-9999,-9999,-9999,-9999,-9999,-9999,-9999,-9999,-9999,-9999,-9999,-9999,0.13
214,"DOM","Dominican Republic",-9999,-9999,-9999,-9999,-9999,-9999,-9999,-9999,-9999,-9999,-9999,-9999,-9999,-9999,-9999,-9999,-9999,-9999,-9999,-9999,0.12,-9999,-9999,-9999,-9999,-9999,-9999,-9999,-9999,-9999,-9999,-9999,-9999,-9999,-9999,-9999,-9999,0.12
218,"ECU","Ecuador",-9999,-9999,-9999,-9999,-9999,-9999,-9999,-9999,-9999,-9999,-9999,-9999,-9999,-9999,-9999,-9999,-9999,-9999,-9999,-9999,-9999,-9999,-9999,-9999,-9999,-9999,0.673,-9999,-9999,-9999,-9999,-9999,-9999,-9999,-9999,-9999,-9999,0.673
818,"EGY","Egypt",-9999,-9999,-9999,-9999,-9999,-9999,-9999,-9999,-9999,-9999,-9999,-9999,-9999,-9999,-9999,-9999,-9999,-9999,-9999,-9999,-9999,-9999,-9999,-9999,-9999,-9999,0.74,-9999,-9999,-9999,-9999,-9999,-9999,-9999,-9999,-9999,-9999,0.74
222,"SLV","El Salvador",-9999,-9999,-9999,-9999,-9999,-9999,-9999,-9999,-9999,-9999,-9999,-9999,-9999,-9999,-9999,-9999,-9999,-9999,-9999,-9999,-9999,-9999,0.031,0.029,0.028,0.028,0.028,0.028,-9999,-9999,-9999,-9999,-9999,-9999,-9999,-9999,-9999,0.028
226,"GNQ","Equatorial Guinea",-9999,-9999,-9999,-9999,-9999,-9999,-9999,-9999,-9999,-9999,-9999,-9999,-9999,-9999,-9999,-9999,-9999,-9999,-9999,-9999,-9999,-9999,-9999,-9999,-9999,-9999,0.25,-9999,-9999,-9999,-9999,-9999,-9999,-9999,-9999,-9999,-9999,0.25
232,"ERI","Eritrea",-9999,-9999,-9999,-9999,-9999,-9999,-9999,-9999,-9999,-9999,-9999,-9999,-9999,-9999,-9999,-9999,-9999,-9999,-9999,-9999,-9999,-9999,-9999,-9999,-9999,-9999,0.23,-9999,-9999,-9999,-9999,-9999,-9999,-9999,-9999,-9999,-9999,0.23
233,"EST","Estonia",-9999,-9999,-9999,-9999,-9999,-9999,-9999,-9999,-9999,-9999,-9999,-9999,-9999,-9999,-9999,0.7,-9999,-9999,-9999,-9999,0.79,-9999,-9999,-9999,-9999,0.87,-9999,-9999,-9999,-9999,0.88,0.88,0.88,0.83,0.83,0.83,-9999,0.83
748,"SWZ","Eswatini",-8888,-8888,-8888,-8888,-8888,-8888,-8888,-8888,-8888,-8888,-8888,-8888,-8888,-8888,-8888,-8888,-8888,-8888,-8888,-8888,-8888,-8888,-8888,-8888,-8888,-8888,-8888,-8888,-8888,-8888,-8888,-8888,-8888,-8888,-8888,-8888,-8888,-8888
231,"ETH","Ethiopia",-9999,-9999,-9999,-9999,-9999,-9999,-9999,-9999,-9999,-9999,-9999,-9999,-9999,-9999,-9999,-9999,-9999,-9999,-9999,-9999,-9999,-9999,-9999,-9999,-9999,-9999,0.01,-9999,-9999,-9999,-9999,-9999,-9999,-9999,-9999,-9999,-9999,0.01
234,"FRO","Faeroe Islands",-8888,-8888,-8888,-8888,-8888,-8888,-8888,-8888,-8888,-8888,-8888,-8888,-8888,-8888,-8888,-8888,-8888,-8888,-8888,-8888,-8888,-8888,-8888,-8888,-8888,-8888,-8888,-8888,-8888,-8888,-8888,-8888,-8888,-8888,-8888,-8888,-8888,-8888
238,"FLK","Falkland Islands",-8888,-8888,-8888,-8888,-8888,-8888,-8888,-8888,-8888,-8888,-8888,-8888,-8888,-8888,-8888,-8888,-8888,-8888,-8888,-8888,-8888,-8888,-8888,-8888,-8888,-8888,-8888,-8888,-8888,-8888,-8888,-8888,-8888,-8888,-8888,-8888,-8888,-8888
242,"FJI","Fiji",-9999,-9999,-9999,-9999,-9999,-9999,-9999,-9999,-9999,-9999,-9999,-9999,-9999,-9999,-9999,-9999,-9999,-9999,-9999,-9999,-9999,-9999,-9999,-9999,-9999,-9999,0.39,-9999,-9999,-9999,-9999,-9999,-9999,-9999,-9999,-9999,-9999,0.39
246,"FIN","Finland",0.42,-9999,0.81,-9999,-9999,0.96,-9999,-9999,-9999,-9999,-9999,-9999,-9999,-9999,-9999,1,-9999,-9999,-9999,-9999,1,-9999,-9999,-9999,-9999,1,-9999,-9999,-9999,-9999,0.999,0.997,1,1,1,1,1,1
250,"FRA","France",-9999,-9999,-9999,-9999,-9999,0.8,-9999,-9999,-9999,-9999,-9999,-9999,-9999,-9999,-9999,-9999,-9999,-9999,-9999,-9999,-9999,-9999,-9999,-9999,-9999,1,-9999,-9999,-9999,-9999,1,1,1,1,1,1,-9999,1
258,"PYF","French Polynesia",-9999,-9999,-9999,-9999,-9999,-9999,-9999,-9999,-9999,-9999,-9999,-9999,-9999,-9999,-9999,-9999,-9999,-9999,-9999,-9999,0.05,-9999,-9999,-9999,-9999,-9999,-9999,-9999,0.08,-9999,-9999,-9999,-9999,-9999,-9999,-9999,-9999,0.08
266,"GAB","Gabon",-9999,-9999,-9999,-9999,-9999,-9999,-9999,-9999,-9999,-9999,-9999,-9999,-9999,-9999,-9999,-9999,-9999,-9999,-9999,-9999,-9999,-9999,-9999,-9999,-9999,-9999,0.06,-9999,-9999,-9999,-9999,-9999,-9999,-9999,-9999,-9999,-9999,0.06
270,"GMB","Gambia",-8888,-8888,-8888,-8888,-8888,-8888,-8888,-8888,-8888,-8888,-8888,-8888,-8888,-8888,-8888,-8888,-8888,-8888,-8888,-8888,-8888,-8888,-8888,-8888,-8888,-8888,-8888,-8888,-8888,-8888,-8888,-8888,-8888,-8888,-8888,-8888,-8888,-8888
268,"GEO","Georgia",-9999,-9999,-9999,-9999,-9999,-9999,-9999,-9999,-9999,-9999,-9999,-9999,-9999,-9999,-9999,-9999,-9999,-9999,-9999,-9999,-9999,-9999,-9999,-9999,-9999,-9999,-9999,-9999,-9999,-9999,0.321,0.335,0.357,0.36,0.365,0.365,0.37,0.37
276,"DEU","Germany",-9999,-9999,-9999,-9999,-9999,-9999,-9999,-9999,-9999,-9999,-9999,-9999,-9999,-9999,-9999,-9999,-9999,-9999,-9999,-9999,1,-9999,-9999,-9999,-9999,0.993,-9999,-9999,-9999,-9999,0.993,0.993,0.993,0.993,0.993,-9999,-9999,0.993
288,"GHA","Ghana",-9999,-9999,-9999,-9999,-9999,-9999,-9999,-9999,-9999,-9999,-9999,-9999,-9999,-9999,-9999,0.7,-9999,-9999,-9999,-9999,-9999,-9999,-9999,-9999,-9999,-9999,-9999,-9999,0.1,-9999,-9999,-9999,-9999,-9999,-9999,-9999,-9999,0.1
300,"GRC","Greece",-9999,-9999,-9999,-9999,-9999,-9999,-9999,-9999,-9999,-9999,-9999,-9999,-9999,-9999,-9999,-9999,-9999,-9999,-9999,-9999,-9999,-9999,-9999,-9999,-9999,0.874,-9999,-9999,-9999,-9999,-9999,-9999,-9999,-9999,-9999,-9999,-9999,0.874
304,"GRL","Greenland",-8888,-8888,-8888,-8888,-8888,-8888,-8888,-8888,-8888,-8888,-8888,-8888,-8888,-8888,-8888,-8888,-8888,-8888,-8888,-8888,-8888,-8888,-8888,-8888,-8888,-8888,-8888,-8888,-8888,-8888,-8888,-8888,-8888,-8888,-8888,-8888,-8888,-8888
308,"GRD","Grenada",-8888,-8888,-8888,-8888,-8888,-8888,-8888,-8888,-8888,-8888,-8888,-8888,-8888,-8888,-8888,-8888,-8888,-8888,-8888,-8888,-8888,-8888,-8888,-8888,-8888,-8888,-8888,-8888,-8888,-8888,-8888,-8888,-8888,-8888,-8888,-8888,-8888,-8888
320,"GTM","Guatemala",-9999,-9999,-9999,-9999,-9999,-9999,-9999,-9999,-9999,-9999,-9999,-9999,-9999,-9999,-9999,-9999,-9999,-9999,-9999,-9999,-9999,-9999,-9999,-9999,-9999,-9999,0.34,-9999,-9999,-9999,-9999,-9999,-9999,-9999,-9999,-9999,-9999,0.34
831,"GGY","Guernsey",-8888,-8888,-8888,-8888,-8888,-8888,-8888,-8888,-8888,-8888,-8888,-8888,-8888,-8888,-8888,-8888,-8888,-8888,-8888,-8888,-8888,-8888,-8888,-8888,-8888,-8888,-8888,-8888,-8888,-8888,-8888,-8888,-8888,-8888,-8888,-8888,-8888,-8888
324,"GIN","Guinea",-9999,-9999,-9999,-9999,-9999,-9999,-9999,-9999,-9999,-9999,-9999,-9999,-9999,-9999,-9999,-9999,-9999,-9999,-9999,-9999,0.1,0.1,0.1,0.11,0.11,-9999,-9999,-9999,-9999,-9999,-9999,-9999,-9999,-9999,-9999,-9999,-9999,0.11
624,"GNB","Guinea-Bissau",-9999,-9999,-9999,-9999,-9999,-9999,-9999,-9999,-9999,-9999,-9999,-9999,-9999,-9999,-9999,-9999,-9999,-9999,-9999,-9999,-9999,-9999,-9999,-9999,-9999,-9999,0.13,-9999,-9999,-9999,-9999,-9999,-9999,-9999,-9999,-9999,-9999,0.13
328,"GUY","Guyana",-9999,-9999,-9999,-9999,-9999,0,-9999,-9999,-9999,-9999,0,-9999,-9999,-9999,-9999,0,0,0,0,0,0,0,0,0,0,-9999,-9999,-9999,-9999,-9999,-9999,-9999,0,-9999,-9999,-9999,-9999,0
332,"HTI","Haiti",-8888,-8888,-8888,-8888,-8888,-8888,-8888,-8888,-8888,-8888,-8888,-8888,-8888,-8888,-8888,-8888,-8888,-8888,-8888,-8888,-8888,-8888,-8888,-8888,-8888,-8888,-8888,-8888,-8888,-8888,-8888,-8888,-8888,-8888,-8888,-8888,-8888,-8888
336,"VAT","Holy See",-8888,-8888,-8888,-8888,-8888,-8888,-8888,-8888,-8888,-8888,-8888,-8888,-8888,-8888,-8888,-8888,-8888,-8888,-8888,-8888,-8888,-8888,-8888,-8888,-8888,-8888,-8888,-8888,-8888,-8888,-8888,-8888,-8888,-8888,-8888,-8888,-8888,-8888
340,"HND","Honduras",-9999,-9999,-9999,-9999,-9999,-9999,-9999,-9999,-9999,-9999,-9999,-9999,-9999,-9999,-9999,-9999,-9999,-9999,-9999,-9999,-9999,-9999,-9999,-9999,-9999,-9999,0.63,-9999,-9999,-9999,-9999,-9999,-9999,-9999,-9999,-9999,-9999,0.63
344,"HKG","Hong Kong",-9999,-9999,-9999,-9999,-9999,-9999,-9999,-9999,-9999,-9999,-9999,-9999,-9999,-9999,-9999,0.927,0.948,0.942,0.946,0.923,0.929,0.932,0.932,0.933,0.932,0.936,0.937,0.933,0.934,0.931,0.935,0.936,0.935,0.935,0.936,-9999,-9999,0.936
348,"HUN","Hungary",0.21,-9999,0.36,-9999,-9999,0.394,-9999,-9999,-9999,-9999,-9999,-9999,-9999,-9999,-9999,0.636,-9999,-9999,-9999,-9999,-9999,-9999,-9999,-9999,-9999,-9999,-9999,-9999,-9999,-9999,-9999,-9999,-9999,-9999,-9999,-9999,-9999,0.636
352,"ISL","Iceland",-9999,-9999,-9999,-9999,-9999,0.06,-9999,-9999,-9999,-9999,-9999,-9999,-9999,-9999,-9999,-9999,-9999,-9999,-9999,-9999,-9999,-9999,-9999,-9999,-9999,-9999,-9999,-9999,-9999,-9999,-9999,-9999,-9999,-9999,-9999,-9999,-9999,0.06
356,"IND","India",-9999,-9999,-9999,-9999,-9999,-9999,-9999,-9999,-9999,-9999,-9999,-9999,-9999,-9999,-9999,-9999,-9999,-9999,-9999,-9999,-9999,-9999,-9999,-9999,-9999,-9999,0.117,-9999,-9999,-9999,-9999,-9999,-9999,-9999,-9999,-9999,-9999,0.117
360,"IDN","Indonesia",-9999,-9999,-9999,-9999,-9999,-9999,-9999,-9999,-9999,-9999,-9999,-9999,-9999,-9999,-9999,-9999,-9999,-9999,-9999,-9999,-9999,-9999,-9999,-9999,-9999,-9999,0.02,-9999,-9999,-9999,-9999,-9999,-9999,-9999,-9999,-9999,-9999,0.02
364,"IRN","Iran",-9999,-9999,-9999,-9999,-9999,-9999,-9999,-9999,-9999,-9999,-9999,-9999,-9999,-9999,-9999,-9999,-9999,-9999,-9999,0.204,0.219,0.232,0.237,0.242,0.251,0.253,0.259,0.264,0.271,0.288,0.3,0.31,0.315,-9999,0.315,-9999,-9999,0.315
368,"IRQ","Iraq",-9999,-9999,-9999,-9999,-9999,-9999,-9999,-9999,-9999,-9999,-9999,-9999,-9999,-9999,-9999,-9999,-9999,-9999,-9999,-9999,-9999,-9999,-9999,-9999,-9999,0.07,-9999,-9999,-9999,0.204,0.271,0.333,0.291,0.28,0.3,0.289,-9999,0.289
372,"IRL","Ireland",-9999,-9999,-9999,-9999,-9999,0.68,-9999,-9999,-9999,-9999,-9999,-9999,-9999,-9999,-9999,-9999,-9999,-9999,-9999,-9999,-9999,-9999,-9999,-9999,-9999,-9999,-9999,-9999,-9999,-9999,0.935,0.937,0.941,0.944,0.944,0.945,0.948,0.948
833,"IMN","Isle of Man",-8888,-8888,-8888,-8888,-8888,-8888,-8888,-8888,-8888,-8888,-8888,-8888,-8888,-8888,-8888,-8888,-8888,-8888,-8888,-8888,-8888,-8888,-8888,-8888,-8888,-8888,-8888,-8888,-8888,-8888,-8888,-8888,-8888,-8888,-8888,-8888,-8888,-8888
376,"ISR","Israel",-9999,-9999,0.757,-9999,-9999,0.872,-9999,-9999,-9999,-9999,-9999,-9999,-9999,-9999,-9999,0.914,-9999,-9999,-9999,-9999,0.95,-9999,-9999,-9999,-9999,0.967,-9999,-9999,-9999,-9999,0.977,0.977,0.977,0.977,0.977,0.978,0.979,0.979
380,"ITA","Italy",-9999,-9999,-9999,-9999,-9999,-9999,-9999,-9999,-9999,-9999,-9999,-9999,-9999,-9999,-9999,-9999,-9999,-9999,-9999,-9999,0.565,-9999,-9999,-9999,-9999,-9999,-9999,0.608,-9999,-9999,0.625,-9999,-9999,-9999,-9999,-9999,-9999,0.625
388,"JAM","Jamaica",-9999,-9999,-9999,-9999,-9999,-9999,-9999,-9999,-9999,-9999,-9999,-9999,-9999,-9999,-9999,-9999,-9999,-9999,-9999,-9999,-9999,-9999,-9999,-9999,-9999,-9999,0.3,-9999,-9999,-9999,-9999,-9999,-9999,-9999,-9999,-9999,-9999,0.3
392,"JPN","Japan",-9999,-9999,-9999,-9999,-9999,-9999,-9999,-9999,-9999,-9999,-9999,-9999,-9999,-9999,-9999,0.716,-9999,-9999,-9999,-9999,0.809,-9999,-9999,-9999,-9999,0.869,-9999,-9999,-9999,-9999,0.899,0.904,0.909,0.914,0.917,-9999,-9999,0.917
832,"JEY","Jersey",-8888,-8888,-8888,-8888,-8888,-8888,-8888,-8888,-8888,-8888,-8888,-8888,-8888,-8888,-8888,-8888,-8888,-8888,-8888,-8888,-8888,-8888,-8888,-8888,-8888,-8888,-8888,-8888,-8888,-8888,-8888,-8888,-8888,-8888,-8888,-8888,-8888,-8888
400,"JOR","Jordan",-9999,-9999,-9999,-9999,-9999,-9999,-9999,-9999,-9999,-9999,-9999,-9999,-9999,-9999,-9999,-9999,-9999,-9999,-9999,-9999,0.63,0.64,0.611,0.622,0.613,0.617,0.619,0.627,0.624,0.629,0.63,0.63,0.63,0.63,-9999,-9999,-9999,0.63
398,"KAZ","Kazakhstan",-9999,-9999,-9999,-9999,-9999,-9999,-9999,-9999,-9999,-9999,-9999,-9999,-9999,-9999,-9999,-9999,-9999,-9999,-9999,-9999,-9999,0.54,0.46,0.52,0.52,0.52,0.6,0.6,0.6,0.63,0.57,0.58,0.55,0.58,0.59,0.551,0.56,0.56
404,"KEN","Kenya",-9999,-9999,-9999,-9999,-9999,-9999,-9999,-9999,-9999,-9999,-9999,-9999,-9999,-9999,-9999,-9999,-9999,-9999,-9999,-9999,-9999,-9999,-9999,-9999,-9999,-9999,-9999,-9999,-9999,0.034,0.075,0.106,-9999,-9999,0.097,0.085,-9999,0.085
296,"KIR","Kiribati",-8888,-8888,-8888,-8888,-8888,-8888,-8888,-8888,-8888,-8888,-8888,-8888,-8888,-8888,-8888,-8888,-8888,-8888,-8888,-8888,-8888,-8888,-8888,-8888,-8888,-8888,-8888,-8888,-8888,-8888,-8888,-8888,-8888,-8888,-8888,-8888,-8888,-8888
689,"XKX","Kosovo",-9999,-9999,-9999,-9999,-9999,-9999,-9999,-9999,-9999,-9999,-9999,-9999,-9999,-9999,-9999,-9999,-9999,-9999,-9999,-9999,-9999,-9999,-9999,-9999,-9999,-9999,-9999,-9999,-9999,-9999,-9999,-9999,-9999,0.006,0.006,-9999,-9999,0.006
414,"KWT","Kuwait",-9999,-9999,-9999,-9999,-9999,-9999,-9999,-9999,-9999,-9999,-9999,-9999,-9999,-9999,-9999,1,1,1,1,1,1,1,1,1,1,1,1,1,1,1,1,1,1,1,1,1,1,1
417,"KGZ","Kyrgyzstan",-8888,-8888,-8888,-8888,-8888,-8888,-8888,-8888,-8888,-8888,-8888,-8888,-8888,-8888,-8888,-8888,-8888,-8888,-8888,-8888,-8888,-8888,-8888,-8888,-8888,-8888,-8888,-8888,-8888,-8888,-8888,-8888,-8888,-8888,-8888,-8888,-8888,-8888
418,"LAO","Laos",-9999,-9999,-9999,-9999,-9999,-9999,-9999,-9999,-9999,-9999,-9999,-9999,-9999,-9999,-9999,-9999,-9999,-9999,-9999,-9999,-9999,-9999,-9999,-9999,-9999,-9999,0.07,-9999,-9999,-9999,-9999,-9999,-9999,-9999,-9999,-9999,-9999,0.07
428,"LVA","Latvia",-9999,-9999,-9999,-9999,-9999,-9999,-9999,-9999,-9999,-9999,-9999,-9999,-9999,-9999,-9999,0.659,-9999,-9999,-9999,-9999,0.648,-9999,-9999,-9999,-9999,0.654,-9999,-9999,-9999,-9999,0.751,0.733,0.781,0.762,0.786,0.775,0.773,0.773
422,"LBN","Lebanon",-9999,-9999,-9999,-9999,-9999,-9999,-9999,-9999,-9999,-9999,-9999,-9999,-9999,-9999,-9999,-9999,-9999,-9999,-9999,-9999,-9999,-9999,-9999,-9999,-9999,-9999,0.47,-9999,-9999,-9999,-9999,-9999,-9999,-9999,-9999,-9999,-9999,0.47
426,"LSO","Lesotho",-9999,-9999,-9999,-9999,-9999,-9999,-9999,-9999,-9999,-9999,-9999,-9999,-9999,-9999,-9999,-9999,-9999,-9999,-9999,-9999,-9999,-9999,-9999,-9999,-9999,-9999,0.06,-9999,-9999,-9999,-9999,-9999,-9999,-9999,-9999,-9999,-9999,0.06
430,"LBR","Liberia",-9999,-9999,-9999,-9999,-9999,-9999,-9999,-9999,-9999,-9999,-9999,-9999,-9999,-9999,-9999,-9999,-9999,-9999,-9999,-9999,-9999,-9999,-9999,-9999,-9999,-9999,0.08,-9999,-9999,-9999,-9999,-9999,-9999,-9999,-9999,-9999,-9999,0.08
434,"LBY","Libya",-9999,-9999,-9999,-9999,-9999,-9999,-9999,-9999,-9999,-9999,-9999,-9999,-9999,-9999,-9999,-9999,-9999,-9999,-9999,-9999,-9999,-9999,-9999,-9999,-9999,-9999,0.48,-9999,-9999,-9999,-9999,-9999,-9999,-9999,-9999,-9999,-9999,0.48
438,"LIE","Liechtenstein",-9999,-9999,-9999,-9999,-9999,-9999,-9999,-9999,-9999,-9999,-9999,-9999,-9999,-9999,-9999,-9999,-9999,-9999,-9999,-9999,-9999,-9999,-9999,-9999,-9999,-9999,-9999,-9999,-9999,-9999,0.987,0.987,0.987,0.987,0.987,0.987,0.987,0.987
440,"LTU","Lithuania",-9999,-9999,-9999,-9999,-9999,-9999,-9999,-9999,-9999,-9999,-9999,-9999,-9999,-9999,-9999,-9999,-9999,-9999,-9999,-9999,-9999,-9999,-9999,-9999,-9999,0.723,-9999,-9999,-9999,-9999,0.767,0.775,0.776,0.788,0.792,0.794,0.798,0.798
442,"LUX","Luxembourg",-9999,-9999,-9999,-9999,-9999,-9999,-9999,-9999,-9999,-9999,-9999,-9999,-9999,-9999,-9999,-9999,-9999,-9999,-9999,-9999,-9999,-9999,-9999,-9999,-9999,0.987,-9999,-9999,-9999,-9999,-9999,-9999,-9999,-9999,-9999,-9999,0.994,0.994
446,"MAC","Macao",-8888,-8888,-8888,-8888,-8888,-8888,-8888,-8888,-8888,-8888,-8888,-8888,-8888,-8888,-8888,-8888,-8888,-8888,-8888,-8888,-8888,-8888,-8888,-8888,-8888,-8888,-8888,-8888,-8888,-8888,-8888,-8888,-8888,-8888,-8888,-8888,-8888,-8888
450,"MDG","Madagascar",-9999,-9999,-9999,-9999,-9999,-9999,-9999,-9999,-9999,-9999,-9999,-9999,-9999,-9999,-9999,0,0,0,0,0,0,-9999,-9999,-9999,-9999,-9999,-9999,-9999,-9999,-9999,-9999,-9999,-9999,-9999,-9999,-9999,-9999,0
454,"MWI","Malawi",-9999,-9999,-9999,-9999,-9999,-9999,-9999,-9999,-9999,-9999,-9999,-9999,-9999,-9999,-9999,-9999,-9999,-9999,-9999,-9999,-9999,-9999,-9999,-9999,-9999,-9999,-9999,-9999,0.16,0.16,0.16,0.16,0.16,0.16,0.16,-9999,-9999,0.16
458,"MYS","Malaysia",-9999,-9999,-9999,-9999,-9999,-9999,-9999,-9999,-9999,-9999,-9999,-9999,-9999,-9999,-9999,-9999,-9999,-9999,-9999,-9999,-9999,-9999,0.603,0.635,0.675,0.683,0.685,0.701,0.713,0.733,0.754,0.784,0.788,0.807,0.831,-9999,-9999,0.831
462,"MDV","Maldives",-9999,-9999,-9999,-9999,-9999,-9999,-9999,-9999,-9999,-9999,-9999,-9999,-9999,-9999,-9999,-9999,0.35,0.35,0.35,0.35,0.35,0.35,0.35,0.38,0.41,0.47,0.5,0.5,-9999,-9999,-9999,-9999,-9999,-9999,-9999,-9999,-9999,0.5
466,"MLI","Mali",-9999,-9999,-9999,-9999,-9999,-9999,-9999,-9999,-9999,-9999,-9999,-9999,-9999,-9999,-9999,-9999,-9999,-9999,-9999,-9999,-9999,-9999,-9999,-9999,0.1,-9999,-9999,-9999,0.2,-9999,0.2,-9999,-9999,-9999,-9999,-9999,-9999,0.2
470,"MLT","Malta",-9999,-9999,-9999,-9999,-9999,-9999,-9999,-9999,-9999,-9999,-9999,-9999,-9999,-9999,-9999,0.112,0.115,0.129,0.132,0.108,0.132,0.093,0.084,0.148,0.217,0.207,1,1,1,1,1,1,1,1,1,1,1,1
584,"MHL","Marshall Islands",-9999,-9999,-9999,-9999,-9999,-9999,-9999,-9999,-9999,-9999,-9999,-9999,-9999,-9999,-9999,0,0,0,0,0,0,0,0,-9999,-9999,-9999,-9999,-9999,-9999,-9999,-9999,-9999,-9999,-9999,-9999,-9999,-9999,0
478,"MRT","Mauritania",-9999,-9999,-9999,-9999,-9999,-9999,-9999,-9999,-9999,-9999,-9999,-9999,-9999,-9999,-9999,-9999,-9999,-9999,-9999,-9999,-9999,-9999,-9999,-9999,-9999,-9999,0.02,-9999,-9999,-9999,-9999,-9999,-9999,-9999,-9999,-9999,-9999,0.02
480,"MUS","Mauritius",-9999,-9999,-9999,-9999,-9999,-9999,-9999,-9999,-9999,-9999,-9999,-9999,-9999,-9999,-9999,0.2,-9999,-9999,-9999,-9999,-9999,-9999,0.19,0.194,0.195,0.201,0.21,0.222,0.23,0.24,0.25,0.271,0.275,0.277,0.278,0.279,0.281,0.281
484,"MEX","Mexico",-9999,-9999,-9999,-9999,-9999,0.086,-9999,-9999,-9999,-9999,-9999,-9999,-9999,-9999,-9999,0.343,-9999,-9999,-9999,-9999,0.509,-9999,-9999,-9999,-9999,0.618,-9999,-9999,-9999,-9999,-9999,-9999,-9999,-9999,-9999,-9999,-9999,0.618
583,"FSM","Micronesia",-8888,-8888,-8888,-8888,-8888,-8888,-8888,-8888,-8888,-8888,-8888,-8888,-8888,-8888,-8888,-8888,-8888,-8888,-8888,-8888,-8888,-8888,-8888,-8888,-8888,-8888,-8888,-8888,-8888,-8888,-8888,-8888,-8888,-8888,-8888,-8888,-8888,-8888
498,"MDA","Moldova",-9999,-9999,-9999,-9999,-9999,-9999,-9999,-9999,-9999,-9999,-9999,-9999,-9999,-9999,0.53,0.54,-9999,-9999,-9999,-9999,-9999,-9999,-9999,-9999,-9999,-9999,-9999,-9999,-9999,-9999,-9999,-9999,-9999,-9999,-9999,-9999,-9999,0.54
492,"MCO","Monaco",-9999,-9999,-9999,-9999,-9999,-9999,-9999,-9999,-9999,-9999,-9999,-9999,-9999,-9999,-9999,1,1,1,1,1,1,1,1,1,1,1,1,1,1,1,1,1,1,1,1,1,1,1
496,"MNG","Mongolia",-9999,-9999,-9999,-9999,-9999,-9999,-9999,-9999,-9999,-9999,-9999,-9999,-9999,-9999,-9999,-9999,-9999,-9999,-9999,-9999,-9999,-9999,-9999,-9999,-9999,-9999,0.33,-9999,-9999,-9999,-9999,-9999,-9999,-9999,-9999,-9999,-9999,0.33
499,"MNE","Montenegro",-9999,-9999,-9999,-9999,-9999,-9999,-9999,-9999,-9999,-9999,-9999,-9999,-9999,-9999,-9999,-9999,-9999,-9999,-9999,-9999,0.1,0.11,0.15,0.17,0.18,0.18,0.18,0.18,-9999,-9999,-9999,-9999,-9999,-9999,-9999,-9999,-9999,0.18
504,"MAR","Morocco",-9999,-9999,-9999,-9999,-9999,-9999,-9999,-9999,-9999,-9999,-9999,-9999,-9999,-9999,-9999,-9999,-9999,-9999,-9999,-9999,-9999,-9999,-9999,-9999,-9999,0.4,0.48,0.49,0.55,0.6,0.6,0.71,0.76,0.774,0.79,-9999,-9999,0.79
508,"MOZ","Mozambique",-8888,-8888,-8888,-8888,-8888,-8888,-8888,-8888,-8888,-8888,-8888,-8888,-8888,-8888,-8888,-8888,-8888,-8888,-8888,-8888,-8888,-8888,-8888,-8888,-8888,-8888,-8888,-8888,-8888,-8888,-8888,-8888,-8888,-8888,-8888,-8888,-8888,-8888
104,"MMR","Myanmar",-9999,-9999,-9999,-9999,-9999,-9999,-9999,-9999,-9999,-9999,-9999,-9999,-9999,-9999,-9999,-9999,-9999,-9999,-9999,-9999,-9999,-9999,-9999,-9999,-9999,-9999,0.06,-9999,-9999,-9999,-9999,-9999,-9999,-9999,-9999,-9999,-9999,0.06
516,"NAM","Namibia",-9999,-9999,-9999,-9999,-9999,-9999,-9999,-9999,-9999,-9999,-9999,-9999,-9999,-9999,-9999,-9999,-9999,-9999,-9999,-9999,-9999,-9999,-9999,-9999,-9999,-9999,0.2,-9999,-9999,-9999,-9999,-9999,-9999,-9999,-9999,-9999,-9999,0.2
520,"NRU","Nauru",-8888,-8888,-8888,-8888,-8888,-8888,-8888,-8888,-8888,-8888,-8888,-8888,-8888,-8888,-8888,-8888,-8888,-8888,-8888,-8888,-8888,-8888,-8888,-8888,-8888,-8888,-8888,-8888,-8888,-8888,-8888,-8888,-8888,-8888,-8888,-8888,-8888,-8888
524,"NPL","Nepal",-9999,-9999,-9999,-9999,-9999,-9999,-9999,-9999,-9999,-9999,-9999,-9999,-9999,-9999,-9999,-9999,-9999,-9999,-9999,-9999,-9999,-9999,-9999,-9999,-9999,-9999,0.17,-9999,-9999,-9999,-9999,-9999,-9999,-9999,-9999,-9999,-9999,0.17
528,"NLD","Netherlands",-9999,-9999,-9999,-9999,-9999,0.98,-9999,-9999,-9999,-9999,-9999,-9999,-9999,-9999,-9999,1,-9999,-9999,-9999,-9999,1,-9999,-9999,-9999,-9999,1,-9999,-9999,-9999,-9999,1,1,1,1,1,1,1,1
540,"NCL","New Caledonia",-8888,-8888,-8888,-8888,-8888,-8888,-8888,-8888,-8888,-8888,-8888,-8888,-8888,-8888,-8888,-8888,-8888,-8888,-8888,-8888,-8888,-8888,-8888,-8888,-8888,-8888,-8888,-8888,-8888,-8888,-8888,-8888,-8888,-8888,-8888,-8888,-8888,-8888
554,"NZL","New Zealand",-9999,-9999,-9999,-9999,-9999,0.8,-9999,-9999,-9999,-9999,0.8,0.8,0.8,0.8,0.8,0.808,0.805,0.805,0.808,0.811,0.813,0.815,0.816,0.817,0.817,0.818,0.82,0.82,0.82,0.82,0.841,-9999,-9999,-9999,-9999,-9999,-9999,0.841
558,"NIC","Nicaragua",-9999,-9999,-9999,-9999,-9999,-9999,-9999,-9999,-9999,-9999,-9999,-9999,-9999,-9999,-9999,-9999,-9999,-9999,-9999,-9999,-9999,-9999,-9999,-9999,-9999,-9999,0.4,-9999,-9999,-9999,-9999,-9999,-9999,-9999,-9999,-9999,-9999,0.4
562,"NER","Niger",-9999,-9999,-9999,-9999,-9999,-9999,-9999,-9999,-9999,-9999,-9999,-9999,-9999,-9999,-9999,-9999,-9999,-9999,-9999,-9999,-9999,-9999,-9999,-9999,-9999,-9999,0.04,-9999,-9999,-9999,-9999,-9999,-9999,-9999,-9999,-9999,-9999,0.04
566,"NGA","Nigeria",-9999,-9999,-9999,-9999,-9999,-9999,-9999,-9999,-9999,-9999,-9999,-9999,-9999,-9999,-9999,-9999,-9999,-9999,-9999,-9999,-9999,-9999,-9999,-9999,-9999,-9999,0.077,-9999,-9999,-9999,-9999,-9999,-9999,-9999,-9999,-9999,-9999,0.077
570,"NIU","Niue",-8888,-8888,-8888,-8888,-8888,-8888,-8888,-8888,-8888,-8888,-8888,-8888,-8888,-8888,-8888,-8888,-8888,-8888,-8888,-8888,-8888,-8888,-8888,-8888,-8888,-8888,-8888,-8888,-8888,-8888,-8888,-8888,-8888,-8888,-8888,-8888,-8888,-8888
408,"PRK","North Korea",-9999,-9999,-9999,-9999,-9999,-9999,-9999,-9999,-9999,-9999,-9999,-9999,-9999,-9999,-9999,-9999,-9999,-9999,-9999,-9999,-9999,-9999,-9999,-9999,-9999,-9999,0.09,-9999,-9999,-9999,-9999,-9999,-9999,-9999,-9999,-9999,-9999,0.09
807,"MKD","North Macedonia",-9999,-9999,-9999,-9999,-9999,0.05,-9999,-9999,-9999,-9999,0.05,-9999,-9999,-9999,0.05,0.05,0.06,0.06,0.06,0.06,0.065,0.07,0.07,0.07,-9999,-9999,-9999,-9999,-9999,-9999,-9999,-9999,-9999,-9999,-9999,-9999,-9999,0.07
578,"NOR","Norway",-9999,-9999,-9999,-9999,-9999,0.8,-9999,-9999,-9999,-9999,-9999,-9999,-9999,-9999,-9999,0.941,-9999,-9999,-9999,-9999,0.957,-9999,-9999,-9999,-9999,0.983,-9999,-9999,-9999,-9999,0.992,0.995,0.991,0.999,1,1,-9999,1
512,"OMN","Oman",-9999,-9999,-9999,-9999,-9999,-9999,-9999,-9999,-9999,-9999,-9999,-9999,-9999,-9999,-9999,-9999,-9999,-9999,-9999,-9999,-9999,-9999,-9999,-9999,-9999,-9999,-9999,-9999,-9999,-9999,-9999,-9999,0.99,0.99,0.99,0.99,0.99,0.99
586,"PAK","Pakistan",-9999,-9999,-9999,-9999,-9999,-9999,-9999,-9999,-9999,-9999,-9999,-9999,-9999,-9999,-9999,-9999,-9999,-9999,-9999,-9999,-9999,-9999,-9999,-9999,-9999,-9999,0.1,-9999,-9999,-9999,-9999,-9999,-9999,-9999,-9999,-9999,-9999,0.1
585,"PLW","Palau",-9999,-9999,-9999,-9999,-9999,-9999,-9999,-9999,-9999,-9999,0.4,-9999,-9999,-9999,-9999,-9999,-9999,-9999,-9999,-9999,-9999,-9999,-9999,-9999,-9999,-9999,-9999,-9999,-9999,-9999,-9999,-9999,-9999,-9999,-9999,-9999,-9999,0.4
591,"PAN","Panama",-9999,-9999,-9999,-9999,-9999,-9999,-9999,-9999,-9999,-9999,-9999,-9999,-9999,-9999,-9999,0.3,0.31,0.33,0.34,0.36,0.46,0.48,0.55,-9999,-9999,-9999,-9999,-9999,-9999,-9999,-9999,-9999,-9999,-9999,-9999,-9999,-9999,0.55
598,"PNG","Papua New Guinea",-9999,-9999,-9999,-9999,-9999,-9999,-9999,-9999,-9999,-9999,-9999,-9999,-9999,-9999,-9999,-9999,-9999,-9999,-9999,-9999,-9999,-9999,-9999,-9999,-9999,-9999,0.1,-9999,-9999,-9999,-9999,-9999,-9999,-9999,-9999,-9999,-9999,0.1
600,"PRY","Paraguay",-9999,-9999,-9999,-9999,-9999,-9999,-9999,-9999,-9999,-9999,-9999,-9999,-9999,-9999,-9999,-9999,-9999,-9999,-9999,-9999,-9999,-9999,-9999,-9999,-9999,-9999,0.147,-9999,-9999,-9999,-9999,-9999,-9999,-9999,-9999,-9999,-9999,0.147
604,"PER","Peru",-9999,-9999,-9999,-9999,-9999,-9999,-9999,-9999,-9999,-9999,-9999,-9999,-9999,-9999,-9999,-9999,-9999,-9999,-9999,-9999,-9999,-9999,-9999,-9999,-9999,0.246,0.25,0.252,0.372,0.494,0.535,0.546,0.658,0.664,0.657,0.65,0.669,0.669
608,"PHL","Philippines",-9999,-9999,-9999,-9999,-9999,-9999,-9999,-9999,-9999,-9999,-9999,-9999,-9999,-9999,-9999,-9999,-9999,-9999,-9999,-9999,-9999,-9999,-9999,-9999,-9999,-9999,0.041,-9999,-9999,-9999,-9999,-9999,-9999,-9999,-9999,-9999,-9999,0.041
616,"POL","Poland",-9999,-9999,-9999,-9999,-9999,-9999,-9999,-9999,-9999,-9999,-9999,-9999,-9999,-9999,-9999,0.536,0.553,0.821,0.837,0.845,0.858,0.87,0.879,0.888,0.9,0.898,0.907,0.938,0.952,0.938,0.942,0.948,0.95,0.96,0.962,0.966,0.969,0.969
620,"PRT","Portugal",-9999,-9999,-9999,-9999,-9999,-9999,-9999,-9999,-9999,-9999,-9999,-9999,-9999,-9999,-9999,-9999,-9999,-9999,-9999,-9999,0.7,-9999,-9999,-9999,-9999,-9999,-9999,-9999,-9999,-9999,-9999,-9999,-9999,-9999,-9999,-9999,-9999,0.7
634,"QAT","Qatar",-9999,-9999,-9999,-9999,-9999,-9999,-9999,-9999,-9999,-9999,-9999,-9999,-9999,-9999,-9999,1,1,1,1,0.73,1,1,1,1,1,1,1,1,1,1,1,1,1,1,1,-9999,-9999,1
178,"COG","Republic of Congo",-8888,-8888,-8888,-8888,-8888,-8888,-8888,-8888,-8888,-8888,-8888,-8888,-8888,-8888,-8888,-8888,-8888,-8888,-8888,-8888,-8888,-8888,-8888,-8888,-8888,-8888,-8888,-8888,-8888,-8888,-8888,-8888,-8888,-8888,-8888,-8888,-8888,-8888
642,"ROU","Romania",-9999,-9999,-9999,-9999,-9999,-9999,-9999,-9999,-9999,-9999,-9999,-9999,-9999,-9999,-9999,-9999,-9999,-9999,-9999,0.278,0.293,0.313,0.318,0.32,0.321,0.341,0.416,0.45,0.462,0.47,0.478,0.497,0.515,0.534,0.549,0.566,0.583,0.583
643,"RUS","Russia",-9999,-9999,-9999,-9999,-9999,-9999,-9999,-9999,-9999,-9999,-9999,-9999,-9999,-9999,-9999,-9999,-9999,-9999,-9999,-9999,-9999,-9999,-9999,-9999,-9999,-9999,0.74,-9999,-9999,-9999,-9999,-9999,-9999,-9999,-9999,-9999,-9999,0.74
646,"RWA","Rwanda",-9999,-9999,-9999,-9999,-9999,-9999,-9999,-9999,-9999,-9999,-9999,-9999,-9999,-9999,-9999,-9999,-9999,-9999,-9999,-9999,-9999,-9999,-9999,-9999,-9999,-9999,0.1,-9999,-9999,-9999,-9999,-9999,-9999,-9999,-9999,-9999,-9999,0.1
652,"BLM","Saint Barthelemy",-8888,-8888,-8888,-8888,-8888,-8888,-8888,-8888,-8888,-8888,-8888,-8888,-8888,-8888,-8888,-8888,-8888,-8888,-8888,-8888,-8888,-8888,-8888,-8888,-8888,-8888,-8888,-8888,-8888,-8888,-8888,-8888,-8888,-8888,-8888,-8888,-8888,-8888
659,"KNA","Saint Kitts and Nevis",-9999,-9999,-9999,-9999,-9999,-9999,-9999,-9999,-9999,-9999,-9999,-9999,-9999,-9999,-9999,-9999,0.05,0.05,0.05,0.05,0.05,0.05,0.05,0.05,0.05,0.05,0.05,0.05,-9999,-9999,-9999,-9999,-9999,-9999,-9999,-9999,-9999,0.05
662,"LCA","Saint Lucia",-8888,-8888,-8888,-8888,-8888,-8888,-8888,-8888,-8888,-8888,-8888,-8888,-8888,-8888,-8888,-8888,-8888,-8888,-8888,-8888,-8888,-8888,-8888,-8888,-8888,-8888,-8888,-8888,-8888,-8888,-8888,-8888,-8888,-8888,-8888,-8888,-8888,-8888
670,"VCT","Saint Vincent and the Grenadines",-8888,-8888,-8888,-8888,-8888,-8888,-8888,-8888,-8888,-8888,-8888,-8888,-8888,-8888,-8888,-8888,-8888,-8888,-8888,-8888,-8888,-8888,-8888,-8888,-8888,-8888,-8888,-8888,-8888,-8888,-8888,-8888,-8888,-8888,-8888,-8888,-8888,-8888
882,"WSM","Samoa",-9999,-9999,-9999,-9999,-9999,-9999,-9999,-9999,-9999,-9999,-9999,-9999,-9999,-9999,-9999,-9999,-9999,-9999,-9999,-9999,-9999,-9999,-9999,-9999,-9999,-9999,-9999,-9999,-9999,-9999,-9999,-9999,-9999,-9999,0,0,-9999,0
674,"SMR","San Marino",-8888,-8888,-8888,-8888,-8888,-8888,-8888,-8888,-8888,-8888,-8888,-8888,-8888,-8888,-8888,-8888,-8888,-8888,-8888,-8888,-8888,-8888,-8888,-8888,-8888,-8888,-8888,-8888,-8888,-8888,-8888,-8888,-8888,-8888,-8888,-8888,-8888,-8888
678,"STP","Sao Tome and Principe",-8888,-8888,-8888,-8888,-8888,-8888,-8888,-8888,-8888,-8888,-8888,-8888,-8888,-8888,-8888,-8888,-8888,-8888,-8888,-8888,-8888,-8888,-8888,-8888,-8888,-8888,-8888,-8888,-8888,-8888,-8888,-8888,-8888,-8888,-8888,-8888,-8888,-8888
682,"SAU","Saudi Arabia",-9999,-9999,-9999,-9999,-9999,-9999,-9999,-9999,-9999,-9999,-9999,-9999,-9999,-9999,-9999,-9999,-9999,0.33,0.35,0.37,0.38,0.41,0.44,0.44,0.45,0.46,0.513,0.553,0.569,0.612,0.601,0.598,0.614,0.61,-9999,-9999,-9999,0.61
686,"SEN","Senegal",-9999,-9999,-9999,-9999,-9999,-9999,-9999,-9999,-9999,-9999,-9999,-9999,-9999,-9999,-9999,-9999,-9999,-9999,-9999,-9999,-9999,-9999,-9999,-9999,-9999,-9999,-9999,-9999,-9999,-9999,-9999,-9999,0.044,-9999,-9999,-9999,-9999,0.044
688,"SRB","Serbia",-9999,-9999,-9999,-9999,-9999,-9999,-9999,-9999,-9999,-9999,-9999,-9999,-9999,-9999,-9999,0.056,0.06,0.064,0.068,0.072,0.079,0.085,0.079,0.08,0.092,0.094,0.097,0.099,0.104,0.112,0.121,0.139,0.138,0.141,0.144,0.15,0.159,0.159
690,"SYC","Seychelles",-8888,-8888,-8888,-8888,-8888,-8888,-8888,-8888,-8888,-8888,-8888,-8888,-8888,-8888,-8888,-8888,-8888,-8888,-8888,-8888,-8888,-8888,-8888,-8888,-8888,-8888,-8888,-8888,-8888,-8888,-8888,-8888,-8888,-8888,-8888,-8888,-8888,-8888
694,"SLE","Sierra Leone",-9999,-9999,-9999,-9999,-9999,-9999,-9999,-9999,-9999,-9999,-9999,-9999,-9999,-9999,-9999,-9999,-9999,-9999,-9999,-9999,-9999,-9999,-9999,-9999,-9999,-9999,0.02,-9999,-9999,-9999,-9999,-9999,-9999,-9999,-9999,-9999,-9999,0.02
702,"SGP","Singapore",-9999,-9999,-9999,-9999,-9999,-9999,-9999,-9999,-9999,-9999,-9999,-9999,-9999,-9999,-9999,0.99,0.99,0.99,0.999,0.999,0.999,0.999,0.999,1,1,1,1,1,1,1,1,1,1,1,1,-9999,-9999,1
534,"SXM","Sint Maarten",-8888,-8888,-8888,-8888,-8888,-8888,-8888,-8888,-8888,-8888,-8888,-8888,-8888,-8888,-8888,-8888,-8888,-8888,-8888,-8888,-8888,-8888,-8888,-8888,-8888,-8888,-8888,-8888,-8888,-8888,-8888,-8888,-8888,-8888,-8888,-8888,-8888,-8888
703,"SVK","Slovakia",-9999,-9999,-9999,-9999,-9999,-9999,-9999,-9999,-9999,-9999,-9999,-9999,-9999,-9999,-9999,0.547,-9999,-9999,-9999,-9999,0.571,-9999,-9999,-9999,-9999,0.604,0.616,0.624,0.636,0.647,0.652,0.664,0.677,0.684,0.687,-9999,-9999,0.687
705,"SVN","Slovenia",-9999,-9999,-9999,-9999,-9999,-9999,-9999,-9999,-9999,-9999,-9999,-9999,-9999,-9999,-9999,0.714,-9999,-9999,-9999,-9999,0.851,-9999,-9999,-9999,-9999,0.869,-9999,-9999,-9999,-9999,0.917,0.888,0.933,0.96,0.975,0.983,0.941,0.941
90,"SLB","Solomon Islands",-9999,-9999,-9999,-9999,-9999,-9999,-9999,-9999,-9999,-9999,-9999,-9999,-9999,-9999,-9999,-9999,-9999,-9999,-9999,-9999,-9999,-9999,0.3,-9999,-9999,-9999,-9999,-9999,-9999,-9999,-9999,-9999,-9999,-9999,-9999,-9999,-9999,0.3
706,"SOM","Somalia",-8888,-8888,-8888,-8888,-8888,-8888,-8888,-8888,-8888,-8888,-8888,-8888,-8888,-8888,-8888,-8888,-8888,-8888,-8888,-8888,-8888,-8888,-8888,-8888,-8888,-8888,-8888,-8888,-8888,-8888,-8888,-8888,-8888,-8888,-8888,-8888,-8888,-8888
710,"ZAF","South Africa",-9999,-9999,-9999,-9999,-9999,-9999,-9999,-9999,-9999,-9999,-9999,-9999,-9999,-9999,-9999,0.46,0.48,0.5,0.5,0.52,0.54,0.55,0.57,-9999,-9999,-9999,0.57,-9999,-9999,-9999,-9999,0.58,0.57,0.58,0.57,0.57,0.56,0.56
410,"KOR","South Korea",-9999,-9999,0.083,-9999,-9999,0.329,-9999,-9999,-9999,-9999,-9999,-9999,-9999,-9999,-9999,0.705,-9999,-9999,-9999,-9999,0.835,-9999,-9999,-9999,-9999,0.901,-9999,-9999,-9999,-9999,0.929,0.932,0.932,0.935,0.939,0.941,0.944,0.944
728,"SSD","South Sudan",-8888,-8888,-8888,-8888,-8888,-8888,-8888,-8888,-8888,-8888,-8888,-8888,-8888,-8888,-8888,-8888,-8888,-8888,-8888,-8888,-8888,-8888,-8888,-8888,-8888,-8888,-8888,-8888,-8888,-8888,-8888,-8888,-8888,-8888,-8888,-8888,-8888,-8888
724,"ESP","Spain",-9999,-9999,-9999,-9999,-9999,-9999,-9999,-9999,-9999,-9999,-9999,-9999,-9999,-9999,-9999,-9999,-9999,-9999,-9999,-9999,-9999,-9999,-9999,-9999,-9999,0.98,-9999,-9999,-9999,-9999,-9999,0.894,-9999,0.894,-9999,-9999,-9999,0.894
144,"LKA","Sri Lanka",-9999,-9999,-9999,-9999,-9999,-9999,-9999,-9999,-9999,-9999,-9999,-9999,-9999,-9999,-9999,-9999,-9999,-9999,-9999,-9999,-9999,-9999,-9999,-9999,-9999,-9999,0.025,-9999,-9999,-9999,-9999,-9999,-9999,-9999,-9999,-9999,-9999,0.025
275,"PSE","State of Palestine",-9999,-9999,-9999,-9999,-9999,-9999,-9999,-9999,-9999,-9999,-9999,-9999,-9999,-9999,-9999,-9999,-9999,-9999,-9999,-9999,-9999,-9999,-9999,-9999,-9999,-9999,-9999,-9999,-9999,-9999,-9999,-9999,-9999,-9999,-9999,-9999,0.25,0.25
729,"SDN","Sudan",-9999,-9999,-9999,-9999,-9999,-9999,-9999,-9999,-9999,-9999,-9999,-9999,-9999,-9999,-9999,-9999,-9999,-9999,-9999,-9999,-9999,-9999,-9999,-9999,-9999,-9999,0.01,-9999,-9999,-9999,-9999,-9999,-9999,-9999,-9999,-9999,-9999,0.01
740,"SUR","Suriname",-8888,-8888,-8888,-8888,-8888,-8888,-8888,-8888,-8888,-8888,-8888,-8888,-8888,-8888,-8888,-8888,-8888,-8888,-8888,-8888,-8888,-8888,-8888,-8888,-8888,-8888,-8888,-8888,-8888,-8888,-8888,-8888,-8888,-8888,-8888,-8888,-8888,-8888
752,"SWE","Sweden",-9999,-9999,-9999,-9999,-9999,-9999,-9999,-9999,-9999,-9999,-9999,-9999,-9999,-9999,-9999,0.99,-9999,-9999,-9999,-9999,1,-9999,-9999,-9999,-9999,1,-9999,-9999,-9999,-9999,1,1,1,1,1,0.99,-9999,0.99
756,"CHE","Switzerland",-9999,-9999,-9999,-9999,-9999,-9999,-9999,-9999,-9999,-9999,-9999,-9999,-9999,-9999,-9999,0.988,-9999,-9999,-9999,-9999,0.991,-9999,-9999,-9999,-9999,0.997,-9999,-9999,-9999,-9999,-9999,-9999,-9999,-9999,-9999,-9999,-9999,0.997
760,"SYR","Syria",-9999,-9999,-9999,-9999,-9999,-9999,-9999,-9999,-9999,-9999,-9999,-9999,-9999,-9999,-9999,-9999,-9999,-9999,-9999,-9999,-9999,-9999,-9999,-9999,-9999,-9999,0.96,-9999,-9999,-9999,-9999,-9999,-9999,-9999,-9999,-9999,-9999,0.96
158,"TWN","Taiwan",-9999,-9999,-9999,-9999,-9999,-9999,-9999,-9999,-9999,-9999,-9999,-9999,-9999,0.1,0.1,0.1,0.2,0.2,0.2,0.2,0.2,0.3,0.3,0.3,0.4,0.4,0.4,-9999,-9999,-9999,-9999,-9999,-9999,-9999,-9999,-9999,-9999,0.4
762,"TJK","Tajikistan",-9999,-9999,-9999,-9999,-9999,-9999,-9999,-9999,-9999,-9999,-9999,-9999,-9999,-9999,-9999,-9999,-9999,-9999,-9999,-9999,-9999,-9999,-9999,-9999,-9999,-9999,0.45,-9999,-9999,-9999,-9999,-9999,-9999,-9999,-9999,-9999,-9999,0.45
834,"TZA","Tanzania",-9999,-9999,-9999,-9999,-9999,-9999,-9999,-9999,-9999,-9999,-9999,-9999,-9999,-9999,-9999,-9999,-9999,-9999,-9999,-9999,-9999,-9999,-9999,-9999,-9999,-9999,0.18,-9999,-9999,-9999,-9999,-9999,-9999,-9999,-9999,-9999,-9999,0.18
764,"THA","Thailand",-9999,-9999,-9999,-9999,-9999,-9999,-9999,-9999,-9999,-9999,-9999,-9999,-9999,-9999,-9999,-9999,-9999,-9999,-9999,-9999,-9999,-9999,-9999,-9999,-9999,-9999,0.09,-9999,-9999,-9999,-9999,-9999,-9999,-9999,-9999,-9999,-9999,0.09
626,"TLS","Timor-Leste",-9999,-9999,-9999,-9999,-9999,-9999,-9999,-9999,-9999,-9999,-9999,-9999,-9999,-9999,-9999,-9999,-9999,-9999,0.1,-9999,-9999,-9999,-9999,-9999,-9999,-9999,-9999,-9999,-9999,-9999,-9999,-9999,-9999,-9999,-9999,-9999,-9999,0.1
768,"TGO","Togo",-9999,-9999,-9999,-9999,-9999,-9999,-9999,-9999,-9999,-9999,-9999,-9999,-9999,-9999,-9999,-9999,-9999,-9999,-9999,-9999,-9999,-9999,-9999,-9999,-9999,-9999,0,-9999,-9999,-9999,-9999,-9999,-9999,-9999,-9999,-9999,-9999,0
776,"TON","Tonga",-8888,-8888,-8888,-8888,-8888,-8888,-8888,-8888,-8888,-8888,-8888,-8888,-8888,-8888,-8888,-8888,-8888,-8888,-8888,-8888,-8888,-8888,-8888,-8888,-8888,-8888,-8888,-8888,-8888,-8888,-8888,-8888,-8888,-8888,-8888,-8888,-8888,-8888
780,"TTO","Trinidad and Tobago",-9999,-9999,-9999,-9999,-9999,-9999,-9999,-9999,-9999,-9999,-9999,-9999,-9999,-9999,-9999,-9999,0.2,0.2,0.2,0.3,0.2,0.252,0.252,-9999,-9999,-9999,-9999,-9999,-9999,-9999,-9999,0.252,-9999,-9999,-9999,-9999,-9999,0.252
788,"TUN","Tunisia",-9999,-9999,-9999,-9999,-9999,-9999,-9999,-9999,-9999,-9999,-9999,-9999,-9999,-9999,-9999,0.367,0.387,0.419,0.449,0.468,0.484,0.512,0.518,0.525,0.535,0.538,-9999,-9999,-9999,-9999,-9999,-9999,-9999,-9999,-9999,-9999,-9999,0.538
792,"TUR","Turkiye",-9999,-9999,-9999,-9999,-9999,-9999,-9999,-9999,-9999,-9999,-9999,-9999,-9999,-9999,-9999,0.263,-9999,-9999,-9999,-9999,0.421,-9999,-9999,-9999,-9999,0.521,-9999,-9999,-9999,-9999,0.699,0.707,0.742,0.744,0.739,0.74,-9999,0.74
795,"TKM","Turkmenistan",-9999,-9999,-9999,-9999,-9999,-9999,-9999,-9999,-9999,-9999,-9999,-9999,-9999,-9999,-9999,-9999,-9999,-9999,-9999,-9999,-9999,-9999,-9999,-9999,-9999,-9999,0.49,-9999,-9999,-9999,-9999,-9999,-9999,-9999,-9999,-9999,-9999,0.49
796,"TCA","Turks and Caicos Islands",-8888,-8888,-8888,-8888,-8888,-8888,-8888,-8888,-8888,-8888,-8888,-8888,-8888,-8888,-8888,-8888,-8888,-8888,-8888,-8888,-8888,-8888,-8888,-8888,-8888,-8888,-8888,-8888,-8888,-8888,-8888,-8888,-8888,-8888,-8888,-8888,-8888,-8888
798,"TUV","Tuvalu",-8888,-8888,-8888,-8888,-8888,-8888,-8888,-8888,-8888,-8888,-8888,-8888,-8888,-8888,-8888,-8888,-8888,-8888,-8888,-8888,-8888,-8888,-8888,-8888,-8888,-8888,-8888,-8888,-8888,-8888,-8888,-8888,-8888,-8888,-8888,-8888,-8888,-8888
800,"UGA","Uganda",-9999,-9999,-9999,-9999,-9999,-9999,-9999,-9999,-9999,-9999,-9999,-9999,-9999,-9999,-9999,-9999,-9999,-9999,-9999,-9999,-9999,-9999,-9999,-9999,-9999,-9999,0.06,-9999,-9999,-9999,-9999,-9999,-9999,-9999,-9999,-9999,-9999,0.06
804,"UKR","Ukraine",-9999,-9999,-9999,-9999,-9999,-9999,-9999,-9999,-9999,-9999,-9999,-9999,-9999,-9999,-9999,-9999,-9999,-9999,-9999,-9999,-9999,-9999,-9999,-9999,-9999,-9999,0.651,-9999,-9999,-9999,-9999,-9999,-9999,-9999,-9999,-9999,-9999,0.651
784,"ARE","United Arab Emirates",-9999,-9999,-9999,-9999,-9999,-9999,-9999,-9999,-9999,-9999,-9999,-9999,-9999,-9999,-9999,-9999,-9999,-9999,-9999,-9999,-9999,-9999,0.783,-9999,-9999,-9999,-9999,-9999,-9999,-9999,-9999,-9999,0.939,-9999,-9999,-9999,-9999,0.939
826,"GBR","United Kingdom",-9999,-9999,-9999,-9999,-9999,-9999,-9999,-9999,-9999,-9999,-9999,-9999,-9999,-9999,-9999,-9999,-9999,-9999,-9999,-9999,1,-9999,-9999,-9999,-9999,0.995,-9999,-9999,-9999,-9999,-9999,-9999,-9999,-9999,-9999,-9999,-9999,0.995
840,"USA","United States of America",-9999,-9999,-9999,-9999,-9999,-9999,-9999,0.7,-9999,-9999,-9999,0.718,-9999,-9999,-9999,0.754,-9999,0.754,-9999,0.749,-9999,-9999,-9999,0.737,-9999,-9999,-9999,0.755,-9999,-9999,-9999,-9999,-9999,-9999,-9999,-9999,-9999,0.755
858,"URY","Uruguay",-9999,-9999,-9999,-9999,-9999,-9999,-9999,-9999,-9999,-9999,-9999,-9999,-9999,-9999,-9999,-9999,-9999,-9999,-9999,-9999,-9999,-9999,-9999,-9999,-9999,-9999,0.43,-9999,-9999,-9999,-9999,-9999,-9999,-9999,-9999,-9999,-9999,0.43
860,"UZB","Uzbekistan",-9999,-9999,-9999,-9999,-9999,-9999,-9999,-9999,-9999,-9999,-9999,-9999,-9999,-9999,-9999,-9999,-9999,-9999,-9999,-9999,-9999,-9999,-9999,-9999,-9999,-9999,0.39,-9999,-9999,-9999,-9999,-9999,-9999,-9999,-9999,-9999,-9999,0.39
548,"VUT","Vanuatu",-8888,-8888,-8888,-8888,-8888,-8888,-8888,-8888,-8888,-8888,-8888,-8888,-8888,-8888,-8888,-8888,-8888,-8888,-8888,-8888,-8888,-8888,-8888,-8888,-8888,-8888,-8888,-8888,-8888,-8888,-8888,-8888,-8888,-8888,-8888,-8888,-8888,-8888
862,"VEN","Venezuela",-9999,-9999,-9999,-9999,-9999,-9999,-9999,-9999,-9999,-9999,-9999,-9999,-9999,-9999,-9999,0.202,0.206,0.209,0.211,0.213,0.217,0.219,0.22,0.223,0.238,-9999,-9999,-9999,-9999,-9999,-9999,-9999,-9999,-9999,-9999,-9999,-9999,0.238
704,"VNM","Viet Nam",-9999,-9999,-9999,-9999,-9999,-9999,-9999,-9999,-9999,-9999,-9999,-9999,-9999,-9999,-9999,-9999,-9999,-9999,-9999,-9999,-9999,-9999,-9999,-9999,-9999,-9999,0.03,-9999,-9999,-9999,-9999,-9999,-9999,-9999,-9999,-9999,-9999,0.03
876,"WLF","Wallis and Futuna Islands",-8888,-8888,-8888,-8888,-8888,-8888,-8888,-8888,-8888,-8888,-8888,-8888,-8888,-8888,-8888,-8888,-8888,-8888,-8888,-8888,-8888,-8888,-8888,-8888,-8888,-8888,-8888,-8888,-8888,-8888,-8888,-8888,-8888,-8888,-8888,-8888,-8888,-8888
732,"ESH","Western Sahara",-8888,-8888,-8888,-8888,-8888,-8888,-8888,-8888,-8888,-8888,-8888,-8888,-8888,-8888,-8888,-8888,-8888,-8888,-8888,-8888,-8888,-8888,-8888,-8888,-8888,-8888,-8888,-8888,-8888,-8888,-8888,-8888,-8888,-8888,-8888,-8888,-8888,-8888
887,"YEM","Yemen",-9999,-9999,-9999,-9999,-9999,-9999,-9999,-9999,-9999,-9999,-9999,-9999,-9999,-9999,0.033,-9999,-9999,-9999,-9999,-9999,-9999,-9999,-9999,-9999,-9999,-9999,-9999,-9999,-9999,-9999,-9999,-9999,-9999,-9999,-9999,-9999,-9999,0.033
894,"ZMB","Zambia",-9999,-9999,-9999,-9999,-9999,-9999,-9999,-9999,-9999,-9999,-9999,-9999,-9999,-9999,-9999,-9999,-9999,-9999,-9999,-9999,-9999,-9999,-9999,-9999,-9999,-9999,0.3,-9999,-9999,-9999,-9999,-9999,-9999,-9999,-9999,-9999,-9999,0.3
716,"ZWE","Zimbabwe",-9999,-9999,-9999,-9999,-9999,-9999,-9999,-9999,-9999,-9999,-9999,-9999,-9999,-9999,-9999,-9999,-9999,-9999,-9999,-9999,-9999,-9999,-9999,-9999,-9999,-9999,-9999,0.672,0.724,0.77,0.759,0.679,0.69,-9999,-9999,-9999,-9999,0.69
