"code","iso","country","F1D.raw.1999","F1D.raw.2000","F1D.raw.2001","F1D.raw.2002","F1D.raw.2003","F1D.raw.2004","F1D.raw.2005","F1D.raw.2006","F1D.raw.2007","F1D.raw.2008","F1D.raw.2009","F1D.raw.2010","F1D.raw.2011","F1D.raw.2012","F1D.raw.2013","F1D.raw.2014","F1D.raw.2015","F1D.raw.2016","F1D.raw.2017","F1D.raw.2018","F1D.raw.2019","F1D.raw.2020","F1D.raw.2021","F1D.raw.2022"
4,"AFG","Afghanistan",12227.2565333333,11627.6551466667,11564.17024,14963.2752533333,18099.1462933333,20516.8489066667,22239.3197333333,22855.3236266667,21845.4397333333,21999.3399466667,22189.8679466667,22287.70896,21824.5182933333,18425.9140266667,16072.1604266667,14298.90656,12943.6906666667,12136.3649066667,11511.5674133333,11156.3304,11047.0088533333,11171.2306666667,11339.9212266667,11585.0794666667
8,"ALB","Albania",-3306.25925333333,-4470.54410666667,-5392.3088,-6494.20794666667,-7070.21317333334,-7425.84101333334,-6527.26944,-6157.66954666667,-4907.3784,-3299.37093333333,-2210.58890666667,-1228.79568,-294.43904,897.1304,1700.68224,2826.92256,2824.72416,3070.87168,2468.19253333334,1340.44997333333,851.709013333333,548.415306666666,229.952639999999,-241.274400000001
12,"DZA","Algeria",51066.37712,47809.4353066667,39726.7123733333,36000.3510933333,33438.6288533333,31204.0407466667,27646.1379733333,24909.9116266667,22509.9183466667,20350.7231466667,18652.1416,16586.3784,14134.64944,11225.7754133333,8300.31568,5810.26128,3952.88197333333,2638.66624,1601.97408,1005.13290666667,694.608906666667,1229.60176,2055.74826666667,3092.06181333333
20,"AND","Andorra",137.888533333333,143.323466666667,149.478986666667,143.421173333333,130.91472,114.60992,100.772213333333,89.14512,76.8462933333334,65.7565866666667,54.1417066666667,42.9542933333333,31.21728,19.08944,8.06079999999998,-1.07477333333335,-11.02864,-17.7093333333333,-23.5839466666667,-29.23872,-33.1714133333333,-37.6170666666667,-39.8887466666667,-40.23072
24,"AGO","Angola",268029.36768,291585.492373333,325367.70672,372644.164373333,426315.291306667,479306.697386667,533488.121813333,590117.965386667,662745.30928,760238.022773333,862582.079893333,967137.910613333,1049396.82352,1111803.80581333,1159226.40821333,1196665.78309333,1232550.31514667,1261913.48901333,1270417.66965333,1247410.15568,1212049.69776,1165474.66405333,1127762.87077333,1094139.95493333
660,"AIA","Anguilla",NA,NA,NA,NA,NA,NA,NA,NA,NA,NA,NA,NA,NA,NA,NA,NA,NA,NA,NA,NA,NA,NA,NA,NA
28,"ATG","Antigua and Barbuda",-140.355626666667,-137.351146666667,-133.69936,-128.75296,-123.80656,-119.2632,-114.927466666667,-109.07728,-100.308106666667,-89.0840533333334,-82.6354133333334,-78.0676266666667,-74.0250133333333,-70.4098666666666,-59.5644266666666,-53.3112,-49.0976,-46.3007466666667,-39.9986666666667,-42.09936,-41.0245866666667,-39.53456,-37.81248,-37.1285333333333
32,"ARG","Argentina",664828.47648,698400.365013333,718735.723786667,772820.47968,881873.442933334,1021659.1344,1176866.19882667,1336969.50309333,1444768.46234667,1524984.02352,1688641.06581333,1814616.17642667,1916875.36309333,1955669.94165333,1907012.13157333,1810182.65093333,1683609.77093333,1535314.1952,1418242.27482667,1307505.25168,1100213.38912,916205.696960001,739640.810133334,598482.657546667
51,"ARM","Armenia",12556.63792,12992.3119466667,13943.2909333333,15007.5485866667,15924.73328,17155.0556266667,19301.29248,20581.3597333333,21455.3336533333,22369.7337066667,23165.9453333333,23867.33264,23790.68176,23339.9609066667,22645.8771733333,21065.69168,18033.80496,16223.5080533333,14876.3651733333,13724.9653866667,12713.82352,11799.61888,11052.3949333333,10329.5610133333
533,"ABW","Aruba",NA,NA,NA,NA,NA,NA,NA,NA,NA,NA,NA,NA,NA,NA,NA,NA,NA,NA,NA,NA,NA,NA,NA,NA
36,"AUS","Australia",692346.10576,784833.550986667,847508.37168,861270.050346667,930740.186506667,986271.220906666,940897.002133333,877514.711893333,855465.26064,867254.5104,844098.87312,944030.833546666,988084.595573333,1004694.36250667,960206.514186666,900883.093226667,862722.643146667,869837.215146667,836836.12896,724659.36144,652687.7392,432047.11856,302518.63632,218336.831786667
40,"AUT","Austria",-76112.41856,-76007.6159466666,-76280.55952,-76140.0206933333,-75271.5549866667,-73943.3916266666,-72994.35456,-72198.2650666667,-71078.26576,-70477.5041066667,-69457.4831466667,-67853.616,-66402.59872,-64619.18336,-63629.8789333333,-63147.2568533333,-62663.8286933333,-62438.4682666667,-62767.5198933333,-63199.16352,-63256.3829866667,-63038.64368,-62363.4906133333,-61955.16224
31,"AZE","Azerbaijan",26445.3718933333,27117.9357333333,27299.8655466667,27354.94768,27004.0952533333,26398.86352,25531.41152,24189.76464,22618.45824,21766.5416,20843.4090133333,20269.10144,20000.09056,20272.2769066667,20449.0160533333,20766.67264,22027.19856,24816.9803733333,26344.7950933333,28179.4087466667,30175.2384,32244.2747733333,34311.1127466667,35974.0069333333
44,"BHS","Bahamas",-49.5128533333334,-38.4109333333334,-48.7067733333334,-61.6773333333334,-92.03968,-146.755413333333,-211.510506666667,-276.900693333333,-317.754293333333,-212.73184,-200.836053333333,-188.62272,-171.267573333333,-151.591893333333,-125.45536,-99.2821866666666,-79.8874133333332,-56.3278933333332,-56.7065066666665,-178.522293333333,-245.37808,-262.659946666667,-276.277813333333,-280.99216
48,"BHR","Bahrain",30.3989866666667,28.1150933333333,25.1594666666667,22.1061333333333,18.61312,14.8636266666667,12.9583466666667,11.2240533333333,7.26693333333334,4.79984000000001,2.68693333333334,0.952639999999999,0.293119999999999,-0.40304,-1.34346666666667,-2.23504,-3.06554666666667,-3.81056,-4.55557333333334,-5.25173333333334,-5.91125333333334,-6.71733333333334,-8.09744000000001,-9.26992000000001
50,"BGD","Bangladesh",48881.2652266667,43631.7425066667,45552.5090133333,48367.69456,48064.75504,49356.68144,48335.7689066666,42837.2651733333,38060.1908266666,33517.8933866666,29620.9362666666,25938.11552,24053.3417066667,24690.5479466666,25834.8395733333,27905.8911466667,34111.69344,38165.0911466667,42836.08048,47113.3119466667,54015.8726933333,63153.65664,71068.44624,76068.1208
52,"BRB","Barbados",22.9244266666667,17.91696,-2.95562666666666,-17.9536,-46.2274666666667,-63.46048,-77.9454933333334,-86.6658133333334,-100.149333333333,-95.55712,-109.29712,-138.328213333333,-161.91216,-201.544426666667,-239.246986666667,-297.870986666667,-376.610346666667,-445.823306666667,-519.84832,-611.033066666667,-677.827786666667,-740.152426666667,-803.454133333333,-855.568426666667
112,"BLR","Belarus",83832.53984,79631.69056,74768.9274666667,69275.46784,62748.3327466667,53902.53296,47908.8762666666,41527.1409066666,35894.5225599999,28981.6415466666,20676.39168,18059.9414933333,18510.0272533333,20521.0136533333,25470.51584,28659.0629866667,31973.8715733333,36720.93776,40425.5959466667,43715.7824533333,46381.22032,47749.17472,50263.4603733333,51502.8816533333
56,"BEL","Belgium",10163.6673066667,12401.8583466667,12102.8026666667,12323.20448,10901.3770666667,12449.28272,12858.2095466667,12542.9101333333,12273.4351466667,12023.81904,10803.3284266667,10297.7941333333,10053.35648,10501.2072,10279.1565866667,9968.70586666667,11845.0280533333,12852.1883733333,14553.1393066667,16482.7726933333,18333.5812266667,20451.0434666667,22880.61744,24528.5502933333
84,"BLZ","Belize",55685.58192,54394.7425066667,52959.9567466667,51815.26208,50308.77184,49063.4393066667,47762.5238933333,47149.74432,46329.7899733333,45343.832,45161.1327466666,45183.9838933333,44793.9877333333,42931.8208,42822.2427733333,44785.3162666667,48644.98608,50998.2511466667,53681.3861333333,57352.7996266667,59277.6576,61032.3594133333,63155.9038933333,64401.7127466667
204,"BEN","Benin",226779.054186666,243131.302986666,258984.78368,272904.588373333,278887.582826667,278730.1896,266844.344586667,250833.81264,240549.611946667,232120.824213333,221581.20608,212511.56032,206068.147626667,204497.47632,201713.34928,198323.67296,197798.487413333,196051.565493333,186458.24864,177394.856106667,170653.963253333,164471.0976,155560.200746667,142267.84384
60,"BMU","Bermuda",NA,NA,NA,NA,NA,NA,NA,NA,NA,NA,NA,NA,NA,NA,NA,NA,NA,NA,NA,NA,NA,NA,NA,NA
64,"BTN","Bhutan",66757.56704,59371.74912,55112.5811733333,54077.48896,59495.70224,55725.3973866667,53987.0248,52440.15728,52419.2236266667,53344.2614933334,53753.84784,54189.79056,54250.4175466667,52177.8637333333,43810.0938133333,38288.2015466667,34865.9522666667,32264.4756266667,28680.98592,23755.0921066667,20517.70384,16058.0418133333,13486.3290666667,11342.1562666667
68,"BOL","Bolivia",863700.601386667,905878.700746667,941774.823253333,965963.635253333,1043810.05402667,1041458.24234667,1037002.79392,1034946.04416,1019305.27088,985834.948426667,954642.143946667,935620.50016,917612.85616,895183.57024,817031.928053333,763588.99504,731708.616533333,693196.019413333,667990.850453333,631576.638346667,605956.008426667,584277.244053333,557184.064746667,535309.606133333
70,"BIH","Bosnia and Herzegovina",-14738.9651733333,-15623.91888,-13818.2508266667,-10314.7340266667,-7302.41306666667,-5533.31173333333,-4264.10213333333,-3406.43301333333,-3958.12149333333,-4350.21834666667,-4716.21530666667,-4858.18309333333,-4530.76805333334,-4969.73968,-5335.78549333333,-4530.40165333333,-3043.88021333333,-1070.49866666667,485.199093333326,2268.68773333333,3752.46117333333,5549.93407999999,7347.11386666666,8558.70095999999
72,"BWA","Botswana",75908.77344,80531.67888,84900.5714133333,85383.7919466667,84634.5650133333,84408.6183466667,83283.2451733334,82601.0816533334,84293.7030933333,85502.3101333333,83865.07616,85356.7149866667,85441.25568,86788.2397866667,89620.26752,90180.4686933333,90661.1977066667,90965.5173333333,89231.0285866667,87042.38704,85433.1216,82958.8346133333,81732.0663466667,80178.79904
76,"BRA","Brazil",14632194.00272,15218991.7490133,15684162.84432,16164562.48848,17049659.1644267,17486745.4432533,17707677.5106667,17827159.17056,17809617.77056,17592321.4170666,17266335.8011733,16872970.1534933,16426908.4792,15886425.50048,14901269.33248,14133064.72336,13550071.6624533,13054397.1076267,12523375.2364267,11930518.79744,11578029.83296,11284253.1098133,11035105.89744,10790959.72752
92,"VGB","British Virgin Islands",NA,NA,NA,NA,NA,NA,NA,NA,NA,NA,NA,NA,NA,NA,NA,NA,NA,NA,NA,NA,NA,NA,NA,NA
96,"BRN","Brunei Darussalam",12640.54352,12613.9306666667,12652.0729066667,12605.66224,12674.1301866667,12427.29872,12427.5429866667,12318.5023466667,12310.41712,11818.2442133333,12497.09792,12827.8716266667,13297.3033066667,13594.5392,13096.2962666667,13874.9329066667,13906.5288,13806.0741333333,13837.3402666667,13284.6136533333,12542.9712,12203.0863466667,11537.86272,10955.7141866667
100,"BGR","Bulgaria",4126.60442666666,-1564.65013333333,-10113.0308266667,-17290.2938666667,-24067.5213866667,-33403.8330666667,-43859.1914133333,-57036.0712533333,-62468.1466666667,-68393.1888533333,-71091.71264,-70758.0199466667,-67713.1870933333,-65209.63696,-64266.9141866667,-60497.9528,-57265.2300266667,-53210.7819733333,-48748.7017066667,-44448.8877866667,-42297.6068266667,-41799.5470933333,-42538.1850666667,-43156.68048
854,"BFA","Burkina Faso",139390.272586667,152487.301653333,165743.152906667,180050.303466667,187020.67264,193356.730133333,193152.914026667,196834.58672,218458.92848,232160.945013334,247504.213706667,242791.931093334,238069.511413334,232279.072373334,228091.999733334,223441.30896,220826.739626667,208314.900213334,177343.93872,157644.345013334,137225.825653334,122285.59696,108330.727786667,95451.8166400001
108,"BDI","Burundi",26684.4234666667,26365.19136,26539.0237333333,26906.0344,27309.2087466667,26424.5970133334,24962.7465066667,23211.4155733334,22278.3901866667,21707.9298133333,21716.05168,22963.2284266667,25258.1015466667,28203.1758933333,30709.2908266667,33185.7517866667,35524.4341333333,37184.2994133333,37406.5576533333,36800.33664,35731.9753066667,33106.9757866667,29101.94288,24708.22064
132,"CPV","Cabo Verde",291.129226666667,327.366186666667,341.093973333333,348.84944,372.70208,359.32848,369.673173333333,328.51424,355.33472,375.975253333333,380.494186666667,356.226293333333,473.987253333333,547.51152,524.782506666667,504.703786666667,459.35568,432.02224,343.768693333333,279.758613333333,225.763466666667,154.51088,-55.0332799999999,-198.07584
116,"KHM","Cambodia",252684.97536,235823.748106667,229835.453066667,229729.380266667,236186.801653333,245834.015946667,248756.410133333,247299.237333333,242816.956213333,237872.986666667,234823.52496,226282.74096,222502.274613333,227244.296693333,236585.737973333,259448.804853333,285866.989866667,311054.534986667,338096.247306667,360649.1688,371080.088266667,380640.6856,385044.434986667,373258.030933333
120,"CMR","Cameroon",276540.045813333,283365.1496,286336.482613333,291616.538666667,299711.071893333,302462.13744,301293.57792,300083.090026667,298672.57216,303834.806186667,325561.434613333,339887.00288,350445.539466667,357105.01824,357281.00016,357470.86864,358506.2784,358924.63392,359814.448533333,345318.33328,316128.759733333,296792.952373333,283301.676906667,272675.28304
124,"CAN","Canada",1481405.18917333,1496523.62261333,1547429.2112,1577431.54544,1600101.61722667,1613937.14992,1621916.40149333,1603326.4624,1569266.18709333,1521711.14330667,1460866.52725333,1373776.36165333,1269609.75765333,1178480.86256,1104050.83066667,1051371.4264,1004812.83184,964568.237493333,949131.3536,934985.687733333,935539.342559999,936356.487839999,921184.572213333,911923.042773333
136,"CYM","Cayman Islands",NA,NA,NA,NA,NA,NA,NA,NA,NA,NA,NA,NA,NA,NA,NA,NA,NA,NA,NA,NA,NA,NA,NA,NA
140,"CAF","Central African Republic",100485.05344,101805.278133333,102555.018026667,103246.488106667,104975.004533333,105692.061546667,105431.429013333,103600.100746667,101521.45248,103109.857546667,101560.132106667,99457.9976,97114.97952,94529.6855466666,90838.73072,87533.47296,84676.7132266667,83017.9837866667,82321.94592,76788.2677866667,74484.8086933333,73394.06032,71399.0978133333,70019.1621333333
148,"TCD","Chad",95959.244,108445.49648,116665.411786667,124696.313546667,137240.445013333,149011.3992,156716.35152,158582.707626667,161596.897226667,169377.474506667,178974.980533333,184531.729653333,202659.491786667,226624.274613333,245352.163306667,259452.615413333,272453.122506667,284696.415146667,298829.855466667,308929.842453333,312639.947786667,314010.210506667,307363.604586667,294367.33552
152,"CHL","Chile",46305.70528,52888.81408,62447.3351466666,69778.7793066666,76756.9039466666,83015.8586666666,90564.2971199999,97303.9930666666,102686.592266667,112593.962773333,121775.2384,126700.265066667,127146.18608,131157.692053333,130836.615733333,132915.496053333,133554.2656,133893.100106667,132416.178346667,128055.395466667,122650.555786667,115309.23104,108312.652053333,99403.0009600001
156,"CHN","China",4120062.02490667,3698766.60901333,3398071.41114667,3045093.63242667,2703101.67376,2365555.95466667,1992715.43653333,1597074.45706667,1173250.63690667,798389.459413334,522856.0976,322501.664853334,196501.174933334,46224.608746667,-139416.213706667,-221703.3272,-197244.087573334,-263035.030346667,-197542.557013334,-12566.2742400008,151788.882186666,394328.009493333,640910.373013333,983284.67008
170,"COL","Colombia",861453.103786666,886585.200373333,883219.645386666,916482.58544,1021935.70533333,1036799.89381333,960744.780213334,915656.048106667,836094.24224,747235.451626667,679554.373386667,652447.85712,742167.101493334,959043.780426667,919789.08896,919364.468,944081.726506667,937677.384266667,932789.742613334,942428.32208,959949.081546667,979931.511626667,899616.9736,655669.83216
174,"COM","Comoros",1093.69178666667,1180.06448,1198.25013333333,1214.4328,1097.57562666667,979.081866666667,864.826133333334,751.083360000001,582.881333333334,445.06608,344.477066666667,237.231786666667,180.354293333333,155.9032,132.136053333333,127.568266666667,111.71536,90.75728,78.0187733333334,65.2192,49.1586666666667,23.22976,-7.29136000000002,-52.10208
184,"COK","Cook Islands",-41.1222933333333,-49.1953066666667,-57.41488,-69.2373866666667,-82.3545066666667,-95.8013866666666,-110.164266666667,-125.71184,-142.38304,-159.982453333333,-178.2536,-197.04992,-214.295146666667,-227.326773333333,-235.876106666667,-238.330986666667,-237.75696,-235.949386666667,-232.26096,-226.557333333333,-219.2904,-210.948693333333,-202.21616,-193.630186666667
188,"CRI","Costa Rica",28145.1381333333,27259.0485866667,27674.2042133333,29482.9500266667,27267.1704533333,20382.7465066667,17694.6895466667,15453.5673066667,14848.4943466667,16390.1589866667,19074.38096,16712.5787733333,12777.3694933333,10054.5656,10243.92112,13101.1327466667,15254.6853866667,15832.8890133333,16271.5797333333,14287.4870933333,11289.0893333333,11287.0374933333,12266.66896,11402.7466133333
384,"CIV","Cote d'Ivoire",1288757.54074667,1263893.14821333,1217466.98282667,1151993.44016,1090457.12197333,1022140.42522667,978642.003466666,934331.065279999,881570.808746666,826248.219306666,774102.269013333,730649.879306667,699839.486506667,692158.594453333,674354.424586667,663829.19376,648246.299466667,632383.53664,627374.103626667,624042.44064,620717.751466667,617457.011306667,612734.884746667,590804.68448
191,"HRV","Croatia",-5167.76666666667,-12957.5650133333,-26220.7442666667,-36157.0359466667,-45665.348,-55749.84848,-61165.1061333333,-65842.59296,-71043.89744,-77761.3773333333,-76190.6693866667,-73121.3365866667,-69224.5993066667,-58377.11968,-51398.1767466667,-45298.1907733333,-39198.05824,-34134.66672,-32013.6015466667,-29044.5890666667,-26727.9395733333,-24572.65264,-22623.22144,-27433.8091733333
192,"CUB","Cuba",129856.63008,120918.350933333,104334.45184,90567.7657066666,78683.2397333333,71111.0341333333,64859.8959466666,48455.96032,38080.5260266666,25761.9015466666,14679.9869866666,-4852.35733333333,-21784.8616,-31513.148,-41109.2861333333,-53903.4733866667,-64987.0856,-66762.0981866667,-69617.90528,-70572.7925333333,-69526.26864,-67821.6537066667,-62523.4608533333,-60560.49728
531,"CUW","Curacao",NA,NA,NA,NA,NA,NA,NA,NA,NA,NA,NA,NA,NA,NA,NA,NA,NA,NA,NA,NA,NA,NA,NA,NA
196,"CYP","Cyprus",-13175.5363733333,-12684.3038933333,-12313.89792,-11184.8851733333,-10186.57952,-8814.61914666666,-8038.69386666666,-7306.13813333333,-6935.4024,-6290.63610666667,-6237.03178666666,-6253.27552,-6253.60528,-7133.42938666666,-7928.43189333333,-8131.93045333333,-8415.6584,-8115.28368,-7827.25664,-7730.19728,-7210.752,-6324.87008,-5500.98304,-4594.97354666667
203,"CZE","Czech Republic",-111859.97808,-110622.364373333,-110379.233546667,-110797.96768,-112176.69424,-114690.039466667,-117708.78464,-120927.449866667,-124173.790506667,-127762.50752,-131502.20576,-134911.11808,-137866.182933333,-144835.086506667,-150655.936746667,-155656.698293333,-158795.952426667,-160805.66864,-161899.604693333,-161898.078026667,-159461.945493333,-156021.974666667,-151809.88912,-142550.240533333
180,"COD","Dem. Rep. Congo",1913119.03029333,1974245.74992,2020754.63621333,2065768.41509333,2100441.8608,2115329.62101333,2125495.69434667,2136465.01418667,2128912.26442667,2243962.64608,2487100.87402667,2828338.56165333,3273520.57061333,3731410.02773333,4217957.26544,4658216.97130667,5032463.48837333,5410463.71237333,5787343.05770667,5988102.48458667,5990187.63034667,5941769.95882667,5829106.53882666,5691760.82709333
208,"DNK","Denmark",-13252.28496,-12873.5861333333,-12836.5186666667,-13539.0173866667,-12716.0829866667,-10507.6314133333,-8352.88186666666,-6729.53445333333,-4183.54298666667,-941.269386666671,2195.17568,6514.49429333333,9124.77674666667,12388.0694933333,15832.0462933333,15865.2054933333,16132.51872,16972.05104,16682.192,16359.3081066667,16126.87616,13384.0301866667,12928.1553066667,12086.3513066667
262,"DJI","Djibouti",371.358613333333,277.596853333333,155.561226666667,19.6634666666667,-96.3632,-197.184266666667,-270.647466666667,-312.197226666667,-333.582773333333,-346.516693333333,-346.57776,-319.3176,-250.556533333333,-150.88352,-50.2700800000001,40.8291733333332,119.11664,187.511306666667,247.57648,296.588586666667,335.891093333333,366.338933333333,390.06944,411.821386666667
212,"DMA","Dominica",287.013333333334,425.427040000001,517.564426666667,566.906293333334,562.130880000001,561.654560000001,546.461173333334,585.800320000001,549.502293333334,412.468693333334,251.97328,112.92448,27.0647466666668,-19.2970666666666,-66.1229866666666,-109.33376,-152.837653333333,-246.098666666667,-266.84912,-312.7224,-319.964906666667,-347.102933333333,-387.626773333333,-425.744586666667
214,"DOM","Dominican Republic",13246.2882133333,14120.9582933333,14481.37376,12102.5584,9846.10842666666,4530.90239999999,250.238986666663,-761.660106666674,-3321.58698666668,-3955.19029333334,-8860.74890666667,-12205.18704,-16244.38064,-16777.0285333333,-17528.13632,-17954.7846933333,-18114.0587733333,-18217.6522666667,-17617.6234133333,-18289.2468266667,-18731.0763733333,-19066.9308266667,-17935.1822933333,-17386.3517333333
218,"ECU","Ecuador",496072.208746667,476237.108106667,451740.7888,425221.220906667,426008.29696,405338.64704,384095.50784,350557.609013334,323195.296693333,305377.83872,281506.353546667,265309.153013333,276608.831306667,286990.738666667,238836.753013333,269193.42048,272974.839466667,280491.498826667,276394.340746667,260468.789173333,249328.922346667,240056.70624,211480.889333333,189767.46352
818,"EGY","Egypt",102386.37632,100807.790773333,92813.5168,80334.8365866666,71765.4733866667,63973.2079466667,59328.99024,57866.79776,55197.4149866667,54537.6385066667,52735.036,51003.09984,50126.9519466667,49782.5359466666,47073.0568,44839.92208,43679.7042666667,41960.6531733333,39761.47152,36378.4026133333,34232.9962666667,31832.3068266667,28727.73856,27706.7405333333
222,"SLV","El Salvador",46593.10944,50219.1259733333,50822.53792,52079.3632,52542.3584533333,50314.3533333333,45662.2580266667,41016.5502933333,37588.4508266667,33358.5093866667,26840.92512,18541.59872,13918.0581866667,9249.768,5701.07408,4156.13626666666,4852.50389333333,4032.45184,1596.30709333333,-214.319573333331,-2162.44394666666,-4659.09354666667,-7777.24304,-10728.4973333333
226,"GNQ","Equatorial Guinea",47419.3292266666,55926.5387733333,61573.37344,63653.0476266667,64015.9546133333,63294.79392,61283.99072,59484.3682666667,58310.61808,52904.1906666667,46430.6232533333,39112.9190933333,33669.0944533333,30275.4488,27198.9834133333,24734.78464,23500.3586133333,22420.9197866667,20404.9747733333,19405.2279466667,18468.5874133333,18828.48992,19631.5776533333,20456.5638933333
232,"ERI","Eritrea",3536.1264,4589.26992,5165.22629333333,6751.66501333334,8320.95621333333,9992.36309333334,12778.6641066667,14400.7413333333,13762.6557333333,14231.04928,13420.3770666667,13100.15568,12973.1125866667,12171.6248,11712.3912533333,11310.1695466667,11016.8907733333,11854.9208533333,12985.9976533333,13942.2405866667,15363.2863466667,17042.2777066667,18902.5515733333,20864.75792
233,"EST","Estonia",-21975.9636266666,-24612.1627733333,-27746.3605866666,-27904.14464,-28257.8183466666,-25033.3029333333,-23445.53296,-22130.4989333333,-21541.3277333333,-20247.6181866667,-18627.9347733333,-16007.3686933333,-12465.0867733333,-11107.01296,-8027.33546666667,-7397.57936000001,-5064.95482666667,-2808.77354666667,96.5830399999923,2656.72975999999,4349.24127999999,6187.86090666666,7896.59173333332,9288.99722666665
748,"SWZ","Eswatini",5579.31936,5188.9568,4713.27189333333,4263.60138666667,3826.30298666667,3536.79813333333,3139.04650666667,2786.76512,2460.15616,2155.03045333333,1843.82250666667,1329.89765333333,1089.79573333333,970.324906666667,719.02336,429.958186666666,223.931466666667,75.0997866666666,-3.65178666666678,-51.8944533333334,-76.4066133333334,-171.975946666667,-246.745973333333,-400.047733333333
231,"ETH","Ethiopia",62361.8173866667,74593.7760533334,89357.2167466667,148539.280586667,233030.412213333,316727.8848,402747.295253333,489067.007146667,560304.88896,625659.644746667,696087.391733333,765676.04608,820654.976746667,824196.709066667,795835.56592,777583.618613333,776910.1632,785237.165013333,812899.21696,841828.670933333,873829.460693333,902288.860106667,942543.970133333,983920.70384
234,"FRO","Faeroe Islands",NA,NA,NA,NA,NA,NA,NA,NA,NA,NA,NA,NA,NA,NA,NA,NA,NA,NA,NA,NA,NA,NA,NA,NA
238,"FLK","Falkland Islands",NA,NA,NA,NA,NA,NA,NA,NA,NA,NA,NA,NA,NA,NA,NA,NA,NA,NA,NA,NA,NA,NA,NA,NA
242,"FJI","Fiji",27998.2728,23569.4616533333,19382.3279466667,16619.0368533333,14415.5927466667,11664.78368,9951.94917333333,8450.56410666666,7367.24144,6415.45637333333,5467.65285333333,4776.42704,4267.61957333333,3869.99008,4112.73008,3924.80352,4093.34752,3969.19898666667,3665.27018666667,3406.99482666667,3268.06816,3077.10048,2878.37733333333,2699.01232
246,"FIN","Finland",17992.6093866667,23489.1223466667,31627.0739733333,42215.58208,52594.9002133333,65464.7124266666,79119.9763199999,92302.5475733332,104396.178026667,115336.56448,122701.888426667,129587.87568,135146.16368,139148.192106667,141028.05616,140847.298826667,140207.97968,140724.261706667,141252.378453333,141234.168373333,143403.805973333,144560.95824,147259.628586667,150260.359093334
250,"FRA","France",-140304.428373333,-147808.54464,-159363.652586667,-173518.710506667,-187921.088426667,-200993.983946667,-214708.67792,-230612.96608,-244804.273173333,-259748.72768,-274107.149813333,-285030.10784,-296312.40656,-302945.541173333,-303875.806346667,-306390.556106667,-304779.886133333,-302262.534933333,-297001.995786667,-293161.464266667,-287526.696373333,-283475.924533333,-275408.529333333,-271230.86096
258,"PYF","French Polynesia",NA,NA,NA,NA,NA,NA,NA,NA,NA,NA,NA,NA,NA,NA,NA,NA,NA,NA,NA,NA,NA,NA,NA,NA
266,"GAB","Gabon",65387.08448,76387.84144,85164.3672,92716.4452266667,98786.2764800001,101212.46736,102545.967946667,102508.082186667,102500.094666667,96499.0122666667,88225.1506666667,81808.5950933334,76134.0483733334,73251.2253866667,68956.91968,64851.4931733334,66245.04672,66039.0444266667,65202.85856,63721.7720533333,62885.81824,61881.8700266667,61696.1662933333,59678.0839466667
270,"GMB","Gambia",8676.59626666667,10284.22512,11797.6891733333,13493.3273066667,14499.5716266667,15411.2114666667,15763.4928533333,16357.2196266667,18775.7771733333,20179.80976,21382.3467733333,22472.26464,23298.5210666667,23552.5584,23478.5211733333,23320.5050666667,23412.11728,23015.6480533333,20882.67488,18447.1285866667,16184.9872,14343.644,13156.0927466667,12395.4952
268,"GEO","Georgia",-38997.6496533333,-39295.3496533333,-39699.58656,-35431.7105066667,-36889.6405333333,-38283.2917866667,-39711.6289066667,-41853.4078933333,-44535.1749866667,-46807.7832,-49553.8290666667,-52383.1576533333,-54968.7447466667,-60699.1308266667,-61704.1904533333,-62399.5688,-63130.4146666667,-63068.2243733333,-63051.3944,-63389.72816,-63379.57888,-63045.6174933333,-63082.83152,-64482.9680533333
276,"DEU","Germany",-397813.19408,-393838.254826667,-387346.440693333,-380374.288373333,-369681.063146667,-364074.471413333,-365399.996693333,-362187.64576,-353204.58032,-341112.268906667,-329842.977386667,-317295.194133333,-306466.755093333,-297475.738773333,-290402.63104,-286564.432266667,-284881.947893333,-283436.52432,-281183.12768,-280938.213706667,-276832.152106667,-273591.75936,-268520.82,-265780.22128
288,"GHA","Ghana",314553.874826667,340797.36032,368858.519573333,393688.556,409734.93408,411492.88464,408525.77744,396774.425653333,380543.07664,364569.94192,345991.825333333,330353.86112,311304.090026667,287533.083946666,261923.006346666,239018.426346666,212613.211893333,186201.597653333,158255.793333333,133178.607893333,110369.328533333,88507.4496533332,69522.9221866666,54582.93776
300,"GRC","Greece",2931.76181333332,-805.94565333334,-4435.21093333334,-7751.99808000001,-12120.6463466667,-16442.5908266667,-21149.0965333333,-25282.8579733333,-28812.8288533333,-32097.6414933333,-34262.8578666667,-36901.16992,-39254.6548266667,-41592.2013333333,-46212.8106666667,-50201.9051733333,-54924.3737066667,-60625.3989333333,-66699.93232,-71494.6182933333,-77736.74304,-84055.9583466667,-90819.5924266666,-97963.5863466666
304,"GRL","Greenland",NA,NA,NA,NA,NA,NA,NA,NA,NA,NA,NA,NA,NA,NA,NA,NA,NA,NA,NA,NA,NA,NA,NA,NA
308,"GRD","Grenada",-460.63808,-345.07552,-280.760106666667,-247.845173333333,-222.795626666667,-243.375093333333,-264.149973333333,-283.544746666667,-305.711946666667,-338.26048,-364.213813333333,-465.58448,-518.394933333333,-539.804906666667,-559.553866666667,-524.57488,-492.050773333333,-460.71136,-426.26976,-462.482293333333,-458.03664,-444.84624,-430.861973333333,-418.636426666667
320,"GTM","Guatemala",422370.225866667,431579.897493333,448035.09248,494332.529333333,513607.46544,510917.295573333,506598.245653333,511091.714186667,489692.671786667,466353.51696,444713.187946666,420237.069493333,389972.23408,305410.66816,256674.216426667,235981.64208,218030.57024,188838.505173333,170871.360586667,160046.37792,151494.614133333,144409.134293333,140967.575733333,139931.555306667
831,"GGY","Guernsey",NA,NA,NA,NA,NA,NA,NA,NA,NA,NA,NA,NA,NA,NA,NA,NA,NA,NA,NA,NA,NA,NA,NA,NA
324,"GIN","Guinea",14583.19632,20016.0045333333,30219.4506666666,42184.62128,57807.3066133333,76428.40192,92938.5569066666,108587.305493333,125974.133546667,145098.28384,160378.84928,170756.54304,176874.165066667,182644.904,182069.631573333,174648.346133333,169239.46384,163862.482773333,159104.522293333,155576.713173333,152393.955146667,149069.632373333,144115.574613333,137427.712053333
624,"GNB","Guinea-Bissau",28627.05184,30926.5904533333,32243.9572266667,32315.9059733333,32567.0731733333,32409.3868266667,32050.9254933333,30276.7434133333,29243.5320533333,26698.8229866667,23953.4244266667,22067.6735466667,20951.26496,20458.45696,19586.5593066667,18905.8736,18410.8794133333,18004.9448533333,17521.65104,16909.1768,15754.72368,14855.3826666667,14035.61152,13308.5029333333
328,"GUY","Guyana",86806.1933866667,91337.8163733333,93895.1784533333,89822.81344,95522.93488,95322.9415466667,93089.1473066667,91915.6413866667,87403.6208,79833.9922133333,73948.2158933333,69098.7042666667,65137.9813333333,64182.4712,57593.90304,56150.17712,58291.3942933333,57655.71472,57070.20752,58173.6821866667,60405.7177066667,63103.3254933333,66221.9757333333,67626.55792
332,"HTI","Haiti",20216.9016533333,21967.0478933333,23774.3647466667,24743.7858666667,24417.0914133333,24519.6834133333,27028.3631466667,29797.1258133333,31708.2804266667,35097.7613333333,40407.7889066667,43040.3729066667,45098.344,50457.1027733333,52626.36176,54612.5550933333,51599.0616533333,44375.29024,40149.7211733333,34421.1060266667,27734.8189866667,24376.7629866667,22018.0996266667,16802.40784
336,"VAT","Holy See",-0.207626666666667,-0.207626666666667,-0.207626666666667,-0.207626666666667,-0.207626666666667,-0.207626666666667,-0.207626666666667,-0.207626666666667,-0.207626666666667,-0.21984,-0.232053333333334,-0.232053333333334,-0.21984,-0.207626666666667,-0.195413333333333,-0.1832,-0.170986666666667,-0.158773333333333,-0.158773333333333,-0.14656,-0.134346666666666,-0.122133333333333,-0.122133333333333,-0.122133333333333
340,"HND","Honduras",223027.814346667,207259.558293333,193533.957813333,172317.468106667,148067.271893333,122039.425013333,100258.2152,85113.3765333333,72540.20176,54867.7649066666,52319.1842133333,54430.22224,54889.0527466666,45570.5481066667,42918.6181866667,48142.43184,57520.84288,68730.63104,77974.4389333333,87541.09408,93593.9610133333,98851.7765866666,103028.577813333,109704.947626667
344,"HKG","Hong Kong",NA,NA,NA,NA,NA,NA,NA,NA,NA,NA,NA,NA,NA,NA,NA,NA,NA,NA,NA,NA,NA,NA,NA,NA
348,"HUN","Hungary",-50604.56656,-54140.5952533333,-54752.72752,-55365.6902933333,-55523.6209066667,-57217.5491733333,-58754.21856,-60329.8240533333,-61512.4655466667,-63391.8777066667,-64315.2912,-66392.6570666667,-67748.5446933333,-69866.0557866667,-72349.2951466667,-74360.3792533333,-75981.4061333333,-77231.3553066667,-78739.1645866667,-79179.7483733333,-78145.27904,-76422.5150933333,-74648.1376,-72386.0450666667
352,"ISL","Iceland",3993.35696,3896.88384,3799.05504,3707.02757333333,3617.96794666667,3519.25978666667,3455.82373333333,3357.62853333333,3282.10128,3236.24021333333,3181.35349333333,3971.17754666666,3993.95541333333,4064.42634666666,4111.11792,4155.42789333333,4184.21472,4241.56853333333,4317.46218666666,4388.69034666666,4452.65157333333,3678.92469333333,3676.22554666667,3635.73834666667
356,"IND","India",845419.415360001,815898.4208,776115.722506667,708152.846026667,675313.78192,640805.289493334,618189.725813333,573101.6288,570999.9584,596778.43344,597007.2136,573397.032693333,556956.90896,573538.328746667,590038.077973333,569146.585066667,571293.322666667,581972.68576,552548.139893333,502121.99792,471138.969653333,422691.546453333,377232.933546667,308845.692586667
360,"IDN","Indonesia",12321522.81392,12555803.2363733,12788326.4044267,13027163.08416,12927122.5594133,12626591.8262933,12300496.84,12442114.25056,10112622.1318933,9386104.87818667,9007630.5448,8567130.44389333,8347546.49642666,7938779.44458667,7954169.5392,8194996.88234667,8957140.34389333,8486353.75333333,8668363.45408,8745655.72949334,8923353.04880001,9181544.58869334,9261316.20741334,9329121.05557334
364,"IRN","Iran",112965.980906667,87223.9870933333,61805.4634133333,45080.7812266667,33201.11616,28204.0674666667,31180.4445866667,17900.5941333333,12732.4488533333,16314.6439466667,2320.03258666667,-10200.72256,-23176.9739733333,-36298.66176,-50416.8109866666,-66931.2162133333,-83695.4207466666,-88302.2534399999,-93242.2047999999,-88140.5366933333,-82357.7187733333,-74898.5231466666,-66623.5134933333,-58056.8372266666
368,"IRQ","Iraq",-1023.07429333334,-8871.20352,-8226.0464,-15743.14544,-16182.8376533333,-2980.94490666663,1529.06048000004,8838.17866666671,3964.6922666667,14.6193600000324,4990.51456000004,8753.8700266667,5552.41338666669,11365.6425066667,20811.5688533334,15261.76912,18011.3324266667,19089.91632,29546.6547733333,40775.6789333333,45215.00576,46689.9978133333,50738.77888,49985.2162133333
372,"IRL","Ireland",-81298.3830933333,-76282.8067733333,-71282.5948266667,-67222.8339733333,-62958.3898666667,-58774.3949866667,-55972.3509866667,-54941.78992,-55207.2955733333,-55481.9245866667,-49490.49072,-48380.7506133333,-47944.61248,-47895.7835733333,-49031.2938133333,-51500.6466133333,-54637.2626666667,-57302.2730666667,-60014.1826666667,-61888.4285866667,-71400.7954666667,-49177.4752,-34522.2202133333,-21078.8332266667
833,"IMN","Isle of Man",NA,NA,NA,NA,NA,NA,NA,NA,NA,NA,NA,NA,NA,NA,NA,NA,NA,NA,NA,NA,NA,NA,NA,NA
376,"ISR","Israel",6994.11189333333,6824.89616,4828.02837333333,3302.00901333334,1859.10138666667,685.64432,-219.192693333334,-859.928586666667,-1445.55792,-1792.89290666667,-2292.66250666667,-2615.5464,-2810.23914666667,-2909.66789333333,-2387.96314666667,-2039.98085333333,-1189.44432,1034.48154666667,2670.54304,4306.75109333333,6165.84026666666,7994.39610666667,9663.84885333334,11381.2511466667
380,"ITA","Italy",-298240.415573333,-290645.5176,-284885.098933333,-281291.54544,-276043.036426666,-270828.688106667,-271365,-273039.179306666,-274115.393813333,-291054.554346666,-297215.594773333,-305634.562986667,-308241.29136,-313142.648586667,-318171.28096,-322288.44448,-321536.73824,-316622.996693333,-319681.154293333,-313859.644533333,-309182.731733333,-296754.675786667,-286023.699146667,-268926.229386667
388,"JAM","Jamaica",25504.9208,27775.2939733334,27926.9102933333,24799.9549866667,24140.6792533333,23386.1517333333,23232.2637333333,25459.2551466667,29486.7972266667,32466.7894933333,25877.84272,24387.4985066667,24079.0874133333,23034.8107733333,22274.2865066667,21264.6346666667,19747.16464,15598.6617066667,10625.49008,6251.30917333333,3807.20133333333,1781.31466666666,-101.040906666669,-1765.42512
392,"JPN","Japan",-236109.527893333,-234755.765386667,-239479.760586667,-245178.7584,-250343.86256,-257858.775413333,-262141.087626667,-266232.72528,-266909.527146667,-264722.9008,-263942.957333333,-268810.398133333,-267091.82336,-260179.858346667,-252013.54736,-241659.400906667,-230867.87056,-218699.958613333,-205181.9848,-192211.070613333,-178244.745333333,-163165.968586667,-149822.02256,-137895.788053333
832,"JEY","Jersey",NA,NA,NA,NA,NA,NA,NA,NA,NA,NA,NA,NA,NA,NA,NA,NA,NA,NA,NA,NA,NA,NA,NA,NA
400,"JOR","Jordan",1714.3856,2220.78704,1236.50229333333,961.421386666667,1096.90389333333,405.01856,551.13888,268.070453333333,295.6848,980.181066666666,1145.52517333333,1612.57525333333,2596.46917333334,3394.52501333334,3740.5776,4373.57024,4830.37333333334,5210.44005333334,5513.70933333334,5008.93226666667,4915.63461333334,4420.21296,3249.33290666667,2350.90789333333
398,"KAZ","Kazakhstan",342576.330026667,282522.31968,214825.9992,154533.865493333,103920.89616,57582.5690666667,28325.0527466667,5415.63626666671,-4277.01162666665,15429.4704,58018.59728,142130.578186667,197781.132266667,246911.329653333,288034.600053333,323972.040266667,354831.61616,378930.049493333,392134.409333333,373789.7384,343701.44672,275178.01488,241675.033973333,211109.89712
404,"KEN","Kenya",405836.1816,351818.537973333,304158.874773333,265958.890133333,238335.24912,225222.171733333,225172.2192,230270.211093333,239799.481226667,248547.794186667,261053.820053333,279216.2192,292013.21552,300109.898293333,300847.693546667,295312.46432,283767.175893333,267715.54608,248724.215786667,224380.31888,198525.754773333,164957.188266667,134617.99808,109005.661013333
296,"KIR","Kiribati",0,0,0,0,0,0,0,0,0,0,0,0,0,0,0,0,0,0,0,0,0,0,0,0
689,"XKX","Kosovo",NA,NA,NA,NA,NA,NA,NA,NA,NA,NA,NA,NA,NA,NA,NA,NA,NA,NA,NA,NA,NA,NA,NA,NA
414,"KWT","Kuwait",175.053706666667,211.730346666667,250.080213333333,285.217973333333,311.00032,329.711146666667,344.403786666667,360.818506666667,373.43488,370.381546666667,349.76544,315.897866666667,284.61952,252.144266666667,229.10992,210.374666666667,194.472906666667,181.03824,163.19456,145.668426666667,123.794346666667,106.378133333333,84.2964266666667,67.2832533333334
417,"KGZ","Kyrgyzstan",45183.86176,45791.2186133333,46086.4270933333,45788.9225066667,45474.56352,43974.99824,40750.31184,38309.42832,35962.5752533333,33300.88688,31103.7082133333,29092.0622933333,27212.9188266666,25273.4048533333,23576.59424,22320.97808,21341.55424,20392.7125866666,19502.2873066667,18730.77104,18052.3325866667,17337.0465066667,16631.7509333333,16038.7936
418,"LAO","Laos",176417.42304,186840.538186667,198858.87344,212163.22384,226050.1136,242972.285386667,261923.775786667,276815.212213333,296489.756373333,320204.605546667,344929.94928,363268.52576,379476.816,391343.74256,409280.133973333,431800.702346667,440098.734133333,439481.52112,443165.502133333,439561.408533333,427548.520426667,415111.402186667,402167.919146667,390504.051466667
428,"LVA","Latvia",-18937.7748266667,-25181.7804266667,-31032.4067733334,-36859.9377066667,-42883.1873066667,-37350.0343466667,-30875.7829866667,-25366.27504,-20260.8696533333,-14038.9701866667,-9126.51104000001,-3085.95514666667,3233.98074666666,9903.13247999999,13681.04624,13704.8256,13404.89056,14453.85712,17168.4048,20102.75584,23701.93968,26784.5728,29479.9699733333,31620.2589333333
422,"LBN","Lebanon",343.158026666667,-39.7177599999986,-37.0186133333321,2.10069333333455,-402.673599999999,-299.055679999999,-640.772533333333,-788.040906666666,-832.521866666666,-19.2726399999994,-177.191039999999,805.957866666667,857.974453333333,499.647466666666,985.652640000001,1521.43936,1742.232,1996.89221333333,3766.44544,3082.38885333333,2583.12,1342.25754666666,2070.11114666666,2932.07936
426,"LSO","Lesotho",4164.51461333333,3996.38586666667,3450.48650666667,3012.07669333333,2687.84933333333,2757.90501333333,3083.59797333333,4235.15653333334,5785.15066666667,6956.06736000001,7912.76218666667,8753.57690666668,9355.37669333334,9718.05162666668,10268.8241066667,10230.5353066667,11373.1048533333,12543.3620266667,12860.9086933333,13473.6027733333,14247.97696,15002.6754666667,16131.08976,17473.50608
430,"LBR","Liberia",84807.4081066666,98273.1088533333,110650.4184,122300.76592,134284.8672,143252.324,150815.9192,156658.069493333,161133.08368,164140.262826667,162888.848053333,163771.34688,164153.880693333,164138.675093333,162640.45328,162583.29488,163258.60672,164309.820533333,164115.21328,163033.282933333,161387.6584,157650.830293333,154535.514293333,152007.464213333
434,"LBY","Libya",-4747.86005333333,-4591.65152,-4391.38949333333,-4046.98570666666,-4153.59589333333,-5023.62490666666,-7323.92074666667,-8967.60336,-9271.26346666667,-9333.62474666666,-9443.76458666666,-9472.95445333333,-9345.38618666667,-9376.31034666667,-9170.51568,-9007.87072,-8817.11066666667,-8644.71946666667,-8476.52965333333,-8440.42704,-8239.66426666667,-8003.86144,-7806.17642666667,-7629.90138666667
438,"LIE","Liechtenstein",-75.9791466666667,-72.21744,-69.57936,-68.2358933333333,-68.1504,-68.9320533333333,-71.8632533333333,-77.6645866666667,-80.9621866666667,-85.7253866666667,-90.8549866666666,-99.844,-107.477333333333,-115.220586666667,-124.331733333333,-135.152746666667,-145.644,-157.99168,-170.424853333333,-181.453493333333,-190.96768,-198.66208,-204.548906666667,-210.05712
440,"LTU","Lithuania",56569.6440533333,50652.5527466667,44932.6823466667,36922.8730133333,32087.33344,23654.9183466667,17641.0608,12297.3854933333,5197.77482666666,-1050.57872000001,-5279.24997333334,361.45359999999,6632.95141333333,16439.5130666667,24706.0710933333,26208.9461866667,30502.7511466667,34432.5743466667,38444.08032,40535.6869333333,40002.96576,38590.49376,36200.0390933333,32567.35408
442,"LUX","Luxembourg",102.92176,281.50512,245.365866666666,220.35296,18.64976,-27.6876266666667,-31.1562133333334,1.27018666666655,56.9996266666666,80.2415999999999,16.19488,32.7439466666666,64.6329599999999,116.25872,178.595573333333,227.97408,279.7464,289.175093333333,291.153653333333,313.394133333333,340.886346666667,349.008213333333,375.327946666667,381.520106666667
446,"MAC","Macao",NA,NA,NA,NA,NA,NA,NA,NA,NA,NA,NA,NA,NA,NA,NA,NA,NA,NA,NA,NA,NA,NA,NA,NA
450,"MDG","Madagascar",670949.07856,725715.423946667,756628.591946667,767694.262773334,769712.882506667,763840.6752,753925.988906667,728970.912373334,689165.558346667,626247.5824,562770.57776,508979.515893333,469654.060373333,434864.429226667,404728.871946667,374224.386506667,347232.73664,320065.581173333,292412.823573333,265378.549173333,240878.920053333,218746.14944,201895.730986667,190511.6952
454,"MWI","Malawi",137699.764053333,144201.764106667,151246.060586667,162322.552426667,174465.329333333,185159.116373333,192125.35744,194035.705973333,199629.81568,203954.153973333,206969.222933333,207865.27856,207304.7232,203081.5968,198481.18832,188987.422346667,179778.862133333,174399.047573333,160973.931733333,146856.393173333,134380.143413333,123228.08768,113984.62176,108544.82752
458,"MYS","Malaysia",1235585.81701333,1128379.81509333,1066017.69237333,1009635.21765333,950640.836106667,876170.34144,827962.494986666,811981.555946666,809801.036266666,796460.05808,839633.2632,899405.70736,991848.928106667,1080173.95941333,1160483.34341333,1344813.46757333,1454321.78053333,1502921.60170667,1593445.46048,1626147.07573333,1628885.36613333,1629768.71989333,1579039.05216,1520787.57104
462,"MDV","Maldives",0.3664,0.1832,0,0.32976,0.29312,1.61216,1.6488,1.6488,2.9312,2.9312,3.18768,3.73728,3.70064,3.77392,3.73728,2.41824,2.67472,2.89456,1.75872,1.97856,1.832,1.42896,1.57552,1.2824
466,"MLI","Mali",234464.81936,241051.250186667,252101.1536,255493.052746667,244433.366453333,236565.048586667,199813.96832,177336.20768,166171.022613333,166770.9904,171353.567413333,182196.894506667,174689.065386667,145427.616373333,132284.885013333,111356.25136,97923.2701333334,88467.2677866667,76551.0970666667,58520.4187200001,43164.37488,20262.2741866667,6343.26336000001,1121.35498666667
470,"MLT","Malta",-892.574826666667,-912.311573333333,-886.004053333333,-852.368533333333,-848.667893333333,-846.23744,-844.62528,-828.894506666667,-800.559573333333,-722.931626666667,-595.998453333333,-504.410666666667,-459.929706666667,-421.701973333333,-390.118293333333,-346.248,-298.530506666667,-257.0296,-215.58976,-218.899573333333,-276.8152,-327.67152,-378.112586666667,-430.30016
584,"MHL","Marshall Islands",0,0,0,0,0,0,0,0,0,0,0,0,0,0,0,0,0,0,0,0,0,0,0,0
478,"MRT","Mauritania",19764.0312533333,18380.2728,16774.7934933333,15088.13216,13141.2169066667,11322.1019733333,10180.424,9393.84869333333,9051.98528,9014.83232,9645.19909333334,9601.36544,9783.14869333334,9808.76005333334,9743.44314666667,9721.37365333334,9648.50890666667,9776.79776000001,10502.04992,10650.1243733333,9386.30085333334,9046.70912,8823.75472,8843.77237333334
480,"MUS","Mauritius",19.5169066666667,218.11792,295.257333333333,304.893653333333,335.14608,694.718826666666,763.186773333333,783.69296,788.74928,785.08528,821.481013333333,626.348586666666,548.158826666666,522.132213333333,1138.9544,1031.74576,1128.1456,1181.98197333333,1242.36469333333,1298.888,1245.03941333333,1263.48154666667,1304.99466666667,1341.5736
484,"MEX","Mexico",935207.396373334,861635.778613334,816112.36176,786386.427466667,760565.6088,730015.824106666,699213.35776,675674.673706667,634096.542133333,577915.990453333,519115.385653333,463627.598666667,404002.618293333,344320.47952,288318.36464,305058.985226667,359561.278346667,447959.223253333,519664.631466666,613230.404106666,725210.13392,836929.902933334,967478.357280001,1104625.32144
583,"FSM","Micronesia",-735.84112,-699.34768,-668.105973333333,-640.845813333333,-616.712266666667,-595.192373333333,-576.518186666667,-560.897333333333,-548.403093333333,-539.96368,-535.811146666667,-534.455466666667,-541.673546666667,-558.601226666667,-578.973066666667,-600.60288,-623.28304,-646.65936,-669.901333333333,-691.10368,-710.96256,-729.294773333334,-740.34784,-743.144693333333
498,"MDA","Moldova",7705.23322666667,6256.28,5608.24053333333,4769.66085333333,3848.87322666667,2734.76074666667,1807.52448,935.150506666665,162.425119999998,-503.006133333335,-902.040160000001,-1310.94256,-2014.36949333333,-3478.06421333334,-4536.91136,-5340.07237333333,-6346.73194666667,-7396.99312,-8934.07776,-10560.4052266667,-12522.5016533333,-14515.44896,-16602.6221333333,-17816.4809066667
492,"MCO","Monaco",0.280906666666667,0.244266666666667,0.170986666666667,0.10992,0.0610666666666667,0.0610666666666667,0.10992,0.195413333333333,0.268693333333333,0.32976,0.40304,0.451893333333334,0.525173333333333,0.58624,0.647306666666667,0.65952,0.62288,0.561813333333333,0.51296,0.47632,0.43968,0.415253333333333,0.390826666666667,0.378613333333333
496,"MNG","Mongolia",273930.67936,260868.311733333,249436.76608,235527.806826667,220017.203253333,204204.673866667,193457.77104,138421.5232,89940.2690666668,60126.9605866667,35606.7153600001,21054.66304,7956.58362666666,1423.36629333333,359.181919999997,457.462613333339,-4719.91594666666,-9139.92127999999,-14600.93008,-14625.7475733333,-16426.5791466667,-18543.43072,-21712.2655466667,-24080.4430933333
499,"MNE","Montenegro",-7064.36298666667,-7963.98490666667,-8207.60426666667,-8428.20149333334,-8309.64666666667,-8279.52858666667,-8658.19077333334,-9109.44901333334,-9494.55984000001,-9602.91653333334,-9900.81194666667,-10298.2460266667,-10454.9430933333,-10999.9020266667,-11825.9874666667,-12928.09424,-13595.0643733333,-14289.5877866667,-14962.5790933333,-15647.2097066667,-16058.24944,-16382.3058133333,-16771.0317866667,-16754.11632
504,"MAR","Morocco",142679.115626667,122819.795946667,98430.46544,87411.6205333333,68847.3538666667,52881.0708266667,35887.01136,23166.2506666667,11392.3530666667,4109.89658666669,-1454.91333333331,-885.649866666638,5051.64229333337,-217.922506666669,-1146.72208,2805.3416,8379.88554666667,15185.3991466667,17694.33536,18896.45712,18401.6094933333,13859.7639466667,4108.49205333334,-3785.32725333333
508,"MOZ","Mozambique",376970.0904,400049.73632,429840.560053333,453866.12864,474974.957813333,500049.871573333,514897.291146667,528485.222933333,541197.153386667,553839.83424,562180.136373333,564307.418133333,553051.793333333,544299.083573333,531964.887093333,507833.538826667,492810.173973333,473280.49216,452553.0976,431384.545226667,412913.002186667,397478.048,386120.368586667,380658.187306667
104,"MMR","Myanmar",1024801.50293333,1060843.34272,1082550.29546667,1101182.55376,1123332.32533333,1151870.48853333,1192973.58250667,1254645.04122667,1324054.44048,1379495.41376,1405771.56992,1423857.01285333,1443826.80213333,1450697.27845333,1457927.13210667,1447352.85253333,1424307.41616,1383458.09082667,1334830.15456,1287233.46330667,1248229.92682667,1217318.65189333,1190130.26965333,1170354.06170667
516,"NAM","Namibia",42765.80496,45617.3251733333,47896.3453866667,48927.15072,48334.53536,47257.1483733333,48112.1427733333,48804.99296,49351.4174933333,50344.8256,51510.5272,52618.26432,53581.31008,54513.4194666667,55405.0782933333,56449.0251733333,57471.3544533333,58500.2789333333,59524.6966933333,60256.5806933333,61086.7331733333,62129.3976533333,63406.1184533333,64869.6666133333
520,"NRU","Nauru",0,0,0,0,0,0,0,0,0,0,0,0,0,0,0,0,0,0,0,0,0,0,0,0
524,"NPL","Nepal",146162.773546667,134693.745173333,123295.6152,113311.36176,107990.525386667,103809.852533333,101395.276533333,99476.94048,97434.4314666667,92624.19792,88615.6964266667,84589.70544,79304.01904,73561.3341333333,65982.30128,60684.8778666667,56158.75088,52935.2491733333,50945.1842133333,47991.0231466667,46451.49584,44101.3451733333,43953.9180266667,44558.3314666667
528,"NLD","Netherlands",38137.7454933333,38022.9279466667,38315.69376,38752.62576,42448.68576,47591.0853333333,54235.7859733334,59580.4017066667,64030.85488,68605.0413333334,72986.5746666667,76372.2328,78540.1971733334,81009.7087466667,79993.98688,77654.00992,73095.3832533333,69968.1104,68085.3151466667,66145.3737066667,63898.03488,61026.6069333333,59109.1624533333,56779.50576
540,"NCL","New Caledonia",NA,NA,NA,NA,NA,NA,NA,NA,NA,NA,NA,NA,NA,NA,NA,NA,NA,NA,NA,NA,NA,NA,NA,NA
554,"NZL","New Zealand",-73539.2402133333,-69070.8822933333,-84813.5514133333,-106381.284373333,-123965.895146667,-142812.192106667,-164857.893866667,-180474.399253333,-198857.468906667,-215437.032266667,-255196.24432,-289022.048053333,-295793.791786667,-292835.661386667,-287502.83152,-278325.073333333,-264588.554133333,-256896.34032,-244624.077653333,-234436.75312,-221816.349386667,-208516.84768,-197058.542613333,-186761.70112
558,"NIC","Nicaragua",476327.963093333,515218.41632,554421.433173334,585910.044586667,607704.15168,604230.325493334,590817.10544,572689.7952,552652.576106667,525881.853226667,492645.79472,461228.692373333,425119.398346667,390229.532373334,358715.3096,327879.696266667,304538.52624,280705.903893333,260892.51856,244607.43088,229835.79504,214175.651413333,202179.068106667,194109.975253333
562,"NER","Niger",286678.113973333,252878.50784,211748.617813333,179206.618613333,148796.06592,109951.009653333,83500.4593066667,70211.5343466667,54078.0996266667,40182.8925866667,34098.72288,35644.5889066667,47608.1595733334,66409.5358933334,78837.7384,93617.43504,114943.588266667,123782.26768,137339.458506667,152070.656,161698.133546667,166224.663573333,163515.85616,154920.576266667
566,"NGA","Nigeria",1476199.97642667,1391708.12421333,1343674.81850667,1301195.12309333,1229245.20394667,1148731.79621333,1093243.32528,1040622.72821333,943338.960426666,808338.6728,730766.00368,704923.103306667,655364.523253334,582767.95696,520166.68496,451896.826346667,385843.174773333,332066.072746667,316341.25952,334368.225013333,320180.752906667,287756.795573333,256438.059413333,244454.45888
570,"NIU","Niue",50.7464,41.9039466666667,33.1592,24.8297066666667,18.4177066666667,14.2285333333333,11.8591466666667,11.02864,11.10192,11.76144,12.75072,12.9949866666667,12.38432,11.5538133333333,10.7233066666667,9.8928,8.15850666666666,5.52042666666667,2.33274666666666,-1.27018666666667,-5.22730666666667,-8.46384,-10.7233066666667,-12.6285866666667
408,"PRK","North Korea",90490.7362133333,91672.7792533333,92883.5969066666,92039.2281066666,84941.9624,84968.2088533334,85523.18272,85401.3058666667,87838.5498133334,88339.2476266668,87980.9328533334,87105.6887466668,86711.5034133334,85934.9064000001,85306.9945066668,81206.7830933334,80391.5553066667,78798.2404800001,74755.16304,72275.36784,70595.5459733333,70536.0181866667,70205.5131733333,70152.5928
807,"MKD","North Macedonia",-13472.3448,-13881.9311466666,-11633.67632,-10889.84768,-10817.3615466667,-10766.92048,-11025.8065066667,-11763.16208,-12620.6357866667,-13794.1417066667,-12243.1216533333,-12507.9677866667,-11291.6297066667,-10323.4421333333,-9380.21861333333,-8480.65776,-7466.99994666666,-6154.87269333333,-4948.40298666667,-3497.44677333334,-4290.09210666667,-4036.42117333333,-7258.92138666667,-8686.52570666667
578,"NOR","Norway",52670.84272,50982.3860266667,49625.50912,48269.1573866667,45688.6144,41165.51632,37728.5621866667,35617.0722666667,34242.7058666667,33066.42752,31853.8511466667,31044.1071466667,30087.4978133333,29288.0008,28907.8608,28902.4625066667,29074.4506666667,29440.6552533333,29799.64176,30399.5729066667,31400.6876266667,32370.5484266667,33790.9957333333,35374.6864533333
512,"OMN","Oman",582.001973333334,487.544053333334,376.121813333333,285.792,174.650666666667,37.1651733333335,-100.86992,-208.176266666666,-300.765546666666,-355.346933333333,-426.587306666666,-443.759253333333,-453.554346666666,-438.312106666666,-378.05152,-160.861813333333,65.3169066666673,402.978933333334,701.143040000001,960.419893333335,1254.60245333333,1541.42037333333,1846.02090666667,2162.06533333333
586,"PAK","Pakistan",104211.01168,121985.283306667,133500.62464,139803.596213333,138210.452373333,130039.61024,121881.250133333,105988.74784,85843.3918933333,69086.3810133333,54062.6375466667,47740.4055466667,45550.4938133333,45625.8745066667,50146.34672,56190.3834133333,69729.0099733333,80836.6458133334,93925.5774400001,105928.51168,118253.389386667,120946.88128,121690.01376,122069.628586667
585,"PLW","Palau",0,0,0,0,0,0,0,0,0,0,0,0,0,0,0,0,0,0,0,0,0,0,0,0
591,"PAN","Panama",142152.79424,148711.916053333,149284.391626667,152782.90096,156032.160586667,156183.813546667,155120.520746667,156969.436213333,152373.52224,136240.844746667,122910.394453333,113812.85344,106150.794346667,103395.869386667,100889.204853333,97380.2409066667,97013.3890133333,93464.0844266667,90873.0135466667,85470.6165333333,72529.94256,69674.4163733333,69877.8782933333,66480.3365866667
598,"PNG","Papua New Guinea",299410.562826667,293235.19616,300774.731093333,305421.196053333,308548.26128,296865.548426667,289678.2216,289892.63888,330434.554613333,336159.933226667,341781.98704,358644.728746667,362317.64448,366965.46512,374078.42496,378163.8216,383529.175573333,380843.646773333,336125.454986667,320432.726186667,311117.7512,295412.332746667,291769.437386667,287380.661546667
600,"PRY","Paraguay",718440.551946667,743231.420213333,756180.667946667,772364.64144,793861.085173334,790999.574453333,750680.087946667,734422.52912,721527.288746667,716318.973813333,727950.561653333,742700.250133333,765004.447093333,786463.737866667,802092.077973333,816763.259146667,819471.749013333,811555.102986667,806025.357546667,787287.82032,760354.67232,730692.43056,699954.51168,661284.533546666
604,"PER","Peru",753495.26128,752738.950613333,758362.128053333,759468.27744,785374.418453334,789997.849066667,788600.96128,780468.737706667,769836.66464,747823.108373333,721259.877813333,697257.40464,696068.119093333,696324.782293333,644961.181493333,613792.65712,595183.762933333,579804.77024,556183.32864,529086.082293333,505449.12976,478790.67184,443918.136586667,412291.844266667
608,"PHL","Philippines",695765.741386667,593664.375413333,512545.7848,482882.84688,486799.430826667,467124.12944,479395.805866667,486255.473386667,537442.77472,584974.246773333,613742.68016,664747.953973333,719822.73488,731232.882773333,716377.353546667,716153.287733333,675255.170133333,618794.20032,552471.122613333,493680.54496,448896.108053333,386551.41376,321626.836,283702.323093333
616,"POL","Poland",-241427.689546667,-239294.643093333,-242979.100426667,-252504.48672,-259262.942346667,-273142.980426667,-283747.439146667,-301295.898453333,-313955.5192,-330602.890986667,-355531.18368,-364842.384746667,-377914.828373333,-387720.034346667,-400235.13472,-408028.218453333,-416100.65776,-413515.717973333,-414803.223146667,-409613.167146667,-394699.38032,-389694.35632,-374638.882613333,-357688.6568
620,"PRT","Portugal",8227.67077333333,8964.48896,6175.75749333333,855.910400000002,-4634.93557333334,-11031.0093866667,-14563.5694933333,-17825.21344,-20113.1493866667,-23399.2077866667,-31319.72544,-36337.9032,-39797.6474133333,-40338.77136,-40570.3850133333,-39178.9565866667,-38519.2533866667,-36888.7367466667,-38561.3038933333,-39001.6067733333,-38365.5119466667,-38399.0741866667,-38557.22464,-40230.4390933333
634,"QAT","Qatar",317.277973333333,307.531733333333,267.25216,228.389333333333,197.733866666667,167.11504,148.562986666667,137.009173333333,137.69312,131.452106666667,132.685653333333,126.676693333333,138.083946666667,159.9336,168.373013333333,177.423093333333,168.28752,159.82368,141.234986666667,130.40176,114.768693333333,106.023946666667,87.6306666666666,58.4285866666666
178,"COG","Republic of Congo",117013.162026667,127668.916746667,134807.768853333,138528.80512,144076.088906667,145698.947786667,145891.845173333,144678.75584,140362.08752,134295.114186667,126551.237973333,125189.744426667,129344.62272,135913.332,139972.946293333,141769.857386667,146450.983786667,150202.333546667,151231.917546667,147657.722186667,142132.874293333,133791.130986667,123365.255626667,113206.2416
642,"ROU","Romania",-39487.5753066667,-42971.7828266667,-44124.01312,-43703.49584,-48092.3571733333,-51655.87808,-57457.2846933334,-67696.0395733334,-76382.3210133334,-86218.5244266667,-83005.4773333333,-84166.0493333333,-86438.3522133333,-87371.9882666667,-87033.26368,-90075.29968,-93638.9549333333,-93755.2869333333,-94689.1672533333,-93330.0186666667,-104873.79264,-108566.970293333,-111356.898666667,-116989.565866667
643,"RUS","Russia",145782.8656,-83107.7884266666,-315048.294986667,-500203.74736,-655533.775626667,-782722.610666666,-853347.041173333,-1239814.20736,-1278094.54352,-1327362.15312,-1247555.29893333,-940005.428799998,-830901.926773332,-512276.370879999,-292605.562186665,-168480.392959999,158474.265440001,431212.886826667,686054.016266667,990932.31744,1026837.2824,874162.68928,971114.804,872397.056533334
646,"RWA","Rwanda",30757.3869333333,32739.2567466667,36248.5138133333,39912.5870933333,43748.9905066667,46422.18384,47840.6403733333,49224.1301333333,48917.5388266667,47715.50256,45825.9533333333,42368.3220266667,38323.2171733333,35066.2265066667,31717.63584,29261.03376,27332.7072,25167.86944,23250.93792,21260.87296,19254.9917333333,17165.6445866667,14795.3907733333,12759.7090133333
652,"BLM","Saint Barthelemy",NA,NA,NA,NA,NA,NA,NA,NA,NA,NA,NA,NA,NA,NA,NA,NA,NA,NA,NA,NA,NA,NA,NA,NA
659,"KNA","Saint Kitts and Nevis",-341.765706666667,-341.716853333333,-350.253973333333,-359.69488,-347.67696,-367.743466666667,-367.731253333333,-371.407466666667,-379.431626666667,-426.025493333333,-431.973386666667,-415.16784,-402.93008,-389.99616,-383.633013333333,-349.057066666666,-321.467146666667,-295.367253333333,-270.36656,-260.07072,-257.994453333333,-269.536053333333,-268.620053333333,-269.26736
662,"LCA","Saint Lucia",-264.675146666667,-327.073066666667,-403.66288,-492.33168,-590.734506666667,-644.705226666667,-701.32624,-726.400213333333,-756.02976,-764.139413333333,-774.874933333333,-763.369973333333,-732.54352,-693.607413333333,-656.796426666666,-644.46096,-615.722986666667,-615.344373333333,-587.30256,-606.53856,-598.978506666667,-601.750933333333,-615.197813333333,-620.522826666667
670,"VCT","Saint Vincent and the Grenadines",-148.06224,-182.94352,-211.791413333333,-239.161493333333,-262.989706666667,-278.8304,-281.847093333333,-297.797706666667,-290.091093333333,-274.372533333333,-233.98304,-206.075573333333,-186.399893333333,-162.767093333333,-46.0686933333333,-6.36314666666664,14.1796799999999,29.0310933333333,16.9887466666667,0.586240000000004,-29.8616,-45.4824533333333,-50.6120533333333,-61.8361066666667
882,"WSM","Samoa",-2418.38656,-2493.30314666667,-2506.18821333333,-2533.30181333333,-2589.83733333333,-2656.42442666667,-2736.69045333333,-2830.52549333333,-2969.63536,-3111.27338666667,-3189.80512,-3182.22064,-3030.04250666667,-2704.948,-2236.61552,-1679.47989333333,-1100.67781333333,-547.328319999999,-18.271146666666,441.597493333334,764.982133333334,931.486506666667,936.92144,751.388693333333
674,"SMR","San Marino",-56.4011733333333,-55.3141866666667,-53.97072,-52.6394666666667,-50.9051733333333,-49.2197333333333,-48.7922666666667,-48.548,-45.8,-45.9221333333333,-43.2962666666667,-43.0031466666667,-42.24592,-42.28256,-42.8199466666667,-43.34512,-42.7833066666667,-41.5253333333333,-44.1267733333333,-44.6519466666667,-47.5831466666667,-48.21824,-49.1830933333333,-49.2197333333333
678,"STP","Sao Tome and Principe",1106.61349333333,1230.17578666667,1297.01936,1449.17306666667,1384.08821333333,1297.19034666667,1242.10821333333,1156.07749333333,1102.10677333333,839.031573333333,670.353226666666,540.684266666666,444.29664,258.592906666667,182.894666666667,143.15248,127.641546666667,106.51248,101.34624,82.8186133333332,75.3196266666666,23.5473066666666,10.84544,9.44090666666665
682,"SAU","Saudi Arabia",-11227.6929066667,-20352.5795733333,-28092.21776,-33971.65536,-38408.5517333333,-41256.2491733333,-42788.7660266667,-42676.5010666667,-41737.8209066667,-40005.1153066667,-37501.9437866667,-34712.8214933333,-31805.1810133333,-29371.8453333333,-24097.2364266667,-19874.4642133333,-16363.9980266667,-13121.04048,-9184.46330666666,-5203.31967999999,-1523.22250666666,1884.18757333334,5164.50570666667,8209.52176
686,"SEN","Senegal",39708.4290133333,42893.8129066666,43428.8546133333,41959.9692266666,39171.9827733333,39939.4930666666,34611.5607466666,35906.6504,55311.1943999999,58236.4098666666,62637.0570666667,65229.8256,66622.3776533333,67716.6678933333,67473.36608,64513.80672,65448.16336,63686.5732266667,45902.2133866667,30022.11984,19105.3784,14501.3547733333,12362.7146133333,12046.6335466667
688,"SRB","Serbia",-60754.9579733333,-66012.0651733334,-67420.0670933333,-69492.77968,-70935.4308266667,-71797.25248,-75017.39552,-78421.3248,-82848.82912,-83700.2816533333,-84074.5348266667,-83991.8627733333,-83113.7607466667,-83161.7957866667,-83777.0790933333,-84900.1317333333,-83371.90176,-81683.45728,-79567.7659733333,-77673.53904,-76188.7274666667,-75270.6023466667,-74978.9479466667,-73932.15536
690,"SYC","Seychelles",0,0,0,0,0,0,0,0,0,0,0,0,0,0,0,0,0,0,0,0,0,0,0,0
694,"SLE","Sierra Leone",55266.2981866667,70700.80048,99295.5480533333,142651.13488,186995.525386667,226087.74288,272042.351466667,301706.486293333,322939.818186667,342560.977866667,360873.942986667,365831.432693333,351844.332533333,322233.9608,288780.529386667,257832.71216,219291.1328,196177.313973333,180629.581866667,165060.757333333,148358.132426667,131433.371413333,120316.6,109311.104266667
702,"SGP","Singapore",941.525866666667,943.492213333333,1001.01701333333,1021.73082666667,1021.73082666667,866.365013333334,790.923253333333,724.580426666666,692.581493333333,661.193226666667,674.3592,711.780853333333,754.74736,791.436213333332,819.722293333333,1007.7832,1065.71104,1126.41130666667,1206.61626666667,1262.21136,1314.33786666667,1356.40058666667,1353.24954666667,1355.28917333333
534,"SXM","Sint Maarten",NA,NA,NA,NA,NA,NA,NA,NA,NA,NA,NA,NA,NA,NA,NA,NA,NA,NA,NA,NA,NA,NA,NA,NA
703,"SVK","Slovakia",-12107.7734933333,-12817.2338133333,-13750.66224,-14993.19792,-17505.41952,-19762.6877866667,-21559.23248,-23268.6106133333,-24455.69776,-25571.45904,-25970.5663466667,-24537.33168,-23101.5444266667,-21750.1879466667,-19217.3990933333,-17868.5097066667,-17414.4546133333,-17320.1554666667,-17670.22624,-18381.6040533333,-19670.8190933333,-21516.5957333333,-23197.99312,-24978.8558933333
705,"SVN","Slovenia",-7908.53637333334,-8232.78816000001,-8010.71312000001,-7553.23829333334,-6801.81296000001,-5773.87776,-4757.31317333333,-3244.13002666666,795.600959999997,3222.14602666666,5714.80186666667,8504.38826666667,10808.4946666667,13482.5795733333,15516.9178666667,17372.23312,19418.2962133333,21132.7673066667,19517.2242133333,19129.7195733333,18547.0336533333,17389.7104,16351.2717333333,14741.3712
90,"SLB","Solomon Islands",11161.24016,11176.6656,11364.51888,11809.29184,12097.1234666666,13389.31856,15745.9422933333,16872.2192533333,18302.5715733333,19958.76064,22752.8781866667,24209.91664,25750.7263466667,26739.3468266667,30199.9581866667,30899.0616,31489.1365866667,32766.4069866667,33924.0355733333,34265.9234133333,33569.49472,33972.2416,33865.10624,34082.2959466667
706,"SOM","Somalia",103123.560906667,109419.033493333,118924.487626667,127198.91104,135717.869813333,142847.41536,146700.66096,148974.734773333,152970.38784,155846.395786667,158607.464053333,160120.549493333,157825.138986667,157668.40528,154682.587253333,151830.578506666,151790.677546666,152846.36144,151922.862453333,151899.131946667,152060.445653333,153216.193386667,154575.134346667,154339.91776
710,"ZAF","South Africa",424901.646826667,417596.241493333,401795.22928,380741.00592,359415.915253333,337631.090293333,309680.449493333,285531.56288,264810.201706667,240839.690826667,216840.820586667,191242.95632,166576.65184,144776.62128,124549.851253333,103769.20656,86546.5623466667,67890.2682133334,47526.3913066667,31778.8124266667,20901.6544,16079.90368,13784.7496533333,12815.7437866667
410,"KOR","South Korea",-133081.951573333,-131245.163946667,-129345.233386667,-126906.096373333,-124822.91696,-121429.06368,-117457.593013333,-113302.800213333,-108834.955253333,-104261.122986667,-101246.61584,-97889.1216533333,-92668.2514133333,-88358.53248,-84853.14704,-81686.5472533333,-79089.19872,-77135.2363733333,-75590.26192,-75164.6638933333,-75907.8208,-76291.6370133333,-78593.9602666667,-80503.61264
728,"SSD","South Sudan",155187.596373333,153130.773333333,159806.324853333,147071.066933334,138295.652586667,130605.820373333,127690.021386667,124049.51984,124337.791146667,125213.7192,125223.856266667,126125.566666667,118789.139466667,127946.049493333,125788.845066667,125986.359093333,120929.9536,115095.680906667,109249.829973333,96938.3502933334,93511.1790400001,89663.7836266667,92874.0094400001,82545.7552533334
724,"ESP","Spain",-123296.543413333,-131500.495893333,-138123.175893333,-138265.900906667,-138245.54128,-131807.917706667,-140906.289226667,-149042.335573333,-148651.582186667,-150964.3112,-154551.525973333,-156621.344,-146571.06528,-150133.511413333,-153028.584373333,-155158.443146667,-157310.02944,-156409.89456,-156195.562773333,-155742.27712,-154884.375946667,-152605.404586667,-162718.93616,-163696.076106667
144,"LKA","Sri Lanka",82011.6173333333,80513.5542933333,78028.3852266667,76031.4319466667,75015.67344,86349.6834133334,88413.12608,89827.7232,106008.35024,112676.94016,125145.71536,140577.909333333,148743.5608,156462.863786667,159334.303946667,145969.32656,142387.668853333,138142.680586667,119752.136373333,110585.870933333,95560.52752,77542.1602133333,67276.5482133333,56915.6722133333
275,"PSE","State of Palestine",-70.4098666666668,-12.3232533333334,-56.3278933333334,-179.987893333334,-280.076160000001,-378.955306666667,-443.12416,-504.007626666667,-556.34176,-602.39824,-684.117653333333,-777.000053333333,-784.633386666667,-674.28592,-567.749013333333,-437.237333333333,-341.606933333333,-80.5835733333337,141.234986666666,252.620586666666,388.603839999999,487.531839999999,589.134559999999,647.575359999999
729,"SDN","Sudan",324293.043306667,328008.266026667,335885.14544,338254.666453333,339857.898506667,334686.94416,327030.051306667,333221.954826667,342143.0376,364332.563573333,387583.171733333,420763.964906667,501552.771093333,525310.220373333,538350.9704,547070.032426667,554894.907466667,555167.533493333,557337.867253333,543466.61056,529832.011626667,501607.437973333,422269.246026667,375641.291946667
740,"SUR","Suriname",21075.1203733333,21333.5422933334,19873.6947733334,19050.6504533334,19268.0355733333,18738.13568,18012.62704,17480.8096533333,17168.5391466667,17778.6562133333,17916.3981866667,18043.2336533333,18468.5874133333,19331.2395733333,20287.6657066667,21464.5058666666,22715.00464,24374.8210666666,26070.93552,26476.10064,27740.6691733333,28730.1079466666,29840.0312533333,29646.1445866667
752,"SWE","Sweden",-33135.9946666666,-17031.9818666667,-1115.83455999999,13855.0496,31885.6546666666,49449.7592533333,62398.8115733333,75243.0002133333,87695.1774933332,98484.2773866666,108952.04448,119601.155146667,127068.2528,134570.011893333,135955.72448,135661.346506667,137082.62432,137979.742506667,139503.514613333,139127.86912,138122.272106667,135017.41072,134132.750133333,131401.177066667
756,"CHE","Switzerland",-5086.90218666667,-5138.25925333333,-5021.40208,-5315.87776,-5746.39776,-6199.18266666667,-6786.58293333333,-7193.23808,-7419.58778666667,-7844.50186666667,-8175.15344,-8795.21216000001,-9742.86912000001,-10106.8753066667,-10329.47552,-10592.91712,-10787.43888,-11007.3277333333,-11314.3831466667,-11559.33376,-11696.84368,-12029.8768533333,-12133.8245333333,-12374.4272
760,"SYR","Syria",-15968.1394666667,-15407.3642666667,-15219.5476266667,-12920.0090133333,-9480.68549333334,-7461.35738666667,-4844.13776,-2368.55616,-643.276266666667,718.22949333333,3377.14544,4285.54874666666,5889.15941333333,5866.01514666667,3523.91306666666,2537.38106666666,1204.18581333333,-1070.88949333333,-1853.72752,-2782.4416,-3809.72949333333,-4652.99909333333,-5439.81866666667,-5929.93973333333
158,"TWN","Taiwan",NA,NA,NA,NA,NA,NA,NA,NA,NA,NA,NA,NA,NA,NA,NA,NA,NA,NA,NA,NA,NA,NA,NA,NA
762,"TJK","Tajikistan",15540.5873066667,14969.5773333333,14342.1906133333,13503.78192,13105.1265066667,12944.5944533333,12991.2005333333,12988.3792533333,13284.0396266667,13794.4104,14058.2061866667,14283.5055466666,14445.2345066666,14454.8464,14347.2835733333,14029.1873066667,13529.94288,13271.2156266667,12944.4234666667,12322.9357866667,11856.3986666667,11457.1203733333,11125.736,10899.04432
834,"TZA","Tanzania",762597.382293333,785050.2888,812511.773386667,849190.355306667,913026.065546667,969937.426453333,1021481.13728,1086202.99813333,1178770.33077333,1250427.96042667,1327227.90416,1446670.46917333,1587645.67824,1679655.42336,1718704.33237333,1753435.86469333,1787314.66208,1782857.19845333,1742570.87114667,1708148.94682667,1667981.7728,1582952.75376,1471298.32608,1393645.58634667
764,"THA","Thailand",469620.974453333,382681.399253333,312675.06112,257320.96128,211699.300373333,168179.50528,150831.1248,152731.837013333,190250.19552,295781.871573333,379537.05216,451336.79616,588796.910186666,695935.274666666,766843.066719999,822319.189973333,850944.776213333,861442.124,840444.43616,746022.814186666,672448.814826666,609758.483199999,482555.957013333,384217.128213333
626,"TLS","Timor-Leste",29855.7864533333,29937.4203733333,29733.3477866667,29347.5285866667,31290.5111466667,32504.4554133333,33065.1206933333,33652.008,34706.72704,35492.36192,35420.95056,32865.20064,32461.90416,31482.15056,27936.4489066667,25597.14368,24232.48688,23136.4257066667,22599.44208,22179.5232533333,22297.16208,22431.0568533333,21599.4021333333,21197.8765866667
768,"TGO","Togo",66430.7626666667,66516.76896,66085.9069866667,61659.4163733333,57400.15072,51211.0806933333,43611.8714133333,39685.73664,34135.06976,29319.6333333333,27186.7212266667,28251.41856,31897.17184,34441.16032,37312.8081066667,41579.73152,43424.1646933333,40676.95856,38290.7297066667,34467.2724266667,30358.1574933333,26248.1754133333,19927.9464,15798.76496
776,"TON","Tonga",-262.659946666667,-291.043733333333,-316.887146666667,-342.43744,-376.390506666667,-427.73536,-432.9016,-386.869546666667,-347.05408,-277.743413333333,-200.958186666667,-122.499733333333,-18.8451733333333,81.6583466666667,189.050186666667,293.730666666667,359.853653333333,414.948,458.928213333333,457.865653333333,454.26272,442.53792,400.62176,355.982026666667
780,"TTO","Trinidad and Tobago",-2900.71552,-3496.38421333333,-3886.25824,-4123.11141333333,-4449.57381333333,-4658.47066666666,-4861.22421333333,-4974.28304,-5012.1688,-5103.74437333333,-5223.82586666667,-5141.08053333333,-4996.97541333333,-5004.03472,-4885.44325333333,-4755.45674666667,-4604.12133333333,-4410.32016,-4196.90437333333,-3998.51098666667,-3814.9568,-3675.57824,-3505.59306666667,-3275.4328
788,"TUN","Tunisia",10311.5829866667,10036.02576,9394.1296,8995.76730666667,9404.18117333333,8350.89109333334,8008.66128,8617.52037333333,8250.05781333333,8289.29925333333,13260.3213333333,16664.2628266667,18217.5912,19583.8479466667,19723.1532266667,19855.1305066667,19656.7615466667,19810.2831466667,18719.0096,16906.09904,11338.32128,7768.29066666666,5666.82789333333,3399.52026666667
792,"TUR","Turkiye",93587.8543466667,68766.3306133334,54851.8875733334,37284.864,36941.10752,36134.40464,30532.3806933334,17317.2853333334,-7186.1177066666,-32760.5568,-49367.2459733333,-78140.58912,-104682.886026667,-122165.05136,-153529.831786667,-176289.964693333,-186711.87072,-188226.89808,-184768.949226667,-187319.386346667,-192270.329706667,-189294.685386667,-191257.881013333,-192437.554666667
795,"TKM","Turkmenistan",92015.38768,93699.17888,93931.3421333333,91694.9098133333,87951.3643733333,84283.5293866666,80909.7548266666,78241.0437866666,74821.3593066666,70247.7346666666,64190.2999466666,57553.0005866667,52126.8242133333,47612.764,43843.0087466667,40278.1565866667,37202.8881066667,34283.8525866667,31965.1634666667,29780.6500266667,28346.3039466667,27096.52576,26228.78064,25435.5368533333
796,"TCA","Turks and Caicos Islands",NA,NA,NA,NA,NA,NA,NA,NA,NA,NA,NA,NA,NA,NA,NA,NA,NA,NA,NA,NA,NA,NA,NA,NA
798,"TUV","Tuvalu",0,0,0,0,0,0,0,0,0,0,0,0,0,0,0,0,0,0,0,0,0,0,0,0
800,"UGA","Uganda",229152.739946667,228642.3936,230766.072426667,238031.454666667,247627.214186667,252635.755626667,257157.168266667,263603.65872,271303.713493333,278477.972053333,281609.80048,284434.536853333,281718.193813333,273200.163253333,261766.211573333,251888.23856,241998.027786667,229426.062133333,215418.040533333,200746.187626667,186625.25376,171947.41632,159369.759253333,148890.52384
804,"UKR","Ukraine",65953.7465066667,58095.90768,44206.3676266667,33105.9132266667,25705.78128,14801.0455466667,8420.54373333332,2944.48810666666,1765.98693333333,1926.20144,-2022.17381333333,-6852.48608,-8557.10101333333,-3038.79946666667,-1115.00405333333,4185.11850666667,12971.2928,19922.3282666667,23867.0639466667,28170.0533333333,27236.1363733333,28238.2403733333,29195.33824,23890.3181333333
784,"ARE","United Arab Emirates",-3442.47456,-1525.04229333333,428.089546666665,1309.13498666666,1973.95557333333,2471.72218666666,2849.89584,3164.86549333333,2427.99845333333,879.286719999997,-841.706293333333,-2645.74997333334,-4406.37525333333,-5144.23157333333,-5523.13802666667,-5685.31888,-5640.82570666667,-5634.09616,-5651.20704,-5449.06416,-5290.00992,-5075.89797333334,-4930.54709333334,-4829.84816
826,"GBR","United Kingdom",3430.72533333334,-727.64597333333,-3842.26581333333,-1832.06106666666,1692.53594666667,9902.09434666667,28856.8457066667,41650.9108266667,51896.5540266667,64498.9919466667,75360.0405866667,82761.0518933334,91817.93472,103215.344106667,113101.683253333,116243.722026667,107996.229013333,101628.087093333,97481.9413333334,97368.8825066668,100536.031893333,105359.9688,109214.46016,110738.012426667
840,"USA","United States of America",-680218.6688,-626369.679093333,-654254.832,-697955.335573334,-709672.380106667,-780869.713653333,-782022.774453333,-816717.080533333,-881332.025866667,-935104.38912,-1069633.15658667,-1172287.56672,-1245188.84346667,-1264399.684,-1330505.77962666,-1336482.21552,-1370999.19621333,-1349429.44805333,-1264926.71376,-1209574.09173333,-1098211.8192,-978427.610613333,-817609.777493333,-682963.48112
858,"URY","Uruguay",-41286.9290666666,-38095.6827733333,-36158.4526933333,-34351.4900266667,-33473.24144,-33973.2186666667,-33391.02128,-31072.8695466667,-20653.0397866667,-6435.37631999997,5696.77498666669,22397.9709333334,35272.5585600001,51057.1316266667,63356.8010133334,76609.98976,84921.0165333334,90296.3365866667,86368.06448,76912.3674666667,69221.0452266667,54589.0444266666,44738.5514133333,30910.56656
860,"UZB","Uzbekistan",51500.19472,48638.75728,45144.0218666667,41415.76752,37623.1489066667,33616.9557333333,29063.25104,24716.8066133333,20197.9709866667,15753.95424,11190.66208,6648.74325333334,2247.14341333334,-1801.22239999999,-4196.79445333332,-5358.39237333333,-6406.34522666666,-7536.00527999999,-7995.15333333333,-8003.55610666666,-7760.27871999999,-7232.50394666666,-6438.06325333333,-5310.49168
548,"VUT","Vanuatu",13771.6081066667,14050.2064533333,13990.8985066667,14084.7213333333,17262.12992,18465.3630933333,18983.88016,19271.32096,18484.1594133333,17871.4286933333,17015.50608,15568.3237866667,14187.8018666667,12753.6023466667,8390.63328,5181.95856000001,2909.43584,1058.48074666667,776.633653333333,128.227786666666,-608.639253333334,-1200.94928,-1558.99536,-1936.49728
862,"VEN","Venezuela",447605.732746667,463808.307146667,477091.49184,486199.487466667,493587.650346667,492100.4816,485553.68304,478029.158293333,469281.431573333,454699.24896,436752.952533333,420267.492906667,414207.530026667,418928.227626667,421006.985813333,425543.164373333,432802.904053333,437909.542986667,430104.35584,419131.689546667,405734.151413333,388946.216373333,362001.03824,328594.6648
704,"VNM","Viet Nam",623177.834346666,744005.68448,803952.461759999,851258.927573333,908392.900906666,963872.700373333,960200.077759999,945800.728746666,939473.306079999,914290.279893333,895791.208,824451.210506666,784062.523253333,760990.168693333,744258.329493333,833079.967146666,902231.640639999,957227.474559999,1041843.59744,1120094.28976,1164138.1712,1226332.62928,1298368.98218667,1370620.36304
876,"WLF","Wallis and Futuna Islands",NA,NA,NA,NA,NA,NA,NA,NA,NA,NA,NA,NA,NA,NA,NA,NA,NA,NA,NA,NA,NA,NA,NA,NA
732,"ESH","Western Sahara",NA,NA,NA,NA,NA,NA,NA,NA,NA,NA,NA,NA,NA,NA,NA,NA,NA,NA,NA,NA,NA,NA,NA,NA
887,"YEM","Yemen",13204.61632,12119.7303466667,12580.8325333333,9159.21834666666,8300.82863999999,7865.35002666665,7657.82106666665,7487.10309333332,6775.31002666665,5917.46991999999,6291.28341333332,6012.89269333332,5207.26458666666,5165.22629333333,3631.64688,2105.59088,73.3044266666703,-1262.27242666666,-1780.12997333333,-1947.53813333333,-3515.35152,-3881.40954666667,-4612.73173333333,-5087.15866666667
894,"ZMB","Zambia",340450.52608,336823.727893333,337166.311893333,344915.232213333,349409.213706667,357568.453173333,365207.29472,376222.280213333,397019.302986667,426615.543893334,455287.821706667,489392.284853333,520036.42976,537431.758293333,558265.677546667,578306.74384,587551.870773333,597508.00912,601075.20624,587349.97216,578444.80336,563499.909173333,545142.023413333,532541.8816
716,"ZWE","Zimbabwe",244078.446986667,247586.9224,250559.317973333,250689.536533334,255693.55904,260511.75568,258144.29872,254112.65296,256248.447413333,247994.420266667,238565.592586667,234420.106346667,225536.005546667,215837.18992,201578.868266667,185447.399893333,167625.496266667,152733.51024,136031.813546667,125035.441173333,116871.841546667,104622.5888,96678.1330133333,92315.7135466667
