"code","iso","country","F5Y.raw.1999","F5Y.raw.2000","F5Y.raw.2001","F5Y.raw.2002","F5Y.raw.2003","F5Y.raw.2004","F5Y.raw.2005","F5Y.raw.2006","F5Y.raw.2007","F5Y.raw.2008","F5Y.raw.2009","F5Y.raw.2010","F5Y.raw.2011","F5Y.raw.2012","F5Y.raw.2013","F5Y.raw.2014","F5Y.raw.2015","F5Y.raw.2016","F5Y.raw.2017","F5Y.raw.2018","F5Y.raw.2019","F5Y.raw.2020","F5Y.raw.2021","F5Y.raw.2022"
4,"AFG","Afghanistan",7730.11178666666,8580.45290666666,9532.71429333333,12565.4559466667,13060.0959466667,14293.8136,15354.6759466667,16244.8081066667,16506.3077866667,13686.98192,11820.83344,10351.31296,9117.91285333333,8136.04634666666,7286.81663999999,6593.38021333333,6108.49866666666,6093.46405333333,6193.35690666667,6417.39829333334,6795.68186666668,7223.63706666668,7514.14341333334,7584.76090666667
8,"ALB","Albania",-3806.87157333333,-3971.34853333333,-4121.69466666667,-4421.05568,-4548.88042666667,-5040.94341333334,-4051.6512,-3455.86037333334,-1975.76314666667,6.32650666666677,1052.75269333333,2225.6968,2111.13573333334,2633.74426666667,2059.18021333334,1085.35008,983.661866666666,843.806986666666,786.868426666666,449.64608,203.779466666667,-52.8104533333333,-483.635786666667,-678.401813333334
12,"DZA","Algeria",22550.8818666667,20449.6877866667,17719.1284266667,16424.4418133333,16139.0162133333,15390.41216,14839.82288,13861.1440533333,12345.8357866667,10338.9897066667,7764.39461333333,5832.02544,4207.63989333333,2740.3056,1929.41354666667,849.950293333334,140.563253333333,-86.568106666667,-186.839573333334,118.347199999999,158.68784,1251.36592,2310.50618666667,3193.70117333333
20,"AND","Andorra",93.4320000000001,82.1346666666668,71.7899733333334,66.1718400000001,60.4804266666667,53.89744,49.2563733333333,41.6474666666667,33.5744533333333,25.6602133333333,16.6589866666667,10.47904,2.23503999999999,-3.88384000000001,-8.30506666666668,-12.93392,-15.9139733333333,-19.01616,-21.2267733333333,-22.6679466666667,-24.5732266666667,-26.0632533333333,-26.6250666666667,-26.4052266666667
24,"AGO","Angola",180475.498453333,196180.758133333,224023.579626667,264906.088586667,311574.639786667,361040.569493333,408318.13856,450608.918133333,498156.865973334,556926.3512,616742.28704,684011.97136,739932.281333333,786591.929013333,808055.738719999,797468.329813333,778286.373813333,745384.496533333,719177.712106667,692532.701066667,669565.576586667,652820.85232,635144.83696,618818.394933333
660,"AIA","Anguilla",-9999,-9999,-9999,-9999,-9999,-9999,-9999,-9999,-9999,-9999,-9999,-9999,-9999,-9999,-9999,-9999,-9999,-9999,-9999,-9999,-9999,-9999,-9999,-9999
28,"ATG","Antigua and Barbuda",-81.59728,-78.4950933333334,-75.6371733333334,-71.6067733333334,-67.7840000000001,-64.9382933333334,-62.1658666666667,-58.624,-51.8578133333333,-43.7603733333333,-40.4261333333333,-37.29952,-34.73472,-32.93936,-27.04032,-29.16544,-28.6280533333333,-26.85712,-17.8314666666667,-15.4498666666667,-21.8862933333333,-23.52288,-23.4496,-23.7671466666667
32,"ARG","Argentina",418981.03808,431502.000853333,453923.751146667,506151.494133334,610001.357546667,743098.685706667,891350.403360001,1041392.55904,1129251.55397334,1161467.92128,1225748.66096,1224459.04288,1193932.91541333,1124851.93269333,1072245.02677333,1028297.31312,886319.108480001,762090.577813334,630618.465706667,513303.231306667,418949.918506667,330482.088906667,249963.954613333,188020.39504
51,"ARM","Armenia",9213.95850666666,8689.12714666666,8239.20016,8508.79728,9051.00821333334,10651.8830933333,13765.0129066667,15672.76,16412.1796266667,16583.5815466667,16455.17056,15401.40416,12728.58944,11267.3984533333,10241.5517333333,9347.84106666667,8632.87253333334,8028.93541333334,7497.86304,6968.58602666666,6523.11690666667,6135.33136,5747.17941333333,5373.45141333333
533,"ABW","Aruba",-9999,-9999,-9999,-9999,-9999,-9999,-9999,-9999,-9999,-9999,-9999,-9999,-9999,-9999,-9999,-9999,-9999,-9999,-9999,-9999,-9999,-9999,-9999,-9999
36,"AUS","Australia",551152.595573334,623637.947253333,599460.652426667,550708.860746666,581444.33696,576062.262933333,544874.881173333,469434.342506666,450169.983146666,511197.02976,464511.282186666,581397.559893333,646648.245866667,677888.51136,686185.590506667,609690.84576,563498.6512,395240.724106667,298921.516533333,231162.028693333,156992.5072,112561.585226667,86444.2390400001,26388.128
40,"AUT","Austria",-44431.9601066667,-44011.0031466667,-43933.9370133333,-44396.6757866667,-44281.2597866667,-44751.5219733333,-44721.5626666667,-43693.6274666667,-41975.4557333333,-39766.3324266667,-38617.8882666667,-37921.22752,-37342.1811733333,-36817.59408,-36832.87296,-37421.27472,-37927.9082133333,-38278.4797333333,-38340.3769066667,-38346.3125866667,-38244.39232,-37812.6143466667,-37041.8430933333,-36334.2880533333
31,"AZE","Azerbaijan",17997.7634133333,17995.3451733333,17481.38368,16360.3340266667,14784.89952,13895.24368,12916.7114133333,12340.7428266667,11973.2069866667,11763.5040533333,11837.0771733333,11865.5830933333,11950.06272,12442.8462933333,12615.4573333333,12895.37472,14100.50096,16888.62176,18317.91152,19670.6358933333,21563.29952,23343.1852266667,24233.9769066667,23599.8728533333
44,"BHS","Bahamas",51.07616,35.2354666666666,-10.8088000000001,-63.3872000000001,-127.372853333333,-171.890453333333,-252.864853333333,-287.892693333333,-281.334133333333,-148.453066666667,-57.7202133333334,-6.63184000000001,29.4341333333334,61.9216000000001,64.9260800000001,-58.4407999999999,-131.916213333333,-155.597866666667,-166.773066666667,-175.383466666667,-177.642933333333,-170.0096,-166.956266666667,-162.742666666667
48,"BHR","Bahrain",15.0834666666667,12.4698133333334,11.3461866666667,10.4912533333333,7.20586666666668,5.44714666666667,3.95712,2.44266666666667,1.24576,0.0366400000000003,-0.84272,-1.44117333333333,-1.31904,-1.13584,-1.40453333333333,-1.58773333333333,-1.79536,-2.32053333333333,-3.60293333333334,-4.81205333333334,-5.41050666666667,-5.92346666666668,-6.35093333333334,-6.59520000000001
50,"BGD","Bangladesh",32007.2261866667,35531.0293333333,36823.27328,33797.2367466667,29194.53216,24666.45104,20637.48,16516.72576,15798.2031466667,15200.39712,13563.4074133333,12112.4634133333,12540.84608,15650.51952,16969.1809066667,19054.4488,25128.2371733333,28743.7013866667,34580.94192,37623.16112,41744.4405333333,47360.2289066667,49497.59888,53553.5491733333
52,"BRB","Barbados",-0.50074666666667,-5.61813333333333,-24.32896,-36.8476266666667,-62.6055466666667,-66.4893866666667,-68.3213866666667,-73.7318933333334,-68.5656533333334,-62.9963733333334,-63.5704000000001,-80.4858666666668,-108.295626666667,-151.72624,-201.7032,-268.803253333333,-335.634613333333,-381.226986666667,-426.501813333333,-472.485013333333,-502.1512,-522.767306666667,-535.139413333333,-561.47136
112,"BLR","Belarus",52829.3229333333,47766.7741333333,41392.2324266666,35419.9490666666,29510.62544,22776.6941866666,13935.2789866667,8937.97381333332,8884.27178666665,9509.92421333332,10757.3818666667,11924.1826666667,11993.3834133333,14413.8218133333,19086.61872,22454.1156266667,25232.75888,27598.97008,30799.84048,32704.6930133333,31668.0863466667,31014.2944,30282.9722133333,29195.7657066667
56,"BEL","Belgium",7174.16085333333,7098.34048,6881.5416,6204.64202666667,6568.35509333334,8394.13850666667,7628.87546666667,7614.85456,7780.08874666667,7704.03632,7076.11221333334,4946.85189333333,4076.68853333333,4162.93909333333,4574.07653333333,6339.02533333334,8670.57509333333,10169.2488,12279.8715733333,13685.6018133333,15130.5368533333,15429.1894933333,15112.27792,15839.3010133333
84,"BLZ","Belize",29353.8917333333,28599.7184,28665.56048,30464.8531733333,30718.8905066667,29937.0539733333,28753.1178666667,28126.76928,26909.62512,24428.6208,24206.25264,24720.2629866667,25697.02432,26246.9296533333,27211.3433066667,29378.53824,32236.9712,33941.0365333333,35797.02352,38849.5996266667,40661.6674666667,40967.3061333333,40207.9421333333,39650.3912533333
204,"BEN","Benin",175345.385493333,181512.227253333,180273.221226667,174784.78128,163436.82368,154142.623573333,141136.40064,129907.388693334,126089.70832,121337.805653333,118039.008746667,115293.597973333,119497.024266667,128448.44496,124600.561013333,120345.47232,117353.681973333,113447.393866667,106479.809333333,94235.1854400001,86979.6227200001,81441.0226133334,77258.7376000001,74664.7233066667
60,"BMU","Bermuda",-9999,-9999,-9999,-9999,-9999,-9999,-9999,-9999,-9999,-9999,-9999,-9999,-9999,-9999,-9999,-9999,-9999,-9999,-9999,-9999,-9999,-9999,-9999,-9999
64,"BTN","Bhutan",35576.78048,29484.8553066667,26464.9498666667,25949.87696,32224.73344,34535.2274133333,35489.3696533333,34630.3814933333,36146.1172266667,36909.4749866667,29834.92608,27949.24848,26728.3426133333,25687.5834133333,23615.6036266667,19479.1674666667,16601.47408,12705.06656,10576.6856,8486.70336000001,6542.53610666667,5719.08874666667,5348.71941333334,4765.26405333333
68,"BOL","Bolivia",639347.6648,613872.666666667,603380.289706667,596219.111626667,636426.894986667,624401.40272,608928.355146667,613377.867893333,612034.914186667,614368.186026667,550179.75472,508034.92448,483990.351946667,456456.637706667,434153.55216,402155.449333333,385994.827733333,370953.387146667,362412.90848,350761.254133333,339103.835093333,328723.173493333,309465.80016,298570.224426667
70,"BIH","Bosnia and Herzegovina",-6381.97962666667,-4705.33322666666,-3913.31077333333,-1676.78074666667,-1535.9488,-1576.6192,-1893.01781333334,-2204.84864,-1800.37968,-3126.38128,-3795.78186666667,-4030.20458666667,-4179.97669333333,-3240.08741333333,-2913.6128,-1756.80250666667,-220.682719999999,1582.83578666666,3215.58746666666,4112.04613333333,5292.46479999999,6050.13114666666,6211.01738666666,6389.11221333333
72,"BWA","Botswana",52085.6408533333,52183.56736,52172.50208,51422.4934933333,51610.7864533333,51200.5405866667,48051.8944,47381.5778133333,48290.6894933333,50323.83088,51316.152,53131.664,54330.5125866667,55609.6516266667,56937.35088,55878.6991466667,54848.0159466667,52990.38016,52080.4624,50577.9781333333,47129.00608,45910.02992,45401.3812266667,44822.9333333333
76,"BRA","Brazil",9729813.44528001,9886275.31978667,9975190.73141333,10194738.18544,10800790.0318933,11043091.65872,11089464.92816,11053038.0264,10971695.3089067,10729082.8405333,9946490.08202666,9272500.03002666,8694421.69994666,8254004.51536,7892441.59381333,7583834.96501333,7373200.78943999,7234464.98053333,7068162.06613333,6773176.13749333,6623250.58250667,6423688.41648001,6179455.93493334,5990567.13525334
92,"VGB","British Virgin Islands",-9999,-9999,-9999,-9999,-9999,-9999,-9999,-9999,-9999,-9999,-9999,-9999,-9999,-9999,-9999,-9999,-9999,-9999,-9999,-9999,-9999,-9999,-9999,-9999
96,"BRN","Brunei Darussalam",8014.90229333334,7750.39813333334,7796.96757333334,7771.35621333334,7780.17424,6821.15888,6777.45957333333,6829.07312,7042.58661333333,7392.05893333333,7837.87002666667,8150.97104,8666.72789333334,9047.39306666667,8566.05338666667,8877.84757333334,8186.89045333334,7807.27562666667,7582.62357333333,7082.13338666667,7284.54496,6479.12448,6298.06181333333,6197.03312
100,"BGR","Bulgaria",555.413546666661,-6662.82522666667,-16469.0082666667,-27973.06448,-31142.3267733333,-36269.9115733333,-39633.6956266667,-42239.03168,-43705.2423466667,-45688.2602133333,-46468.7777066667,-44017.0121066667,-40323.0039466667,-36146.6301866667,-32941.0942933333,-28374.67552,-25807.2130133333,-24691.7937066667,-24740.75696,-24927.51104,-24499.4703466667,-25318.6064,-25595.9589866667,-26092.5286933333
854,"BFA","Burkina Faso",88825.58256,104772.348693333,117479.283893333,125155.376106667,125365.286666667,128923.311573333,129356.09104,124397.074666667,137606.270986667,139104.150826667,149309.123626667,154207.549653333,162395.88128,160599.86176,134998.35792,120203.67552,102678.61696,89920.0437866668,76880.6982933335,64469.4234666668,58442.9495466667,53051.8376533334,49899.86944,47736.7781866667
108,"BDI","Burundi",16418.97024,16456.1720533333,16616.13008,16498.69888,16296.07968,15216.88512,14008.8154666667,12318.9176,11210.3499733333,10853.2687466667,10825.8131733333,12994.8034666667,16911.48512,21490.4592,24726.98032,26694.7070933333,27817.19792,26539.9885866667,23358.80608,19450.4294933333,15848.4976533333,12916.0274666667,10488.9938666667,9014.38042666667
132,"CPV","Cabo Verde",194.277493333333,216.371413333333,241.75072,203.144373333333,205.232853333333,215.174506666667,238.135573333333,205.9168,218.313333333333,223.21088,202.0696,213.269226666667,346.0648,422.141653333333,374.68064,343.90304,316.997066666667,281.712746666667,88.0947733333334,-44.5420266666666,-96.9494399999999,-136.92368,-168.32416,-207.956426666667
116,"KHM","Cambodia",117656.267306667,125457.66832,135818.83744,147717.885066667,160746.56832,174690.83632,172069.28096,157627.69824,141469.213973333,125512.152,116292.990613333,105906.393333333,109564.70192,127662.944426667,154515.35008,196266.654506667,223112.745866667,242399.492266667,257063.186666667,258917.024106667,250787.340906667,227098.27408,208742.14704,189866.440373333
120,"CMR","Cameroon",181476.41776,187435.65728,187681.072,186574.995893333,187151.391946667,178940.74656,172319.446666667,170006.473386667,171048.8936,183422.160533333,207326.78048,224860.52272,236833.033546667,243596.924106667,245759.819946667,232576.809013333,205264.290453333,189044.104426667,180417.802666667,171635.475573333,166174.540053333,164182.606453333,161628.432053333,157347.573226667
124,"CAN","Canada",900379.439786666,922668.394506666,967529.653279999,991742.659893333,1001025.35504,1005863.23957333,1014402.65568,979716.398186667,907947.102026667,838984.063466667,761144.349813333,682507.60624,615223.00944,566897.060053333,535809.998613334,535523.522666667,558348.960266666,570508.274026666,587468.697973333,595488.88864,592632.861706666,567492.66768,531594.749813333,514251.865333333
136,"CYM","Cayman Islands",-9999,-9999,-9999,-9999,-9999,-9999,-9999,-9999,-9999,-9999,-9999,-9999,-9999,-9999,-9999,-9999,-9999,-9999,-9999,-9999,-9999,-9999,-9999,-9999
140,"CAF","Central African Republic",63134.23744,64243.0981866667,64894.8749333333,64368.82224,64326.4419733333,62801.5706666667,61331.3051733333,59744.96416,58241.0265066667,61243.5645866667,59719.3650133333,58009.03424,56578.42544,55298.40704,53643.7202133333,47225.18608,44447.8862933333,43304.9503466667,43447.9929066667,43502.1468266667,43365.4429866667,43869.6216,43300.8100266667,42299.5853866667
148,"TCD","Chad",66348.628,77505.6057066666,83446.53744,85432.0346133334,94124.9234666667,104406.205173333,108137.622773333,104106.36784,103495.98208,105521.368,108083.16352,113025.93616,129389.677706667,153473.6016,177880.189546667,194481.34608,201615.764746667,204271.053333333,199666.34576,187826.93584,175370.948,167583.531253333,164300.159786667,163144.521973333
152,"CHL","Chile",32402.4252266667,37370.0764266667,44590.73344,49824.50096,54561.2590933333,60476.0665066666,67432.1338666666,69173.5475733332,71021.2417066666,76069.62304,77420.75968,81054.4828266667,81172.6224000001,83678.1999466668,82711.2825600001,80797.5997866667,79211.1610666667,76366.3826133334,76291.2339733334,72967.3264533334,69234.6997333334,63448.2178133334,55931.0088533334,49188.1008000001
156,"CHN","China",2304333.11610667,1999997.83194667,1712399.33338667,1369429.28213333,1037543.17285333,807538.149866667,547226.998186667,396983.73776,267565.126666667,187070.86944,124087.539946667,-43056.4578666667,-83814.9282133334,-181420.566186667,-275123.67776,-212554.636746667,-172873.186986667,-188552.95744,-126478.60528,128279.986453333,415292.63584,572974.878826666,754339.532373333,1064899.13424
170,"COL","Colombia",670549.433866666,656215.926933333,578732.402933333,555325.610666667,584282.605706667,539090.58544,484058.013813334,487183.83328,501152.271466667,461875.437226667,328168.10192,271863.89024,360154.724213334,598713.342986667,667977.452426667,711219.601813334,748585.366933333,772413.360426667,691774.912586667,445259.97888,368328.094506667,332430.933866667,315689.971306667,316705.79088
174,"COM","Comoros",818.623093333333,804.895306666667,748.7384,674.664533333334,535.200480000001,402.294986666667,306.395893333334,197.660586666667,136.325226666667,95.7158933333333,65.5245333333333,63.0452266666667,64.26656,79.4843733333333,84.4552,84.7971733333334,73.6341866666667,51.18608,33.9897066666667,5.03189333333337,-17.4528533333333,-41.29328,-54.74016,-63.3749866666667
184,"COK","Cook Islands",-37.7392,-40.81696,-43.9802133333333,-50.3311466666667,-59.0392533333333,-69.9824,-82.84304,-97.0837866666666,-111.300106666667,-123.281386666667,-133.638293333333,-142.065493333333,-148.111093333333,-151.94608,-152.53232,-148.330933333333,-142.3464,-135.983253333333,-129.26592,-122.511946666667,-117.052586666667,-114.6832,-112.570293333333,-109.62688
188,"CRI","Costa Rica",15296.5282666667,12759.3914666667,13290.4394133333,15112.2901333333,14695.9131733333,11900.34224,10990.1557866667,8179.59909333333,5537.31770666667,4274.84986666667,7103.73877333334,9089.22373333333,8373.11936,9713.28842666667,10091.3399466667,8611.316,7170.46021333333,7299.90933333333,9031.52794666666,8507.77135999999,8148.90698666666,7275.12847999999,5385.10293333333,5283.14602666666
384,"CIV","Cote d'Ivoire",733638.152213333,688866.563733333,655720.163306666,616275.029333333,583162.227786666,543100.662453333,510645.915306667,488286.575146667,467503.475573333,446190.879146667,417283.299253333,397376.017813333,376917.646346667,374102.558506667,375945.843626667,380681.636906667,384789.94576,390020.23248,395038.092693333,378074.725333333,363646.626133333,351003.83536,341406.231626667,332523.706346667
191,"HRV","Croatia",-10340.7362133333,-20540.16416,-26556.52544,-32316.1624533333,-41709.0829333333,-50525.9493333333,-51766.53088,-51547.5824533333,-47501.4761066667,-44423.9603733333,-40866.0576,-37911.6522666667,-34616.0186133333,-24850.6891733333,-22063.36224,-18062.7627733333,-14773.9197333333,-12560.9125866667,-10290.4783466667,-15091.42976,-16195.8204266667,-17186.1141333333,-18041.1818133333,-18149.8316266667
192,"CUB","Cuba",54780.8548266666,56175.1167466666,55150.96768,43021.99184,36662.2282666666,33310.7064,29836.2695466666,14680.4266666667,5193.34138666667,-1859.34565333333,-9222.39792,-19788.27472,-31493.7898666667,-36947.11648,-42527.5838933333,-46354.6685333333,-49830.80304,-47229.3141866667,-42639.7022933333,-40918.9901866667,-37639.3804266667,-33706.45504,-29030.16512,-30745.5155733333
531,"CUW","Curacao",-9999,-9999,-9999,-9999,-9999,-9999,-9999,-9999,-9999,-9999,-9999,-9999,-9999,-9999,-9999,-9999,-9999,-9999,-9999,-9999,-9999,-9999,-9999,-9999
196,"CYP","Cyprus",-7422.68997333333,-7029.79925333333,-6791.01637333333,-5790.06042666666,-5015.17328,-3851.92656,-3380.93157333333,-2911.86629333333,-2550.86458666667,-2827.74085333333,-3473.14224,-4468.45562666667,-5005.92778666666,-5617.35168,-6008.20277333333,-5693.22090666666,-5559.55818666666,-4773.87445333333,-4124.51594666667,-3424.50874666667,-2755.46234666667,-2661.39525333333,-2091.25242666667,-2097.04154666667
203,"CZE","Czech Republic",-65705.6082133334,-65067.7790933334,-64785.8342933334,-65621.2629333334,-67494.10432,-70600.48016,-74574.5156266666,-78465.8301866666,-81499.2069333333,-83624.64448,-85031.1197333334,-85288.8577066667,-84943.2325866667,-89528.8995733334,-93976.25056,-98494.6709333333,-101868.262293333,-104360.380746667,-105532.628693333,-100687.636,-93837.1284799999,-85654.1340799999,-77957.1692799999,-71273.4714666666
180,"COD","Dem. Rep. Congo",1247916.47162666,1282538.75568,1300908.18304,1308269.72085333,1303557.60922667,1285201.16464,1258716.73450667,1243017.43493333,1243750.82117333,1376730.20517333,1634575.48485333,1995547.69632,2448933.05930667,2903214.7344,3392602.61024,3699455.48986667,3804079.34885333,3825142.58565333,3757573.30826667,3633422.66202667,3406805.84976,3279100.68384,3245576.10976,3184511.84912
208,"DNK","Denmark",-8571.96463999999,-8264.57946666666,-8184.92410666666,-8397.25290666666,-8095.7912,-4736.80698666667,-1834.91898666667,-855.89818666667,1435.09109333333,4076.10229333333,6339.29402666667,8757.54624,9292.73450666667,10720.35104,11919.79808,12069.6678933333,12102.4240533333,9601.65856,8992.50634666666,8047.34090666667,6634.12389333334,6276.37093333334,6088.37109333334,5834.65130666667
262,"DJI","Djibouti",99.7585066666666,46.8992,-27.8341866666666,-111.006986666667,-182.674826666667,-249.127573333333,-298.493866666667,-317.644373333333,-291.349066666667,-225.018453333333,-150.456053333333,-75.2341333333334,-7.74325333333337,50.3067199999999,100.637866666667,138.218293333333,167.200533333333,189.184533333333,206.783946666667,222.453653333333,235.70512,250.275626666667,263.209546666667,274.6168
212,"DMA","Dominica",298.87248,416.560160000001,487.592906666667,516.526293333334,517.637706666667,385.428373333334,260.91344,192.79968,93.0778133333334,48.6090666666667,-11.28512,-32.16992,-31.80352,-88.5710933333334,-97.9875733333334,-136.37408,-143.897493333333,-166.223466666667,-200.836053333333,-244.816266666667,-265.12704,-269.939093333333,-266.59264,-268.217013333333
214,"DOM","Dominican Republic",10204.7773866667,8162.83018666666,6460.01061333333,4771.98138666667,2633.08474666666,1558.31141333333,-3395.17232,-6308.06453333334,-9127.94000000001,-8371.00645333334,-8502.07994666667,-8573.25925333334,-10034.6090133333,-11243.38704,-11573.4645866667,-12441.2829866667,-12648.4821866667,-12320.52976,-10501.1827733333,-9883.22474666666,-9705.02,-9685.40538666667,-9855.73253333334,-10412.0865066667
218,"ECU","Ecuador",275644.197813333,261276.61568,247792.753706667,221116.256693333,243404.527466667,223600.98608,197130.528,177086.02976,169327.094506667,178194.20656,131142.2544,121247.121653333,140306.077173333,157549.386346667,159045.983786667,187416.56784,188599.01392,192268.375573333,169112.603946667,151672.257066667,141634.423733333,92110.4074133334,78812.12704,66825.35104
818,"EGY","Egypt",49911.3133333333,42249.5351466667,38813.3016,36000.77856,34201.49808,33938.56944,32672.9017066666,31262.0785066666,30692.8638933333,32926.68256,30880.8759466667,29279.42704,29611.2633066667,27916.5167466667,26077.1398933333,24240.8530133333,23617.5699733333,22219.63184,20327.3834666667,19522.5492266667,18040.8154133333,16271.8117866667,14659.2976,13662.6041066667
222,"SLV","El Salvador",29671.1574933333,33734.7655466667,35322.86528,35944.5850133333,35020.36544,31965.0901866667,23991.1880533333,15639.74736,11787.49104,7405.22490666667,3969.72416,1962.01093333333,3578.66544,4177.80272,3132.98869333333,2762.71706666667,2002.76682666667,1130.60048,-534.260053333332,-2058.86266666667,-3893.79386666666,-6853.21888,-9051.08149333333,-10583.1464533333
226,"GNQ","Equatorial Guinea",37984.6269333333,43173.4005333333,45504.35184,45731.9473066667,44805.8224533333,39561.3560533333,32333.1267733333,25943.4893866667,22982.6354133333,21273.1595733333,20399.2955733333,18991.5257066667,17889.4555733333,16523.02784,13694.1877866667,11391.9500266667,9402.86213333333,9251.49008,9718.51573333333,10402.93872,11668.8995733333,13085.2309866667,14020.6746133333,14558.6719466667
232,"ERI","Eritrea",3421.73632,4995.76629333333,6668.02810666667,8408.40368,7752.4744,8175.36106666667,8318.20821333333,8467.03989333333,8701.82901333333,8577.58277333333,8521.15717333333,8103.55887999999,6862.47658666666,6179.28714666666,5702.20992,5254.48133333333,5914.72192,7221.80506666667,8714.71408,10348.19856,12172.0522666667,13835.66704,14748.1373866667,15189.1242133333
233,"EST","Estonia",-16375.6739733333,-16378.6540266667,-17216.7085333333,-15695.7821333333,-16515.88304,-14103.0413333333,-13578.4053866667,-11823.3616,-9558.00810666667,-9410.58096000001,-6745.79040000001,-7352.71978666667,-6236.26234666667,-4672.29616,-3001.89077333334,-1253.00250666667,-15.4254400000009,1375.23354666667,3003.66170666666,4353.16175999999,5630.78634666666,6232.72047999999,6725.28421333332,7425.47461333332
748,"SWZ","Eswatini",2663.55701333333,2670.12778666667,2450.28778666667,2107.98469333333,1871.90096,1736.69936,1494.74101333333,1129.53792,945.01888,834.243946666667,681.076533333333,463.227306666666,401.037013333333,291.54448,130.76816,11.6270933333333,-125.150026666667,-125.259946666667,-148.42864,-187.975413333333,-114.35344,-138.706826666667,-69.6404266666667,-183.60304
231,"ETH","Ethiopia",48356.3483733334,55828.1725866667,66980.6924266667,120926.497226667,206275.35904,282568.327306667,363301.123146667,446990.974613333,511169.07344,525140.56496,511413.327893333,504776.333866667,484888.37392,456056.199146667,441806.036,434492.301173333,444123.894613333,466552.093546667,503413.313653333,542772.526826667,589407.222666667,629481.57536,650522.180853333,654739.737973333
234,"FRO","Faeroe Islands",-9999,-9999,-9999,-9999,-9999,-9999,-9999,-9999,-9999,-9999,-9999,-9999,-9999,-9999,-9999,-9999,-9999,-9999,-9999,-9999,-9999,-9999,-9999,-9999
238,"FLK","Falkland Islands",-9999,-9999,-9999,-9999,-9999,-9999,-9999,-9999,-9999,-9999,-9999,-9999,-9999,-9999,-9999,-9999,-9999,-9999,-9999,-9999,-9999,-9999,-9999,-9999
242,"FJI","Fiji",11423.17952,9153.06282666666,7741.8488,6482.33658666666,5491.65205333333,4613.11034666666,3961.7,3436.88085333333,3116.40298666667,2845.41354666667,2475.23962666667,2264.70618666667,2057.5192,1901.76256,2237.14069333333,2122.45749333333,2587.39466666667,2629.6528,2514.0536,2382.41829333333,1630.57770666667,1417.00314666667,842.549013333334,631.575893333334
246,"FIN","Finland",16238.0297066667,22746.40512,30320.07632,39480.3816533333,47997.1420266666,56352.53984,63863.2268799999,70722.8699733332,77692.5796266665,83801.6278933332,86345.0179199999,86869.5683733332,86346.2636799999,86326.0261866666,84629.02016,81863.2741866667,81369.3181333334,81859.2560000001,83798.7944000001,85887.6041600001,88720.7677333334,90583.2277866667,93397.9125866667,95862.1235733334
250,"FRA","France",-94421.28,-101363.71728,-109119.464853333,-119495.53424,-128808.6528,-138894.826506667,-148649.396,-157847.489386667,-166435.245866667,-173754.110293333,-180607.341386667,-185399.841173333,-190723.193493333,-191828.109333333,-187880.185973333,-185536.654933333,-179322.13232,-175079.91648,-167124.835093333,-163970.033386667,-164258.231413333,-162485.2096,-161351.836693333,-160796.43536
258,"PYF","French Polynesia",-9999,-9999,-9999,-9999,-9999,-9999,-9999,-9999,-9999,-9999,-9999,-9999,-9999,-9999,-9999,-9999,-9999,-9999,-9999,-9999,-9999,-9999,-9999,-9999
266,"GAB","Gabon",56388.3493333333,62253.59504,66769.3895466667,69505.2617066667,70820.4545066667,65776.1402133334,58426.2417066667,53001.99504,51427.904,49682.5698133334,45827.22352,42849.7227733333,40357.4699733333,40248.4049066667,37277.27952,34128.62112,36446.13776,37232.4443733333,40496.7141866667,40153.11648,39756.12208,39880.0996266667,35808.5895466667,33887.4444266667
270,"GMB","Gambia",7702.60736,8905.63290666666,9545.0864,10258.7114666667,11119.1652266667,10571.88576,9626.04858666666,9293.08869333333,11045.93408,12918.9220266667,14585.3825066667,15966.68608,17080.1146133333,17454.05024,15821.9092266667,13712.5810666667,11655.8190933333,9836.47210666667,8630.08789333333,7813.49221333333,7291.84853333333,6989.82501333333,6824.09007999999,6833.89738666666
268,"GEO","Georgia",-24672.1913066667,-24389.6969066667,-23960.58144,-19043.5789333333,-20334.9557333333,-21694.3852266667,-23402.3221866667,-25981.3018666667,-28766.39376,-35835.5199466667,-37336.37984,-38489.5627733333,-39217.69728,-37889.3018666667,-37503.9712,-37286.1708266667,-36978.9077866667,-36666.3685866667,-36849.0434133333,-38526.11728,-39011.7682666667,-39135.6114666667,-39170.1141333333,-39304.0455466667
276,"DEU","Germany",-216600.205706667,-221028.906933333,-232267.762826667,-238481.84576,-234520.32896,-225858.278773333,-215090.710986667,-201770.532106667,-189806.63168,-180234.822506667,-176762.119946667,-174249.629653333,-173334.521226667,-173769.938773333,-171718.37968,-171310.442133333,-170129.681493333,-167911.862293333,-164523.004266667,-163697.29744,-163191.641013333,-161276.956746667,-156973.393333333,-156113.635733333
288,"GHA","Ghana",250326.519626667,259605.13552,262571.644266667,258832.98416,249220.199253333,237305.787253333,226064.635253333,218031.535093333,210620.78976,199061.810186667,186583.41088,178466.112,165349.956853333,149591.642453333,130600.12896,111754.27168,92686.0218133333,73879.2716266666,57572.4930666666,44707.3341333333,35029.7330666667,27955.1353066667,22259.6671466667,17972.98256
300,"GRC","Greece",-2065.56778666667,-5207.41114666667,-8380.58170666667,-10784.7030933333,-13319.7147733333,-15155.7696,-17047.1508266667,-19155.4408533333,-21269.55664,-23519.7656,-24207.7793066667,-25665.99024,-26486.14,-27094.0464533333,-30719.6965866667,-33260.03328,-37708.6666666667,-42879.6698666667,-48714.8341333333,-53422.18256,-55731.71168,-59520.0434133333,-62381.35872,-64432.2338666666
304,"GRL","Greenland",-9999,-9999,-9999,-9999,-9999,-9999,-9999,-9999,-9999,-9999,-9999,-9999,-9999,-9999,-9999,-9999,-9999,-9999,-9999,-9999,-9999,-9999,-9999,-9999
308,"GRD","Grenada",-224.102453333333,-109.15056,-45.5923733333334,-13.3369600000001,12.8606399999999,-97.3646933333334,-163.26784,-291.446773333333,-372.55552,-353.881333333333,-365.52064,-331.359946666667,-299.837333333333,-269.59712,-240.98128,-283.679093333333,-291.1048,-286.573653333333,-280.430346666667,-276.55872,-264.003413333333,-251.631306666667,-238.648533333333,-227.522186666667
320,"GTM","Guatemala",267228.1608,265015.263573333,269414.591733333,327010.742026667,337439.914986667,330722.141973333,323684.196426666,324570.114986666,312131.518933333,241044.26416,198333.883306667,174335.037493333,152788.58016,121329.696,104421.459626667,100350.267093333,97001.57872,93171.5506666667,93030.64544,95679.97392,93154.2810133333,82762.5297066666,75725.5856533333,72422.7461333333
831,"GGY","Guernsey",-9999,-9999,-9999,-9999,-9999,-9999,-9999,-9999,-9999,-9999,-9999,-9999,-9999,-9999,-9999,-9999,-9999,-9999,-9999,-9999,-9999,-9999,-9999,-9999
324,"GIN","Guinea",9196.95754666666,10832.5671466667,19169.1197866666,29766.8978133333,46941.48256,71925.82224,90689.6669866666,103986.07872,110722.770186667,113602.625333333,111768.500213333,105160.708266667,103104.727946667,103824.49632,103036.980586667,101475.884533333,99550.2815466667,97092.0184533334,92953.1274133334,86534.4345066667,82092.8237866667,79581.9945066667,77980.83872,77389.7256
624,"GNB","Guinea-Bissau",20663.0791466667,22364.0056533333,23053.6070933333,21833.7271466667,21466.0081066667,19212.9168,16017.2981333333,13781.3054933333,12661.53824,12192.9981333333,12049.4304,12022.2923733333,11953.94656,12015.4406933333,11809.03536,11419.9674133333,10474.75312,9718.57680000001,9231.92432000001,8643.71797333334,8217.59477333334,7971.80144,7578.67866666666,7318.99877333332
328,"GUY","Guyana",58374.5304533333,57424.2476266667,55703.6088,54556.5325333333,58852.3282666667,56376.02608,53797.0219733333,51796.90544,49288.2134933333,46918.8634666667,36799.8114666667,31200.0103466667,27752.4428266667,26823.3623466667,29042.6105066667,32692.2109866667,38140.2003733333,40353.9158933333,41220.43968,40910.0744533333,39611.6261333333,38153.15872,35683.0242666667,36794.2055466667
332,"HTI","Haiti",19823.9010133333,21091.37632,19864.7912533333,13672.9365866667,10409.7659733333,7688.83072,10212.33744,18199.4421866667,22842.9393066667,28761.9847466667,35814.5985066667,39612.0658133333,37934.7721066667,34332.9135466667,31327.8473066667,27203.62448,21403.6101866667,19534.35952,17894.31648,12725.988,10923.0557333333,9376.27370666666,8353.81007999999,6760.03114666666
336,"VAT","Holy See",-0.10992,-0.10992,-0.10992,-0.10992,-0.122133333333333,-0.134346666666667,-0.14656,-0.14656,-0.134346666666667,-0.134346666666667,-0.134346666666667,-0.134346666666667,-0.122133333333333,-0.10992,-0.10992,-0.0977066666666666,-0.0854933333333332,-0.0732799999999998,-0.0732799999999998,-0.0732799999999998,-0.0732799999999998,-0.0732799999999998,-0.0732799999999998,-0.0732799999999998
340,"HND","Honduras",114527.895253333,89834.83136,72904.47664,70715.9816533333,62953.2602666667,45516.8705066666,38348.8651733333,35786.8498133333,32131.19152,20166.03312,18779.8075733333,22225.6285866667,27535.3141866667,31173.1532266667,33331.6766933333,38791.53744,43550.52384,50087.2586133333,55216.5777066667,62136.5790933333,69455.1504,72934.9733333333,73043.0491199999,72147.4698133333
344,"HKG","Hong Kong",-9999,-9999,-9999,-9999,-9999,-9999,-9999,-9999,-9999,-9999,-9999,-9999,-9999,-9999,-9999,-9999,-9999,-9999,-9999,-9999,-9999,-9999,-9999,-9999
348,"HUN","Hungary",-30188.0746133333,-31551.5345066667,-33331.8721066667,-35152.3671466667,-36498.86272,-38679.60224,-38296.8485866667,-38364.8890666667,-37474.6469866667,-37190.8579733333,-38979.7449066667,-40726.6424,-42326.19824,-44688.59888,-47335.69232,-49648.1037866667,-49962.96352,-49203.5873066667,-48465.26688,-46504.55056,-44775.7288,-42788.77824,-40992.9297066667,-39843.28864
352,"ISL","Iceland",2289.80458666667,2214.90021333333,2151.34202666667,2082.17792,2030.21018666667,1994.66938666667,1979.28058666667,1940.68645333333,1905.25557333333,1880.69456,1853.19013333333,2666.81797333333,2689.47370666666,2788.97573333333,2859.22682666666,2913.85706666666,2982.14181333333,2211.07744,2228.76234666667,2204.95856,2194.72378666667,2190.31477333333,2181.48453333333,2183.14554666667
356,"IND","India",408202.06304,406180.646453333,406975.294773333,370377.394133333,373309.0216,371748.438506667,364097.261493333,318543.72656,311919.825226667,343835.14608,329895.49472,338772.389653333,345742.47792,370814.09408,392347.141173333,344116.590133333,338383.37056,327119.379626667,307511.05616,272418.815253333,210996.3864,192317.35104,151682.0888,97687.1009066667
360,"IDN","Indonesia",8845862.00138667,8750523.65882667,8685197.92192,8807052.46149333,6727876.60325333,6225705.87413333,5667157.49456,5886828.32768,5414147.51018666,4784700.63290667,4926369.98677333,4691062.27642667,4732247.57834667,4303717.65552,4569424.01056,5034597.87829334,5616667.29365334,5806051.63712,5734964.46784,5591576.91781334,5895553.49637334,5677609.98277334,5036423.44186667,5146484.95776
364,"IRN","Iran",22103.8128,14223.90448,12630.6629333333,5911.44874666667,7975.66085333333,22794.07376,23646.2224533333,16283.9640533333,10757.65056,3205.91450666667,-8777.27077333333,-24180.8855466667,-41726.7556266666,-48287.8071466666,-55173.5989866666,-60451.7863999999,-62369.2308799999,-61817.5668266666,-59307.5802666666,-48635.9604266666,-40718.17856,-32148.19248,-24654.8483733333,-18042.3909333333
368,"IRQ","Iraq",-17153.7488,-16095.1214933333,-10442.14352,-6448.88426666666,-6814.64917333333,6756.0740266667,14146.9726933334,17875.1415466667,9574.48389333336,3784.6433066667,4019.60341333336,-4360.30656000001,-6418.79061333334,-3921.42042666667,10032.2274133333,22003.2237866667,27167.79056,28211.18784,33568.72528,33194.6797333333,28423.04032,27067.9221333333,26308.65584,26973.8794666667
372,"IRL","Ireland",-44520.5312,-39896.0136,-35627.71008,-33457.19312,-31315.0477333333,-28833.0663466667,-28923.13968,-30692.9005333333,-33751.6077333333,-36318.9358933333,-31052.6320533333,-29502.3692266667,-27599.9715733333,-26411.1867733333,-25139.0459733333,-24851.7883733333,-34069.9116266667,-39614.4229866667,-45821.17792,-50311.5809066667,-53422.1337066667,-27179.1978133333,-7484.92912,9812.25306666667
833,"IMN","Isle of Man",-9999,-9999,-9999,-9999,-9999,-9999,-9999,-9999,-9999,-9999,-9999,-9999,-9999,-9999,-9999,-9999,-9999,-9999,-9999,-9999,-9999,-9999,-9999,-9999
376,"ISR","Israel",2041.05562666667,1258.20538666667,880.117226666667,527.823626666667,5.88682666666693,-419.589066666667,-943.089173333334,-1293.11109333333,-1789.61973333333,-2040.50602666667,-2110.70826666667,-2042.98533333333,-1710.92922666667,-1521.91568,-936.518399999999,-666.677013333332,160.129013333335,2356.91685333334,3691.16245333334,5175.91296,6443.09514666666,7991.39162666667,9142.36394666667,8824.85392
380,"ITA","Italy",-164382.037973333,-151392.388533333,-144820.796906667,-141521.145066667,-146334.969333333,-163612.4392,-177489.4728,-189566.334346667,-188496.153226667,-188830.114613333,-185554.59632,-186198.263413333,-181697.088266667,-181624.614346667,-190390.85648,-194846.329333333,-201810.616266667,-200554.768053333,-199936.01616,-189547.11056,-176566.047093333,-160664.49472,-146184.049173333,-133927.84704
388,"JAM","Jamaica",15757.2152,17046.97984,17485.59728,17683.0746666667,17974.5336533333,18099.5615466667,10618.8216,11605.5368,15023.57248,16877.04352,17494.3786666667,18048.3266133333,18332.42096,15258.6302933333,10762.0229333333,6897.40672,4488.14352,2816.69999999999,1569.97514666666,93.5419200000007,-972.706506666666,-1434.99338666667,-1515.78458666667,-2105.45653333333
392,"JPN","Japan",-148880.582186667,-148361.29568,-149627.61072,-153272.753333333,-155563.14416,-156800.379253333,-158065.460746667,-165151.111573333,-167257.67952,-165228.861653333,-162479.67696,-159312.9184,-154578.346453333,-147219.8864,-140667.164373333,-133736.87936,-124990.373973333,-115040.672053333,-105347.84096,-97260.07392,-88710.8749333333,-80819.48608,-73532.4984533334,-66415.7158400001
832,"JEY","Jersey",-9999,-9999,-9999,-9999,-9999,-9999,-9999,-9999,-9999,-9999,-9999,-9999,-9999,-9999,-9999,-9999,-9999,-9999,-9999,-9999,-9999,-9999,-9999,-9999
400,"JOR","Jordan",584.346933333334,-176.775786666667,-60.41936,-70.8373333333333,407.449013333333,535.249333333333,688.074773333333,431.47264,324.276213333333,934.161226666666,632.968213333333,1030.78090666667,1984.91093333334,3055.61722666667,3852.34181333334,3928.63850666667,4372.92293333334,4029.33744,3241.51637333333,2548.56848,1808.02522666667,1077.42362666667,403.870506666666,196.085066666666
398,"KAZ","Kazakhstan",125846.8584,81714.5890666667,46326.04048,19437.2024533334,-3210.82426666666,-22236.1320533333,-28247.6568533333,-29684.5799466667,-12745.48048,29196.5962133334,79944.55952,166262.598186667,215782.12,260932.89584,289100.787413333,286306.437813333,268565.362026667,207114.89136,181607.796586667,156075.00496,135611.406186667,117468.5728,102625.537813333,93112.7434666666
404,"KEN","Kenya",150792.738293333,133359.865973333,128801.337013333,127699.99968,131955.8456,132759.58064,138596.491413333,145835.492853333,153160.537226667,164385.237866667,173511.309226667,187353.91344,195642.333333333,197539.68688,193004.05792,179524.250773333,161309.847253333,134334.819733333,109871.537493333,88655.6584533333,71189.3704533333,56998.6373866666,46493.15552,38829.8018133333
296,"KIR","Kiribati",0,0,0,0,0,0,0,0,0,0,0,0,0,0,0,0,0,0,0,0,0,0,0,0
689,"XKX","Kosovo",-9999,-9999,-9999,-9999,-9999,-9999,-9999,-9999,-9999,-9999,-9999,-9999,-9999,-9999,-9999,-9999,-9999,-9999,-9999,-9999,-9999,-9999,-9999,-9999
414,"KWT","Kuwait",107.550613333333,150.126293333333,196.24384,243.497226666667,274.054986666667,279.1968,258.922666666667,226.72832,192.06688,161.36256,146.315733333333,136.313013333333,136.459573333333,134.822986666667,129.730026666667,119.18992,103.630133333333,91.8686933333334,70.6419200000001,54.8867200000001,41.00016,32.31648,26.2830933333333,21.068
417,"KGZ","Kyrgyzstan",29975.8923733333,29571.7653866667,27452.9718933333,26184.29968,24878.2424533333,22904.9341866667,21356.3812266667,19908.1608,18523.9626666667,17016.1533866667,15605.0370666667,14688.82944,13915.57888,13148.2762133333,12492.26144,11925.0253866667,11594.2272533333,11208.8110933333,10813.3311466667,10473.5195733333,10080.7754133333,9704.89786666666,9205.77557333333,8794.35722666667
418,"LAO","Laos",111774.851146667,122315.6784,133693.522026667,142457.45584,154188.277013333,169580.386826667,183468.510133333,191310.92352,201338.48544,214327.65856,230654.686826667,242611.918773333,251246.56224,256985.986186667,266978.654613333,281176.483626667,278637.294986667,267523.91888,265027.171573333,262545.324533333,248923.07328,225922.618613333,213315.747253333,208008.516533333
428,"LVA","Latvia",-25188.6321066667,-27270.7001066667,-29597.792,-30324.0578666667,-28198.10736,-20466.07808,-11855.9834133333,-4932.86762666667,820.674933333331,6238.42410666666,8568.04415999999,6993.37909333333,4511.97173333333,4945.34965333333,5743.80853333333,7277.71770666666,10675.4181866667,12606.94464,14755.0989866667,16438.0474666667,18588.9376,20073.1262933333,20587.0511466667,22111.7514666667
422,"LBN","Lebanon",286.756853333334,64.2543466666677,-325.192213333333,-600.321973333333,-1042.90874666667,-603.179893333333,-675.372906666667,-308.936266666667,-119.250986666667,341.81456,512.239413333334,1169.26789333333,1173.55477333333,687.3664,775.26576,937.532106666666,1244.05013333333,881.998079999999,2789.22,2924.55594666666,2109.70677333333,990.086079999996,1501.43392,1622.55354666666
426,"LSO","Lesotho",2100.52234666667,2177.72282666667,2019.12048,1606.21210666667,1344.73685333333,1306.20378666667,1565.82261333333,2796.19381333334,4526.39568,6062.79637333334,7325.43520000001,8173.39472000001,8290.89920000001,7089.10720000001,5828.41029333334,4580.67173333334,5026.16528000001,6585.97893333334,8031.92768000001,9818.34752000001,11304.5880533333,12945.53488,13048.8841066667,12019.2512533333
430,"LBR","Liberia",64705.2385066666,74089.744,83569.2203733333,91667.49088,99329.5133333334,103570.495626667,101514.063413333,99120.8363200001,97115.8344533334,95602.0894933334,93309.21936,94608.76688,96907.1818666667,99148.09648,100836.882933333,102013.52768,101883.82208,99659.3099733333,97077.16704,94496.6973333333,92056.42448,89676.3022933333,88184.08944,86845.74016
434,"LBY","Libya",-326.352479999997,-1118.26501333333,-3449.59493333333,-4947.20608,-5382.62362666667,-5651.04826666667,-5817.32058666667,-5853.04458666667,-5772.88848,-5755.28906666667,-5616.52117333333,-5567.59456,-5471.06037333333,-5355.91306666667,-5281.87584,-5325.29424,-5190.66666666667,-5024.8096,-4904.03194666667,-4819.40576,-4685.66976,-4563.58528,-4460.12613333333,-4341.09498666667
438,"LIE","Liechtenstein",-38.8139733333333,-35.28432,-35.87056,-39.2292266666667,-42.1848533333333,-44.99392,-48.1205333333333,-54.1783466666667,-55.98592,-58.6362133333333,-61.51856,-66.1962666666667,-71.48464,-76.7852266666666,-85.5543999999999,-94.4212799999999,-102.909546666667,-112.326026666667,-118.93344,-124.86912,-128.154506666667,-129.7056,-130.389546666667,-128.850666666667
440,"LTU","Lithuania",42311.10256,28551.57344,21682.3917333333,13228.5300266667,3616.96645333332,313.27199999999,-7496.03104,-6466.94778666667,-5188.26064,-724.70256,4944.51914666667,5258.10869333333,10674.2823466667,17370.6576,23125.26272,27572.7969066667,28285.97008,27604.17296,26622.8682666667,23371.4713066667,20241.4138133333,17639.6562666667,16371.5702933333,15505.4373333333
442,"LUX","Luxembourg",33.6843733333333,19.2848533333333,40.34064,31.07072,46.1786133333333,46.5083733333333,-59.75984,-47.5098666666667,-15.9506133333334,4.47007999999993,31.2294933333333,79.7164266666666,136.129813333333,146.059253333333,167.77456,194.240853333333,203.79168,208.92128,210.57008,201.605493333333,193.520266666667,200.75056,231.71136,238.404266666667
446,"MAC","Macao",-9999,-9999,-9999,-9999,-9999,-9999,-9999,-9999,-9999,-9999,-9999,-9999,-9999,-9999,-9999,-9999,-9999,-9999,-9999,-9999,-9999,-9999,-9999,-9999
450,"MDG","Madagascar",488384.806986667,524419.96608,539405.042133334,529446.31456,496417.210986667,438353.802986667,379510.573653333,333429.38608,309086.796,293409.700266667,281442.50224,269558.806773333,255133.1136,235339.831413333,211980.524586667,186330.607093333,163972.732533333,144515.45136,131845.5592,123923.820213333,117592.550346667,114080.569706667,109796.107946667,105785.94544
454,"MWI","Malawi",98494.6342933332,106521.994186667,111101.38352,116428.045653333,116529.025493333,118502.174986667,118914.949013333,115259.046453333,121180.510133333,126437.71504,130998.527893333,129228.156373333,126280.74928,125473.93648,115380.398133333,103535.44336,91724.5882133334,81792.8154666668,74849.7186666668,70212.5114133334,66897.4829866667,63468.8217066667,60486.5089066667,59619.7164266666
458,"MYS","Malaysia",627044.6856,553087.334133333,525119.448106666,520296.036373333,518738.298986666,473469.237013333,452207.191573333,466630.710773333,465294.743093333,471128.637173333,516037.112693334,576322.700053334,689005.881226667,788488.43984,869420.606133334,1021822.64650667,1066895.70890667,1070146.60512,1066891.27546667,1017101.75349333,984439.135413334,861277.952373334,813723.152853334,806354.409173334
462,"MDV","Maldives",0,-0.03664,-0.03664,0.29312,0.25648,1.57552,1.6488,1.68544,3.00448,2.67472,2.89456,2.08848,2.0152,2.41824,1.06256,1.06256,1.13584,0.84272,1.06256,0.87936,0.98928,1.0992,0.916,0.80608
466,"MLI","Mali",162633.943573333,144473.9016,114611.05584,116542.68,108873.08528,113478.269173333,117526.732693333,115890.63456,106773.54,90286.7613333333,89554.1445333333,90105.74752,89486.1529066667,84634.0886933334,74986.94768,58063.5301333334,44096.4354133334,22161.00784,8635.57168000001,3379.56368,433.6344,-988.229653333334,-2093.85386666667,-2711.82410666667
470,"MLT","Malta",-615.893973333333,-621.793013333333,-577.715093333333,-513.924853333333,-466.244,-432.522986666667,-401.037013333333,-393.159413333333,-432.962666666667,-436.663306666667,-363.224533333333,-279.96624,-193.01952,-106.73232,-55.8027200000001,-55.8393600000001,-103.569066666667,-145.778346666667,-188.62272,-233.860906666667,-249.92144,-261.38976,-272.6016,-280.00288
584,"MHL","Marshall Islands",0,0,0,0,0,0,0,0,0,0,0,0,0,0,0,0,0,0,0,0,0,0,0,0
478,"MRT","Mauritania",10140.8283733333,8577.32629333333,7292.70346666666,6274.38016,5587.35573333333,5021.93946666666,4547.26826666667,4443.28394666667,4805.47034666667,5413.85312,6644.81056000001,6856.58976000001,6895.42816000001,6689.29152000001,6278.81360000001,5728.4808,4550.57808,4618.71626666667,5524.37157333334,6255.21744,6287.66826666667,6181.92522666667,6070.67397333334,5756.26613333333
480,"MUS","Mauritius",34.22176,241.433173333333,300.386933333333,295.892426666667,313.626186666667,666.18848,725.887253333333,571.889333333333,512.96,488.093653333333,520.556693333333,173.062933333333,85.3589866666666,34.33168,663.831306666667,912.84896,1032.55184,1127.52272,1207.16586666667,1264.84944,626.641706666666,404.79872,262.208053333333,193.923306666667
484,"MEX","Mexico",484879.311626667,476308.49504,463979.31824,455406.608586667,437015.380426667,408414.28192,382669.344693333,356034.80048,325332.153706667,287442.30224,243429.08848,209920.2696,168768.578773333,124052.4144,91237.2029333333,135557.276693333,223115.237386667,340366.425066667,440994.16688,556352.226826666,680320.85776,741791.187306667,776685.657706667,780718.512586667
583,"FSM","Micronesia",-396.176106666667,-379.88352,-365.41072,-352.708853333333,-341.545866666667,-331.84848,-324.361706666667,-318.352746666667,-314.139146666667,-313.259786666667,-315.274986666667,-319.146613333333,-330.56608,-350.412746666667,-372.11584,-392.48768,-411.8336,-430.55664,-442.366933333333,-445.76224,-447.26448,-447.838506666667,-447.63088,-446.89808
498,"MDA","Moldova",3209.78613333333,2447.39322666667,2173.03290666667,1764.00837333333,1152.1448,625.652426666666,170.693546666666,-217.324053333334,-886.834560000001,-1452.82485333333,-1541.12725333333,-1598.31008,-1648.86106666667,-2649.20634666667,-3547.19168,-4211.41381333333,-5273.99824,-6303.37461333333,-7806.54282666667,-8535.16586666667,-9526.71754666667,-10773.6866666667,-11904.7512533333,-13068.6941333333
492,"MCO","Monaco",0.0854933333333333,0.0732799999999999,0.0366399999999999,0.0122133333333333,-0.0122133333333333,1.00613961606655e-16,0.0732800000000001,0.158773333333333,0.25648,0.341973333333333,0.427466666666667,0.464106666666667,0.451893333333333,0.40304,0.3664,0.32976,0.29312,0.268693333333333,0.244266666666667,0.232053333333333,0.21984,0.21984,0.21984,0.21984
496,"MNG","Mongolia",188160.6896,188079.959466667,187672.889066667,136830.296853333,85590.8568000001,54362.1695466667,32684.7364266667,20295.9707733334,9306.07146666666,3184.76101333333,3750.20170666666,4929.94864,2171.70165333333,-167.860053333332,-3990.23034666666,-5307.32842666666,-7641.89487999999,-9898.61354666666,-13251.44224,-12864.3528533333,-13035.55936,-14070.9446933333,-14820.6479466667,-15108.3818666667
499,"MNE","Montenegro",-4718.78010666667,-5009.65285333333,-5292.19610666667,-5542.69157333334,-5540.73744,-5153.62362666667,-5280.61786666667,-5555.43008000001,-5630.06576000001,-5730.496,-6309.94538666667,-7028.37029333333,-7088.94842666666,-7433.14458666666,-7872.16506666666,-8478.80133333333,-8974.87029333333,-9546.77184,-10137.70176,-10377.80368,-10542.20736,-10482.5818666667,-10264.91584,-9897.67312000001
504,"MAR","Morocco",56964.1957866667,43304.19312,29387.91808,29315.4197333334,20440.7720533334,14085.4541333334,7906.72880000003,4660.2660266667,1427.10357333336,-11208.1149333333,-13338.0714133333,-10462.5275733333,-1447.45098666667,5931.24656,7901.69690666667,12780.8991466667,17741.52768,20731.31504,14069.79664,7906.26469333334,6210.26016,591.894773333336,-5718.84448,-13039.47984
508,"MOZ","Mozambique",264390.79584,277540.879626667,296464.53584,302761.00992,306822.0776,320872.735946667,325311.916213333,334494.4376,338080.076853333,346705.865653333,351595.9744,341798.426186667,334619.038026667,318574.87056,297589.811306667,274866.440533333,255941.953813333,243467.511626667,237581.38112,233791.327306667,232544.089493333,231442.93536,227929.23264,225952.565706667
104,"MMR","Myanmar",642188.278506667,665062.312960001,679994.419786668,694918.844426668,713014.656480001,735153.778026667,755709.795093333,796685.174239999,849453.198453332,894190.833866666,924627.523093333,937048.83728,930847.639413334,890971.081653334,846887.348106667,803011.2168,774245.641333333,756286.252213333,740456.550879999,730727.018719999,714930.317813333,707014.63664,696670.492906667,677867.052533334
516,"NAM","Namibia",28658.9408533333,27355.93696,28081.7509333333,28654.3242133333,28959.37664,29362.8685333333,29739.1002666667,30054.2653333333,30358.9269333333,30979.5718933333,31834.9326933333,32717.0529066667,33550.91824,34362.75072,35013.03744,35467.0681066667,35699.92752,35936.2799466667,36302.3135466667,36722.73312,37516.5875733333,38397.4253866667,39485.68224,40732.1384
520,"NRU","Nauru",0,0,0,0,0,0,0,0,0,0,0,0,0,0,0,0,0,0,0,0,0,0,0,0
524,"NPL","Nepal",66153.3734399999,63763.0653333333,62802.2912533333,62832.94672,63899.9279466667,61412.6459733334,60169.03552,56776.39136,53795.6052266667,51125.9415466667,46778.54448,44542.91824,40711.03376,36917.3403733333,32447.79776,29473.32592,27712.0899733333,25121.9350933333,25436.7704,25555.63056,27247.73904,27959.3855466667,28506.2009066667,28540.4226666667
528,"NLD","Netherlands",23658.0816,23987.95152,23817.7098666667,23415.5370133333,26450.12288,31233.1939733333,38034.0542933334,44045.3714666667,48755.3579733334,53094.4744,54195.9705066667,52769.0989866667,48122.1210666667,44844.8440533333,42413.25488,40282.16256,38142.86288,37641.2490666667,38300.4759466667,38230.13936,38100.0185066667,36141.696,34135.9002666667,31656.2394133333
540,"NCL","New Caledonia",-9999,-9999,-9999,-9999,-9999,-9999,-9999,-9999,-9999,-9999,-9999,-9999,-9999,-9999,-9999,-9999,-9999,-9999,-9999,-9999,-9999,-9999,-9999,-9999
554,"NZL","New Zealand",-51218.1155733333,-33500.6603733333,-40506.5337066666,-55595.26432,-71363.3860266666,-92305.9306666666,-139320.351253333,-174175.16496,-185272.87136,-183146.603306667,-182448.464746667,-179710.51632,-171442.431626667,-167956.526453333,-160008.74864,-155193.971733333,-148712.661066667,-142049.457226667,-134103.157226667,-124747.69504,-116761.982613333,-109902.290666667,-103912.420106667,-97821.8872533333
558,"NIC","Nicaragua",361654.27728,373462.738613333,382498.834346667,382515.59104,375792.896053333,362480.594773333,339361.634133333,317936.027733333,291866.191413333,266407.02176,246595.92032,230461.105493333,216801.127253333,200055.328213333,181855.629546667,164478.437813333,151254.365653333,137413.239253333,127639.311626667,120784.920266667,117716.40576,116757.06064,114441.66912,113459.399573333
562,"NER","Niger",130517.94544,97238.63952,74411.18672,57133.4970133333,41849.2065066667,29767.8260266667,20780.0096,21489.8118933333,18816.2765866667,14715.6621333333,15820.6024,22932.2187733333,38518.8869866667,53331.49856,66608.84528,83202.36848,101624.874986667,109627.490666667,108547.57552,100376.78224,98680.9975466667,95539.4473066667,87091.15488,84469.8071466667
566,"NGA","Nigeria",850606.918773333,753905.95904,707209.512586666,681507.859413333,634821.611093333,590200.74736,567841.761386667,564923.83728,505347.685813334,407154.794133333,352127.718506667,310097.266133333,269330.71056,223653.08816,211649.335626667,233758.900906667,222918.93248,192066.80672,166324.42208,158755.062186667,152141.786453333,145957.23536,139925.5952,136041.474293333
570,"NIU","Niue",15.0834666666667,11.9568533333333,9.77066666666667,8.04858666666667,6.49749333333333,4.97082666666667,4.29909333333334,4.66549333333334,5.72805333333334,7.37685333333334,9.41648,10.7233066666667,10.29584,8.57376,6.11887999999999,3.10218666666666,-0.293120000000005,-2.80906666666667,-4.32352,-5.44714666666666,-6.53413333333333,-7.63333333333333,-8.58597333333333,-9.57525333333333
408,"PRK","North Korea",53584.24128,51007.2523733333,51186.1410666667,51034.8911466667,50101.4016533333,51342.3007466667,50256.6453333334,50044.3653866667,53175.2656000001,55279.9526933334,56623.2117333334,53144.7322666667,52374.4617600001,51568.4916800001,47569.8463466667,44209.8362133333,42667.2677866667,41736.91712,41218.9252266667,41620.4141333333,41911.7632,42473.96736,42188.4196266667,42922.844
807,"MKD","North Macedonia",-8770.39466666666,-8317.64639999999,-5992.83839999999,-5150.71685333333,-5173.86112,-5287.45733333333,-5114.22341333333,-6288.82853333333,-9412.48623999999,-11279.5751466667,-10196.1547733333,-10058.6937066667,-6258.6616,-3710.99690666667,-1933.44394666667,26.0266133333328,-338.101706666667,64.2665600000026,-3069.25952,-4453.57978666667,-5106.02826666667,-5614.45712,-6050.58304,-6242.64992
578,"NOR","Norway",31930.36768,27875.2234666667,24859.43392,23226.7677333333,21855.9676266667,20890.7234666667,20035.2771733333,19293.6835733333,18978.8360533333,18562.6178666667,18095.6044266667,17753.8142933333,17218.3695466667,16897.6962666667,16521.12256,16726.7584533333,17255.8766933333,17690.23168,18690.98,19674.1899733333,20588.4312533333,21221.9002133333,21934.9146133333,22831.7274666667
512,"OMN","Oman",234.410506666667,225.59248,196.231626666667,139.48848,44.0290666666668,-107.660533333333,-264.809493333333,-373.94784,-436.846506666666,-409.830613333333,-366.827466666666,-255.331946666666,-156.4528,-90.64736,-33.2569066666667,86.824586666667,227.094720000001,472.790346666668,717.850880000001,988.901386666668,1265.82650666667,1446.95024,1624.2512,1668.43904
586,"PAK","Pakistan",91602.5525866667,96855.1774933334,97337.9461333334,90714.9852266667,77825.8026666667,64153.26912,53480.5745066667,40237.4006933333,25688.2185066666,13153.90656,7454.73776,14555.9728,21007.1898133333,30352.1118933333,42128.7574933333,51257.27152,69146.9469333333,73333.64096,74063.3021333334,73456.5437333334,75561.7804266667,79312.4706666667,72968.1936,71585.0946666666
585,"PLW","Palau",0,0,0,0,0,0,0,0,0,0,0,0,0,0,0,0,0,0,0,0,0,0,0,0
591,"PAN","Panama",103020.089546667,111154.377173333,114681.600053333,117093.196,112719.491413333,95320.6332266666,71662.4294933333,65152.1610133333,61442.5930666666,60673.7270933333,69898.3234133333,68783.4170666667,65711.8736533333,63519.6291733334,61235.1740266667,56460.0293866667,45765.4240533333,44803.392,46164.8122666667,42748.47424,41539.06112,41077.5925333333,38576.3629333333,36535.8813333333
598,"PNG","Papua New Guinea",206049.937546667,192115.269226667,184561.530186667,177588.205386667,170906.241866667,156963.59824,154500.229973333,166943.186186667,212643.09792,229307.861493333,239283.663306667,253894.449546667,257200.953066667,254661.031626667,214550.112213333,198967.486613333,196247.418506667,189142.104213333,186450.908426667,182775.12256,176322.989546667,171142.960693333,165441.21488,161198.0464
600,"PRY","Paraguay",530463.123413333,519715.255733333,467623.117386667,437191.618826667,420503.83312,408552.658986667,412402.72912,423615.472906667,435075.658826667,452666.070933333,464552.599893333,471415.931413333,481947.476533333,489232.827573333,501068.622346667,508996.94432,503923.91648,492470.32576,476096.56928,453490.153386667,422815.19424,385345.102826667,362430.2392,338962.258133333
604,"PER","Peru",479004.405173333,484602.227733333,474927.93648,458745.501866667,480904.677706667,473165.14944,460712.71568,447003.627626667,448262.309333333,454773.18848,414889.864533333,391861.783306667,382395.094293333,374601.546453333,356029.19456,339134.698186667,334636.6008,329550.993226667,308377.51888,287534.48848,275377.8128,256859.798026667,231129.467946667,207088.62048
608,"PHL","Philippines",315229.577493333,283942.718133333,250740.722613333,218146.82896,241324.19376,249149.0688,288114.658453333,342405.575413333,408228.859093333,444709.658293333,442172.826826667,481566.542666667,491167.651626667,463124.238346667,420258.772586667,380328.10976,349627.148426667,296451.82176,240877.246826667,207157.32048,174691.581333333,151964.668693333,137539.317493333,128032.36112
616,"POL","Poland",-136808.30064,-139268.945333333,-144489.021706667,-156149.506293333,-164621.590293333,-180685.152533333,-194912.81872,-210865.3984,-216134.169333333,-218072.767306667,-233076.541973333,-230968.349653333,-238656.410933333,-242573.642186667,-250901.205813333,-258110.48,-255482.2928,-259538.731626667,-253022.564106667,-239965.900106667,-227540.787573333,-212634.48752,-197194.635786667,-186746.581013333
620,"PRT","Portugal",889.399359999997,438.031199999999,960.077920000003,622.464746666672,-2420.45061333333,-7603.08090666666,-15483.6853866667,-21526.3908266667,-23256.9957333333,-24186.4548266667,-25795.3905066667,-24868.8626133333,-24274,-21891.0931733333,-22877.68624,-23382.8297066667,-22683.2133333333,-22077.2243733333,-22020.6522133333,-22849.29024,-23590.51744,-24088.9802133333,-24311.9712533333,-25232.79552
634,"QAT","Qatar",156.880266666667,136.825973333333,109.675733333333,91.6610666666667,77.1882666666667,63.0574400000001,63.5948266666667,62.17808,76.65088,81.85376,91.8320533333333,96.3876266666667,99.1966933333334,114.585493333333,107.86816,109.028426666667,99.1966933333333,95.3250666666666,79.8019199999999,52.3219199999999,38.2277333333333,24.98848,18.53984,13.1904
178,"COG","Republic of Congo",88447.7264533333,96988.3394666667,101559.81456,102096.51728,97919.1786666666,88455.9093866666,76147.3364799999,68094.9026133332,66255.9654399999,69037.1490666666,70922.87552,76479.1361066667,85012.5921066667,93331.09344,97530.03744,95930.6525866667,96047.0822933333,93107.4917333333,88143.2602666667,80781.5392533334,73082.80352,68500.4097066667,61926.8639466667,56335.0014933334
642,"ROU","Romania",-24346.5594133333,-25222.6340266667,-25462.8825066667,-25592.6613866667,-30134.9221866667,-34594.1933866667,-42079.7820266667,-51183.80832,-59907.8167466667,-68977.14496,-59259.6795733333,-57732.80528,-54443.9500266666,-45268.61008,-40785.8648533333,-38450.96864,-52713.2596266667,-60773.04592,-68158.6317866667,-74935.17536,-77100.2085333334,-76224.4758933334,-72161.8937600001,-68502.8890133334
643,"RUS","Russia",-36607.9155733336,-135844.680853333,-218932.561546667,-663120.918133333,-758034.468746666,-848142.890986666,-923317.814079999,-908087.885119999,-850082.600373332,-794702.596053332,-628629.438879998,-293127.498986665,-196487.447146666,64416.9183466674,227454.512586667,310738.869173333,482711.750293334,463130.430506667,666873.342666667,708506.092266667,690813.405706667,749515.583253334,616153.091413333,505601.088053334
646,"RWA","Rwanda",18575.7227733333,23340.4005866667,28342.10256,32149.7924266667,34244.6355733333,34335.5760533333,33071.9479466667,30305.1272,26272.7608533333,23230.9202666667,20652.6856,19286.5387733333,18824.67936,17991.8888,17044.7325866667,15881.1072533333,14578.7018133333,13104.6746133333,11200.4816,9425.56672,8190.04149333333,7191.1496,6287.36293333334,5583.72837333333
652,"BLM","Saint Barthelemy",-9999,-9999,-9999,-9999,-9999,-9999,-9999,-9999,-9999,-9999,-9999,-9999,-9999,-9999,-9999,-9999,-9999,-9999,-9999,-9999,-9999,-9999,-9999,-9999
659,"KNA","Saint Kitts and Nevis",-207.05264,-195.169066666667,-175.481173333333,-163.89072,-154.571946666667,-226.593973333333,-261.731733333333,-282.262346666667,-296.002346666667,-297.26032,-291.349066666667,-242.59344,-210.68,-182.479413333333,-158.773333333333,-149.625546666667,-151.225493333333,-162.46176,-163.438826666667,-167.33488,-165.710506666667,-163.072426666667,-157.832906666667,-156.37952
662,"LCA","Saint Lucia",-251.729013333333,-296.136693333333,-347.27392,-407.21696,-444.125653333333,-485.834186666667,-505.436586666667,-492.2584,-499.525333333333,-453.798613333333,-435.86944,-414.80144,-378.4912,-374.42416,-344.89232,-366.155733333333,-346.28464,-344.2328,-354.284373333333,-366.72976,-378.05152,-372.091413333333,-377.966026666667,-379.602613333333
670,"VCT","Saint Vincent and the Grenadines",-120.25248,-140.648746666667,-147.891253333333,-171.084373333333,-194.533973333333,-206.893866666667,-204.536693333333,-198.124693333333,-167.713493333333,-134.24896,-91.2458133333333,-67.89392,-52.4440533333334,-36.05376,49.4884266666667,61.11552,43.6260266666666,36.9819733333333,35.6751466666667,29.1043733333333,-75.03872,-107.013226666667,-117.235786666667,-126.92096
882,"WSM","Samoa",-1483.19941333333,-1490.38085333333,-1507.63829333333,-1548.76058666667,-1610.26693333333,-1691.77872,-1755.06821333333,-1835.8472,-1939.99029333333,-2031.45594666667,-2083.1672,-2016.17706666667,-1800.99034666667,-1423.18309333333,-877.247093333333,-259.985226666666,334.059093333334,799.045120000001,1071.78106666667,1115.08954666667,918.430453333334,594.789333333333,236.608906666666,-124.466080000001
674,"SMR","San Marino",-31.9622933333333,-30.2035733333333,-29.05552,-28.1639466666667,-27.77312,-28.2372266666667,-29.1410133333333,-30.11808,-27.5654933333333,-26.96704,-24.3533866666667,-23.9869866666667,-22.5091733333333,-21.8985066666667,-24.7930666666667,-25.6602133333333,-28.6280533333333,-28.6402666666667,-29.4463466666667,-29.3364266666667,-29.1165866666667,-28.8601066666667,-28.90896,-29.5929066666667
678,"STP","Sao Tome and Principe",832.49744,893.820586666666,924.011946666666,1004.08256,1011.38613333333,763.7608,611.301759999999,450.220106666666,349.10592,180.41536,118.762453333333,137.314506666667,126.200373333333,106.597973333333,92.1740266666665,67.8817066666666,68.5900799999999,16.04832,6.15551999999998,4.64106666666665,11.1874133333333,17.7093333333333,9.40426666666666,9.5264
682,"SAU","Saudi Arabia",-19614.3324266667,-24030.2218666667,-27222.5917866667,-28501.7552533333,-28822.2209066667,-27678.25904,-25862.4783466667,-23546.25632,-21413.5152,-20181.3730666667,-18707.72448,-17486.7941866667,-16239.0067733333,-15197.09952,-11181.6364266667,-7547.60794666666,-4724.53258666666,-1954.47530666666,1207.20250666667,3987.15258666667,3866.28944,4271.8576,5289.49696,6133.46272
686,"SEN","Senegal",31402.53184,31741.01216,28445.42736,27816.1842133333,29830.6514133333,19411.7010133333,11713.7102933333,10999.9386666667,27702.4170133333,44113.71728,54867.6061333333,57031.3446933333,60456.2442666667,59626.2017066667,41992.8230933334,25689.0978666667,14524.8165866667,9456.68629333333,6982.25274666666,6419.16922666667,6499.61845333333,7018.89274666667,7370.79552,7986.26202666667
688,"SRB","Serbia",-39452.19328,-41706.46928,-43855.84496,-45967.6524266667,-48287.8437866667,-46646.0298133333,-47473.5930666667,-48579.47376,-49732.1803733333,-51019.2336533333,-52591.29728,-53901.0795733333,-51952.2101866667,-50708.1234133333,-49216.09376,-47845.8798933333,-46770.96,-46271.0682666667,-46186.1856,-45530.9769066667,-45002.9456533333,-44271.5501866667,-43559.2563733333,-42956.8214933333
690,"SYC","Seychelles",0,0,0,0,0,0,0,0,0,0,0,0,0,0,0,0,0,0,0,0,0,0,0,0
694,"SLE","Sierra Leone",34582.00448,49828.67792,78063.6573333333,121461.74656,165589.46032,204233.106506667,248273.934613333,262556.108906667,255468.638293333,232275.567146667,208460.42208,189572.367733333,157865.6384,141989.221066667,131430.17152,119504.8408,106691.124426667,92901.9901866667,84253.8876266667,75102.3636800001,68038.02512,63173.0269866667,58891.1056,55123.01136
702,"SGP","Singapore",694.95088,547.645866666667,518.065173333333,510.456266666666,498.37728,444.174506666667,426.037706666667,409.329866666667,367.804533333333,340.53216,347.579253333333,393.061706666667,481.88928,577.312053333333,625.518079999999,790.76448,817.389546666666,823.96032,819.67344,811.307306666667,842.194826666667,741.679093333333,769.427786666666,806.189919999999
534,"SXM","Sint Maarten",-9999,-9999,-9999,-9999,-9999,-9999,-9999,-9999,-9999,-9999,-9999,-9999,-9999,-9999,-9999,-9999,-9999,-9999,-9999,-9999,-9999,-9999,-9999,-9999
703,"SVK","Slovakia",-6390.02821333333,-7365.60485333333,-8611.78010666666,-10166.5130133333,-13083.3257066667,-15692.6677333333,-17630.5206933333,-18052.3570133333,-17804.69504,-17325.6148266667,-14855.17504,-12140.2487466667,-10154.0920533333,-8648.09034666667,-7845.02704,-7989.7184,-9074.40896,-10835.1808,-12373.3768533333,-13957.0309333333,-15308.59504,-15788.3347733333,-15937.63056,-16306.7907733333
705,"SVN","Slovenia",-5818.15109333334,-5110.14416,-4209.98485333333,-3222.61013333333,-2274.85546666667,-1637.24618666667,-1177.65845333333,-529.15488,2717.12469333333,4703.2936,6698.46373333333,9168.12186666667,11355.8229866667,13504.0994666667,12446.46144,12512.8409066667,12525.8358933333,12099.22416,11425.85424,10350.4336,9728.57952,9185.59914666666,8288.79850666666,7112.70336
90,"SLB","Solomon Islands",6432.24970666666,6410.00922666666,6891.67866666666,7531.20543999999,7891.79189333332,9067.43514666666,11431.3990933333,12417.5036266667,13498.5179733333,14794.1450133333,17088.0044266667,17230.6073066667,16896.46272,17398.3330133333,19789.1785066667,20007.7361066667,20167.6574933333,20973.9939733333,21671.8272,22320.7216,20457.54096,20303.7873066667,19272.4323733333,18714.2219733333
706,"SOM","Somalia",69839.7482666667,72275.80752,78377.7354133334,84041.3512000001,90592.5221333334,96113.6083200001,98531.9093866667,99236.8263466667,98047.0034133333,96000.9525333333,92729.3425066666,89548.9416533332,89502.2134399999,92735.0217066666,92304.7215466666,92097.7910399999,91715.1228799999,91962.6382933333,92144.72688,90231.6792,90107.2009066667,90934.5565333334,92286.6702400001,94228.5780266667
710,"ZAF","South Africa",248639.66288,237620.854613333,221712.878026667,204331.887946667,186351.125493333,168537.172746667,150346.573013333,136698.08752,126856.32704,116814.341173333,106064.568213333,91232.72064,78609.0803733334,63576.9463466667,46090.77504,31466.68848,20052.3147733333,13345.3994133333,7806.06650666666,3816.53232,2416.37136,3543.41776,5847.26768,8502.42191999999
410,"KOR","South Korea",-79015.2347733333,-77115.51184,-75393.7371733334,-73070.63904,-70296.11168,-67105.64704,-65664.9378133334,-63472.5467733333,-60745.4437866666,-58228.6421866667,-55438.9336533333,-53575.5698133333,-50604.3955733333,-48126.3713066667,-46314.3034666667,-44531.0713066667,-43507.5206933333,-42718.6614933333,-43667.4542933333,-45034.7736,-46493.6074133333,-48180.6595733333,-50109.15712,-51494.7475733333
728,"SSD","South Sudan",93264.2742933335,84427.6345066668,77232.8575466668,67550.1635200001,69119.2959466668,68910.8021333334,72351.3103466667,74952.0175466667,78355.7269866667,84028.4417066667,80192.4779733333,79947.3808,68331.9756266667,71446.6931733334,70570.3498666667,69683.4420266667,68057.4076800001,63922.1317866667,68816.4174933334,53020.7425066667,47914.8119466667,43624.8053333334,40276.0314666667,38896.76752
724,"ESP","Spain",-80736.75296,-77353.52528,-87130.9214933334,-89932.7334400001,-85216.2372266667,-84775.28704,-86710.5507733333,-87530.9692266667,-88008.95024,-92222.0494933333,-97042.7376533333,-102166.951573333,-92795.6975466667,-91023.90928,-89593.2394133333,-88969.4189866666,-89469.05424,-87319.5197866667,-97633.4477333333,-97830.8152,-98898.5292266667,-99613.9130133334,-98204.6042666667,-98310.0908266667
144,"LKA","Sri Lanka",49484.07872,45932.9054933333,42465.3691733333,39454.6970133333,39247.59552,53246.5792533334,57952.71856,62273.56384,80287.3877866667,87946.6011733333,99614.12064,100161.131413333,102795.803893333,106089.8376,92573.5492266666,86538.9656533333,75194.6720533333,59838.3350933333,51295.96336,42069.60832,35840.3442133333,31733.9650666667,27684.6832533333,24862.8292266667
275,"PSE","State of Palestine",-86.1650666666667,-37.3850133333333,-12.97056,-89.206186666667,-167.774560000001,-284.851573333334,-404.1392,-536.128693333333,-608.492693333333,-537.789706666666,-490.206559999999,-435.42976,-354.479786666667,-259.48448,-179.181813333333,-119.690666666667,-61.6284799999999,160.287786666666,317.375679999999,389.116799999999,466.146293333333,489.339413333333,576.261706666666,468.674453333333
729,"SDN","Sudan",194770.924213333,170677.29072,154854.404426667,174027.554613333,190181.09248,210469.698613333,224078.58848,237516.210773333,245145.977813333,239550.70784,242496.19744,256754.311466667,329377.124213333,366115.82016,386389.02528,393207.167466666,391390.324213333,371919.77936,300931.073973333,257707.098026667,233977.238666667,211291.717013333,196751.462773333,186589.578613333
740,"SUR","Suriname",11346.5042133333,10985.8566933333,10215.2197866667,10811.0106133333,11632.3694933333,11273.0288,11007.1078933333,10347.1237866667,10248.0003733333,10580.5816533333,9994.86682666666,10290.9546666667,10671.18016,12661.4405333333,14751.4960533333,14958.8784533333,15805.7143466666,16678.7112,17850.34848,17725.44272,17447.8702933333,17556.5567466667,17796.2067733333,17932.7640533333
752,"SWE","Sweden",2875.99573333334,10838.7959466667,17095.9430933333,23687.9309866667,35292.7349866666,46159.8902933333,55170.7044266666,64308.2074666666,71544.2654933332,78182.2121599999,79942.3855466666,80990.19184,81765.38432,83014.9426666667,83553.2819733334,83336.9594133334,83301.2842666667,82686.7948266667,83979.5273066667,82740.0693866667,82108.9331733334,80346.2560533334,78815.5101333334,76436.3772266667
756,"CHE","Switzerland",-3548.57178666667,-3543.94293333333,-3376.64469333333,-3577.24869333333,-3664.68394666667,-3912.72453333333,-4063.95002666667,-4590.23477333333,-5298.71802666667,-5612.77168,-5977.32746666667,-6139.97242666667,-6332.93088000001,-6490.88592,-6574.57168,-6661.13978666667,-6676.23546666667,-6802.35034666667,-6870.23205333334,-7065.23013333334,-7344.69562666668,-7576.93216000001,-7679.31653333334,-7857.98538666667
760,"SYR","Syria",-9376.22485333334,-8613.79530666667,-8176.46026666667,-7432.57056,-3693.50741333333,-1935.3248,1173.9456,3531.44869333333,5104.14741333333,5338.55792,3481.60608,3133.11082666666,2556.83690666666,802.000746666667,473.681920000001,-116.173226666666,-999.014026666666,-1824.98954666667,-2638.73952,-3309.89882666667,-3852.03648,-4057.26933333333,-4087.16757333333,-4057.04949333333
158,"TWN","Taiwan",-9999,-9999,-9999,-9999,-9999,-9999,-9999,-9999,-9999,-9999,-9999,-9999,-9999,-9999,-9999,-9999,-9999,-9999,-9999,-9999,-9999,-9999,-9999,-9999
762,"TJK","Tajikistan",8357.91376,7912.79882666666,7509.17258666666,7119.46954666666,7186.66730666666,7422.29914666666,7784.38783999999,8192.99711999999,8542.22517333332,9079.81946666666,9310.99343999999,9251.70991999999,8963.20655999999,8585.93669333333,8249.91125333333,7657.07605333333,7256.12453333333,7180.7072,7041.41413333333,6947.90885333333,6820.10853333333,6679.64298666666,6558.99968,6213.76538666666
834,"TZA","Tanzania",494236.837866667,513975.758506667,540496.230186667,563211.185973334,608248.03584,640023.904853333,663746.179733333,718177.415679999,806550.249973333,871180.119999999,908438.676479999,990708.801226666,1106660.77114667,1156663.6112,1148182.03744,1143031.80912,1123832.93765333,1054364.14496,961475.442880001,899673.643466667,857716.116906667,820225.690293334,790644.435146667,767451.999093333
764,"THA","Thailand",176219.518186667,127059.483626667,91773.4049066668,70253.1818133334,62509.1834666667,63021.8747733333,76036.1951466667,96767.30256,146242.318986667,259591.371093333,344057.269973333,410216.774506667,529739.190293333,613456.619466666,639102.054666666,589559.193173333,547443.919199999,506872.630399999,397889.84496,309678.910613333,249663.01808,197656.067733333,161350.371093333,136231.62368
626,"TLS","Timor-Leste",13774.47824,15429.32384,16143.9381866667,17324.27136,21308.9934933333,23950.79856,25192.2838933333,23271.8349333333,22642.6650666667,21672.59664,17904.9176533333,15790.0690666667,15540.7216533333,15154.41392,14538.71536,14055.58032,14003.8202133333,13543.06,12780.2029866667,12369.9693333333,12265.6308266667,12623.98224,12907.6369066667,13215.8648
768,"TGO","Togo",47345.51184,46092.53376,41531.2445866667,35631.88704,26852.5277866667,15958.6130666667,9162.25946666666,9631.69114666666,10255.5482133333,12901.7256533333,17132.0823466667,23132.8716266667,29816.5450133333,30387.31072,30030.2661333333,28218.7112533333,25399.7029333333,22057.2311466667,16649.10608,12927.83776,10177.4317333333,7801.31552,6320.32672,5509.11712
776,"TON","Tonga",-165.588373333333,-227.75424,-278.61056,-285.49888,-300.802186666667,-306.64016,-260.339413333333,-206.344266666667,-151.005653333333,-66.1107733333333,9.84394666666666,77.4813866666667,135.445866666667,183.029013333333,235.30208,264.83392,300.472426666667,331.103466666667,326.767733333333,310.096533333333,275.05648,226.28864,176.213973333333,124.06304
780,"TTO","Trinidad and Tobago",-2319.53184,-2480.55242666666,-2732.07381333333,-2799.99216,-2894.76762666667,-3049.57162666667,-3212.49749333333,-3223.33072,-3164.09605333333,-3183.05114666667,-3093.78389333333,-2963.16229333333,-2867.82501333333,-2829.74384,-2768.04208,-2701.284,-2592.79296,-2492.57034666667,-2364.02501333333,-2177.52741333333,-2023.29744,-1883.28378666667,-1769.29674666667,-1694.85648
788,"TUN","Tunisia",7778.52544,6566.32768,5726.42896,5746.03136,4351.06106666667,2594.94250666667,2721.27722666667,3866.71690666667,5085.60757333333,6483.69226666666,11634.6656,14879.6994133333,15935.35888,16712.3589333333,15824.15648,14160.77376,9117.71743999999,7012.73722666666,5587.02597333333,3805.94336,3249.83365333333,2792.85957333333,1945.42522666667,301.596053333334
792,"TUR","Turkiye",16279.00544,14577.1018666667,20927.70544,19134.1530133333,25825.9360533334,25040.3256,19801.5139733334,1726.37909333336,-22546.7903999999,-39786.8264,-70029.3480533334,-99697.8918933334,-114287.56128,-120348.18368,-120517.778026667,-118489.082293333,-117543.110773333,-108359.929866667,-102632.8536,-104941.161386667,-108769.845973333,-112702.612586667,-118833.571573333,-124558.840266667
795,"TKM","Turkmenistan",54985.648,55110.6514666666,54430.7840533333,53653.4176,52087.9491733333,49206.2498133333,45197.4307733333,40667.9206933333,36980.6665066667,34134.0682666667,31224.5835733333,28380.1226666667,25647.85344,23025.1378133333,21109.5986133333,19236.6717333333,18210.0189333333,17398.7726933333,16819.00576,16301.9542933333,15727.8787733333,15198.49184,14673.7459733333,14176.82208
796,"TCA","Turks and Caicos Islands",-9999,-9999,-9999,-9999,-9999,-9999,-9999,-9999,-9999,-9999,-9999,-9999,-9999,-9999,-9999,-9999,-9999,-9999,-9999,-9999,-9999,-9999,-9999,-9999
798,"TUV","Tuvalu",0,0,0,0,0,0,0,0,0,0,0,0,0,0,0,0,0,0,0,0,0,0,0,0
800,"UGA","Uganda",131391.284266667,134418.27344,140795.28224,151460.08704,162266.68864,168356.87952,169201.3216,171494.521493333,172433.5192,168987.624906667,165373.87056,166217.054666667,165356.307786667,161056.591573333,152729.18672,141767.146026667,129589.548906667,116486.046773333,106133.36592,96533.64928,90232.9127466667,86276.2324266667,82728.0392533334,80521.05328
804,"UKR","Ukraine",20573.7264,15853.4074133333,11477.1990933333,8363.80058666666,8840.21829333333,9180.83594666666,1964.22154666666,-4916.48954666667,-6963.05338666667,-8809.81930666666,-7154.22869333333,-5800.12421333333,-5500.44565333333,2380.51301333333,5959.22730666666,11439.7530133333,16957.68816,21858.3248,25461.1115733333,22399.0334933333,21196.9117333333,18252.9976533333,10723.5997866667,6348.50288
784,"ARE","United Arab Emirates",-391.022080000003,1610.30357333333,3609.04,4639.45450666666,4296.01557333333,3104.11637333333,1577.75504,-132.673440000003,-1839.93866666667,-2705.32661333333,-3206.68394666667,-3507.16858666667,-3647.23109333333,-3669.64256,-3655.12090666667,-3460.48922666667,-3221.36437333333,-3121.01962666667,-3084.77045333333,-3010.1592,-2973.55584,-2897.74768,-2936.95248,-2865.39456
826,"GBR","United Kingdom",3447.11562666667,5014.88016,1845.05605333333,-4439.10698666667,-6834.03173333334,1521.95232,25627.0297066667,44385.4150933334,58360.7660266667,69568.8565333334,77114.6202666667,77873.8377066667,64806.1450666667,57125.3262933333,54371.0974933333,53266.6824,58263.2181333334,63252.4502933334,64024.7726400001,63722.3949333335,64548.9689066668,66990.0844800001,66024.3762133334,66235.2516266667
840,"USA","United States of America",-382939.686826667,-362599.62592,-368864.956,-391466.755253334,-401974.008053334,-462262.8808,-538442.13072,-634027.329173333,-680806.398826666,-682334.592159999,-742900.463306666,-754017.478986666,-832031.025013332,-839149.358719999,-851147.761813332,-863640.707199999,-839808.170346666,-811169.210506666,-700544.26912,-627508.999893333,-510606.50288,-395962.87408,-278641.606293333,-172683.391786667
858,"URY","Uruguay",-20151.2916266667,-18863.3956266667,-18823.2992533333,-18479.1030933333,-18867.3161066667,-20928.5237333333,-21238.3271466667,-19533.1381866667,-8437.06837333334,6322.69610666669,19018.7248,37507.7939733334,49840.2805866667,63650.89808,65142.5246933334,62116.8423466667,57985.9144,48365.2274666666,42658.4375466666,32177.9319466667,24882.9690133333,15486.84864,9657.81546666666,4265.12805333333
860,"UZB","Uzbekistan",27115.02896,25141.2810133333,22845.6750933333,20617.9753066667,18068.61296,15543.0055466667,12598.664,9465.96842666667,6256.38992,3319.48629333333,682.542133333337,-1826.93146666666,-3970.43253333333,-5900.05370666666,-6326.15247999999,-5569.34106666666,-4998.34330666666,-4718.78010666666,-3985.90682666666,-2882.84741333333,-2880.94213333333,-3701.04304,-4002.15056,-3674.54010666667
548,"VUT","Vanuatu",8413.59434666667,8397.05749333334,8361.05258666667,8635.6816,11401.1344533333,13125.76704,13724.8066133333,13464.2595733333,12829.5814933333,11985.34704,8166.97050666667,5500.01818666667,3564.97429333334,2117.96298666667,1307.60832,436.296906666666,-381.263626666667,-1045.58346666667,-581.58672,-640.02752,-832.302026666667,-882.889653333333,-903.456906666667,-877.01504
862,"VEN","Venezuela",298688.498346667,311098.36864,314667.825226667,313595.1648,307496.229173333,292426.783413333,274353.553813333,257216.90368,253216.6584,250491.66832,241853.800533333,239265.379946667,243321.672213333,254494.234133333,259221.783413333,263270.698826667,270403.505333333,274858.95376,269113.484213333,250695.13024,226580.966133333,202668.431946667,172519.8064,145179.355946667
704,"VNM","Viet Nam",467312.31248,577567.739466666,609748.321706666,626135.903679999,647469.067359999,646766.348799999,606177.753706666,518599.946346666,477358.829493333,454893.77072,454710.619573333,438146.2496,433610.7672,441325.343626667,452254.090773333,565556.036053333,612618.186346666,651376.210399999,735139.903679999,813997.891786666,874590.461279999,831398.911733333,829748.108746667,854718.232106667
876,"WLF","Wallis and Futuna Islands",-9999,-9999,-9999,-9999,-9999,-9999,-9999,-9999,-9999,-9999,-9999,-9999,-9999,-9999,-9999,-9999,-9999,-9999,-9999,-9999,-9999,-9999,-9999,-9999
732,"ESH","Western Sahara",-9999,-9999,-9999,-9999,-9999,-9999,-9999,-9999,-9999,-9999,-9999,-9999,-9999,-9999,-9999,-9999,-9999,-9999,-9999,-9999,-9999,-9999,-9999,-9999
887,"YEM","Yemen",6073.73952,4669.36496,4025.92992,2889.56474666666,3374.10431999999,3979.64138666666,4760.21994666665,5541.82442666665,4499.96602666666,4189.52751999999,4064.19429333333,2816.90762666667,1575.37344,567.68794666667,230.441173333337,167.76234666667,-1457.75904,-1733.34069333333,-2487.42853333333,-2923.23690666667,-3082.80410666667,-3170.0928,-3110.66272,-3257.19829333333
894,"ZMB","Zambia",198809.99568,198695.89872,196933.575786667,208979.06128,218392.927626667,220016.849066667,235371.463946667,247913.152746667,262127.848373333,284801.315466667,304688.60368,330519.7304,351762.710826667,370188.53936,379639.302186667,371708.049013333,367635.513013333,356028.877013333,343166.624853333,334719.529333333,324867.729493333,315712.895733333,309352.863466667,305222.41184
716,"ZWE","Zimbabwe",159037.471093333,161514.7992,156355.81392,149785.651253333,150745.851306667,149660.452373333,150735.763093333,150617.782293333,153211.40576,151040.143786667,141909.50464,135423.149866667,123747.520746667,111510.188213333,96076.2721600001,87113.4320000001,79795.6667733334,68931.1861866667,63707.21376,60238.39504,57202.47792,54598.3387733333,52800.1574933333,51092.39152
