"code","iso","country","FGG.raw.2000","FGG.raw.2001","FGG.raw.2002","FGG.raw.2003","FGG.raw.2004","FGG.raw.2005","FGG.raw.2006","FGG.raw.2007","FGG.raw.2008","FGG.raw.2009","FGG.raw.2010","FGG.raw.2011","FGG.raw.2012","FGG.raw.2013","FGG.raw.2014","FGG.raw.2015","FGG.raw.2016","FGG.raw.2017","FGG.raw.2018","FGG.raw.2019","FGG.raw.2020","FGG.raw.2021","FGG.raw.2022"
4,"AFG","Afghanistan",NA,NA,5.98734378556955e-09,6.79991802210319e-09,8.05285879087497e-09,8.6332878031469e-09,8.62556506832336e-09,7.7293866696459e-09,7.72913266569728e-09,6.58741065429642e-09,5.72510128378613e-09,5.73566292049272e-09,5.19519244622575e-09,5.05143160118939e-09,5.37356507386079e-09,5.87272635398074e-09,6.55352166329489e-09,7.16083831318921e-09,8.00260124393855e-09,8.50331404554419e-09,9.52931714387501e-09,1.31675122983831e-08,NA
8,"ALB","Albania",1.28005481575314e-09,1.63352911606848e-09,1.97513762268294e-09,2.31773168558677e-09,2.62807102030671e-09,2.97778835707266e-09,2.96001201602906e-09,2.8481010028635e-09,2.75550799074218e-09,2.75550127001334e-09,2.64104004609581e-09,2.59105477269514e-09,2.60704878640263e-09,2.65111095298368e-09,2.84685639553922e-09,3.09776208343366e-09,3.42266399219603e-09,3.67878526079148e-09,4.00818707087763e-09,4.33680391318707e-09,4.90950477439157e-09,4.92215675278035e-09,5.02011034250572e-09
12,"DZA","Algeria",2.00080122255414e-09,2.29081560574076e-09,2.47535171609189e-09,2.63262404198191e-09,2.84644168616999e-09,3.04394182076869e-09,3.16247828356083e-09,3.14041346548641e-09,3.22681750444582e-09,3.28099326522935e-09,3.21765362690337e-09,3.17621509968932e-09,3.16702358761392e-09,3.19658037426291e-09,3.30271351952015e-09,3.46462558735471e-09,3.71168180069297e-09,4.03457098692508e-09,4.39353943076748e-09,4.73268136337091e-09,5.36900381111225e-09,5.62345488276042e-09,5.77287275482909e-09
20,"AND","Andorra",NA,NA,NA,NA,NA,NA,NA,NA,NA,NA,5.74102139102208e-09,5.83989361730821e-09,6.02098897014043e-09,6.0814383109675e-09,5.75042542755079e-09,5.55943830662776e-09,5.29297621126917e-09,4.99241082572346e-09,4.49457043250774e-09,3.93735365362863e-09,4.04764076271453e-09,3.62078826595764e-09,3.02549991891443e-09
24,"AGO","Angola",8.08852092257626e-10,1.07207889072419e-09,1.18715100045988e-09,1.43821334807195e-09,1.54408823786321e-09,1.60748789175482e-09,1.51532773855737e-09,1.35517941159244e-09,1.26590059967048e-09,1.30159211487774e-09,1.2356233946374e-09,1.20491968507514e-09,1.12991735747857e-09,1.10490810388364e-09,1.15317576806869e-09,1.26734605078244e-09,1.4841379031418e-09,1.665234521916e-09,1.91058097837064e-09,2.12539753784421e-09,2.46572455465574e-09,2.66691974365579e-09,2.75937304973178e-09
660,"AIA","Anguilla",NA,NA,NA,NA,NA,NA,NA,NA,NA,NA,NA,NA,NA,NA,NA,NA,NA,NA,NA,NA,NA,NA,NA
28,"ATG","Antigua and Barbuda",NA,NA,NA,NA,NA,NA,NA,NA,NA,NA,NA,NA,NA,NA,NA,NA,NA,NA,NA,NA,NA,NA,NA
32,"ARG","Argentina",2.66480652355366e-09,3.64078271649101e-09,5.40230820141885e-09,6.34595392298676e-09,7.07379922335651e-09,7.76916387264713e-09,7.77851304132401e-09,7.27059843941557e-09,7.06270965231811e-09,7.5299713982301e-09,6.65001575657919e-09,6.20453586514979e-09,6.2788157764857e-09,6.24775505934988e-09,7.52335410449678e-09,8.07892482927538e-09,9.22994705019452e-09,9.91022498862024e-09,1.1362208347057e-08,1.27032016845259e-08,1.5337227998385e-08,1.50081041514416e-08,1.52239659342709e-08
51,"ARM","Armenia",2.19691862658076e-09,2.76075975107558e-09,3.08097342724424e-09,3.35123425414991e-09,3.62493207283874e-09,3.80641013517886e-09,3.54226201908586e-09,3.17515571368517e-09,3.08849388938888e-09,3.717851114e-09,3.61536342050652e-09,3.47451680417563e-09,3.30450962097984e-09,3.29255635022993e-09,3.45856759475965e-09,3.71363061456542e-09,4.24859157014941e-09,4.42868195990999e-09,4.76930061381877e-09,4.87815528719577e-09,5.76361774694378e-09,5.95769731024313e-09,5.64974155621094e-09
533,"ABW","Aruba",NA,NA,NA,NA,NA,NA,NA,NA,NA,NA,NA,NA,NA,NA,NA,NA,NA,NA,NA,NA,NA,NA,NA
36,"AUS","Australia",5.43336122904887e-09,5.44506958684375e-09,6.20082525926173e-09,6.73735666118876e-09,7.29081422500227e-09,7.60177493736045e-09,7.61362277524017e-09,8.05486433453476e-09,6.95757309803784e-09,7.63454441403507e-09,7.3082126257851e-09,7.73889308355145e-09,6.9453851008174e-09,7.37201398971005e-09,7.73671472942603e-09,8.53583020154563e-09,8.30035782235264e-09,8.10675429888543e-09,7.93673997565247e-09,8.71110115481378e-09,9.03537227123438e-09,9.15058200475482e-09,9.05754750895431e-09
40,"AUT","Austria",3.6530037630257e-09,4.19082602804532e-09,4.33148297405139e-09,4.44618307884993e-09,4.45362070638621e-09,4.30665319751604e-09,4.0439270317999e-09,4.01327464881834e-09,4.00071328085285e-09,3.80490853902533e-09,4.05915727387457e-09,3.98870237636693e-09,4.13980080741718e-09,4.18324786926416e-09,4.31050291302605e-09,4.48604336339722e-09,4.65601257916221e-09,4.7420171984726e-09,4.6911850148244e-09,4.52016886807546e-09,4.87516941546491e-09,4.70396006066157e-09,4.6569381760534e-09
31,"AZE","Azerbaijan",1.47285051941095e-08,1.36561968829963e-08,1.27883953485026e-08,1.30103666907065e-08,1.33888903618027e-08,1.19387961676255e-08,9.73664404882367e-09,8.91632244812763e-09,9.09474822670848e-09,8.5683447667481e-09,8.86237951643349e-09,7.60776435830405e-09,8.43582089201753e-09,8.33501927606174e-09,8.81728357526973e-09,9.07074317254571e-09,9.57695356401693e-09,1.05639260934381e-08,1.09742203309735e-08,1.12591528734653e-08,1.24868322479618e-08,1.25745492776741e-08,1.24116043625065e-08
44,"BHS","Bahamas",NA,NA,NA,NA,NA,NA,NA,NA,NA,NA,NA,NA,NA,NA,NA,NA,NA,NA,NA,NA,NA,NA,NA
48,"BHR","Bahrain",1.59276815856616e-08,1.65508598311489e-08,1.80559614420645e-08,1.9420781019637e-08,2.03784334645182e-08,2.16439630191185e-08,2.29093514580021e-08,2.4646348182942e-08,1.93313769145243e-08,1.80041793345863e-08,1.71839647187006e-08,1.72041059649102e-08,1.61245801365005e-08,1.5377036326291e-08,1.54968307223158e-08,1.71209903174985e-08,1.79958082890333e-08,1.89388407572512e-08,2.08828672415882e-08,2.21880937868358e-08,2.5384197124893e-08,2.67844793071102e-08,2.711474560231e-08
50,"BGD","Bangladesh",9.73058214386922e-10,1.27696107546959e-09,1.55213990593113e-09,1.8374415309914e-09,2.08663669159569e-09,2.34235228949903e-09,2.31325907270201e-09,2.20507587984789e-09,2.16142842298775e-09,2.13724170808152e-09,2.00459648767496e-09,1.9015223630005e-09,1.82010942904036e-09,1.7498806138358e-09,1.80552947725362e-09,1.88439563793493e-09,2.00472862983989e-09,2.11108014566605e-09,2.22937997868762e-09,2.27646562472682e-09,2.40355568480745e-09,2.467367317454e-09,2.4530354617226e-09
52,"BRB","Barbados",NA,NA,NA,NA,NA,NA,NA,NA,NA,NA,NA,NA,NA,NA,NA,NA,NA,NA,NA,NA,NA,NA,NA
112,"BLR","Belarus",4.80293487478738e-10,5.0733594133289e-10,5.19163258380136e-10,5.21986365801139e-10,5.57481506327494e-10,5.51179334848201e-10,5.27859021960797e-10,5.38291100741598e-10,5.35865882458392e-10,6.10351076844957e-10,6.58227432748698e-10,6.76682923968033e-10,7.90584220798472e-10,8.50303547814238e-10,9.46586464464092e-10,1.08788965323387e-09,1.15741624567878e-09,1.16339458249388e-09,1.16695534971138e-09,1.1833428766068e-09,1.25231286545912e-09,1.27118132169449e-09,1.37924491570528e-09
56,"BEL","Belgium",3.89977386846413e-09,3.67794565229788e-09,3.72647157287281e-09,4.32107328806584e-09,4.48814644428592e-09,4.38630790828467e-09,4.37754267466684e-09,4.72587028717087e-09,5.74607873599741e-09,5.96298608053656e-09,5.43343984049952e-09,5.71916441312052e-09,5.82659752387086e-09,5.81855127347082e-09,5.92943894206512e-09,5.81081356503394e-09,6.03920415288295e-09,5.69896103831907e-09,5.25616065044539e-09,4.82181222777489e-09,4.900435872648e-09,4.46081233178665e-09,4.25600493157137e-09
84,"BLZ","Belize",1.59653322326918e-08,1.52900082393281e-08,1.46328368812903e-08,1.35027003952922e-08,1.29807872355327e-08,1.2775613031539e-08,1.22863058748629e-08,1.19995778979048e-08,1.22544035725374e-08,1.23800342135221e-08,1.22955035269211e-08,1.23776497693362e-08,1.20176884931182e-08,1.33122706287475e-08,1.4166076591368e-08,1.45925416317993e-08,1.51082414276318e-08,1.56694862421207e-08,1.66883702812739e-08,1.67949332726959e-08,2.03147599150711e-08,1.8429930568855e-08,1.71488150025919e-08
204,"BEN","Benin",5.4832962644822e-09,7.19755123578286e-09,8.69105201558738e-09,1.04119622643729e-08,1.18952696789371e-08,1.39756678667363e-08,1.41923833274087e-08,1.36550567585835e-08,1.35215466463249e-08,1.36664968489933e-08,1.33031779933778e-08,1.29983215977395e-08,1.26251036595916e-08,1.21255264018843e-08,1.24460430419654e-08,1.35766347126525e-08,1.49703419080034e-08,1.58715865121482e-08,1.68587254611694e-08,1.73995816220795e-08,1.83433232983622e-08,1.87399243161774e-08,1.8814293066748e-08
60,"BMU","Bermuda",NA,NA,NA,NA,NA,NA,NA,NA,NA,NA,NA,NA,NA,NA,NA,NA,NA,NA,NA,NA,NA,NA,NA
64,"BTN","Bhutan",NA,NA,NA,NA,NA,NA,NA,NA,NA,NA,NA,NA,NA,NA,NA,NA,NA,NA,NA,NA,NA,NA,NA
68,"BOL","Bolivia",1.31829002324151e-10,1.77750954302468e-10,2.21009695168701e-10,2.35668464601712e-10,2.45899271131178e-10,2.46790748248348e-10,2.48077729563052e-10,2.66475082820929e-10,2.76953696030272e-10,2.80494398332205e-10,3.34088815616184e-10,3.3186718620622e-10,3.4563307197032e-10,3.37654401632412e-10,3.47959675428169e-10,3.4566824171667e-10,3.45898366251511e-10,3.73335336044452e-10,3.70417630394774e-10,3.83291435436696e-10,4.46170817595131e-10,4.46198844643956e-10,4.50863045639006e-10
70,"BIH","Bosnia and Herzegovina",4.62699063666957e-08,3.52503224429057e-08,4.62712696460936e-08,3.35682484805288e-08,4.77995094438046e-08,3.8622784577139e-08,3.61003293319067e-08,4.42828448709259e-08,2.39911724869046e-08,1.74931745784288e-08,1.67756301811212e-08,1.61274842679927e-08,1.557125824547e-08,1.14825347760893e-08,1.19940955720023e-08,7.98471260038786e-09,8.06541328635246e-09,9.20315996144637e-09,9.29678234050915e-09,9.03588530749818e-09,9.89522189006621e-09,9.79123063229368e-09,9.14627474738571e-09
72,"BWA","Botswana",2.17733513626707e-09,3.00336007251895e-09,3.5726324257334e-09,4.23201523373413e-09,4.9074877842206e-09,5.6238826178822e-09,5.46296139126028e-09,5.27449668707529e-09,5.32270595924632e-09,6.4076305517718e-09,5.78087073639794e-09,5.44621328933098e-09,5.56181353509114e-09,5.133547102421e-09,5.30935577269728e-09,6.18243424088241e-09,6.59519442143016e-09,7.10162235681773e-09,7.71575805469198e-09,8.2560494065702e-09,9.91546611649379e-09,9.6926739051606e-09,9.77533585806765e-09
76,"BRA","Brazil",1.47948421381249e-09,1.42515474103647e-09,1.64724137772456e-09,1.81532717230795e-09,2.05622164642051e-09,1.98387050724626e-09,2.4634717386727e-09,2.531872922487e-09,2.73380920255207e-09,2.75202898992652e-09,3.06435521050618e-09,2.77871322515102e-09,2.9791942265726e-09,3.17868228296227e-09,3.35062920561539e-09,3.73352551988655e-09,4.16206010428684e-09,4.33960778176218e-09,4.45883763860723e-09,4.63013776452611e-09,5.01969727796944e-09,5.00281552875503e-09,5.07719369713282e-09
92,"VGB","British Virgin Islands",NA,NA,NA,NA,NA,NA,NA,NA,NA,NA,NA,NA,NA,NA,NA,NA,NA,NA,NA,NA,NA,NA,NA
96,"BRN","Brunei Darussalam",1.03930770950361e-09,1.39670133089269e-09,1.69913060618704e-09,2.04714772101626e-09,2.43479494962075e-09,2.90027170373653e-09,2.92471014405807e-09,2.98025149789571e-09,3.15786244420937e-09,3.32368600250611e-09,3.22050387692506e-09,3.12254350211821e-09,3.15596576192761e-09,3.313472251375e-09,3.71426575005742e-09,4.12201548027015e-09,4.85293620642862e-09,5.36865682945357e-09,6.06071259478773e-09,6.42959667452869e-09,6.94550901449868e-09,7.72995122731427e-09,8.3893563972844e-09
100,"BGR","Bulgaria",4.60284517663819e-10,5.8923977845293e-10,7.272371205077e-10,9.20723065011695e-10,1.21060001083105e-09,1.79338824743913e-09,2.53115025029597e-09,3.06528956446172e-09,4.64373247123448e-09,4.90665249414711e-09,5.07785288980203e-09,5.61507542655775e-09,6.07240211450194e-09,7.19839866551676e-09,8.07381394728813e-09,8.64259262065252e-09,9.60518177380344e-09,1.20457837646708e-08,1.4551368381427e-08,1.13371322494455e-08,1.27025865848763e-08,1.28148489990662e-08,1.38397584578863e-08
854,"BFA","Burkina Faso",7.50701534868114e-09,9.72079180340445e-09,1.17635521212495e-08,1.35155359911053e-08,1.54810198904991e-08,1.70280515611364e-08,1.68983956467073e-08,1.65398179170294e-08,1.62584234182278e-08,1.63575563499138e-08,1.49715500717984e-08,1.41116671516126e-08,1.35523286765239e-08,1.31523043084348e-08,1.37691579049535e-08,1.46835508841645e-08,1.5806667650401e-08,1.6692830698431e-08,1.77145888833439e-08,1.85029093333567e-08,1.98834306209807e-08,2.03633322680023e-08,2.14778929691616e-08
108,"BDI","Burundi",5.30131516328923e-09,7.17957663949889e-09,8.68565865855208e-09,1.08971741536658e-08,1.2418784603876e-08,1.47220149413024e-08,1.47077656664441e-08,1.44976007927696e-08,1.43754914406444e-08,1.43200834906425e-08,1.35267125149592e-08,1.30940368551389e-08,1.27873037469473e-08,1.25456302581208e-08,1.30668505679547e-08,1.51476899384787e-08,1.73990007855631e-08,1.93421725294558e-08,2.16208062984422e-08,2.34287285480017e-08,2.55380158310954e-08,2.71132629347614e-08,2.83738655800448e-08
132,"CPV","Cabo Verde",7.17875192356872e-11,1.05832236976698e-10,1.54879201011107e-10,2.17744870163515e-10,2.71486769828127e-10,3.30812721665212e-10,3.95527683373544e-10,4.43333534929124e-10,5.27932897396094e-10,6.66288400249867e-10,7.90943604047973e-10,7.97448451109014e-10,8.77477748495565e-10,9.59987510296401e-10,1.04075866722457e-09,1.11770941229192e-09,1.15746992581943e-09,1.1865150597444e-09,1.22069625252286e-09,1.20525472332742e-09,1.58173274124954e-09,1.56342530767474e-09,1.39828727795533e-09
116,"KHM","Cambodia",3.2537667390807e-09,4.15866344945088e-09,4.91357436965927e-09,5.63829438187998e-09,6.07555438270268e-09,6.43056298305432e-09,6.12600552512419e-09,5.67475979601826e-09,5.50977805480713e-09,5.69577289578887e-09,5.34952407018102e-09,5.02032738024394e-09,4.76772965825184e-09,4.56611789808136e-09,4.65091971865582e-09,4.82105272683761e-09,5.15496367820577e-09,5.39028178467308e-09,5.68144888476931e-09,5.85990267603478e-09,6.61760518514529e-09,7.03231158165819e-09,7.13465442406156e-09
120,"CMR","Cameroon",2.57110106426555e-08,2.29157905561489e-08,2.48307261324139e-08,2.45278010339105e-08,2.98781805848e-08,2.94062319998181e-08,2.90179925792097e-08,2.91387944811919e-08,2.54344006953024e-08,2.33825118665575e-08,2.22662198193608e-08,2.10958223446735e-08,1.97400807121932e-08,1.97409212694395e-08,2.10863670670905e-08,2.05565675837126e-08,2.25395654129313e-08,2.42121226243003e-08,2.6282335034363e-08,2.78776985367954e-08,3.02770162533123e-08,3.18934732948147e-08,3.26259705769157e-08
124,"CAN","Canada",1.19037618446434e-08,1.08425221792548e-08,1.17277190852423e-08,1.03386239172593e-08,1.0387209327196e-08,9.23177367871219e-09,1.07532091172717e-08,1.27214412321844e-08,1.10861812636115e-08,1.08121516748212e-08,1.04880784962262e-08,1.04223818519879e-08,1.03044751122928e-08,1.03750835283798e-08,1.0916203201928e-08,1.05500239285172e-08,1.09706129537118e-08,1.07602236900069e-08,1.08000971498844e-08,1.06540278202712e-08,1.14514402849442e-08,1.1176174378257e-08,1.09140187713255e-08
136,"CYM","Cayman Islands",NA,NA,NA,NA,NA,NA,NA,NA,NA,NA,NA,NA,NA,NA,NA,NA,NA,NA,NA,NA,NA,NA,NA
140,"CAF","Central African Republic",1.24392042418158e-08,1.64329420794972e-08,2.00072189546767e-08,2.63069417481274e-08,2.9685551193801e-08,3.49644566942379e-08,3.52134656383966e-08,3.4322504395965e-08,3.49251915458049e-08,3.33544810103742e-08,3.16885052891045e-08,3.0594917707166e-08,2.96431609413769e-08,4.79655217085157e-08,5.22836370680147e-08,5.55911063096508e-08,6.0544771133085e-08,6.48350171911825e-08,7.07356354040494e-08,7.5736946972983e-08,8.23467650609299e-08,8.92702411342659e-08,9.51778306210924e-08
148,"TCD","Chad",8.4156657494759e-09,1.04156226024509e-08,1.21106341134153e-08,1.30517172746034e-08,1.17061592154458e-08,1.1935565061207e-08,1.24668276129785e-08,1.23074447817094e-08,1.2457152017406e-08,1.23368226897135e-08,1.08163641191652e-08,1.08556553992344e-08,1.01916142933433e-08,9.89355000706236e-09,1.01177096403531e-08,1.09136998312858e-08,1.32702131969111e-08,1.53574476359129e-08,1.69686958748473e-08,1.81023418054552e-08,2.01718093050768e-08,2.23768227510859e-08,2.33252843868596e-08
152,"CHL","Chile",1.20003602868596e-09,1.92115571666207e-09,2.6236125974656e-09,3.24435912083024e-09,3.6595928090459e-09,4.0620307102621e-09,4.46340514333336e-09,4.8159571125097e-09,5.2201401367499e-09,5.86573682944401e-09,6.09561631781512e-09,1.12943335449354e-08,1.20154413045096e-08,8.51486571609426e-09,9.57992733686344e-09,1.05675352295085e-08,1.1531922260539e-08,1.32404255873937e-08,1.45238924517461e-08,1.5962165827299e-08,1.88343517113032e-08,1.86525189346528e-08,1.93708088759783e-08
156,"CHN","China",1.32163274652975e-08,1.60752729297746e-08,1.50210031060301e-08,1.88711751013301e-08,2.21031009537709e-08,2.74627094208113e-08,2.81901655304568e-08,2.16632510302575e-08,1.74143266988013e-08,1.98279546879927e-08,2.14556924473674e-08,2.23501098934032e-08,2.34264839850065e-08,2.37865439520337e-08,2.47870841903361e-08,1.99387706790194e-08,1.95749558809616e-08,1.94096315341209e-08,1.91715590668371e-08,1.89840069451084e-08,1.95250112721819e-08,1.89263772753894e-08,1.83378303453608e-08
170,"COL","Colombia",2.54492397800966e-09,3.4579918046998e-09,4.25706036503305e-09,5.07559539019697e-09,5.74809696745628e-09,6.55665134377961e-09,6.4719388884511e-09,6.18628304330411e-09,6.22761522012691e-09,6.37314858302535e-09,6.08025229007976e-09,5.72034155911016e-09,5.62315731475039e-09,5.49311820669794e-09,5.73309860392815e-09,6.16565735513469e-09,6.87313894422358e-09,7.57447794851764e-09,8.34164632526167e-09,8.9155974179602e-09,1.05093435739526e-08,1.03535663323566e-08,1.02597509893567e-08
174,"COM","Comoros",NA,NA,NA,NA,NA,NA,NA,NA,NA,NA,NA,NA,NA,NA,NA,NA,NA,NA,NA,NA,NA,NA,NA
184,"COK","Cook Islands",NA,NA,NA,NA,NA,NA,NA,NA,NA,NA,NA,NA,NA,NA,NA,NA,NA,NA,NA,NA,NA,NA,NA
188,"CRI","Costa Rica",1.12952049881234e-09,1.49900849547379e-09,1.82492709997867e-09,2.1666087329437e-09,2.46919160879795e-09,2.83651352021732e-09,2.78116802840029e-09,2.62683254473543e-09,2.60289642412299e-09,2.72156536399481e-09,2.57012179981474e-09,2.47416096577542e-09,2.4063982272788e-09,2.40565368662784e-09,2.53558759956616e-09,2.71565926020282e-09,2.96804783231583e-09,3.18715110646443e-09,3.51228355149297e-09,3.77892885361072e-09,4.32264921159572e-09,4.39517050160694e-09,4.4859062887612e-09
384,"CIV","Cote d'Ivoire",3.60858787688099e-09,5.08947928968564e-09,6.61247709059202e-09,8.59600073016677e-09,9.96594468827026e-09,1.18075826121239e-08,1.20933599612547e-08,1.21967288801819e-08,1.21028215362107e-08,1.20744403055199e-08,1.12245587677706e-08,1.19419053051218e-08,1.13202368002975e-08,1.05012729642892e-08,1.04742842308222e-08,1.08250099138798e-08,1.15306862695406e-08,1.20666203412918e-08,1.30173160663182e-08,1.34875169704226e-08,1.45023053124583e-08,1.48541501602477e-08,1.48138330563469e-08
191,"HRV","Croatia",4.5172564479777e-09,4.0967358912209e-09,3.83774270249524e-09,3.63438597409852e-09,3.52915706114771e-09,3.40287821285833e-09,3.28983407677955e-09,3.28486119409028e-09,3.17699177234554e-09,3.33906265113856e-09,4.14742038105163e-09,4.4069002641108e-09,4.4732935137568e-09,5.13414670835985e-09,5.19542266101018e-09,5.14395097065789e-09,4.98558316028818e-09,4.87453422250242e-09,4.7937453209435e-09,4.67708506818317e-09,5.1710720229071e-09,4.61379068676241e-09,4.37719850519772e-09
192,"CUB","Cuba",9.26031149036997e-10,1.23855833600847e-09,1.54813600367587e-09,1.83873939586745e-09,2.07881355686129e-09,2.24110412068407e-09,2.10711667709603e-09,2.00083404731364e-09,2.0003359576188e-09,2.03199119961255e-09,1.97614425776307e-09,1.9304561922412e-09,1.913660725108e-09,1.91658411732495e-09,2.07261955970811e-09,2.19690674667183e-09,2.49169520438429e-09,2.74796049806784e-09,3.03748671626982e-09,3.35790981749913e-09,4.13289555492121e-09,4.47045880725541e-09,4.68278522347439e-09
531,"CUW","Curacao",NA,NA,NA,NA,NA,NA,NA,NA,NA,NA,NA,NA,NA,NA,NA,NA,NA,NA,NA,NA,NA,NA,NA
196,"CYP","Cyprus",3.87074291800866e-09,4.17376062912199e-09,4.46204210153793e-09,4.94088873945695e-09,5.3065947930617e-09,5.59938765614834e-09,5.86148973216554e-09,6.00115697228526e-09,6.35641998973864e-09,6.93675781868318e-09,7.31565018686682e-09,8.16077711511732e-09,8.7759925031225e-09,9.84555528057751e-09,1.03765232393186e-08,1.03406335903232e-08,1.01191037372268e-08,9.9943923586287e-09,9.86143690973942e-09,9.69787066158224e-09,1.05105871197455e-08,1.02558158769231e-08,1.00116090307733e-08
203,"CZE","Czech Republic",2.07312027309762e-09,2.55370942060583e-09,3.11482192987117e-09,3.57605858603688e-09,3.71072487441098e-09,3.80323545258941e-09,4.43763700266768e-09,5.37588999301404e-09,6.04281472271262e-09,6.57165503556352e-09,7.2708379175372e-09,7.78951549882738e-09,8.161804252246e-09,8.50460662556829e-09,8.75855129594736e-09,8.88750752909861e-09,9.25565252677036e-09,9.26268385242614e-09,9.04438132687769e-09,8.73268540238036e-09,9.41056903212318e-09,9.27460176251854e-09,9.48505485091093e-09
180,"COD","Dem. Rep. Congo",7.34406185545439e-09,1.0357990358303e-08,1.26958660764524e-08,1.48920433577721e-08,1.6687580298381e-08,1.87925612255679e-08,1.87998084713009e-08,1.80483001362554e-08,1.76409381818033e-08,1.77453247115755e-08,1.64603466235829e-08,1.5501986179034e-08,1.47574734528982e-08,1.39782962621088e-08,1.39537876906311e-08,1.45286369565886e-08,1.6112029761525e-08,1.73878192877517e-08,1.86221757886906e-08,1.97289155767049e-08,2.1249092710183e-08,2.18539800630344e-08,2.14009917214985e-08
208,"DNK","Denmark",3.18980291652353e-09,3.03082922228853e-09,3.13017274850211e-09,3.20838780223837e-09,3.3377409318081e-09,3.40131054453823e-09,3.39739768844992e-09,3.45223697371482e-09,3.47000397511432e-09,3.75743367688405e-09,3.16353254742679e-09,2.9818099291694e-09,3.18458346897262e-09,3.02021174954907e-09,2.78483746420668e-09,2.13229933005082e-09,2.22313674824786e-09,1.77983805835051e-09,2.04928502128997e-09,1.62256890130476e-09,1.51659590259072e-09,1.37272084189903e-09,1.18603000721969e-09
262,"DJI","Djibouti",NA,NA,NA,NA,NA,NA,NA,NA,NA,NA,NA,NA,NA,NA,NA,NA,NA,NA,NA,NA,NA,NA,NA
212,"DMA","Dominica",7.59748236299879e-12,8.27709960897663e-12,2.88562282143375e-12,2.98892400453083e-12,4.25210216008464e-12,4.54612145970434e-12,2.41912203693301e-12,1.67140313086083e-12,9.94833884879929e-13,4.34455408612644e-13,0,0,0,0,0,0,0,0,0,0,0,0,0
214,"DOM","Dominican Republic",2.54524469242997e-09,3.42342604622078e-09,4.13955145972551e-09,5.2030617336217e-09,6.06618544994023e-09,6.62232686010488e-09,6.38868489023111e-09,6.06601856480136e-09,6.10683109608776e-09,6.25940502226562e-09,5.73722919775561e-09,5.60203979117666e-09,5.56047823169422e-09,5.44725523632797e-09,5.56341889589332e-09,5.76772218721038e-09,6.18693376597928e-09,6.59312888492227e-09,7.0128516701629e-09,7.33303410060711e-09,8.62036001391835e-09,8.40245327872203e-09,8.56577949152928e-09
218,"ECU","Ecuador",8.8826538096664e-10,1.1775740420372e-09,1.43407906824975e-09,1.7255721447871e-09,1.90715287851741e-09,2.16139612647621e-09,2.18686571260697e-09,2.18279834668167e-09,2.13281259944748e-09,2.19415940734646e-09,2.10011649588119e-09,1.95887370279905e-09,1.89382977665429e-09,1.85304757833582e-09,1.95148489964556e-09,2.16214202939693e-09,2.49870026901916e-09,2.73318206118649e-09,3.05783999027458e-09,3.37131612640244e-09,4.00187468540023e-09,4.20792623952868e-09,4.35857394101552e-09
818,"EGY","Egypt",5.44833145501315e-09,6.17373946114457e-09,7.003763874379e-09,7.74729764321361e-09,8.42780351727968e-09,9.14466921281421e-09,8.93712820481404e-09,8.45025314805959e-09,8.45965775035297e-09,8.17523822001998e-09,7.83049548387371e-09,7.81460602517132e-09,7.82567442285251e-09,7.8669779263268e-09,8.21181351326626e-09,8.54776643040279e-09,9.2342826342993e-09,9.73931798567389e-09,1.02643337009034e-08,1.06084631963173e-08,1.10984872056984e-08,1.16465810350273e-08,1.15612001133817e-08
222,"SLV","El Salvador",1.18522389488939e-09,1.62283199161041e-09,2.01602706719742e-09,2.45886266468427e-09,2.92659092141249e-09,3.40024223219003e-09,3.41918181557239e-09,3.4243829897082e-09,3.48529982978895e-09,3.69472901521147e-09,3.59639226336031e-09,3.48575737950947e-09,3.45208195012292e-09,3.45747049402069e-09,3.7174560992011e-09,4.03801213635005e-09,4.48707458879888e-09,4.92542120299617e-09,5.44221259679534e-09,5.8588340523771e-09,6.95373585653849e-09,6.85765606801925e-09,7.12049373000642e-09
226,"GNQ","Equatorial Guinea",3.64576578786645e-09,3.08972165969104e-09,3.25940035203624e-09,3.55042121975558e-09,3.07292440756115e-09,3.14696796328103e-09,3.07864285639973e-09,2.72360834362755e-09,2.40219646711757e-09,2.45371949359576e-09,2.67584339941962e-09,2.52628608798914e-09,2.37999685820318e-09,2.55156930637321e-09,2.77452173248709e-09,3.38507950229779e-09,4.24271801009599e-09,5.02468603529745e-09,6.07091708144104e-09,7.0970357329873e-09,8.11526326182552e-09,8.98690763487307e-09,9.28016630704147e-09
232,"ERI","Eritrea",NA,NA,NA,NA,NA,NA,NA,NA,NA,NA,NA,NA,NA,NA,NA,NA,NA,NA,NA,NA,NA,NA,NA
233,"EST","Estonia",3.30408966224632e-09,3.76695738743568e-09,3.56010040163475e-09,3.50715346216068e-09,3.74840686878752e-09,3.84663822488444e-09,4.01976665300179e-09,4.11980463019296e-09,3.83770883429997e-09,4.7023556162789e-09,5.13866961618486e-09,4.97911480919003e-09,5.1102026956855e-09,5.39651288468445e-09,5.51316573822037e-09,5.53532727078559e-09,5.62717664840173e-09,5.25176215407365e-09,5.06027132365545e-09,4.73193518932343e-09,4.65334754548448e-09,4.24990028675875e-09,4.42328174182017e-09
748,"SWZ","Eswatini",NA,NA,NA,NA,NA,NA,NA,NA,NA,NA,NA,NA,NA,NA,NA,NA,NA,NA,NA,NA,NA,NA,NA
231,"ETH","Ethiopia",NA,NA,NA,NA,NA,NA,NA,NA,NA,NA,NA,NA,NA,NA,NA,NA,NA,NA,NA,NA,NA,NA,NA
234,"FRO","Faeroe Islands",NA,NA,NA,NA,NA,NA,NA,NA,NA,NA,NA,NA,NA,NA,NA,NA,NA,NA,NA,NA,NA,NA,NA
238,"FLK","Falkland Islands",NA,NA,NA,NA,NA,NA,NA,NA,NA,NA,NA,NA,NA,NA,NA,NA,NA,NA,NA,NA,NA,NA,NA
242,"FJI","Fiji",2.8971966838352e-09,3.91342470891822e-09,4.79514409561846e-09,5.8740273324477e-09,6.6710446586129e-09,7.92676261783967e-09,8.19751338610029e-09,8.43749896368468e-09,8.67589412012913e-09,9.1043406713083e-09,8.77689976022662e-09,8.59940483957343e-09,8.6491120572792e-09,8.4906346324554e-09,8.7866874105904e-09,9.34246302763617e-09,1.03711203825978e-08,1.10322127574238e-08,1.20167654296811e-08,1.33204841026341e-08,1.76338902323963e-08,2.03586816950754e-08,1.87004994625183e-08
246,"FIN","Finland",3.50119898202877e-09,3.43573854334281e-09,3.77712756191465e-09,4.48081686183169e-09,4.7681196990331e-09,4.97964670190383e-09,5.40056026022965e-09,5.24533244875322e-09,5.35873746940854e-09,5.82943188235141e-09,5.52751254158022e-09,5.39018860184612e-09,5.54697763019887e-09,5.597449627289e-09,5.5772402025337e-09,5.38512434795004e-09,5.04095183238855e-09,4.65601804676071e-09,4.49034848911298e-09,4.28690853932021e-09,4.19941599499466e-09,3.96412024728527e-09,3.6654533229904e-09
250,"FRA","France",5.24751613250553e-09,5.30750609594659e-09,5.52833728164095e-09,5.8408018288692e-09,5.48687022899715e-09,5.5871433995976e-09,5.82455888641707e-09,5.9764388178369e-09,6.21414200308524e-09,6.39797593023248e-09,6.60401263361953e-09,6.71223717023192e-09,6.6912844333776e-09,6.61755376732374e-09,6.55487714297879e-09,6.48273004035356e-09,6.37819220953385e-09,5.96712936643155e-09,5.33132544541896e-09,4.71782657019919e-09,4.66055072428856e-09,4.10068967895845e-09,3.77433767134507e-09
258,"PYF","French Polynesia",NA,NA,NA,NA,NA,NA,NA,NA,NA,NA,NA,NA,NA,NA,NA,NA,NA,NA,NA,NA,NA,NA,NA
266,"GAB","Gabon",5.79837613937316e-09,7.84217258717937e-09,9.93570979549123e-09,1.20287329171409e-08,1.42887807034534e-08,1.66539936496729e-08,1.80737965077534e-08,1.73594372473793e-08,1.86862058685052e-08,1.93022423784887e-08,1.78962020845605e-08,1.68307424432189e-08,1.62941882904584e-08,1.58548997499568e-08,1.66089335439641e-08,1.77101018605175e-08,1.98115816341082e-08,2.21065355477148e-08,2.48032136282845e-08,2.63311512632267e-08,2.93653462830555e-08,3.18469308535509e-08,3.27087462666451e-08
270,"GMB","Gambia",NA,NA,NA,NA,NA,NA,NA,NA,NA,NA,NA,NA,NA,NA,NA,NA,NA,NA,NA,NA,NA,NA,NA
268,"GEO","Georgia",6.03300117638805e-13,3.80111438152953e-09,6.3146233360416e-09,7.91956540209864e-09,9.71234686084114e-09,1.08241276029593e-08,1.17811162805278e-08,1.36212489449553e-08,1.68257846513308e-08,2.03738315926018e-08,4.42093426730901e-09,7.07098968581308e-09,9.87643915988718e-09,5.5904636702289e-09,5.90169824936626e-09,6.15448492566041e-09,6.39454723677446e-09,6.73081886921454e-09,6.79644206034178e-09,6.90428729299827e-09,7.9049609800666e-09,7.6261476653837e-09,7.27389818251815e-09
276,"DEU","Germany",6.26205920410365e-09,5.04384417326764e-09,4.55125670761459e-09,4.58334547406076e-09,4.53011265786959e-09,4.27648449689338e-09,4.11927476813127e-09,4.15505715374555e-09,3.78324110252136e-09,3.79481196608952e-09,3.85070348318009e-09,3.70526470335655e-09,3.71475411905718e-09,3.69856950058187e-09,3.66718664710128e-09,3.70899499850298e-09,3.67490267371724e-09,3.60177383415565e-09,3.38617924391629e-09,3.21674383341797e-09,3.24744086516249e-09,3.09650797637089e-09,3.04219840076674e-09
288,"GHA","Ghana",9.2382675454385e-09,7.3017845317292e-09,8.63643711282308e-09,8.11257788904494e-09,9.02907490295386e-09,1.014454050563e-08,1.05393958967088e-08,9.87908127679564e-09,9.36098392077544e-09,9.23553955067711e-09,8.51720928321006e-09,7.52360569686417e-09,6.9769250886001e-09,6.66699394528461e-09,7.08713630426047e-09,7.6527088202028e-09,8.41906630094963e-09,8.72584568636149e-09,9.35407950857349e-09,9.67265359486598e-09,1.05087661629458e-08,1.09271044380676e-08,1.12898210282978e-08
300,"GRC","Greece",4.98706103435583e-09,4.69767707291477e-09,6.01734844206958e-09,5.77100452619443e-09,7.07752441158387e-09,8.13793090769352e-09,8.54734515711457e-09,9.93648810357852e-09,1.00906054884415e-08,1.09981294253231e-08,1.26763448289071e-08,1.50289818017917e-08,1.74219853340326e-08,1.96096107097677e-08,2.00389580568979e-08,2.04380386570324e-08,2.13924795123381e-08,2.09988361499209e-08,1.97909774798582e-08,1.79814112359404e-08,1.8898512239656e-08,1.67606358361687e-08,1.60049716747135e-08
304,"GRL","Greenland",NA,NA,NA,NA,NA,NA,NA,NA,NA,NA,NA,NA,NA,NA,NA,NA,NA,NA,NA,NA,NA,NA,NA
308,"GRD","Grenada",3.13994404458991e-09,5.1447820863217e-09,6.799751692985e-09,8.07617624235482e-09,9.64820925645887e-09,1.0395276955831e-08,1.46700398636981e-08,1.81681086025125e-08,2.21709243919712e-08,2.76512617953271e-08,3.30572138843127e-08,3.55924191758348e-08,4.27730167331701e-08,5.06718194744261e-08,4.68852112419203e-08,4.95295224788381e-08,5.17517978524477e-08,5.33897164821555e-08,5.48887754195841e-08,5.82251803650372e-08,7.18088979541589e-08,7.26974783775068e-08,7.25910847259417e-08
320,"GTM","Guatemala",4.3142302781293e-10,5.82441619295612e-10,7.0831660120417e-10,8.5628842893464e-10,9.93212989764315e-10,1.15496346596816e-09,1.15056838412708e-09,1.10240960216489e-09,1.10678728264427e-09,1.14087459056054e-09,1.09933277889886e-09,1.06456471108922e-09,1.05163616399399e-09,1.0485430766165e-09,1.09444687216441e-09,1.16209681918561e-09,1.29347397143817e-09,1.40421134401878e-09,1.53852594477196e-09,1.63186793956443e-09,1.82427101462055e-09,1.84622795004322e-09,1.89267861080129e-09
831,"GGY","Guernsey",NA,NA,NA,NA,NA,NA,NA,NA,NA,NA,NA,NA,NA,NA,NA,NA,NA,NA,NA,NA,NA,NA,NA
324,"GIN","Guinea",6.30600800980125e-09,8.3767653474568e-09,1.00546654949992e-08,1.23166114494549e-08,1.44293725195806e-08,1.67624232232987e-08,1.74117666577808e-08,1.66400792036728e-08,1.66318683053739e-08,1.73704008371816e-08,1.64678067408914e-08,1.56920422774069e-08,1.50969638204798e-08,1.49298437316448e-08,1.57460460845724e-08,1.67997017497895e-08,1.73141857844481e-08,1.75824109657069e-08,1.87225510485474e-08,1.955750476939e-08,2.04142365535763e-08,2.15231990952568e-08,2.18936264229029e-08
624,"GNB","Guinea-Bissau",NA,NA,NA,NA,NA,NA,NA,NA,NA,NA,NA,NA,NA,NA,NA,NA,NA,NA,NA,NA,NA,NA,NA
328,"GUY","Guyana",NA,NA,NA,NA,NA,NA,NA,NA,NA,NA,NA,NA,NA,NA,NA,NA,NA,NA,NA,NA,NA,NA,NA
332,"HTI","Haiti",NA,NA,NA,NA,NA,NA,NA,NA,NA,NA,NA,NA,NA,NA,NA,NA,NA,NA,NA,NA,NA,NA,NA
336,"VAT","Holy See",NA,NA,NA,NA,NA,NA,NA,NA,NA,NA,NA,NA,NA,NA,NA,NA,NA,NA,NA,NA,NA,NA,NA
340,"HND","Honduras",2.88747913866203e-09,3.89205972940676e-09,4.72376611221996e-09,5.61467275908877e-09,6.31731478211708e-09,7.1069795211384e-09,7.02874852727005e-09,6.74943273896294e-09,6.72543507938658e-09,7.1236708012193e-09,6.84273407440178e-09,6.61375394309287e-09,6.48860268964384e-09,6.49020235312898e-09,6.87993000152385e-09,7.33167200858475e-09,8.05651459000123e-09,8.61869483460974e-09,9.38292835669474e-09,1.00884553873938e-08,1.21429584313598e-08,1.18206286852735e-08,1.21049330979192e-08
344,"HKG","Hong Kong",6.11449085591677e-10,5.87497335197054e-10,5.53674400327216e-10,5.09803388845536e-10,4.40138540206524e-10,3.82981723873163e-10,3.76650242995788e-10,3.68519800545478e-10,3.7816202517022e-10,4.05452731730784e-10,3.96383759455055e-10,3.94043123767338e-10,4.00456997193859e-10,4.03543114468859e-10,4.07421435788264e-10,4.12302361922327e-10,4.17600443115053e-10,4.13629008825437e-10,4.15365490239842e-10,4.35840836384788e-10,4.80713025470916e-10,4.65102076730294e-10,4.93491830287151e-10
348,"HUN","Hungary",1.98805213297224e-09,2.02173853017767e-09,2.25423916073896e-09,2.71749623031869e-09,3.21908853926164e-09,3.64699515147557e-09,3.89534516587392e-09,4.32484771510913e-09,4.66761345548185e-09,5.20383196807914e-09,5.51616628882362e-09,5.93652735479264e-09,6.29602357923727e-09,6.62344902334576e-09,7.3880780339828e-09,7.19779348026207e-09,7.33171635597998e-09,7.16988778670232e-09,7.00222682562852e-09,7.02226533577961e-09,7.61860628725365e-09,7.41324110413965e-09,7.20589493499586e-09
352,"ISL","Iceland",1.60122081540616e-08,1.4159514655993e-08,1.6536671611633e-08,1.59493329746636e-08,1.50923566233396e-08,1.13490792341104e-08,1.29810300276491e-08,1.96244020251416e-08,1.93785046467991e-08,1.89268368755122e-08,2.20625212953054e-08,2.27685785197764e-08,2.09841098896038e-08,2.02551093780953e-08,1.79816189782935e-08,1.98264727777173e-08,1.80509065406346e-08,1.71671500001719e-08,1.48699655038591e-08,1.67139185213886e-08,1.81773416115996e-08,1.762494627254e-08,1.66054438288124e-08
356,"IND","India",4.11088109469641e-09,3.95671480293233e-09,4.08157413219739e-09,4.47215043548114e-09,4.28872626810536e-09,2.92669434478674e-09,2.93200678066991e-09,3.13880407672536e-09,3.82841298822877e-09,4.3173572244945e-09,4.70619248623241e-09,5.14440022482751e-09,5.51601446086041e-09,5.78440535242913e-09,5.95856885087664e-09,6.06213920784538e-09,6.09010769353297e-09,6.17378348520442e-09,6.19671837552911e-09,6.37003078941457e-09,7.19377670360418e-09,7.0223492104458e-09,6.9306745805706e-09
360,"IDN","Indonesia",2.25203294442724e-09,2.50961936101861e-09,2.87727038823712e-09,3.2805563223606e-09,3.5487081792911e-09,3.88528906996566e-09,3.87027935124234e-09,3.79222600597134e-09,3.72684871505986e-09,3.60967467660415e-09,3.40316707078161e-09,3.21480076307638e-09,3.08516383451279e-09,3.00252692260972e-09,3.09931480790559e-09,3.23357092702299e-09,3.45618858386105e-09,3.6625916496417e-09,3.87663620728936e-09,4.03546590559789e-09,4.50388638900787e-09,4.71268262261264e-09,4.73835896036277e-09
364,"IRN","Iran",4.60772716766307e-09,5.32441606919054e-09,6.01423243253814e-09,6.45670643541894e-09,6.72885329487972e-09,7.46156384593563e-09,7.44223469350837e-09,7.19166808701108e-09,7.49291966321607e-09,7.622701397873e-09,7.28404099116524e-09,7.20757392586277e-09,7.65714135346782e-09,8.0193130456676e-09,8.19767657348174e-09,8.98809825425432e-09,9.14210754181001e-09,9.67710339507009e-09,1.09381698581128e-08,1.2139099422549e-08,1.27003910690267e-08,1.30375757998649e-08,1.34264587354243e-08
368,"IRQ","Iraq",2.65450386836404e-09,3.29932179416964e-09,4.30187623320034e-09,8.0497915515297e-09,6.11441401770902e-09,6.96606465839171e-09,6.97325831228408e-09,6.98388354394992e-09,6.71104676970802e-09,6.74135345683919e-09,6.29659649057672e-09,5.92749814044714e-09,5.29821163348803e-09,5.07095491575099e-09,5.50492989061775e-09,5.82189753208865e-09,5.78707601470739e-09,6.57737316099811e-09,7.22197747535478e-09,7.5220316353155e-09,9.34804712705136e-09,1.00650570991185e-08,1.00165946372828e-08
372,"IRL","Ireland",4.15511461260827e-09,4.00733199343316e-09,3.74048770079005e-09,4.63758921408156e-09,4.40005218788175e-09,4.99844794931709e-09,4.68162775109599e-09,4.44556309828145e-09,4.81203520307561e-09,4.90416937434274e-09,4.65950814873325e-09,4.66151193533558e-09,4.54015889224317e-09,4.64996326904661e-09,4.53805243494536e-09,3.67848419063007e-09,3.83877481845203e-09,3.33488556222471e-09,2.30586457023505e-09,2.13791796010627e-09,1.7169876490007e-09,1.37628068239243e-09,1.12212264517802e-09
833,"IMN","Isle of Man",NA,NA,NA,NA,NA,NA,NA,NA,NA,NA,NA,NA,NA,NA,NA,NA,NA,NA,NA,NA,NA,NA,NA
376,"ISR","Israel",4.65392857737024e-09,5.05443588839754e-09,4.79991655151049e-09,4.24616036349343e-09,3.7680817104782e-09,3.81611941124944e-09,3.80597858564483e-09,4.07697717555027e-09,8.62993357811434e-09,5.20526441621625e-09,7.2172090471333e-09,9.15216695462789e-09,9.48550800911309e-09,1.11444149932237e-08,9.16425056751172e-09,1.36349168995634e-08,1.53506996265125e-08,1.31501057790057e-08,1.47324348376316e-08,1.50302800415953e-08,1.58069774837895e-08,1.50320272722111e-08,1.56565369535515e-08
380,"ITA","Italy",7.83167860573438e-09,6.52150992659389e-09,5.18802959798529e-09,4.98158418279874e-09,3.39887013777133e-09,3.51940127683369e-09,3.98204838412367e-09,3.92370010010435e-09,4.45703990885027e-09,4.78597284604655e-09,5.0216826400029e-09,5.33977987002499e-09,5.74666094117924e-09,6.14304451409474e-09,6.39070605419056e-09,6.54591075419634e-09,6.66427060861231e-09,6.71385111121042e-09,6.73098874031848e-09,6.81614078455061e-09,7.61765972568106e-09,7.28109698881217e-09,7.17822806486111e-09
388,"JAM","Jamaica",1.67695160524415e-09,1.83369077094434e-09,2.26965329806752e-09,2.35490394940927e-09,2.56917573345282e-09,2.74880446911051e-09,2.79652248945458e-09,3.38813072779026e-09,3.6255730230049e-09,3.8645908271362e-09,3.95944530103493e-09,3.817962183772e-09,3.76694231136118e-09,3.89595930906697e-09,4.20091979445804e-09,4.34513084135204e-09,4.46627807784862e-09,4.99278778492059e-09,5.07518452026834e-09,5.30783334674514e-09,6.2375791761711e-09,6.36818212518941e-09,6.35878525364791e-09
392,"JPN","Japan",6.33772653835099e-09,5.21067624891111e-09,5.05720667568016e-09,4.95946073497033e-09,4.95751002626308e-09,4.78782295006423e-09,4.78355812948312e-09,4.53461177167221e-09,4.1478430998409e-09,3.69367229130344e-09,3.85592043993361e-09,3.83449724929336e-09,3.8431791048005e-09,3.94610114968933e-09,4.03330255521143e-09,4.04919411468218e-09,4.23143648807179e-09,4.23772701307059e-09,4.22951793449272e-09,4.30347049688128e-09,4.57505087141732e-09,4.59542692026446e-09,4.759756735955e-09
832,"JEY","Jersey",NA,NA,NA,NA,NA,NA,NA,NA,NA,NA,NA,NA,NA,NA,NA,NA,NA,NA,NA,NA,NA,NA,NA
400,"JOR","Jordan",7.24953624843828e-09,9.51412291430461e-09,1.13575924165367e-08,1.35191884354528e-08,1.48790734687525e-08,1.63788630903125e-08,1.60617235588719e-08,1.51278927272333e-08,1.46317184457039e-08,1.44293891429571e-08,1.39813527199729e-08,1.37271917681131e-08,1.36326808649102e-08,1.37362955546736e-08,1.44846423952596e-08,1.56193988062455e-08,1.75017254359117e-08,1.91124977857762e-08,2.12463210097181e-08,2.30373376893811e-08,2.57050423825227e-08,2.74852130285911e-08,2.86204556880399e-08
398,"KAZ","Kazakhstan",1.91577649489492e-09,1.80888520516995e-09,1.90452046418802e-09,2.11688587960028e-09,2.32564179381158e-09,2.68693239265146e-09,3.78689578044355e-09,3.16609590808888e-09,4.39224361152361e-09,4.37184168369116e-09,4.87157689944186e-09,4.64588057107629e-09,4.45932346245893e-09,3.88520412658695e-09,4.01359155830423e-09,3.82519484531824e-09,4.17818154993206e-09,4.03592091223846e-09,3.91980472951822e-09,3.77150662917754e-09,3.88923481828262e-09,3.74904861858705e-09,3.74998611512724e-09
404,"KEN","Kenya",1.50128159458721e-10,1.89098224019532e-10,2.32266137157703e-10,2.68586300060606e-10,2.96394692110213e-10,3.18437695124753e-10,3.58433234078653e-10,3.91000319085126e-10,4.45513483947089e-10,4.84897501764393e-10,4.99025615659359e-10,4.96181397558219e-10,5.19665701736651e-10,5.22689425163529e-10,5.3805851415728e-10,5.38223973804654e-10,5.36137499197866e-10,5.82637801227576e-10,5.69424577058149e-10,5.715787389605e-10,6.11636694705771e-10,6.00289240557732e-10,5.99081906120196e-10
296,"KIR","Kiribati",NA,NA,NA,NA,NA,NA,NA,NA,NA,NA,NA,NA,NA,NA,NA,NA,NA,NA,NA,NA,NA,NA,NA
689,"XKX","Kosovo",NA,NA,NA,NA,NA,NA,NA,NA,NA,NA,NA,NA,NA,NA,NA,NA,NA,NA,NA,NA,NA,NA,NA
414,"KWT","Kuwait",1.76076705549507e-08,2.31607018640495e-08,2.76515064431719e-08,2.86341325499945e-08,3.06363397353037e-08,3.27557314857551e-08,3.20903816585549e-08,3.09632492342876e-08,3.14514491626352e-08,3.50116479350904e-08,3.58048310268487e-08,3.29712256294095e-08,3.16030468631907e-08,3.21091772465083e-08,3.47710074794831e-08,3.81319826527303e-08,4.19908206675824e-08,4.89636884099086e-08,5.39527456119198e-08,5.94870566541328e-08,7.15321889140713e-08,7.73086737306959e-08,7.57523517783852e-08
417,"KGZ","Kyrgyzstan",NA,NA,NA,NA,NA,NA,NA,NA,NA,NA,NA,NA,NA,NA,NA,NA,NA,NA,NA,NA,NA,NA,NA
418,"LAO","Laos",NA,NA,NA,NA,NA,NA,NA,NA,NA,NA,NA,NA,NA,NA,NA,NA,NA,NA,NA,NA,NA,NA,NA
428,"LVA","Latvia",2.12978804737164e-09,2.27224209590194e-09,2.37886315391867e-09,2.40214062836039e-09,2.42998841399944e-09,2.41659508185454e-09,2.72720135620899e-09,2.89103996265931e-09,3.44925868372988e-09,4.30260408891427e-09,5.06615556889598e-09,4.98294148186526e-09,4.67562378284142e-09,4.86503519347997e-09,5.07014406621379e-09,5.03244595018326e-09,5.28702396247279e-09,4.99181457694516e-09,4.73113007764523e-09,4.52842838686772e-09,4.52715511261319e-09,4.30073211430198e-09,4.33093375108147e-09
422,"LBN","Lebanon",5.24992760218318e-09,6.98683685531757e-09,8.52086112537194e-09,1.02441067925442e-08,1.14677506190096e-08,1.33593401479231e-08,1.38650035757918e-08,1.29274442100149e-08,1.23236490547007e-08,1.15846218645232e-08,1.06248070430022e-08,1.06367153441331e-08,1.05721011711433e-08,1.04732581321403e-08,1.11656429728747e-08,1.23387117518799e-08,1.38192797283549e-08,1.53501070808333e-08,1.77059825482117e-08,2.09334836878363e-08,2.91937523842056e-08,3.44205588660538e-08,NA
426,"LSO","Lesotho",1.09744114870085e-09,1.06533579178644e-09,1.06607420925031e-09,1.02493562248046e-09,1.01577315595735e-09,9.86831442811062e-10,9.54102156603516e-10,9.20435426601132e-10,8.76707538818614e-10,8.94597884367795e-10,8.54113345268048e-10,8.22564016805887e-10,9.82786347842191e-10,1.08805049858708e-09,1.20880113110457e-09,1.57663848208037e-09,1.83931453310705e-09,2.27510377097076e-09,2.34566284934627e-09,2.58360865321852e-09,2.98982394569943e-09,3.17336635246033e-09,3.40174744695217e-09
430,"LBR","Liberia",NA,NA,NA,NA,NA,NA,NA,NA,NA,NA,NA,NA,NA,NA,NA,NA,NA,NA,NA,NA,NA,NA,NA
434,"LBY","Libya",4.53336815634082e-09,6.02679285763583e-09,7.42269874899159e-09,7.99844379541346e-09,8.96408657803945e-09,9.45966804832162e-09,9.3525116092888e-09,9.04994493855071e-09,9.45874854086723e-09,1.02548299033298e-08,9.76397090335905e-09,1.99574508741665e-08,1.09467446999684e-08,1.37362946874016e-08,1.93576552306525e-08,2.13814132587115e-08,2.43645310304258e-08,2.03967636135307e-08,2.11156986390963e-08,2.60069545953969e-08,4.02150337484394e-08,3.33210775069665e-08,3.58146258081745e-08
438,"LIE","Liechtenstein",NA,NA,NA,NA,NA,NA,NA,NA,NA,NA,NA,NA,NA,NA,NA,NA,NA,NA,NA,NA,NA,NA,NA
440,"LTU","Lithuania",4.64329518667163e-10,5.55993364675037e-10,6.60564844947972e-10,8.07528291842602e-10,1.05961523621924e-09,1.29378505772352e-09,1.59710481015929e-09,1.85669501624632e-09,2.27632924121728e-09,2.97452381317642e-09,3.5465066717032e-09,3.95493877591328e-09,4.33512670118037e-09,4.88425326916617e-09,5.3227788478893e-09,6.41508322818877e-09,7.93923121773592e-09,7.61318901700403e-09,5.82042419036108e-09,5.52462484122497e-09,5.03487234634022e-09,4.5236472048386e-09,4.90342919834461e-09
442,"LUX","Luxembourg",7.70912924851461e-10,9.2258300540282e-10,9.78358743581217e-10,9.70297458615696e-10,9.47127552594554e-10,9.06370514448012e-10,9.1653159266714e-10,9.30752843468627e-10,9.83783538700791e-10,1.04535429612765e-09,1.05232236879452e-09,1.09778710739611e-09,1.12531728937125e-09,1.11351307990951e-09,1.17071319321477e-09,1.14938365800195e-09,1.07714769397562e-09,1.07335260781796e-09,1.01287651821417e-09,9.8427881930441e-10,9.76577025809235e-10,9.18362444432328e-10,8.93717053741647e-10
446,"MAC","Macao",NA,NA,NA,NA,NA,NA,NA,NA,NA,NA,NA,NA,NA,NA,NA,NA,NA,NA,NA,NA,NA,NA,NA
450,"MDG","Madagascar",3.83441968093584e-09,5.00447719573002e-09,7.19464353752238e-09,8.13392635406589e-09,9.22926930640483e-09,1.05583354548512e-08,1.05482683096732e-08,1.01667154287681e-08,9.90945396438175e-09,1.06569155689508e-08,1.05304601331846e-08,1.04267511836896e-08,1.03255665810358e-08,1.03777014342519e-08,1.09778197326108e-08,1.17915466487157e-08,1.29292794893686e-08,1.39456090606124e-08,1.53078100756147e-08,1.61729994418857e-08,1.90689067815623e-08,1.97602295003541e-08,2.02962054136507e-08
454,"MWI","Malawi",3.38184837203458e-09,4.91027817943065e-09,6.09095848417762e-09,7.1441771347473e-09,8.0729554580657e-09,9.39525419338707e-09,9.45299971269455e-09,8.81249974211013e-09,8.47735235908792e-09,8.09362653638567e-09,7.52289743671795e-09,7.21705650528791e-09,7.22320091640596e-09,7.03044485162942e-09,7.28792659908498e-09,7.86802988578322e-09,8.75558203761684e-09,9.4183245486839e-09,1.02373238488753e-08,1.06862167485135e-08,1.16061140614611e-08,1.23742912212148e-08,1.30962906896214e-08
458,"MYS","Malaysia",1.86356819911212e-09,2.6947247828906e-09,3.09382902625583e-09,2.70701402443304e-09,3.03300679499535e-09,3.28775246077921e-09,3.27666439103625e-09,3.36969387832206e-09,3.54312596769138e-09,3.85719522792073e-09,3.84953616044255e-09,3.77075322924682e-09,3.74605499680305e-09,3.78596543758953e-09,4.08964782567999e-09,4.89104207554901e-09,5.65238227020003e-09,2.86990068555206e-09,2.8293405135579e-09,3.38168485902049e-09,3.96460705548885e-09,4.25288292316158e-09,3.40279975120652e-09
462,"MDV","Maldives",NA,NA,NA,NA,NA,NA,NA,NA,NA,NA,NA,NA,NA,NA,NA,NA,NA,NA,NA,NA,NA,NA,NA
466,"MLI","Mali",3.28882989484437e-09,3.94014708922223e-09,4.81218539298009e-09,5.49092302093214e-09,6.42829642689059e-09,7.23279430527834e-09,7.29241039987511e-09,7.19380698619065e-09,7.11255370404718e-09,7.02155001547494e-09,6.63535558126912e-09,6.45969760344523e-09,6.63887797071374e-09,6.67274457303267e-09,6.80034471333457e-09,7.10182097862398e-09,7.67125076077624e-09,8.15027712130368e-09,8.81382546984034e-09,9.29008109363558e-09,1.02936771182968e-08,1.09359688049311e-08,1.12529528770575e-08
470,"MLT","Malta",7.6108485754584e-10,1.19714575083238e-09,1.51644920603594e-09,1.65135674925175e-09,2.76900091327179e-09,3.7957978247261e-09,6.81488678996435e-09,8.02115684368902e-09,8.94946518501749e-09,1.06767584381314e-08,1.10689264150159e-08,1.2987599633255e-08,1.43659442506218e-08,1.48164323119271e-08,1.45681650920085e-08,1.41922292882494e-08,1.43273084743695e-08,1.34072832222297e-08,1.22615111466354e-08,1.11557361018732e-08,1.21124403040972e-08,1.08334533076522e-08,1.04556789797182e-08
584,"MHL","Marshall Islands",NA,NA,NA,NA,NA,NA,NA,NA,NA,NA,NA,NA,NA,NA,NA,NA,NA,NA,NA,NA,NA,NA,NA
478,"MRT","Mauritania",7.13485536171831e-09,9.95451019653974e-09,1.2384152998227e-08,1.4311720222006e-08,1.63505941998177e-08,1.80434628327395e-08,1.6047305162466e-08,1.66832892967198e-08,1.74309098724941e-08,1.79796593762767e-08,1.73980584295523e-08,1.68187691790704e-08,1.64368797968361e-08,1.62141847519899e-08,1.69489247981615e-08,1.78549203829158e-08,2.01098953900457e-08,2.12087239885575e-08,2.29475513197598e-08,2.40305713644479e-08,2.65585890900727e-08,2.84150343891047e-08,2.8756856785423e-08
480,"MUS","Mauritius",5.80983921106294e-09,9.38050826607276e-09,6.2001152584108e-09,3.31912623826602e-09,2.87923069777932e-09,4.47043157913703e-10,2.52006224837092e-08,2.6355615139522e-08,2.73996643048858e-08,2.88350051132747e-08,2.98432220943777e-08,3.08046056094171e-08,3.18226268186622e-08,3.27797022900812e-08,3.42090882148818e-08,3.43790112147286e-08,3.4547734150766e-08,3.74873636351049e-08,3.70730117639339e-08,3.8032981637932e-08,4.76589258995395e-08,4.87367084656035e-08,4.65777769520163e-08
484,"MEX","Mexico",1.55456198987957e-09,1.37219693210304e-09,1.85892402419453e-09,1.96773740064976e-09,1.99658555573837e-09,2.8159559152439e-09,3.63877038993285e-09,4.48502233549421e-09,5.10142114305579e-09,5.64506549326312e-09,5.91215968429979e-09,5.94088459726527e-09,5.50281879634826e-09,5.83649864706048e-09,6.42261953770683e-09,5.91973972502703e-09,6.18297511556745e-09,6.62395311438533e-09,6.87932968240563e-09,7.37118079106838e-09,8.53073942414242e-09,8.68375910098874e-09,8.66646635503528e-09
583,"FSM","Micronesia",NA,NA,NA,NA,NA,NA,NA,NA,NA,NA,NA,NA,NA,NA,NA,NA,NA,NA,NA,NA,NA,NA,NA
498,"MDA","Moldova",1.00430481047434e-09,1.16549763724701e-09,1.27828542318147e-09,1.59138477343426e-09,1.84173560286746e-09,2.10636603363438e-09,2.42205789646848e-09,3.03043869093688e-09,3.56192454235394e-09,4.32173316425008e-09,4.76439062209336e-09,4.93309904269849e-09,5.55312137798408e-09,5.7426710398014e-09,5.9507974235107e-09,6.28162316929461e-09,6.29957378368531e-09,6.77525292503534e-09,6.75329636765852e-09,6.90352478513939e-09,8.00681780934457e-09,7.4776214911981e-09,8.27930239258677e-09
492,"MCO","Monaco",NA,NA,NA,NA,NA,NA,NA,NA,NA,NA,NA,NA,NA,NA,NA,NA,NA,NA,NA,NA,NA,NA,NA
496,"MNG","Mongolia",0,0,0,0,0,0,0,1.96422046611783e-10,5.47824338536728e-10,1.13589945622638e-09,1.92423234513001e-09,2.65175847794367e-09,3.55255660438024e-09,3.47968008194408e-09,3.28737970446692e-09,3.99855898408214e-09,4.4472701728076e-09,4.6902909345261e-09,4.79894905825933e-09,4.9665166757949e-09,5.64600133028543e-09,5.99026791579945e-09,6.1284779063505e-09
499,"MNE","Montenegro",1.35766889083994e-08,1.38239620027829e-08,1.6149619092172e-08,1.09300206362954e-08,1.43661366158835e-08,1.11244203439118e-08,1.01292399869623e-08,1.38903414979058e-08,6.21637212958178e-09,3.71985069611456e-09,4.02530088031831e-09,3.89008159495129e-09,3.35647998668141e-09,2.18565794392056e-09,2.43852245270826e-09,2.27055242202238e-09,2.48760545957956e-09,2.67761037376057e-09,2.84343487054704e-09,2.94892130438066e-09,3.35848181839665e-09,3.16591026717218e-09,3.22661523281192e-09
504,"MAR","Morocco",1.46146659698287e-09,1.87643674462762e-09,2.28397341820916e-09,2.6660412202183e-09,3.04767116802901e-09,3.53271064384446e-09,3.45125625141498e-09,3.4026664099462e-09,3.34495995642668e-09,3.33568860217241e-09,3.20045772722885e-09,3.05416931061998e-09,3.02120177666856e-09,2.98087044808638e-09,3.17208826845655e-09,3.37286048069856e-09,3.82630227493799e-09,4.09735025602588e-09,4.48515287076937e-09,4.82146360652434e-09,5.65737182487453e-09,5.76918953059322e-09,6.06631000381444e-09
508,"MOZ","Mozambique",6.06931931901868e-09,1.50145867590919e-08,1.49073722404933e-08,1.97596063243117e-08,2.38854987676907e-08,1.87730937739694e-08,1.87387454299279e-08,2.2773352978851e-08,1.41469929867687e-08,1.18522791419697e-08,1.11700251790291e-08,1.07068227003623e-08,9.08458019736567e-09,8.15745290850397e-09,7.53298455228549e-09,8.14208573063735e-09,7.87039310856894e-09,8.18477900616371e-09,8.56946168428497e-09,8.96653040783225e-09,9.67338811064102e-09,1.01140775839251e-08,1.01260167716272e-08
104,"MMR","Myanmar",5.09849466209729e-09,3.67076590973765e-09,3.53758441345039e-09,3.81439746169404e-09,4.55711343882548e-09,2.7818182166574e-09,2.53116227224515e-09,2.57822567627159e-09,2.51243047194002e-09,2.35428805868046e-09,2.53951402049356e-09,2.44838998086113e-09,2.47420938839777e-09,2.37994541861011e-09,2.35478868652009e-09,2.35779407368826e-09,2.21331698217055e-09,2.31911703257598e-09,2.23786208791567e-09,2.20565572380107e-09,2.25510214778266e-09,2.89931851068577e-09,2.91324999092605e-09
516,"NAM","Namibia",2.67771639706578e-09,3.65821637987334e-09,4.41014401321004e-09,5.23844672449668e-09,5.58330697160114e-09,6.50121730540809e-09,6.43244978395154e-09,6.21849767933519e-09,6.28028371514351e-09,6.48340564815796e-09,6.06189873675838e-09,5.81794522058787e-09,5.63230776347088e-09,5.46732381255931e-09,5.66024203728173e-09,5.995933537156e-09,6.8443948647866e-09,7.77474796340024e-09,8.70546807601109e-09,9.67746909360923e-09,1.15081183476026e-08,1.21893091248127e-08,1.24375999528955e-08
520,"NRU","Nauru",NA,NA,NA,NA,NA,NA,NA,NA,NA,NA,NA,NA,NA,NA,NA,NA,NA,NA,NA,NA,NA,NA,NA
524,"NPL","Nepal",NA,NA,NA,NA,NA,NA,NA,NA,NA,NA,NA,NA,NA,NA,NA,NA,NA,NA,NA,NA,NA,NA,NA
528,"NLD","Netherlands",4.02530157961117e-08,3.37734398637781e-08,2.59530415932228e-08,1.95956808339063e-08,2.35122204194305e-08,2.41545290391444e-08,2.0233641084315e-08,1.79981647423985e-08,1.77287657836731e-08,1.17220411495683e-08,1.16823974155351e-08,6.98209997157832e-09,1.25444050720388e-08,1.54416634285628e-08,1.68156188042475e-08,1.24808128429984e-08,1.16679065887652e-08,2.06624773418809e-08,2.66039879549335e-08,1.74634896316417e-08,2.03879528336846e-08,2.19608739397455e-08,2.28515479039372e-08
540,"NCL","New Caledonia",NA,NA,NA,NA,NA,NA,NA,NA,NA,NA,NA,NA,NA,NA,NA,NA,NA,NA,NA,NA,NA,NA,NA
554,"NZL","New Zealand",6.15416982579966e-09,3.96745470753912e-09,5.13469598776694e-09,5.95048592426108e-09,5.66305301855e-09,6.03114098413738e-09,6.37849937141807e-09,7.96578887093464e-09,8.49759736058362e-09,7.20311830433487e-09,7.77217417110229e-09,7.96247085608137e-09,7.78550390137965e-09,7.86084584157665e-09,7.68202182598687e-09,8.04006922366074e-09,8.35709499907764e-09,8.56481450522689e-09,9.03392137643606e-09,8.35411166619013e-09,8.64268670425249e-09,8.48452286595633e-09,8.87066502915061e-09
558,"NIC","Nicaragua",1.31714205311496e-09,1.76683395061271e-09,2.20878549918774e-09,2.67323380032992e-09,3.03541763142729e-09,3.47674946427179e-09,3.517886921144e-09,3.41402587077212e-09,3.43217783525658e-09,3.66957374825595e-09,3.49222619939087e-09,3.30572606954964e-09,3.16656162492683e-09,3.09935663737996e-09,3.22995532950634e-09,3.4247245123134e-09,3.73929449606038e-09,3.99115374049391e-09,4.66993169792486e-09,5.30961284822872e-09,5.9427587090162e-09,5.89843110160019e-09,6.05594662168872e-09
562,"NER","Niger",5.92315776131931e-09,7.62999660714479e-09,9.16395154519085e-09,1.11087211884269e-08,1.32821447737372e-08,1.47428624246836e-08,1.47106341331462e-08,1.45420610837101e-08,1.40176115143748e-08,1.41933275856776e-08,1.30133716571828e-08,1.27708840440884e-08,1.18112631338988e-08,1.15102984490258e-08,1.18081498134419e-08,1.25484565683924e-08,1.35386078090669e-08,1.44457700864819e-08,1.52558828977985e-08,1.58718675874827e-08,1.67826465702589e-08,1.81215681179662e-08,1.7330042328748e-08
566,"NGA","Nigeria",4.2302566951037e-09,5.36843708178185e-09,5.8242253911404e-09,6.66154289336248e-09,7.24796093246608e-09,8.08856671518118e-09,8.05108277850226e-09,7.71258998543052e-09,7.52243873077089e-09,7.21151333168872e-09,6.66418634381078e-09,6.38901784244431e-09,6.26956832780738e-09,6.04133284260102e-09,6.18630253109221e-09,6.64710278439323e-09,7.65176309893256e-09,8.46875837748542e-09,9.34885903518447e-09,1.0077046027742e-08,1.11491419102131e-08,1.18039447260798e-08,1.21697674805082e-08
570,"NIU","Niue",NA,NA,NA,NA,NA,NA,NA,NA,NA,NA,NA,NA,NA,NA,NA,NA,NA,NA,NA,NA,NA,NA,NA
408,"PRK","North Korea",NA,NA,NA,NA,NA,NA,NA,NA,NA,NA,NA,NA,NA,NA,NA,NA,NA,NA,NA,NA,NA,NA,NA
807,"MKD","North Macedonia",3.04070901636095e-09,3.09211336825251e-09,2.9975475496939e-09,2.93717188842637e-09,1.79731755231829e-08,1.79504779110627e-08,4.62231409396715e-09,9.77766168462737e-09,1.11986263267517e-08,1.17971558422277e-08,1.42222365571119e-08,1.4600709828727e-08,1.61167113282152e-08,1.61394035029482e-08,1.68665236273819e-08,1.69103516353879e-08,1.71555712134181e-08,1.91203240532057e-08,1.91517628502328e-08,1.95219655353903e-08,2.20768236793685e-08,2.22288773486134e-08,2.26412761308501e-08
578,"NOR","Norway",1.21266044536745e-08,1.06283782178312e-08,7.7131960170632e-09,7.90064101196625e-09,8.09494992665982e-09,7.0845311205725e-09,6.50760858487326e-09,5.59879599853343e-09,6.12913808424969e-09,4.8465815837225e-09,5.17353488825848e-09,5.21536197972563e-09,4.91769591421073e-09,5.50046252578143e-09,5.01833809431888e-09,4.80517999477356e-09,4.93023158236837e-09,4.81168389905459e-09,4.8303229036661e-09,4.60399565775279e-09,4.63445700671752e-09,4.48862020679853e-09,4.37320845826917e-09
512,"OMN","Oman",2.03064482886593e-09,2.46761608912928e-09,2.99189348968913e-09,3.65241148414017e-09,4.19932093922948e-09,4.78563398764904e-09,4.74904278646919e-09,4.63594081325731e-09,4.43139597019099e-09,5.59411756262658e-09,5.59335689188609e-09,4.79987740916835e-09,4.04483151567965e-09,3.82946102138064e-09,4.15795467968234e-09,4.22371983683564e-09,4.44677347168234e-09,4.81292263083754e-09,5.46325636121901e-09,6.05891173327436e-09,6.849389139158e-09,7.22447858521342e-09,7.29691568996933e-09
586,"PAK","Pakistan",2.49988861843544e-09,3.24972583173616e-09,3.9672868036301e-09,4.58979080655474e-09,5.07985183931574e-09,5.66595859870825e-09,5.63268269934344e-09,5.50767673881785e-09,5.64063215407841e-09,5.69132791121665e-09,5.62667734116913e-09,5.55017225866709e-09,5.49319495326446e-09,5.42165574818694e-09,5.59389017743815e-09,5.83053941847477e-09,6.17635908424191e-09,6.52829924117795e-09,6.85307944746795e-09,7.29391124900965e-09,8.0125067565908e-09,8.16863286598804e-09,8.16707056269088e-09
585,"PLW","Palau",NA,NA,NA,NA,NA,NA,NA,NA,NA,NA,NA,NA,NA,NA,NA,NA,NA,NA,NA,NA,NA,NA,NA
591,"PAN","Panama",2.13542952285645e-09,2.92408706538461e-09,3.62877194622064e-09,4.30169311014353e-09,4.78185270934871e-09,5.33192796640688e-09,5.16904740853149e-09,4.71813144053667e-09,4.45440707092737e-09,4.55732077411117e-09,4.28152669816111e-09,3.86866127807332e-09,3.59515186796025e-09,3.4484732334871e-09,3.58960611954937e-09,3.76268783092253e-09,4.09028432227687e-09,4.34440855329444e-09,4.74071628056108e-09,5.06565658098943e-09,6.73913620255328e-09,6.37695400098994e-09,6.12990944023592e-09
598,"PNG","Papua New Guinea",NA,NA,NA,NA,NA,NA,NA,NA,NA,NA,NA,NA,NA,NA,NA,NA,NA,NA,NA,NA,NA,NA,NA
600,"PRY","Paraguay",1.56580268505233e-09,2.17636108780739e-09,2.75435256156434e-09,3.25775630228e-09,3.74459803933279e-09,4.38763058759528e-09,4.4157771208186e-09,4.26121384922423e-09,4.17154626673167e-09,4.31903864449504e-09,3.85695767278877e-09,3.72789882153597e-09,3.82868142642199e-09,3.63140517135165e-09,3.76091221914781e-09,4.04472326475807e-09,4.42466656196926e-09,4.73050977384314e-09,5.18881328896e-09,5.73860033411053e-09,6.34194640259762e-09,6.67511810860126e-09,7.11693841336479e-09
604,"PER","Peru",6.17870669204189e-10,8.53858528005776e-10,1.02044539425639e-09,1.21390550011965e-09,1.37975681825565e-09,1.55111780278284e-09,1.52240549309022e-09,1.43153158177643e-09,1.36053279959498e-09,1.3939815352631e-09,1.27649584764841e-09,1.210191430075e-09,1.16141396927174e-09,1.12871240707598e-09,1.20318180587123e-09,1.29265216295785e-09,1.41815545262583e-09,1.55114040315787e-09,1.69002834316347e-09,1.82283512116382e-09,2.23837481199868e-09,2.16288171492267e-09,2.24462241742292e-09
608,"PHL","Philippines",2.43553947829387e-09,3.10100903746469e-09,3.69023304461796e-09,4.25493262428443e-09,4.71420917812892e-09,5.29435831493014e-09,5.28824478063297e-09,5.08717120342522e-09,5.07115939182115e-09,5.19176354298026e-09,4.83699420493723e-09,4.70924475128364e-09,4.50258409916454e-09,4.35440569111868e-09,4.42261780740132e-09,4.56106269296198e-09,4.79508075034508e-09,4.9643160975234e-09,5.21878239883349e-09,5.38476801141042e-09,6.47869165372193e-09,6.65996146309547e-09,6.57443490683226e-09
616,"POL","Poland",2.03572853118638e-09,2.77630246712755e-09,3.59660318523696e-09,4.30601907567243e-09,4.74926817318705e-09,5.45041778342055e-09,6.05261272767543e-09,6.14286772946303e-09,6.47070208134756e-09,5.33319700671864e-09,6.75657335917363e-09,7.02371838388335e-09,7.19767193291589e-09,7.55937324688546e-09,7.96533827515277e-09,6.58422909515131e-09,5.2585977678133e-09,5.08062896095103e-09,3.25232837506705e-09,3.05816177175329e-09,2.6266839225071e-09,2.17760586474734e-09,1.24439396805257e-09
620,"PRT","Portugal",1.28902503682869e-09,1.61272066745988e-09,2.02383055472154e-09,2.48283583396698e-09,2.81897984645529e-09,3.30873991387971e-09,3.79847012842958e-09,4.41141267591616e-09,5.13026984188184e-09,5.9008145107107e-09,6.21644421364081e-09,6.838072987032e-09,7.56875712783625e-09,8.18035301584965e-09,8.49501831315248e-09,8.77980016371917e-09,9.03174185975093e-09,9.25462118087831e-09,9.34102201542514e-09,9.45862541888482e-09,1.07395350608341e-08,1.06107180264148e-08,1.03231149163353e-08
634,"QAT","Qatar",6.68776624319863e-09,8.87646689438918e-09,1.04527570611194e-08,1.24749446967267e-08,1.25028703552164e-08,1.39629017363928e-08,1.15887300520888e-08,9.9991272815212e-09,8.87408715540374e-09,8.19505670470002e-09,6.96482942489272e-09,6.68812824509436e-09,6.52797913115566e-09,6.27400145364947e-09,6.42426751246632e-09,6.82319917174668e-09,7.40847490077086e-09,8.36123556691829e-09,9.24719235416538e-09,1.00780190859052e-08,1.14354592074729e-08,1.2257827013936e-08,1.24193655623296e-08
178,"COG","Republic of Congo",2.89240899762609e-09,3.84362258507847e-09,4.63922272880434e-09,5.70410454098132e-09,6.6098142364553e-09,7.32515216481546e-09,7.11431083913744e-09,7.79534354550533e-09,7.61066458842293e-09,7.06612114123753e-09,6.38249700596479e-09,6.28903196825272e-09,5.84089597344438e-09,6.04509145238327e-09,6.15884562737884e-09,7.09507836694002e-09,9.05716118935212e-09,1.06274440667368e-08,1.26686099472407e-08,1.39427313441059e-08,1.63213382802205e-08,1.82778649551702e-08,1.91991947935217e-08
642,"ROU","Romania",9.40432147408141e-09,7.2685875261182e-09,9.14663302968076e-09,6.8155677419138e-09,9.57816743641191e-09,8.09403309295695e-09,7.98167580906191e-09,9.72424038074803e-09,6.19440989409382e-09,5.1379662099841e-09,5.17720000364827e-09,5.09233016200829e-09,5.0869936972054e-09,4.80151382475781e-09,5.30756320053449e-09,5.25038608606737e-09,5.90402546707363e-09,6.0441214043579e-09,5.87913794840412e-09,5.6782166772187e-09,6.14509733572244e-09,6.07875789985659e-09,6.1874920304617e-09
643,"RUS","Russia",2.78570170162523e-08,2.07141763331849e-08,2.0975628722012e-08,1.44730946841312e-08,1.66820917928931e-08,1.44966793438486e-08,1.21771078636385e-08,1.27037689381201e-08,1.09498780449386e-08,8.12101603107803e-09,8.38483145993708e-09,8.57135410376945e-09,9.12838186964884e-09,8.91797893193327e-09,8.32741003157092e-09,8.54858854595316e-09,8.66579417907255e-09,9.74494698682097e-09,9.52995127399642e-09,9.99997976245981e-09,1.09402961070793e-08,1.10395823906929e-08,1.15460307891449e-08
646,"RWA","Rwanda",6.02670784267977e-10,5.97033958779245e-10,5.68844108499842e-10,5.98243021410995e-10,5.97699670917426e-10,5.83868644221278e-10,5.66095652158957e-10,5.72848395683637e-10,5.43960458310446e-10,5.41044313179159e-10,5.28516253718752e-10,4.72421132878951e-10,4.46672669684581e-10,4.44828565777777e-10,4.34187951928024e-10,4.34698429017734e-10,4.07570868067872e-10,4.10726638315702e-10,4.47708441645008e-10,3.98330949038464e-10,4.26962718114334e-10,4.01676950897714e-10,3.86727891727583e-10
652,"BLM","Saint Barthelemy",NA,NA,NA,NA,NA,NA,NA,NA,NA,NA,NA,NA,NA,NA,NA,NA,NA,NA,NA,NA,NA,NA,NA
659,"KNA","Saint Kitts and Nevis",NA,NA,NA,NA,NA,NA,NA,NA,NA,NA,NA,NA,NA,NA,NA,NA,NA,NA,NA,NA,NA,NA,NA
662,"LCA","Saint Lucia",2.20758100229348e-08,2.24999837952167e-08,2.20534127747345e-08,2.07641774732916e-08,1.90415413831937e-08,1.88028353534715e-08,1.77059087505902e-08,1.7411374702082e-08,1.65902688842426e-08,1.70732540921362e-08,1.70170246947263e-08,1.70579957038402e-08,1.86900490985786e-08,1.9915503000393e-08,2.13187824208323e-08,2.22077236757754e-08,2.24283769111528e-08,2.43958756458921e-08,2.44685010198896e-08,2.60773194386526e-08,3.66330571951336e-08,3.4645855487338e-08,3.12425274765013e-08
670,"VCT","Saint Vincent and the Grenadines",NA,NA,NA,NA,NA,NA,NA,NA,NA,NA,NA,NA,NA,NA,NA,NA,NA,NA,NA,NA,NA,NA,NA
882,"WSM","Samoa",1.11180969116139e-09,2.30336000311498e-09,4.81925554455354e-09,5.4638720258565e-09,6.1889027944533e-09,5.70438392091455e-09,5.57558469828257e-09,5.76128423049234e-09,7.13166105723638e-09,7.84625618175578e-09,8.03018402205156e-09,8.34570597407759e-09,9.28848622990491e-09,9.89709972266207e-09,1.05345156444739e-08,1.07356670328719e-08,1.0489897666096e-08,1.08848062799639e-08,1.14952672976853e-08,1.16002081946684e-08,1.25095837645203e-08,1.40415942543805e-08,1.55565975922426e-08
674,"SMR","San Marino",4.55934782556296e-09,3.69953411309061e-09,2.97365267884973e-09,2.76452375238228e-09,1.84541560065367e-09,1.89347627337523e-09,2.11283973211686e-09,1.99510230635849e-09,2.26898198933365e-09,2.60156235224185e-09,2.96562813161908e-09,3.50614436560989e-09,3.97531491190946e-09,4.22231155437987e-09,4.46928753492951e-09,4.56070715873434e-09,4.6079795886022e-09,4.73232781646793e-09,4.72232229973776e-09,4.74363451990472e-09,5.19100327582655e-09,4.78596372714593e-09,NA
678,"STP","Sao Tome and Principe",NA,1.325240069304e-09,1.28991215850864e-09,1.19830910848978e-09,1.16658471815823e-09,1.10069442263946e-09,1.01701238577157e-09,9.87029057425588e-10,9.36370779238412e-10,9.19474284711346e-10,8.66917992880466e-10,8.3514063763337e-10,8.15834143895803e-10,2.15072557834503e-09,3.59762396701288e-09,5.21973716620526e-09,6.85053428799792e-09,8.67334844467117e-09,1.07629008656035e-08,1.10293173655009e-08,1.21704876722016e-08,1.32734980730565e-08,1.45763178704501e-08
682,"SAU","Saudi Arabia",8.03996104035952e-09,1.08358279649866e-08,1.38778948923879e-08,1.51640668157912e-08,1.65366699160996e-08,1.85887349860433e-08,1.90942598879184e-08,1.91986327654974e-08,1.87480007331365e-08,1.98351158555615e-08,1.88834840212252e-08,1.71616899901547e-08,1.67010180743666e-08,1.66492674312384e-08,1.74536368969919e-08,1.84332486541942e-08,2.028172450182e-08,2.25714679020942e-08,2.46579732600047e-08,2.6828661574179e-08,3.05902773919193e-08,3.21227285863154e-08,3.14065523167483e-08
686,"SEN","Senegal",5.58479428633542e-09,7.39001665529596e-09,9.30653588095989e-09,1.09187642568902e-08,1.24802057863271e-08,1.4318180503745e-08,1.47268004383547e-08,1.46015064795749e-08,1.46492920929037e-08,1.47525661514721e-08,1.41559330622548e-08,1.40530497881529e-08,1.38064829258829e-08,1.38470336235665e-08,1.42408687972379e-08,1.48451934353389e-08,1.59147433203286e-08,1.66187043730363e-08,1.77054681241335e-08,1.85824771507615e-08,2.0134074502858e-08,2.07542669086459e-08,2.12225823134225e-08
688,"SRB","Serbia",1.88340613727324e-08,1.55240469829328e-08,1.95887443088339e-08,1.38536256544652e-08,1.74425059735202e-08,1.33540930213263e-08,1.2705141077919e-08,1.53608901534919e-08,7.02855556332405e-09,4.06519224205665e-09,4.22471482524175e-09,4.17745533053234e-09,3.57193938361872e-09,2.23881373646013e-09,2.52365613827938e-09,2.27080431767413e-09,2.42506420314098e-09,2.53807522792935e-09,2.62583083050119e-09,2.67410990521625e-09,2.89690097915542e-09,2.87065053485116e-09,2.87961316905924e-09
690,"SYC","Seychelles",NA,NA,NA,NA,NA,NA,NA,NA,NA,NA,NA,NA,NA,NA,NA,NA,NA,NA,NA,NA,NA,NA,NA
694,"SLE","Sierra Leone",NA,NA,NA,NA,NA,NA,NA,NA,NA,NA,NA,NA,NA,NA,NA,NA,NA,NA,NA,NA,NA,NA,NA
702,"SGP","Singapore",7.71972397559694e-09,8.70021594227592e-09,1.05294320333522e-08,1.32496181258632e-08,1.32155526205091e-08,1.4826561517256e-08,1.46280344475392e-08,1.06810888059909e-08,1.0861210281322e-08,1.20013021115611e-08,1.16888726823196e-08,1.10286414146618e-08,1.06510829216351e-08,1.08548620629086e-08,1.14236019982983e-08,1.18221363305601e-08,1.25249052205652e-08,1.3662546643625e-08,1.45082013112172e-08,1.56353854331147e-08,1.77340278601614e-08,1.76999193030357e-08,1.77339338166766e-08
534,"SXM","Sint Maarten",NA,NA,NA,NA,NA,NA,NA,NA,NA,NA,NA,NA,NA,NA,NA,NA,NA,NA,NA,NA,NA,NA,NA
703,"SVK","Slovakia",2.22689135003255e-09,2.44351385648194e-09,2.81008612228382e-09,3.12142018537556e-09,3.48870643356953e-09,3.42956207611242e-09,3.62243311090055e-09,3.86966128261962e-09,3.86246257635672e-09,4.45603206426798e-09,4.78345662375703e-09,4.72947782553934e-09,4.77226709183545e-09,4.85978049503732e-09,4.69848875145593e-09,5.03729361494405e-09,4.45778810937333e-09,4.73921133722678e-09,4.35625852465003e-09,4.35255660398864e-09,4.60336810936534e-09,4.4970846092756e-09,4.42327331740502e-09
705,"SVN","Slovenia",1.22457870384968e-08,9.89916591594432e-09,1.36473546817578e-08,1.21416944101579e-08,1.70017386546401e-08,1.52073755903612e-08,1.25586866402373e-08,1.33291071989381e-08,7.37795667345073e-09,5.42901018208507e-09,5.51802872804195e-09,6.66086469325164e-09,7.37802387515092e-09,7.1836724002887e-09,7.75220477173039e-09,7.18312716136392e-09,7.34997889165423e-09,6.8267285284934e-09,6.20565556050365e-09,5.70422614395587e-09,5.6926148770809e-09,5.04738892868811e-09,4.74497445493399e-09
90,"SLB","Solomon Islands",NA,NA,NA,NA,NA,NA,NA,NA,NA,NA,NA,NA,NA,NA,NA,NA,NA,NA,NA,NA,NA,NA,NA
706,"SOM","Somalia",NA,NA,NA,NA,NA,NA,NA,NA,NA,NA,NA,NA,NA,5.78403850387013e-08,5.86099726466167e-08,5.65171736383084e-08,5.94203404838775e-08,6.47892623679319e-08,6.85215680043721e-08,7.03633478804681e-08,7.50906249898554e-08,7.88698005170956e-08,8.01771645148718e-08
710,"ZAF","South Africa",5.44171308376718e-09,6.3387548272694e-09,7.24802831942985e-09,8.27201228156426e-09,9.24786375003948e-09,9.86982481609518e-09,9.91539298649753e-09,9.87621574493805e-09,9.59989768946627e-09,1.00009919521007e-08,9.76330365640481e-09,9.61630935940464e-09,9.52698467541487e-09,9.6137469484085e-09,1.01717658436367e-08,1.0992709831393e-08,1.21619376329131e-08,1.32882704713996e-08,1.4584899739078e-08,1.57835765925433e-08,1.83120975325235e-08,1.88458429935935e-08,1.95842142230014e-08
410,"KOR","South Korea",1.20428659002773e-08,8.3844453184941e-09,1.06618949364352e-08,8.269258310553e-09,8.38979264614756e-09,8.18816930902992e-09,8.05402578869869e-09,9.23914290418251e-09,9.28471769771297e-09,9.08636746487023e-09,1.08543332213958e-08,9.56311541413735e-09,9.89133777590671e-09,9.64147214452243e-09,1.01208137718864e-08,8.6326744146885e-09,7.50287110793504e-09,7.93857818006249e-09,8.4533864441778e-09,8.44857574906383e-09,9.0549676740549e-09,9.26253609798018e-09,8.6904833545954e-09
728,"SSD","South Sudan",NA,NA,NA,NA,NA,NA,NA,NA,NA,NA,NA,1.45000332309043e-08,2.99170933968812e-08,2.40802098028413e-08,2.5827226963251e-08,2.85752068119488e-08,3.7199138155096e-08,4.36457436168119e-08,4.97341975105959e-08,5.37000476501582e-08,6.23106002443671e-08,6.78870793441385e-08,6.98719185663715e-08
724,"ESP","Spain",5.88649627401197e-09,6.0117541890033e-09,6.97450368614579e-09,7.03055246739358e-09,8.38133766092031e-09,8.56877707571497e-09,9.44835430222161e-09,1.05742786711345e-08,1.04813024907915e-08,9.68102048894837e-09,9.83786804764154e-09,9.68662891049315e-09,1.0041760551866e-08,9.88157085164753e-09,9.74554493602335e-09,5.59086838964004e-09,5.39809716035093e-09,4.22732871279971e-09,3.103664231391e-09,2.92883807648844e-09,2.67517846279891e-09,2.23501712061575e-09,6.43221989813045e-10
144,"LKA","Sri Lanka",4.6985469207654e-10,6.59157238747706e-10,8.00556408197218e-10,9.33612696820417e-10,1.05945540204148e-09,1.19665433396867e-09,1.1709676023317e-09,1.11502799673064e-09,1.09333575543705e-09,1.09549418651657e-09,1.00374088980613e-09,9.33285496505604e-10,8.7683823003421e-10,8.63974552359808e-10,8.8819055920496e-10,9.44486479408617e-10,1.02696564557237e-09,1.07792861955557e-09,1.19451583248506e-09,1.32157881825219e-09,1.51611525930591e-09,1.60432750188423e-09,1.85505962709145e-09
275,"PSE","State of Palestine",NA,NA,NA,NA,NA,NA,NA,NA,NA,NA,NA,NA,NA,NA,NA,NA,NA,NA,NA,NA,NA,NA,NA
729,"SDN","Sudan",1.28274411853167e-09,1.66328877738773e-09,1.97483194917428e-09,2.29703153722874e-09,2.60229524865089e-09,2.9387499412965e-09,2.89300951289677e-09,2.77168704745776e-09,2.75716779798872e-09,2.92127375379008e-09,2.78365358986412e-09,2.88609843058106e-09,3.54383258178951e-09,3.57061695201249e-09,3.73407839120556e-09,4.06935815301926e-09,4.50172901125356e-09,5.02411638622856e-09,5.85779041174205e-09,6.65980616657208e-09,7.54944844310044e-09,8.34416027051297e-09,9.02196069440874e-09
740,"SUR","Suriname",7.00305499266264e-09,3.80480472433551e-09,8.58550527664182e-10,0,0,0,0,0,0,0,0,0,0,0,0,0,0,0,0,0,0,0,0
752,"SWE","Sweden",3.21835447274076e-09,3.30911112821931e-09,3.42529625433727e-09,3.37412058668264e-09,3.43442241514385e-09,3.4364560065036e-09,3.21350161774168e-09,3.03912078314822e-09,2.98503411325916e-09,3.02589608725942e-09,2.85590930914062e-09,2.70261633668983e-09,2.69686116344017e-09,2.66520451147365e-09,2.59620268138411e-09,2.54477205333439e-09,2.57167345971617e-09,2.41159016876197e-09,2.23404848139291e-09,2.09850056647797e-09,2.05097152221805e-09,1.87473621578117e-09,1.80908172498013e-09
756,"CHE","Switzerland",2.18935837511907e-09,2.28504452690007e-09,2.59485820791212e-09,2.73475448784138e-09,3.00130620406837e-09,3.00883708940384e-09,2.89106581005873e-09,2.88364479343017e-09,3.00241115659905e-09,2.93148951825004e-09,2.87856069553307e-09,2.98116530750725e-09,3.15552028381158e-09,3.19333687840396e-09,3.19300303660984e-09,3.17724071933282e-09,2.93697862069553e-09,2.91484186696941e-09,2.7831797706391e-09,2.61833677793915e-09,2.63080121255156e-09,2.49145288365206e-09,2.37694158240811e-09
760,"SYR","Syria",NA,NA,NA,NA,NA,NA,NA,NA,NA,NA,NA,NA,NA,NA,NA,NA,NA,NA,NA,NA,NA,NA,NA
158,"TWN","Taiwan",8.10641977521958e-09,1.08479592773218e-08,8.21200401523347e-08,8.01260637784117e-08,7.97758361670054e-08,5.67431686821876e-08,3.24859509485981e-08,3.43649729126297e-08,2.99316676611059e-08,2.46665027745916e-08,1.11872552857014e-08,1.09962370029135e-08,8.60577747147784e-09,8.55406728310894e-09,8.77755789726079e-09,7.71839252596118e-09,6.47032789932279e-09,6.07935419332857e-09,7.03777831856832e-09,6.76255200562432e-09,6.82059611999738e-09,6.7775378645165e-09,6.24057702876713e-09
762,"TJK","Tajikistan",4.23822669811816e-07,3.23598870703849e-07,3.57069361436771e-07,2.29774365767385e-07,3.26772784347067e-07,2.51128103926845e-07,2.44001256180595e-07,2.74801603783249e-07,1.31031914824222e-07,9.65093823525916e-08,7.33848243318638e-08,4.87617121880126e-08,4.3481781786048e-08,2.47488132899012e-08,1.63455854615742e-08,1.37133017392625e-08,1.37550488687131e-08,1.02122343686415e-08,8.84747165073534e-09,8.23786932098263e-09,6.97249127481287e-09,5.61278177567861e-09,4.6384619208836e-09
834,"TZA","Tanzania",NA,NA,NA,NA,NA,NA,NA,NA,NA,NA,NA,NA,NA,NA,NA,NA,NA,NA,NA,NA,NA,NA,NA
764,"THA","Thailand",6.59064894722066e-09,8.70366587919792e-09,1.03083353907387e-08,1.18732867134726e-08,1.33323794364482e-08,1.52812667775167e-08,1.52681991640463e-08,1.48178983125764e-08,1.5228638702215e-08,1.57790213177696e-08,1.46763312361382e-08,1.46565512917916e-08,1.40489853752512e-08,1.40535813172129e-08,1.51146928466356e-08,1.61745419994638e-08,1.76244431228337e-08,1.8907991447389e-08,2.03698338246033e-08,2.18960703464468e-08,2.54671121059799e-08,2.73812905263153e-08,2.83618161090333e-08
626,"TLS","Timor-Leste",NA,NA,NA,NA,NA,NA,NA,NA,NA,NA,NA,NA,NA,NA,NA,NA,NA,NA,NA,NA,NA,NA,NA
768,"TGO","Togo",9.33880338240868e-09,1.27922438264223e-08,1.55150491125442e-08,1.80656851372414e-08,2.18067189274667e-08,2.74036158484167e-08,2.81302228492561e-08,2.90228492660612e-08,2.89625794950006e-08,2.83575812099938e-08,2.65358130491598e-08,2.51201689549972e-08,2.40844218082223e-08,2.32545699162493e-08,2.39847810386341e-08,2.51708133855136e-08,2.72132091386853e-08,2.9242433740416e-08,3.14971323486121e-08,3.31207138397997e-08,3.55203329759774e-08,3.67607886509382e-08,3.69934139675316e-08
776,"TON","Tonga",NA,NA,NA,NA,NA,NA,NA,NA,NA,NA,NA,NA,NA,NA,NA,NA,NA,NA,NA,NA,NA,NA,NA
780,"TTO","Trinidad and Tobago",8.34509002122333e-09,1.1082081952161e-08,1.2947397555536e-08,1.40158949021832e-08,1.55203435361777e-08,1.74727837865337e-08,1.62670044138378e-08,1.58467303410556e-08,1.59163782664095e-08,1.72372571842234e-08,1.65531219747311e-08,1.6732100310966e-08,1.59875661887709e-08,1.5818873099419e-08,1.6743317718902e-08,1.87045794692229e-08,2.28889506826743e-08,2.68317214665464e-08,3.07111683833936e-08,3.37970281296006e-08,4.02686946806596e-08,4.43851161460672e-08,4.63645536752372e-08
788,"TUN","Tunisia",2.09435258358965e-09,2.79185976111889e-09,3.48184611168049e-09,4.1149691571254e-09,4.63910821327857e-09,5.35326200669298e-09,5.36565811216034e-09,5.12516841194767e-09,5.1119900362104e-09,5.13238449342828e-09,4.94925551045481e-09,5.07949337640764e-09,4.97694491929835e-09,4.99291555056217e-09,5.29018704703673e-09,5.81091817550597e-09,6.55060469436154e-09,7.18574163580365e-09,7.88952383799218e-09,8.5876201969648e-09,1.03189579385519e-08,1.0824842345903e-08,1.12471831950801e-08
792,"TUR","Turkiye",3.35033062856166e-10,4.50048094707582e-10,6.09672414741971e-10,7.63772628407468e-10,9.40990237159237e-10,1.02472946457054e-09,1.16185947695912e-09,1.27844977076563e-09,1.42484755885801e-09,1.61681693340314e-09,2.1607950478362e-09,2.16665341715127e-09,2.54160302021383e-09,2.45201884002119e-09,2.57598173672503e-09,2.38408628721231e-09,2.5353013990993e-09,2.49086912291066e-09,2.38877143282777e-09,2.6042394435565e-09,2.66320993546249e-09,2.50038393255788e-09,2.43602359797216e-09
795,"TKM","Turkmenistan",1.27910936179909e-09,1.68957469240358e-09,2.1294480305424e-09,2.5542730752226e-09,2.909866600255e-09,3.07873166863665e-09,2.9224414506166e-09,2.6829614641417e-09,2.43161925436571e-09,2.36904264680416e-09,2.15576557303746e-09,1.89141497372748e-09,1.73645679250941e-09,1.61796823371563e-09,1.60532007924807e-09,1.67328879488347e-09,1.79696700259071e-09,1.88292112864724e-09,2.01476751592913e-09,2.09031114323186e-09,2.36569610927989e-09,NA,NA
796,"TCA","Turks and Caicos Islands",NA,NA,NA,NA,NA,NA,NA,NA,NA,NA,NA,NA,NA,NA,NA,NA,NA,NA,NA,NA,NA,NA,NA
798,"TUV","Tuvalu",NA,NA,NA,NA,NA,NA,NA,NA,NA,NA,NA,NA,NA,NA,NA,NA,NA,NA,NA,NA,NA,NA,NA
800,"UGA","Uganda",NA,NA,NA,NA,NA,NA,NA,NA,NA,NA,NA,NA,NA,NA,NA,NA,NA,NA,NA,NA,NA,NA,NA
804,"UKR","Ukraine",6.15731784501371e-10,2.61773764942593e-10,3.90507073440377e-10,4.88397473039898e-10,5.16122129752211e-10,6.75159308526539e-10,8.28133711007749e-10,1.11647559975864e-09,1.24482247460052e-09,1.30531266216506e-09,1.37172860256173e-09,1.40577472494334e-09,1.46782233259442e-09,1.51949378976837e-09,1.62409299168688e-09,1.65434214756915e-09,1.8525899823054e-09,2.06389525546319e-09,2.64631711324475e-09,3.08456039138431e-09,3.70679298731163e-09,4.14321955852272e-09,6.02801356371556e-09
784,"ARE","United Arab Emirates",9.93158925031246e-09,1.23131549780483e-08,1.44794047977707e-08,1.59586924557107e-08,1.71371580956194e-08,1.88935517118949e-08,1.82405542875539e-08,1.85132993503575e-08,1.81483093277707e-08,1.97441240440565e-08,1.96483265051413e-08,1.87786064743406e-08,1.81727756923189e-08,1.77197138849095e-08,1.84711879535619e-08,1.9109356184384e-08,2.02873771852792e-08,2.23081911178328e-08,2.46183333148614e-08,2.67681910103781e-08,3.0551116644936e-08,3.20028375597647e-08,3.16479802063166e-08
826,"GBR","United Kingdom",5.41898218940399e-09,5.21898343171221e-09,5.5905519575466e-09,5.2581987076462e-09,5.49616624914794e-09,5.31452936905337e-09,4.40473338593868e-09,4.62784691588309e-09,4.48668075123338e-09,4.77627391061075e-09,4.89042206090558e-09,5.02631184969547e-09,5.13941854414372e-09,5.19281337199326e-09,5.06699788773623e-09,4.94857341966826e-09,4.84369738311028e-09,4.72816142671872e-09,4.51976073855848e-09,4.25774926720737e-09,4.64279209896201e-09,4.21538787282514e-09,4.04930088207258e-09
840,"USA","United States of America",9.38977601896187e-09,9.2970429346978e-09,9.41550642429641e-09,9.36060659920767e-09,9.13768703457108e-09,8.95766739271682e-09,9.07877264154573e-09,9.25571839084026e-09,9.59913524280207e-09,1.01571759463204e-08,1.03036754396432e-08,1.03797435346637e-08,1.01498761638962e-08,9.96776710865941e-09,1.00193415446469e-08,9.86372799051649e-09,9.70371829612786e-09,9.44281962295976e-09,9.22605065969245e-09,9.2133744323673e-09,9.52627082334444e-09,9.13542651177645e-09,8.95032181564927e-09
858,"URY","Uruguay",7.94190781897699e-11,2.63188462423393e-10,4.98596381537942e-10,3.74985927433396e-10,2.40998058535387e-10,3.40478709110536e-10,4.97464862782114e-10,1.50186846906421e-09,2.36695934704452e-09,1.47589409532502e-09,6.16611500006841e-10,2.93171830140793e-10,9.50386024298562e-13,1.99603935828829e-09,3.87981581940012e-09,2.79245729895861e-09,1.70357085976709e-09,1.8743613611924e-09,1.93382330884834e-09,2.09291092935596e-09,2.39128565571932e-09,2.4220243885885e-09,2.49977803830166e-09
860,"UZB","Uzbekistan",9.78776220112536e-11,9.3965068545536e-11,2.41081655749155e-11,1.23517156431757e-10,4.86864915557767e-10,1.44365853165868e-10,4.02082913631707e-10,1.07499381844884e-10,2.95790724725212e-10,1.66531978945961e-10,1.77388887095416e-10,5.58020766795292e-10,6.68913228078483e-10,6.69180672122932e-10,6.79657072265039e-10,6.73827999097175e-10,6.73788403050484e-10,7.17635274115952e-10,7.11885662772084e-10,7.11929068541278e-10,7.45321913184282e-10,7.38006594368251e-10,7.29687042258851e-10
548,"VUT","Vanuatu",NA,NA,NA,NA,NA,NA,NA,NA,NA,NA,NA,NA,NA,NA,NA,NA,NA,NA,NA,NA,NA,NA,NA
862,"VEN","Venezuela",5.76429287298909e-09,5.50099815119324e-09,7.28053522833187e-09,9.24228331797312e-09,8.53275665974055e-09,8.65655582542661e-09,8.2881153945618e-09,8.27947192261695e-09,8.07886563206619e-09,8.19849654024964e-09,8.02263361470639e-09,7.88083959796387e-09,7.8189098525191e-09,7.32863271355028e-09,7.6256132874126e-09,8.09411977953575e-09,1.09255612876409e-08,1.43424837023305e-08,1.99085191784452e-08,3.00932954073666e-08,4.67220413049985e-08,5.0282718901606e-08,4.87809284391423e-08
704,"VNM","Viet Nam",2.98371508761669e-09,3.87546563429985e-09,4.5867098697354e-09,5.34205397044682e-09,5.9189259146857e-09,6.58461487964817e-09,6.47664961526051e-09,6.17425675845876e-09,6.06660194308626e-09,5.96765980573377e-09,5.57130084937815e-09,5.26953357599109e-09,5.09127309811511e-09,4.9455168003282e-09,5.09169758540945e-09,5.2954108075658e-09,5.90577187339093e-09,6.75625000356868e-09,7.08509805372937e-09,7.45490898950298e-09,8.11849911311414e-09,8.89072024328876e-09,8.82045735755981e-09
876,"WLF","Wallis and Futuna Islands",NA,NA,NA,NA,NA,NA,NA,NA,NA,NA,NA,NA,NA,NA,NA,NA,NA,NA,NA,NA,NA,NA,NA
732,"ESH","Western Sahara",NA,NA,NA,NA,NA,NA,NA,NA,NA,NA,NA,NA,NA,NA,NA,NA,NA,NA,NA,NA,NA,NA,NA
887,"YEM","Yemen",8.98306688039021e-09,1.19621997959255e-08,1.45041837452311e-08,1.73452825430054e-08,1.9919427851505e-08,2.26377698238821e-08,2.30852601788592e-08,2.27817650630042e-08,2.28331564366903e-08,2.27026895340877e-08,2.09835129174969e-08,2.41494426562969e-08,2.41189928484027e-08,2.36201957234577e-08,2.58059799968559e-08,3.98060359246528e-08,5.00201601566121e-08,5.91144885805131e-08,6.65173191053866e-08,7.1713274546321e-08,8.58975125962575e-08,9.50697530939961e-08,9.97595133103204e-08
894,"ZMB","Zambia",4.36424904367046e-08,3.914976185241e-08,3.53148013004416e-08,3.11368689175031e-08,2.7406850097933e-08,2.40584152517638e-08,2.10391369823581e-08,1.83487547943908e-08,1.60904014094195e-08,1.3798332870703e-08,1.15929346496863e-08,9.93488881457102e-09,9.17126667404777e-09,7.5277121764598e-09,5.60889813380321e-09,3.91357536414915e-09,2.36137497999519e-09,1.99199148068145e-09,1.00319354883196e-09,9.46994649932297e-11,0,0,0
716,"ZWE","Zimbabwe",2.14423023787259e-09,2.91934507900086e-09,4.05528483419318e-09,6.04692548886299e-09,7.65268833442126e-09,9.739454394322e-09,1.06024483673939e-08,1.1246867293368e-08,1.41904757184235e-08,1.30883649762574e-08,1.06900100735564e-08,9.40197991056094e-09,8.2861332007157e-09,8.250737333574e-09,8.87763356988129e-09,9.64802857567376e-09,1.09235404683101e-08,1.17454375587508e-08,1.26524295513328e-08,1.49265667838416e-08,1.77313830275145e-08,1.78842673984933e-08,1.84397469060163e-08
