"code","iso","country","FGP.raw.2000","FGP.raw.2001","FGP.raw.2002","FGP.raw.2003","FGP.raw.2004","FGP.raw.2005","FGP.raw.2006","FGP.raw.2007","FGP.raw.2008","FGP.raw.2009","FGP.raw.2010","FGP.raw.2011","FGP.raw.2012","FGP.raw.2013","FGP.raw.2014","FGP.raw.2015","FGP.raw.2016","FGP.raw.2017","FGP.raw.2018","FGP.raw.2019","FGP.raw.2020","FGP.raw.2021","FGP.raw.2022"
4,"AFG","Afghanistan",4.72803996851658e-06,6.50121349213089e-06,7.66657320748852e-06,8.7877614303826e-06,1.0147089922874e-05,1.16749731711165e-05,1.17910883268854e-05,1.1813166206114e-05,1.20330573058461e-05,1.20137415293537e-05,1.15999930754781e-05,1.12481874263932e-05,1.10285143222491e-05,1.09380715241448e-05,1.152333965334e-05,1.23839012956849e-05,1.37717158232713e-05,1.50097838540625e-05,1.64909521641363e-05,1.76862287741757e-05,1.87569456507878e-05,1.99753303423373e-05,2.07640534651522e-05
8,"ALB","Albania",7.54282821095445e-06,1.0522280929869e-05,1.33398448382667e-05,1.65810418158083e-05,1.99211150274254e-05,2.39416607144577e-05,2.5363010171603e-05,2.60604568930077e-05,2.73130043151154e-05,2.84199692640765e-05,2.83897713061458e-05,2.86383530193326e-05,2.92718144835835e-05,3.0119940920703e-05,3.29860053497555e-05,3.6796573614149e-05,4.20708452171881e-05,4.69817366329129e-05,5.33775052540211e-05,5.92111740244434e-05,6.51902197756117e-05,7.18435262225314e-05,7.78200584082772e-05
12,"DZA","Algeria",1.7579420393187e-05,2.04480723925863e-05,2.30199841288593e-05,2.58922831731074e-05,2.87909764650378e-05,3.21634241788238e-05,3.3497751463433e-05,3.38396261256862e-05,3.50018594376237e-05,3.5515362141482e-05,3.54191157916156e-05,3.53003558139043e-05,3.56945760588749e-05,3.63151912286919e-05,3.81835290290795e-05,4.07150122622996e-05,4.41256719961802e-05,4.76461976170775e-05,5.15181062173124e-05,5.5028210973384e-05,5.82256155609776e-05,6.20218643369504e-05,6.45833344932352e-05
20,"AND","Andorra",0.000213322843699411,0.000218224712474196,0.000228655309178676,0.00024219627369532,0.000231370153250231,0.000236764963796257,0.000258037172311489,0.000281445092621021,0.000305042403523766,0.000314141797107729,0.000339769851368168,0.00035285615089206,0.000343599059327165,0.000332086258354702,0.000322531101213331,0.000315000139380593,0.000306038047973532,0.000285764589568915,0.000255955634356712,0.000226608857393605,0.000202059202059202,0.000193587569906622,0.000174133092804169
24,"AGO","Angola",3.82455550064408e-06,5.11168168601914e-06,6.22283255459437e-06,7.5037206867979e-06,8.63027655508128e-06,9.97380129175122e-06,1.01178732230485e-05,9.94754392271065e-06,9.95780747888507e-06,9.9521612051072e-06,9.50172240118797e-06,9.23364421721802e-06,9.05182455404281e-06,8.94940077642553e-06,9.43662709586658e-06,1.00968009459423e-05,1.1113113453295e-05,1.20164345100347e-05,1.31421032602872e-05,1.40324467258469e-05,1.48675593623953e-05,1.57663912359268e-05,1.62971764270784e-05
660,"AIA","Anguilla",NA,NA,NA,NA,NA,NA,NA,NA,NA,NA,NA,NA,NA,NA,NA,NA,NA,NA,NA,NA,NA,NA,NA
28,"ATG","Antigua and Barbuda",NA,NA,NA,NA,NA,NA,NA,NA,NA,NA,NA,NA,NA,NA,NA,NA,NA,NA,NA,NA,NA,NA,NA
32,"ARG","Argentina",4.93650334897243e-05,6.37665038183996e-05,8.34102590606506e-05,0.000105543202124323,0.000126975766196599,0.000150241226750586,0.000160853762119983,0.000162252532600283,0.000162388576048097,0.000161241409409193,0.000156416817279145,0.000152927099821165,0.000151437925869746,0.000152596022053916,0.000177175734423886,0.000193360070811518,0.000214038110437609,0.0002338527460136,0.000258458899034312,0.000280381867642312,0.000301916643988025,0.000323082401708128,0.000341733710278593
51,"ARM","Armenia",8.61600184060523e-06,1.20007672830997e-05,1.52977243105316e-05,1.90979416374685e-05,2.29634232462256e-05,2.76315072691867e-05,2.93079168382077e-05,3.0089272608477e-05,3.15074540267699e-05,3.27902476675744e-05,3.27869631431769e-05,3.31856594250004e-05,3.40033234731701e-05,3.51556239520091e-05,3.8409234825757e-05,4.27291786444429e-05,4.92003203254898e-05,5.54012152502014e-05,6.31046723192941e-05,6.98432462289965e-05,7.69886598555465e-05,8.45582939862571e-05,9.06321919071926e-05
533,"ABW","Aruba",NA,NA,NA,NA,NA,NA,NA,NA,NA,NA,NA,NA,NA,NA,NA,NA,NA,NA,NA,NA,NA,NA,NA
36,"AUS","Australia",0.000209156624783841,0.000211157620551416,0.00024724021952059,0.000273823437734604,0.000305527764848173,0.000324629560500146,0.000329568784183593,0.000355297402651152,0.000311541155033656,0.000341145047820929,0.000328616655508527,0.000351387267981449,0.00032199226998612,0.00034460202120111,0.000365484527267915,0.00040602964520273,0.000399323597085467,0.00039236890060511,0.000389319461170651,0.000430146276963611,0.000440454987663557,0.000455464186325494,0.000461912699654547
40,"AUT","Austria",0.00016975457731984,0.000196461382344563,0.000205395797082316,0.000211785545464138,0.000216594146377995,0.000212692801466827,0.000205596058650992,0.000210958078772229,0.000212702139134598,0.000194167240079283,0.00021044062919835,0.000212115791865788,0.000220640804954596,0.000221702740729376,0.000228167420126192,0.000237194422714478,0.000248378443589707,0.000256889235045239,0.000259034507129161,0.000252254524815539,0.00025345233481188,0.000254583707067054,0.00026209484781247
31,"AZE","Azerbaijan",5.88922297045449e-05,5.95472926324095e-05,6.05730578380925e-05,6.74026305242832e-05,7.51218924938301e-05,8.48442238600547e-05,9.20496667472052e-05,0.000104180019344388,0.000115252071113951,0.000116236923485816,0.000124802138909861,0.000105853190890477,0.000118333214282948,0.000122122151673376,0.000131094876088599,0.000134724226245088,0.000136301047816867,0.000149177499202611,0.000155939206245295,0.000162605145924152,0.000171403870021968,0.000181499839708022,0.000186731893099726
44,"BHS","Bahamas",NA,NA,NA,NA,NA,NA,NA,NA,NA,NA,NA,NA,NA,NA,NA,NA,NA,NA,NA,NA,NA,NA,NA
48,"BHR","Bahrain",0.000735126686363751,0.000762745170535852,0.000839208685008098,0.000922575604942333,0.00096706345064077,0.00101339252550944,0.00106078285774902,0.00115325621893416,0.000900622600403659,0.000809697376665285,0.000783589929509865,0.000801104220276435,0.00077065062015333,0.000752175880755156,0.000761173152400899,0.000829575771101691,0.000872550208880007,0.000926667005300535,0.00102195866446139,0.00110427871191577,0.00121829967329264,0.0013326362620578,0.00140602744266702
50,"BGD","Bangladesh",2.20599628957616e-06,2.98472359226689e-06,3.69763413887237e-06,4.50538868662176e-06,5.29578108177677e-06,6.2379096147477e-06,6.49237600496074e-06,6.55631093353861e-06,6.75279259950044e-06,6.95264248469447e-06,6.80633632713069e-06,6.79044787697146e-06,6.83802723466582e-06,6.88177006709057e-06,7.43774261587806e-06,8.17335107394032e-06,9.19988718810442e-06,1.01981554763069e-05,1.14244549242877e-05,1.24459099845815e-05,1.34391782304474e-05,1.45846402799741e-05,1.53633725002362e-05
52,"BRB","Barbados",NA,NA,NA,NA,NA,NA,NA,NA,NA,NA,NA,NA,NA,NA,NA,NA,NA,NA,NA,NA,NA,NA,NA
112,"BLR","Belarus",3.86788662081985e-06,4.30072913977662e-06,4.65255452611451e-06,5.04248909510696e-06,6.04307479045021e-06,6.58118371281204e-06,6.97558877092625e-06,7.76073263826315e-06,8.5432544236793e-06,9.77423207309569e-06,1.13877970897008e-05,1.23657170324435e-05,1.4713921147779e-05,1.59903236303838e-05,1.80980820795649e-05,1.9976586172651e-05,2.06982949990702e-05,2.13553478072551e-05,2.21426804403321e-05,2.28243655516416e-05,2.4093939926345e-05,2.52617955116777e-05,2.63880866584766e-05
56,"BEL","Belgium",0.000167784416534569,0.000159431180655943,0.00016355706617335,0.000190822534753554,0.000204392284642261,0.000203271099611714,0.000206675073981144,0.000229631930131662,0.000278245332644629,0.000280646687771668,0.000260656012443938,0.000275405625377324,0.000280905654234671,0.000280480853507718,0.000289051969313743,0.000287381911756723,0.00030093310442414,0.000287468534502993,0.000268660671420648,0.000250674994647044,0.000240063702680151,0.000231174941464435,0.000226231819402566
84,"BLZ","Belize",0.000138931640641249,0.000135429262394196,0.000132037955052405,0.000129167645209433,0.000126043626528692,0.000123049487293803,0.000120181900675027,0.000117776514017088,0.00011515649178365,0.00011267749092055,0.000110522622987464,0.00010863694020113,0.000107102910766364,0.000121269089727522,0.000131409028339506,0.000136993533794054,0.000139118408550746,0.000139047166613734,0.000146833269644512,0.000151633919736825,0.000156486993601252,0.000161487484719934,0.000166308059772202
204,"BEN","Benin",1.3332336861425e-05,1.78867535556162e-05,2.1932825541327e-05,2.63734840469145e-05,3.05273736806411e-05,3.53399426388556e-05,3.6179144365616e-05,3.58474291784891e-05,3.615349696945e-05,3.63041146625669e-05,3.50423631468677e-05,3.42367869649345e-05,3.38523426719864e-05,3.38548007368512e-05,3.58931322966216e-05,3.86909719144705e-05,4.28060711797469e-05,4.65646538577652e-05,5.12533495780769e-05,5.49207172661948e-05,5.84507482842649e-05,6.22456363616079e-05,6.46303294933581e-05
60,"BMU","Bermuda",NA,NA,NA,NA,NA,NA,NA,NA,NA,NA,NA,NA,NA,NA,NA,NA,NA,NA,NA,NA,NA,NA,NA
64,"BTN","Bhutan",NA,NA,NA,NA,NA,NA,NA,NA,NA,NA,NA,NA,NA,NA,NA,NA,NA,NA,NA,NA,NA,NA,NA
68,"BOL","Bolivia",6.99434493828218e-07,9.42135931921075e-07,1.17969800405209e-06,1.26968312463055e-06,1.35629574582106e-06,1.39697749522575e-06,1.44613720509673e-06,1.59610311938275e-06,1.73066535581417e-06,1.78086115481185e-06,2.17151654998841e-06,2.23157474342181e-06,2.40309632338562e-06,2.46664238497698e-06,2.63809052809168e-06,2.70511903200021e-06,2.77900721964767e-06,3.07812499863365e-06,3.13606426519386e-06,3.26899637141403e-06,3.42656207246517e-06,3.59287227123835e-06,3.69761070540105e-06
70,"BIH","Bosnia and Herzegovina",0.000315838587340137,0.000245534373381976,0.000338223279765435,0.000255750991274111,0.000391034213079853,0.000332169356546435,0.000330204929121758,0.000434145168163885,0.00025206725580414,0.000181290696924763,0.000178426737981385,0.000176322458512127,0.000172002087974714,0.000131856868125717,0.00014113424891377,9.93098250898612e-05,0.000104855348455869,0.000124999018903049,0.000132642026229005,0.00013419779326458,0.000144346368603972,0.000155612616912004,0.000152774401690291
72,"BWA","Botswana",2.49567888545645e-05,3.38265424846617e-05,4.18911165208091e-05,5.10164144766192e-05,5.97067912440798e-05,7.0266012329836e-05,7.25876028670029e-05,7.27003925312802e-05,7.42283243329414e-05,7.51587240000839e-05,7.31475036143472e-05,7.21636972554834e-05,7.21698058999966e-05,7.26115534452604e-05,7.78631519711765e-05,8.4592422861471e-05,9.47961585025778e-05,0.000104086866735503,0.000115443812109689,0.00012481487793345,0.000134307151816563,0.000144489521225858,0.000151693953836374
76,"BRA","Brazil",1.70576934404981e-05,1.6441103609697e-05,1.93376778834341e-05,2.12999801707588e-05,2.52270921451426e-05,2.48397549399715e-05,3.17232198112705e-05,3.42280046268924e-05,3.84590797234249e-05,3.82998862483097e-05,4.54282728009747e-05,4.2435033855336e-05,4.5955122387717e-05,5.0068964545606e-05,5.25902801857764e-05,5.60461065488633e-05,5.9944045713948e-05,6.28282415919506e-05,6.51863831907214e-05,6.79941652318088e-05,7.08267437882038e-05,7.37193973693084e-05,7.66324459602621e-05
92,"VGB","British Virgin Islands",NA,NA,NA,NA,NA,NA,NA,NA,NA,NA,NA,NA,NA,NA,NA,NA,NA,NA,NA,NA,NA,NA,NA
96,"BRN","Brunei Darussalam",7.15727436617694e-05,9.68457628511393e-05,0.000120012778338989,0.00014602663503227,0.000171447119105812,0.000201517791648601,0.0002086865088732,0.000209638070696083,0.000214526429656134,0.000218543674147026,0.000214112757635973,0.000212450125278327,0.000213951612506578,0.000217147354154218,0.000234486002841673,0.000256266061119456,0.000291083911979981,0.000323048461917467,0.000361522909499533,0.000394933888523632,0.00042786801743166,0.000464778960556657,0.000492202707337607
100,"BGR","Bulgaria",4.83465953960333e-06,6.55500926316452e-06,8.75316967457986e-06,1.17551326137152e-05,1.65870574300946e-05,2.65048625324652e-05,4.02577442875445e-05,5.2350206180293e-05,8.47507280888337e-05,8.71791213929639e-05,9.22170063574296e-05,0.000104785741736079,0.000114838880639835,0.000136129985554255,0.000155040090321927,0.000172750286256976,0.000199219340774784,0.000258622626766424,0.000323129970703357,0.000263770504752098,0.000285548848682906,0.000312602549993508,0.000371224128578427
854,"BFA","Burkina Faso",9.50947278136426e-06,1.27349392200535e-05,1.55949813924957e-05,1.87251675691456e-05,2.17165327592037e-05,2.51511102485586e-05,2.57050698081242e-05,2.54115416104846e-05,2.5661414740114e-05,2.58146601966438e-05,2.48808001814251e-05,2.4273232027825e-05,2.40742346555386e-05,2.39844757503909e-05,2.54267483448673e-05,2.73533219514309e-05,3.02975310936195e-05,3.30210067041214e-05,3.63364912081628e-05,3.90422916316953e-05,4.16306077148764e-05,4.43877684685129e-05,4.63090333223044e-05
108,"BDI","Burundi",4.43904783058184e-06,5.9854039660493e-06,7.35455797602564e-06,8.83272995779238e-06,1.01678310050311e-05,1.17203243687739e-05,1.19088191857345e-05,1.17060512354982e-05,1.16814117813621e-05,1.14818920229096e-05,1.08802780442454e-05,1.0575594721213e-05,1.04129670432656e-05,1.03452587235902e-05,1.08624054339469e-05,1.18391207057085e-05,1.32986931420107e-05,1.45218636068921e-05,1.60090875933747e-05,1.70949700534862e-05,1.81666019788339e-05,1.93606785256533e-05,2.00937563811253e-05
132,"CPV","Cabo Verde",3.05509426056899e-07,4.52830512621309e-07,6.86768195659202e-07,9.91482829225414e-07,1.34406668543702e-06,1.7288013846644e-06,2.20492138453027e-06,2.81336865233698e-06,3.54668296965137e-06,4.36352634988112e-06,5.21860586479206e-06,5.40262852094988e-06,5.93784184736187e-06,6.46368114975738e-06,6.97705081343989e-06,7.47963474752158e-06,7.98719183945386e-06,8.46086584040471e-06,8.92854016617589e-06,9.39292584441017e-06,9.8517094603872e-06,1.03074371731088e-05,1.07561506468021e-05
116,"KHM","Cambodia",4.83544589783792e-06,6.56498131979142e-06,8.11986900899944e-06,9.93141070606074e-06,1.16007756693475e-05,1.36639010981172e-05,1.41714743950023e-05,1.42182261472304e-05,1.44866338570706e-05,1.47643288164377e-05,1.44811178754641e-05,1.4340719718867e-05,1.44048952297479e-05,1.46003085531874e-05,1.57125024908261e-05,1.71882344524474e-05,1.93925163063541e-05,2.14141026963514e-05,2.39622026206413e-05,2.61603309923539e-05,2.82981009778702e-05,3.06226593332229e-05,3.23237778600252e-05
120,"CMR","Cameroon",7.55387403080152e-05,6.8416877979079e-05,7.54051471427764e-05,7.64323763632937e-05,9.69695123688777e-05,9.49339372675385e-05,9.46407799346674e-05,9.64284966808325e-05,8.41451341664873e-05,7.71250513865066e-05,7.34478999836805e-05,6.99305042385465e-05,6.65630691736728e-05,6.79522115671305e-05,7.44408472175603e-05,7.43069701763109e-05,8.26598593179803e-05,8.93692380669827e-05,9.80988483075576e-05,0.00010472284111051,0.000110980723441058,0.00011802065898324,0.000121800340869001
124,"CAN","Canada",0.000492085409081029,0.000451308604759462,0.000497447726455026,0.000442421552654422,0.000453966895794717,0.000412483000970762,0.000488161710105997,0.000583781367796704,0.00050831473573138,0.000475781318416796,0.000470520577202884,0.000477586515379684,0.000475309514354088,0.000484565809367136,0.00051922493826091,0.000501359721174533,0.000520638800545685,0.000519903606587737,0.000528799557017057,0.000523919031372112,0.000528847638889992,0.000538893204394501,0.000534293664546086
136,"CYM","Cayman Islands",NA,NA,NA,NA,NA,NA,NA,NA,NA,NA,NA,NA,NA,NA,NA,NA,NA,NA,NA,NA,NA,NA,NA
140,"CAF","Central African Republic",1.25293615345941e-05,1.69060696171139e-05,2.08617001573277e-05,2.53300291717503e-05,2.96466363946968e-05,3.44513468575857e-05,3.56281925654907e-05,3.56525059940776e-05,3.62640587585201e-05,3.680546122939e-05,3.58363946269442e-05,3.55027935204021e-05,3.58242274851015e-05,3.66481288215045e-05,4.00105527832966e-05,4.41969874254383e-05,4.95495982302433e-05,5.44354810465461e-05,6.04540333439324e-05,6.52675855830814e-05,6.98107063046741e-05,7.4764245245782e-05,7.79689500754955e-05
148,"TCD","Chad",7.64002340680388e-06,1.02122030204698e-05,1.24457351803257e-05,1.47884501334549e-05,1.69553179522594e-05,1.94902314959742e-05,1.97769278308067e-05,1.94913031017937e-05,1.96420037582902e-05,1.95718071336714e-05,1.88318739892055e-05,1.82663526477687e-05,1.80322771488869e-05,1.78561079162633e-05,1.88360682379647e-05,2.02259164143495e-05,2.23401131465056e-05,2.42610906990933e-05,2.65313014885085e-05,2.82757976658329e-05,3.00395903777424e-05,3.18980380378283e-05,3.29509462535649e-05
152,"CHL","Chile",1.8499460551822e-05,3.02113285653973e-05,4.21185704664074e-05,5.39752793220705e-05,6.43027959979438e-05,7.48053623203906e-05,8.63199685330044e-05,9.69959270197795e-05,0.00010803373677532,0.000118811078919249,0.000129380089415756,0.000252131574483656,0.000281978120919715,0.00020445547311025,0.000231807257579928,0.000258532061668962,0.000283678075926078,0.000325011567308671,0.000364142887316224,0.000396019115012827,0.000432635425898489,0.000474011839215184,0.000501435109323311
156,"CHN","China",4.56185230211184e-05,5.96768486849864e-05,6.04498594189316e-05,8.30487426265135e-05,0.000106475319715294,0.00014650385052005,0.000168571036292353,0.000147205560424468,0.000129090215943019,0.000159998798131094,0.000190624988319547,0.00021635124736531,0.000242949659944321,0.000264076758311082,0.000293761754114851,0.000251474787297262,0.000262287521887317,0.000276461719720817,0.000290142290912202,0.000303321979477817,0.000318191481822692,0.000334192415531451,0.00033352806840512
170,"COL","Colombia",2.32563269258158e-05,3.16281930198335e-05,3.93038521483016e-05,4.79812708397334e-05,5.64249154370597e-05,6.65546527386647e-05,6.92026799205385e-05,6.9735358010937e-05,7.16644429768195e-05,7.33403910107969e-05,7.22954344897598e-05,7.195054552087e-05,7.27353472840894e-05,7.3965248876842e-05,7.99092556491398e-05,8.76490628299043e-05,9.86856851479409e-05,0.000108579494594923,0.000120340213350413,0.000130311576573613,0.000140386944116297,0.000151795843829796,0.000160581334503759
174,"COM","Comoros",NA,NA,NA,NA,NA,NA,NA,NA,NA,NA,NA,NA,NA,NA,NA,NA,NA,NA,NA,NA,NA,NA,NA
184,"COK","Cook Islands",NA,NA,NA,NA,NA,NA,NA,NA,NA,NA,NA,NA,NA,NA,NA,NA,NA,NA,NA,NA,NA,NA,NA
188,"CRI","Costa Rica",1.41988589143578e-05,1.91452627070513e-05,2.3698504568572e-05,2.88878649480377e-05,3.38600451467269e-05,3.98527579614573e-05,4.13414548354884e-05,4.16664883641264e-05,4.26484605127456e-05,4.36104452056671e-05,4.28362624971551e-05,4.25220398784083e-05,4.28578094001321e-05,4.34098884804139e-05,4.68593114199651e-05,5.14785581591268e-05,5.8036016707093e-05,6.42791662211179e-05,7.20133218693944e-05,7.86699739523716e-05,8.54950269416692e-05,9.31323253181973e-05,9.86328635822568e-05
384,"CIV","Cote d'Ivoire",1.4881244691116e-05,2.00052558736011e-05,2.46551990208945e-05,2.98071625618064e-05,3.4834369314307e-05,4.07480885166562e-05,4.19716204814702e-05,4.1881752171039e-05,4.262896955111e-05,4.31381307125984e-05,4.19506741511215e-05,4.13673216894525e-05,4.13435058347953e-05,4.161239253544e-05,4.43563984430904e-05,4.78879689360493e-05,5.32757965743415e-05,5.83547595912688e-05,6.43288919724917e-05,6.922254401569e-05,7.38481093578608e-05,7.89715531000538e-05,8.2029671161869e-05
191,"HRV","Croatia",8.28055041937631e-05,8.04718160256133e-05,7.97271333051615e-05,7.97044382823903e-05,8.06114389258003e-05,8.09717538505085e-05,8.2112489936001e-05,8.60745526269327e-05,8.49246062085456e-05,8.29233428280948e-05,0.000101968907864108,0.000108629073064615,0.000108024308046897,0.000123834236947296,0.000125283450858333,0.000128223305525449,0.000129601046774,0.000132621139227709,0.0001352791680111,0.000137260829768775,0.000139339078187999,0.000146687290538799,0.000148936170212766
192,"CUB","Cuba",5.96985842791387e-06,8.2142882471849e-06,1.03849122980728e-05,1.27687498152773e-05,1.52334540191108e-05,1.82285187576793e-05,1.91818752591995e-05,1.95210475491014e-05,2.03075232988924e-05,2.09160799898256e-05,2.08141116488434e-05,2.08873402361863e-05,2.1309914238648e-05,2.19050717218861e-05,2.39145233164837e-05,2.64552737441814e-05,3.01533801939197e-05,3.38731723152093e-05,3.83113216841021e-05,4.23268379457363e-05,4.64573073273881e-05,5.10821781653982e-05,5.46726326727756e-05
531,"CUW","Curacao",NA,NA,NA,NA,NA,NA,NA,NA,NA,NA,NA,NA,NA,NA,NA,NA,NA,NA,NA,NA,NA,NA,NA
196,"CYP","Cyprus",9.33310976053455e-05,0.000102816040131422,0.000111994168158225,0.000124956265307143,0.000138413875156575,0.00015042495048512,0.000162018043693708,0.000171342421310527,0.000184915643680371,0.000194423991920603,0.000206252002768911,0.000227930478584141,0.00023431636686853,0.000243365713541417,0.000249788656706273,0.000255205174853447,0.000263799158681038,0.000273060587179557,0.000282237652307826,0.00029051883245608,0.000298980959761203,0.000309438766488666,0.000317222378480657
203,"CZE","Czech Republic",5.17793015996099e-05,6.597103440918e-05,8.1887504025727e-05,9.74102604297156e-05,0.000105912454922237,0.000115559204701967,0.000143570039960328,0.000182545042989358,0.000208963212170942,0.000215436019523674,0.000243450466422452,0.00026486058424815,0.000274955676478969,0.00028627754731854,0.000301177718891358,0.000321447092226584,0.000342597601513941,0.000359622662381903,0.000361244215388853,0.000357950387326682,0.000363624194675233,0.000377887507933734,0.000395209115498249
180,"COD","Dem. Rep. Congo",5.3479986976389e-06,7.16471665631176e-06,8.76852188136244e-06,1.05439951581072e-05,1.22410393083853e-05,1.41820777546736e-05,1.44737308636295e-05,1.42976988566916e-05,1.43775737865119e-05,1.44079143825092e-05,1.38572462937402e-05,1.34878721088706e-05,1.32961735330933e-05,1.32044612402166e-05,1.39408404390849e-05,1.50018617564709e-05,1.64556542162082e-05,1.77971256526784e-05,1.95206296023114e-05,2.09105219855786e-05,2.21855660190535e-05,2.3463378640179e-05,2.42399238575512e-05
208,"DNK","Denmark",0.000156003727608877,0.000148914408364735,0.000154019833959922,0.000158053669238192,0.00016837748678283,0.000175110601996667,0.000181157021388667,0.00018493297918973,0.000183849595740223,0.00018830021935165,0.000160787846025088,0.00015294659148109,0.000163102612288637,0.000155478285400429,0.000144946154629904,0.000112782953692305,0.000120460683553276,9.85259272365212e-05,0.000115126321363648,9.21845713984984e-05,8.41992768808335e-05,7.95665433271416e-05,7.08110079608175e-05
262,"DJI","Djibouti",NA,NA,NA,NA,NA,NA,NA,NA,NA,NA,NA,NA,NA,NA,NA,NA,NA,NA,NA,NA,NA,NA,NA
212,"DMA","Dominica",7.41813712580107e-08,8.09942335627192e-08,2.73944507925346e-08,3.00984775430291e-08,4.40400151660979e-08,4.73250429565775e-08,2.63303366209886e-08,1.93384223918575e-08,1.23288069553081e-08,5.32077282044572e-09,0,0,0,0,0,0,0,0,0,0,0,0,0
214,"DOM","Dominican Republic",2.35341199661718e-05,3.19527883133542e-05,3.97948812640128e-05,4.86555158090067e-05,5.73916522459543e-05,6.76503758742174e-05,7.0334789288604e-05,7.08344403430429e-05,7.26665734182314e-05,7.42118027653432e-05,7.27309553072883e-05,7.22959424306199e-05,7.27752554561005e-05,7.38403302297094e-05,7.9750129229249e-05,8.73548602360676e-05,9.87880229400987e-05,0.000108948381383953,0.000122613552457375,0.00013324900968417,0.000144549869886935,0.000156504755900702,0.0001656451732555
218,"ECU","Ecuador",7.29417882554534e-06,9.88671459880841e-06,1.23177122045346e-05,1.49610741419711e-05,1.75845701455522e-05,2.06245281412972e-05,2.14147115213504e-05,2.14709193588054e-05,2.19358800430192e-05,2.2316029434368e-05,2.17484339960046e-05,2.15255187650022e-05,2.1635399854158e-05,2.18787916216185e-05,2.35618587148234e-05,2.57472538423609e-05,2.89545021969837e-05,3.19220092012047e-05,3.54966879944559e-05,3.84000221405533e-05,4.14473128751899e-05,4.48933479576645e-05,4.73307038497861e-05
818,"EGY","Egypt",4.28743340239324e-05,4.92764589294235e-05,5.60530890770017e-05,6.26618198714374e-05,6.95282669620238e-05,7.72681131442924e-05,7.91271997020452e-05,7.85708808166701e-05,8.26527274809692e-05,8.19872838073688e-05,8.0914667655094e-05,8.0381117258068e-05,8.04468407714585e-05,8.07471661653524e-05,8.47348370775043e-05,9.00497124554071e-05,9.94147059404195e-05,0.00010708385646417,0.000116636888112402,0.000124977902817959,0.000133066413893831,0.000141860617129562,0.000147760922431075
222,"SLV","El Salvador",7.70330429797388e-06,1.05876743772435e-05,1.33083247730307e-05,1.644308659467e-05,1.9716169993149e-05,2.35184338975494e-05,2.4691619896209e-05,2.51483629325705e-05,2.60378085459713e-05,2.69241402498166e-05,2.66599760485467e-05,2.6721635025155e-05,2.7104717860175e-05,2.76446648545131e-05,3.011502005145e-05,3.33811261187091e-05,3.7916905980472e-05,4.24468943075523e-05,4.79578710019307e-05,5.28644153538007e-05,5.768560582043e-05,6.30328592829426e-05,6.69150519727946e-05
226,"GNQ","Equatorial Guinea",3.60596049210411e-05,4.75482086003865e-05,5.71530867308037e-05,6.77488758118785e-05,7.73275408268843e-05,8.83516859675782e-05,8.8909210994259e-05,8.65290773534117e-05,8.57311419126789e-05,8.46039900889731e-05,8.01261552967317e-05,7.70582952119016e-05,7.5399870647333e-05,7.43604399244016e-05,7.79812582469041e-05,8.31494024007905e-05,9.14986986454618e-05,9.85735103336748e-05,0.000107849657577337,0.000115258484859607,0.000122803247268724,0.000131541433104145,0.000136723927523183
232,"ERI","Eritrea",NA,NA,NA,NA,NA,NA,NA,NA,NA,NA,NA,NA,NA,NA,NA,NA,NA,NA,NA,NA,NA,NA,NA
233,"EST","Estonia",5.86978385594691e-05,7.13917794995371e-05,7.2497915684924e-05,7.73316213376911e-05,8.88040805841988e-05,0.000100385672897714,0.000115829255797031,0.000128293104991497,0.000113679707424332,0.000119144408268172,0.000133686325315909,0.000139366102698504,0.000148182197572231,0.000159332684368781,0.00016811900695678,0.000171809941713857,0.000180119927952029,0.000177624747226321,0.000177007618135565,0.000171075696850851,0.000166977304625271,0.000164546347972699,0.000167315105653912
748,"SWZ","Eswatini",NA,NA,NA,NA,NA,NA,NA,NA,NA,NA,NA,NA,NA,NA,NA,NA,NA,NA,NA,NA,NA,NA,NA
231,"ETH","Ethiopia",NA,NA,NA,NA,NA,NA,NA,NA,NA,NA,NA,NA,NA,NA,NA,NA,NA,NA,NA,NA,NA,NA,NA
234,"FRO","Faeroe Islands",NA,NA,NA,NA,NA,NA,NA,NA,NA,NA,NA,NA,NA,NA,NA,NA,NA,NA,NA,NA,NA,NA,NA
238,"FLK","Falkland Islands",NA,NA,NA,NA,NA,NA,NA,NA,NA,NA,NA,NA,NA,NA,NA,NA,NA,NA,NA,NA,NA,NA,NA
242,"FJI","Fiji",2.70267348461098e-05,3.68468596966671e-05,4.61235617273274e-05,5.65066538041211e-05,6.69209663387539e-05,7.93212659856925e-05,8.27781760038411e-05,8.37592404631235e-05,8.64250260111449e-05,8.89743871362118e-05,8.79393792761352e-05,8.81813828294004e-05,8.96758607291076e-05,9.19587543091982e-05,0.000100266503560662,0.000111208024422154,0.000126310608675579,0.000141455182101785,0.00015995717065145,0.000176381244794304,0.000193389553922005,0.000210899730697267,0.000223712202855342
246,"FIN","Finland",0.000139677513021596,0.000140323607827899,0.000156520461685368,0.000188950192729197,0.000208485872308715,0.000223022986998332,0.000250651884788241,0.000255260252008047,0.00026160278947619,0.000260354670491196,0.000253572765688323,0.000252400027318591,0.000254896082745918,0.000253724417040573,0.000250846285790455,0.000242721502989946,0.00023292619169498,0.000221487400453214,0.000215754619913789,0.000208272738040346,0.000198931448765296,0.000193105345101811,0.00018175666921006
250,"FRA","France",0.000208364116260352,0.000213362780654511,0.00022312985410509,0.000235997107606606,0.000226298416247347,0.000232514560987122,0.000246613215163401,0.00025758460202336,0.000267017569150603,0.00026564932858445,0.00027817466335064,0.000287542747320755,0.000286156715308133,0.000283170604625875,0.000281850084452534,0.000280851238175487,0.000278614474186706,0.000265860061181271,0.000241099413324761,0.00021654934784384,0.000196734910506325,0.000184415884079421,0.000173612513436763
258,"PYF","French Polynesia",NA,NA,NA,NA,NA,NA,NA,NA,NA,NA,NA,NA,NA,NA,NA,NA,NA,NA,NA,NA,NA,NA,NA
266,"GAB","Gabon",9.26991558877712e-05,0.000124752217604604,0.000153537015836672,0.000184997366508077,0.000215226764330221,0.000250282339049599,0.000256233802363208,0.000252940106105793,0.000255003506298212,0.000255209725546735,0.000244871004409431,0.000238081805359661,0.000234114895968596,0.000232359351622783,0.000245569703918184,0.000263739470756222,0.000292876158921986,0.000320061302252344,0.000353556458632526,0.00038122245333369,0.000408274894627129,0.000439949273421639,0.000456259376339477
270,"GMB","Gambia",NA,NA,NA,NA,NA,NA,NA,NA,NA,NA,NA,NA,NA,NA,NA,NA,NA,NA,NA,NA,NA,NA,NA
268,"GEO","Georgia",2.96777317187012e-09,1.99034818139719e-05,3.51890089644e-05,4.93454016158974e-05,6.44201928022529e-05,7.91806417936952e-05,9.48368792790954e-05,0.000124088184991392,0.000157466033719039,0.000185349328429834,4.30454525648356e-05,7.45386391001482e-05,0.000111561828047824,6.56325416901133e-05,7.23232208084392e-05,7.75781445455317e-05,8.28972731089563e-05,9.14698589379196e-05,9.68724683346442e-05,0.000103490144646966,0.000110403264713183,0.00011810354822966,0.000123905657155202
276,"DEU","Germany",0.000268818813054737,0.000219793764232329,0.000197603314256127,0.00019749394481142,0.000197536824863366,0.000187948449547761,0.000188160570306677,0.000195705725299275,0.000180245798516107,0.00017093535594791,0.000180980137063106,0.000184366280090025,0.000185263879736736,0.000184758983456073,0.000186460037662458,0.000189749578422344,0.000190652747526496,0.000191151380012549,0.000180928273494845,0.000173299875866743,0.000168348405105088,0.00016467122404496,0.000162940423355614
288,"GHA","Ghana",2.54252345045654e-05,2.0350990714452e-05,2.44721082037155e-05,2.35354635834647e-05,2.69327144104264e-05,3.12042285196781e-05,3.35951300222447e-05,3.20140777583566e-05,3.22698837671673e-05,3.25440962484432e-05,3.15937000128916e-05,3.10616588810911e-05,3.07162333096365e-05,3.07350281993884e-05,3.28056552551929e-05,3.53296441102937e-05,3.92497836947804e-05,4.30146492674837e-05,4.79419912271987e-05,5.17094411605248e-05,5.53131702740435e-05,5.93914098274996e-05,6.21343074877516e-05
300,"GRC","Greece",0.00014529223543487,0.000141776955021353,0.000188038512488784,0.000190335530427605,0.000244634003341445,0.000282143570302988,0.000312149455707535,0.000373807312558034,0.000377329842520758,0.000392544640923841,0.000427106767070626,0.000455654752015304,0.000493435452440926,0.00054536114261732,0.000563695115122792,0.000577586875303984,0.000604121893052608,0.000600668787975913,0.000576732325949358,0.000534436056171561,0.000512216599575328,0.000495243919847168,0.000504422880129723
304,"GRL","Greenland",NA,NA,NA,NA,NA,NA,NA,NA,NA,NA,NA,NA,NA,NA,NA,NA,NA,NA,NA,NA,NA,NA,NA
308,"GRD","Grenada",3.49058008786954e-05,5.57737918766676e-05,7.60410603246759e-05,9.83998528600331e-05,0.00011596479053289,0.000140584468590709,0.000189209644285869,0.000247035130901768,0.000302281335016625,0.000349671961783327,0.000413016599584353,0.000444664891487844,0.000523673131341017,0.000629355680020522,0.00061963855830197,0.000690872415532022,0.000742710434623143,0.000793906765574218,0.00084538485529966,0.000896320198168247,0.000946119696271318,0.000995104726747452,0.00104434063043097
320,"GTM","Guatemala",2.80419932732004e-06,3.78214666726754e-06,4.66762016734612e-06,5.66235270029787e-06,6.63138967118085e-06,7.80025658982667e-06,8.02220182194799e-06,8.01364278163335e-06,8.15179871986191e-06,8.28560183826077e-06,8.06469314508797e-06,7.98814724221268e-06,7.98271296153104e-06,8.1095555757482e-06,8.68922345520633e-06,9.44279844976229e-06,1.0614309479147e-05,1.16861512518665e-05,1.3029953599907e-05,1.4153193930195e-05,1.53040042571232e-05,1.6481834388424e-05,1.73408213419537e-05
831,"GGY","Guernsey",NA,NA,NA,NA,NA,NA,NA,NA,NA,NA,NA,NA,NA,NA,NA,NA,NA,NA,NA,NA,NA,NA,NA
324,"GIN","Guinea",1.06273660433105e-05,1.44451915686969e-05,1.79533422944605e-05,2.17731953497927e-05,2.55550723526591e-05,2.99777442600825e-05,3.08660995378123e-05,3.07947496418277e-05,3.12890314050871e-05,3.15327626901159e-05,3.05723216504224e-05,3.00160186752829e-05,2.98460647500179e-05,2.99400385150103e-05,3.19410872234328e-05,3.44916625652267e-05,3.83874424450286e-05,4.19090632147977e-05,4.62768851976413e-05,4.97765916298137e-05,5.31610652296115e-05,5.6828653701851e-05,5.90937188139032e-05
624,"GNB","Guinea-Bissau",NA,NA,NA,NA,NA,NA,NA,NA,NA,NA,NA,NA,NA,NA,NA,NA,NA,NA,NA,NA,NA,NA,NA
328,"GUY","Guyana",NA,NA,NA,NA,NA,NA,NA,NA,NA,NA,NA,NA,NA,NA,NA,NA,NA,NA,NA,NA,NA,NA,NA
332,"HTI","Haiti",NA,NA,NA,NA,NA,NA,NA,NA,NA,NA,NA,NA,NA,NA,NA,NA,NA,NA,NA,NA,NA,NA,NA
336,"VAT","Holy See",NA,NA,NA,NA,NA,NA,NA,NA,NA,NA,NA,NA,NA,NA,NA,NA,NA,NA,NA,NA,NA,NA,NA
340,"HND","Honduras",1.17174736826292e-05,1.57944129019294e-05,1.93734732705899e-05,2.34660917057641e-05,2.73586435096968e-05,3.18588670696042e-05,3.27945049837319e-05,3.26836067861768e-05,3.32025924682943e-05,3.35858230133442e-05,3.27774459932412e-05,3.22412143850557e-05,3.23007444980402e-05,3.25868962510227e-05,3.49480041622087e-05,3.79794297813601e-05,4.25968295697678e-05,4.69520534355919e-05,5.21809279219022e-05,5.6633164401156e-05,6.10565570444595e-05,6.5866635144082e-05,6.91085665867269e-05
344,"HKG","Hong Kong",2.2205551387847e-05,2.12978270258999e-05,2.0314052282736e-05,1.93141974208118e-05,1.79848160978846e-05,1.67322256795632e-05,1.75001093756836e-05,1.80732472564811e-05,1.88277903935152e-05,1.96477742083525e-05,2.03581902565417e-05,2.107019627807e-05,2.15381603054503e-05,2.22875370878547e-05,2.29614772805865e-05,2.3589757656385e-05,2.42619196903198e-05,2.47524752475248e-05,2.53602769503261e-05,2.59726421502684e-05,2.68680657666087e-05,2.79235407589268e-05,2.88588502742952e-05
348,"HUN","Hungary",3.85859483882581e-05,4.09322099781145e-05,4.79396389741587e-05,6.03185609788074e-05,7.51943229077724e-05,8.90249046675123e-05,9.8993483508202e-05,0.000110384276505651,0.000120539683058337,0.000125715254947544,0.000134999689500714,0.000148419626810882,0.000156244298343145,0.00016779402010415,0.000195612046783104,0.000198109768660619,0.000206846876148548,0.000211484183741545,0.000217890241422387,0.000229246512766523,0.000237945081659778,0.00024923039815792,0.000254040246790806
352,"ISL","Iceland",0.00066499528813499,0.000603576541927515,0.000702552491452858,0.000687342196248286,0.000695029341879113,0.000545943504957302,0.000648491352351357,0.00103669848443027,0.00102704984657261,0.000923079821286723,0.00104703481626583,0.00109713053345621,0.00101647563576498,0.00101617227363141,0.000907186012841111,0.00103381043785802,0.000986766595416752,0.000955154338963308,0.000844860385403761,0.000945743184963515,0.000938703225155063,0.00093417803070976,0.000913851793663263
356,"IND","India",1.05696905112043e-05,1.04729422514448e-05,1.10168955209863e-05,1.27973925765456e-05,1.3025135361453e-05,9.44018235078872e-06,1.00650493219659e-05,1.14315320128425e-05,1.41704705250708e-05,1.69984613777305e-05,1.98288972516681e-05,2.25028014814995e-05,2.51081373146611e-05,2.76501537085599e-05,3.02161831973192e-05,3.28075431919716e-05,3.52597629315816e-05,3.77345761433828e-05,3.98830300560282e-05,4.21513210010715e-05,4.44002947328803e-05,4.68895250294445e-05,4.91824156199999e-05
360,"IDN","Indonesia",1.26592673046847e-05,1.44164933305963e-05,1.70365419559691e-05,2.00824707280843e-05,2.252824489769e-05,2.57424282384141e-05,2.67043516406246e-05,2.74633696237138e-05,2.8242824390367e-05,2.82594542740846e-05,2.79489671366988e-05,2.76811347121968e-05,2.78152227558735e-05,2.82300822615121e-05,3.02462913353769e-05,3.27296905419338e-05,3.63566674931698e-05,4.0075788306257e-05,4.41836952406705e-05,4.78517036975917e-05,5.18653177613296e-05,5.58897594731599e-05,5.88018920663032e-05
364,"IRN","Iran",5.08052688511844e-05,5.90927454791013e-05,7.14422392392058e-05,8.25549974108487e-05,8.83268482602956e-05,9.94548591350157e-05,0.000102559411502592,0.000105642443084926,0.000108840354577325,0.000110329706199393,0.000109985087003975,0.000110291751679405,0.000111348996192679,0.000113180236161269,0.000119182100144179,0.000125930970681668,0.000136844505664888,0.00014673674750615,0.000160013899951975,0.0001709713675868,0.000183296650518346,0.00019562475677701,0.000205532273818226
368,"IRQ","Iraq",2.33059933188944e-05,2.85538276818976e-05,3.30980250381798e-05,3.8051155752136e-05,4.30741318731777e-05,4.84342766379113e-05,5.08551852932893e-05,5.23361332117879e-05,5.33910486005368e-05,5.34846928129779e-05,5.14954881476417e-05,5.03427305297868e-05,4.90189607998028e-05,4.81937218517663e-05,5.06170821004718e-05,5.4558244673758e-05,6.02099186512317e-05,6.56214979257802e-05,7.21840224484919e-05,7.74717829481237e-05,8.27126283197136e-05,8.84374530822083e-05,9.21428613486811e-05
372,"IRL","Ireland",0.00020209325513104,0.000202004892087745,0.000196340388107978,0.00024671458000596,0.000245438745712192,0.000288467501972397,0.000276114396534437,0.000268246319228578,0.000271742519953029,0.000260176942369705,0.000249991502481824,0.000251087097965889,0.000243502981715752,0.000250875034819725,0.00026407656932332,0.000263719978723753,0.000277582967340892,0.000260016458001726,0.00019271401322618,0.000185840456879745,0.000156858591778925,0.000141461684645745,0.000127776987089413
833,"IMN","Isle of Man",NA,NA,NA,NA,NA,NA,NA,NA,NA,NA,NA,NA,NA,NA,NA,NA,NA,NA,NA,NA,NA,NA,NA
376,"ISR","Israel",0.000141834949912546,0.000150955117254232,0.000140334855403349,0.000123622882939444,0.000112938757526803,0.000117025728344468,0.000121071210853878,0.000135095611481734,0.000290061295971979,0.000172330875280539,0.00024791437116323,0.000325787426923176,0.000340054358131597,0.000409454680811465,0.00034324524994827,0.000513120368492023,0.000592089866604259,0.00051874720255242,0.000593281397757464,0.000618511155290479,0.00062723139195451,0.00063750040043995,0.000693150168575796
380,"ITA","Italy",0.00033718456647232,0.000286094909792344,0.00022783431895336,0.000218099832947742,0.000149951477262147,0.000155771612526342,0.000178866327672552,0.000177965447666094,0.000198889175058869,0.000201369430580554,0.000214246852220298,0.000229035469830648,0.000238496262923117,0.000247368809363119,0.000254979754607484,0.000263458696970828,0.000272153734597459,0.000279169454024995,0.00028301062398712,0.00029131538119597,0.000297785029525554,0.000306210483198789,0.000314321968351448
388,"JAM","Jamaica",1.59252432332072e-05,1.75591956288649e-05,2.20601278729337e-05,2.36134901681499e-05,2.59757419602826e-05,2.79057986904821e-05,2.90743067897058e-05,3.55765041068465e-05,3.76193168553349e-05,3.8201572802831e-05,3.84067279808742e-05,3.75067958308465e-05,3.65966294141967e-05,3.78633666158336e-05,4.09402907407068e-05,4.25844845756492e-05,4.42431302728267e-05,4.98508746692038e-05,5.15677484631922e-05,5.43753884908271e-05,5.74379280366582e-05,6.11805728694219e-05,6.36632468892546e-05
392,"JPN","Japan",0.00023020584502101,0.000189541404179349,0.000183608615481188,0.000182433173084452,0.000186285329638935,0.000183137282524477,0.000185367685015721,0.000178123608409309,0.000160858327541913,0.00013510664053043,0.000146794721636605,0.000146284605696495,0.000148868987455829,0.000156145788379301,0.000160281592759043,0.000163597895250155,0.000172337813591866,0.000175629272595533,0.00017664082768845,0.00017925817125078,0.000182954356452111,0.000188571766432018,0.000198201815626134
832,"JEY","Jersey",NA,NA,NA,NA,NA,NA,NA,NA,NA,NA,NA,NA,NA,NA,NA,NA,NA,NA,NA,NA,NA,NA,NA
400,"JOR","Jordan",6.42778511973678e-05,8.69597215739516e-05,0.000107477312240737,0.000130278865339651,0.000151832208057844,0.000176101789652048,0.000174469858521404,0.000166835123798613,0.000168855939198595,0.000171079005612129,0.000165915047456032,0.000163150951198175,0.000163619303361697,0.000158548341779281,0.000153614692309771,0.000154830620567447,0.000168595885296994,0.00018403620971161,0.00020363551537233,0.0002196532040439,0.000236075200382552,0.000252953864264956,0.000266705204534981
398,"KAZ","Kazakhstan",1.9686063060171e-05,2.11329196710129e-05,2.44297240962146e-05,2.95794109592321e-05,3.53693842609837e-05,4.44311554430905e-05,6.85912052356647e-05,6.17403865826515e-05,8.68356077712925e-05,8.57525174888531e-05,0.000101091345404498,0.000102070386047111,0.000101238142482562,9.21602124874036e-05,9.77540571548884e-05,9.29155803239231e-05,0.00010115738093425,0.000100344964922505,0.000100128843388202,9.93860051433338e-05,9.86368599227561e-05,9.78896465804831e-05,9.78494923955655e-05
404,"KEN","Kenya",4.95922319246525e-07,6.2892403393259e-07,7.53512305420319e-07,8.70669404398752e-07,9.80114990194826e-07,1.08249837276501e-06,1.25930078258367e-06,1.42493611383063e-06,1.57960971391073e-06,1.72428982299372e-06,1.86425636463506e-06,1.89749564350011e-06,2.02626339237749e-06,2.06508394465771e-06,2.18188817679089e-06,2.24112412395525e-06,2.27582735197883e-06,2.51286376844128e-06,2.54237437427562e-06,2.6299545940302e-06,2.75075222493536e-06,2.84875485075977e-06,2.9244373331671e-06
296,"KIR","Kiribati",NA,NA,NA,NA,NA,NA,NA,NA,NA,NA,NA,NA,NA,NA,NA,NA,NA,NA,NA,NA,NA,NA,NA
689,"XKX","Kosovo",NA,NA,NA,NA,NA,NA,NA,NA,NA,NA,NA,NA,NA,NA,NA,NA,NA,NA,NA,NA,NA,NA,NA
414,"KWT","Kuwait",0.00102330816925517,0.00131045542593818,0.0015678697095387,0.0018558119748409,0.0021360764269571,0.00243356567026169,0.00242446398401631,0.00233767052329114,0.00230107924388799,0.00225715869864606,0.00214041386770747,0.00202301336747433,0.00191477033213606,0.00183188455397725,0.00193269643852164,0.00205181051811286,0.00224550620849118,0.00244854183273114,0.0026406095638709,0.00281461800004503,0.00314188188175333,0.00352931709596496,0.00372463645557036
417,"KGZ","Kyrgyzstan",NA,NA,NA,NA,NA,NA,NA,NA,NA,NA,NA,NA,NA,NA,NA,NA,NA,NA,NA,NA,NA,NA,NA
418,"LAO","Laos",NA,NA,NA,NA,NA,NA,NA,NA,NA,NA,NA,NA,NA,NA,NA,NA,NA,NA,NA,NA,NA,NA,NA
428,"LVA","Latvia",2.76657303964013e-05,3.17905843391794e-05,3.60579056200553e-05,3.98609238381e-05,4.41425605866586e-05,4.9133486302254e-05,6.26589859071376e-05,7.36254871439446e-05,8.58853215096343e-05,9.33851122652473e-05,0.000107267747448815,0.000110209743221008,0.000112076817844202,0.00012023966448165,0.000128900752439334,0.000134005755673627,0.000145442520350471,0.000143133111734444,0.000142177094543617,0.000140556436282998,0.000138388349279565,0.000137968362793116,0.000141766473981073
422,"LBN","Lebanon",6.66567607313913e-05,9.06771165588262e-05,0.000112893570148961,0.000138296712822547,0.000162630166977901,0.000191684593124683,0.000198734539808774,0.000198768797789758,0.000203371257094209,0.000208033107560186,0.000204171504063413,0.000204160270966269,0.000202767799778191,0.000190179316203225,0.000188067529630996,0.000204721406983032,0.00023807168961715,0.000273355887103691,0.000317602274233936,0.000359742901433731,0.000402618930188526,0.000447016797639608,0.000484540339713782
426,"LSO","Lesotho",1.88128868274768e-06,1.89049814626154e-06,1.90735176472591e-06,1.92169711444384e-06,1.94420827406688e-06,1.96214873491977e-06,1.97796416394338e-06,1.98138106797952e-06,1.97993598039914e-06,1.98091847923196e-06,1.977508803622e-06,1.97774230165036e-06,2.49182612893838e-06,2.78214547293821e-06,3.11181238253147e-06,4.1396804657589e-06,4.94432503433041e-06,5.85087097355268e-06,5.86892640047825e-06,6.33507989838712e-06,6.83199503127634e-06,7.27606166944414e-06,7.76294818557349e-06
430,"LBR","Liberia",NA,NA,NA,NA,NA,NA,NA,NA,NA,NA,NA,NA,NA,NA,NA,NA,NA,NA,NA,NA,NA,NA,NA
434,"LBY","Libya",0.00012299240124234,0.000156939572199406,0.000186852744866822,0.000221915870069882,0.000253184008687025,0.000291196313249124,0.000299663389286682,0.000301779003627416,0.000308266849914183,0.000312883685411334,0.00030653168182073,0.000326431304309604,0.000352648355074303,0.000355876583337524,0.000378827386563337,0.000408576224901025,0.00045207121840834,0.000493865020575357,0.000543394949483566,0.000586078311022778,0.000628199043514356,0.000675547568422204,0.000709007373529892
438,"LIE","Liechtenstein",0.000131714406830982,0.00013902205177373,0.000156709108716944,0.000164705882352941,0.000183381924198251,0.000186978007687195,0.000185445269282582,0.000190042674253201,0.000199429394649869,0.000188927820602663,0.000188721260368535,0.000197297521346265,0.000207642788659088,0.000211378579579416,0.000213500107828337,0.00021335831883282,0.000199952139115637,0.000198210562432368,0.000191980304339855,0.000180084195208149,0.000174682629786356,0.000175209405978637,0.000165789406768887
440,"LTU","Lithuania",6.42942378646769e-06,8.26894409329443e-06,1.05719697002701e-05,1.44061292809555e-05,2.03726597721401e-05,2.72382956592089e-05,3.66982689732344e-05,4.79683990376611e-05,6.09712056446204e-05,6.86075760469137e-05,8.4913159344225e-05,0.00010270415753695,0.000118482896793029,0.000139636046927179,0.000158915988346616,0.000197252238451449,0.000253466335173143,0.00025703550731632,0.00020631487719446,0.000205430156073235,0.000187127556232188,0.000177803865198964,0.000194140487116131
442,"LUX","Luxembourg",7.65528306211322e-05,9.33129494366117e-05,0.00010108141424329,0.000101631866793614,0.000101943919929272,9.84611680332274e-05,0.000103885222697334,0.000112293304277354,0.000116238616596746,0.000117320197756854,0.000120326736403572,0.00012404817622172,0.000126189857348958,0.000125883392226148,0.000132657701786205,0.000130090378578802,0.00012525471895865,0.000123420353626144,0.000115634509416893,0.000112741753642333,0.000109133766590157,0.000106239376062394,0.000103261654583619
446,"MAC","Macao",NA,NA,NA,NA,NA,NA,NA,NA,NA,NA,NA,NA,NA,NA,NA,NA,NA,NA,NA,NA,NA,NA,NA
450,"MDG","Madagascar",6.01858695048251e-06,8.07915658392912e-06,9.87686799170854e-06,1.1904553689255e-05,1.38076335831017e-05,1.60705221339248e-05,1.64338545879834e-05,1.62610129466772e-05,1.6428126532063e-05,1.64795417853936e-05,1.5921915978945e-05,1.55717531619384e-05,1.5457471488585e-05,1.54739219265601e-05,1.64767259432368e-05,1.77860675696731e-05,1.97632015539523e-05,2.15899842649138e-05,2.38391977573573e-05,2.56418321285183e-05,2.73868964577264e-05,2.92920931095694e-05,3.0494688689753e-05
454,"MWI","Malawi",3.77580717451451e-06,5.08747942614623e-06,6.2624644681513e-06,7.56951232072561e-06,8.78228961864076e-06,1.02699604128305e-05,1.05196501347316e-05,1.04479557314929e-05,1.05115957660732e-05,1.05602292534855e-05,1.01913099108043e-05,9.96956707121981e-06,9.88367365367518e-06,9.85973281996159e-06,1.04988686103613e-05,1.13348283499642e-05,1.25821401174701e-05,1.37015665700119e-05,1.51351138288501e-05,1.62185050280281e-05,1.72884835321518e-05,1.84517225009756e-05,1.92106792558038e-05
458,"MYS","Malaysia",2.99845501118973e-05,4.24763418456914e-05,5.01191987804052e-05,4.52718943066187e-05,5.28949171024149e-05,5.90197263212858e-05,6.07331441099809e-05,6.49623786624571e-05,7.01264908385885e-05,7.3713894544619e-05,7.76523744163493e-05,7.88099478576252e-05,8.1253633655754e-05,8.46197554874003e-05,9.54046987271543e-05,0.000118124810159429,0.000140517073649154,7.44312746956246e-05,7.59276342976976e-05,9.35860909729966e-05,0.000102409660146615,0.000111991842228275,9.63515441778754e-05
462,"MDV","Maldives",NA,NA,NA,NA,NA,NA,NA,NA,NA,NA,NA,NA,NA,NA,NA,NA,NA,NA,NA,NA,NA,NA,NA
466,"MLI","Mali",5.21394015411019e-06,6.99250955470318e-06,8.53366530964656e-06,1.0289928873905e-05,1.18412844421598e-05,1.37323545882111e-05,1.40198499053954e-05,1.38485348108134e-05,1.38820957868733e-05,1.39030848550504e-05,1.3394138428807e-05,1.30301412729164e-05,1.28976104724237e-05,1.28792975172419e-05,1.36168261582535e-05,1.46304510921411e-05,1.62031167096058e-05,1.7554438826276e-05,1.92632818070644e-05,2.06151241886198e-05,2.18620017678067e-05,2.31910702692625e-05,2.39891048744356e-05
470,"MLT","Malta",2.09440458154207e-05,3.23132194143929e-05,4.16699287065402e-05,4.69163183485456e-05,7.82519413459334e-05,0.000110193792498898,0.000202068550337028,0.000248325645892546,0.000285798734180307,0.00033456410902911,0.000364287299641985,0.000427609136421728,0.000488062700581866,0.000523514732361897,0.000543080555414927,0.00056622469683386,0.000577570077038625,0.000583334579774743,0.00054680890576316,0.000511841797239228,0.000496767132644586,0.000493697641050959,0.000504377962504084
584,"MHL","Marshall Islands",NA,NA,NA,NA,NA,NA,NA,NA,NA,NA,NA,NA,NA,NA,NA,NA,NA,NA,NA,NA,NA,NA,NA
478,"MRT","Mauritania",2.97587794892993e-05,4.01908449600137e-05,4.96154272791998e-05,6.00001526015442e-05,7.02510541900342e-05,8.23274774595334e-05,8.47064596626865e-05,8.43505074348947e-05,8.56700324370867e-05,8.60767539793946e-05,8.30540251811616e-05,8.11520411866471e-05,8.03055350590039e-05,8.01504905610775e-05,8.50859211682843e-05,9.19867620152957e-05,0.000102174540769863,0.000111538059357959,0.000123164474682442,0.000132303827070686,0.000141154900498021,0.000150813417367032,0.000156456556701566
480,"MUS","Mauritius",7.11954859534255e-05,0.000117864693004271,7.86139374956937e-05,4.42569043243199e-05,3.98033420065307e-05,6.25277833412307e-06,0.000367910430827977,0.000404959544380178,0.000442079186831506,0.000479386001127118,0.000516634676903391,0.000554134288935519,0.00059081983816951,0.000627518513781975,0.000678714375424196,0.000706322616814438,0.000736698089095365,0.000830113678138838,0.000853365698017584,0.000900484602898139,0.00096365443036175,0.00101868859242506,0.0010613668028226
484,"MEX","Mexico",2.78931643172414e-05,2.4146256774836e-05,3.22046572076337e-05,3.40722684137937e-05,3.54030614008474e-05,5.03592473168432e-05,6.70803192798661e-05,8.34695461222473e-05,9.48174176204623e-05,9.81544902689638e-05,0.000106635954563877,0.000109504575806387,0.000103666414126643,0.000109983157571438,0.000122941273639765,0.000115688821605898,0.000122614347568933,0.000132693735418037,0.000139500535347416,0.000147899060665884,0.000156351313369287,0.000165739135219599,0.000169406283914344
583,"FSM","Micronesia",NA,NA,NA,NA,NA,NA,NA,NA,NA,NA,NA,NA,NA,NA,NA,NA,NA,NA,NA,NA,NA,NA,NA
498,"MDA","Moldova",5.02621152212832e-06,6.20259172382361e-06,7.35045347832733e-06,9.78231591507021e-06,1.21891297134035e-05,1.50225771334915e-05,1.81536268898602e-05,2.34491957865205e-05,2.9768201913461e-05,3.39939822973022e-05,4.01767216773327e-05,4.40451791677489e-05,4.92951148191603e-05,5.56029987851269e-05,6.0535758962704e-05,6.41753920517014e-05,6.81367558199848e-05,7.7671622527529e-05,8.20034552266675e-05,8.82057965096028e-05,9.48719797505246e-05,0.00010171310099155,0.00010684762102036
492,"MCO","Monaco",0.000212844601878947,0.000220071507828874,0.000234669301550052,0.00025095927713826,0.000242275716590148,0.00025263681901621,0.000273031145543719,0.000288784841152625,0.00030318247442094,0.000299064843677664,0.000307432636084152,0.000315215790248932,0.000311239193083573,0.000304869442484121,0.000301855441705899,0.00029923830250272,0.000294030374146907,0.000283446712018141,0.000260066434416268,0.000235729329805044,0.000216131303829695,0.000199531156299406,0.000194137486632482
496,"MNG","Mongolia",0,0,0,0,0,0,0,1.33940067768301e-06,4.02447029808037e-06,8.13735861339409e-06,1.44679780353152e-05,2.30325903865175e-05,3.40573474161002e-05,3.65533944923173e-05,3.65161775278755e-05,4.45231619944892e-05,4.91821406114099e-05,5.36170515143587e-05,5.78383440408016e-05,6.18729562589136e-05,6.58706537131166e-05,6.98970243582169e-05,7.38590251903415e-05
499,"MNE","Montenegro",0.000168608975948425,0.000172871092495913,0.000204975829250215,0.000141604888063541,0.000194015517980673,0.000156285357527175,0.000154302670623145,0.000225695149177999,0.000108109159455337,6.0812493732755e-05,6.74816120679078e-05,6.72494956287828e-05,5.63969442524263e-05,3.79905570928853e-05,4.30999823097088e-05,4.1468499210009e-05,4.67617864609362e-05,5.27015150078811e-05,5.88209769103559e-05,6.35019645417891e-05,6.13224401502641e-05,6.55673106582409e-05,7.1247843494942e-05
504,"MAR","Morocco",7.03919166265532e-06,9.60936978538302e-06,1.19787793364487e-05,1.46655891672878e-05,1.73142155536595e-05,2.04390773866188e-05,2.12434577447517e-05,2.13878861894225e-05,2.19377327485969e-05,2.240747608275e-05,2.19622043707867e-05,2.18212548078561e-05,2.19475980707582e-05,2.22461993389033e-05,2.40009789596382e-05,2.62972305613726e-05,2.9623499000093e-05,3.29316655274281e-05,3.67406470211644e-05,4.02155022056826e-05,4.33375093611746e-05,4.71996017756113e-05,4.96556527314307e-05
508,"MOZ","Mozambique",3.81574026627451e-06,1.03179260353984e-05,1.09120400775696e-05,1.50624748719872e-05,1.91424866679181e-05,1.56349620312863e-05,1.66859712744735e-05,2.12870808142642e-05,1.38243124887878e-05,1.19893067863042e-05,1.17016226640148e-05,1.1700129387438e-05,1.03317551066946e-05,9.62310266967441e-06,9.25545295956358e-06,1.03564226174435e-05,1.00734775337802e-05,1.05357329182605e-05,1.1079436911749e-05,1.15236302935438e-05,1.19313986912474e-05,1.24076162562468e-05,1.2587384504681e-05
104,"MMR","Myanmar",4.96285195513968e-06,3.97697907191912e-06,4.2383611268705e-06,5.11462154581636e-06,6.88658009601752e-06,4.73551608356225e-06,4.84525603892541e-06,5.51133107996266e-06,5.93070076708792e-06,6.10006937349799e-06,7.18754603572619e-06,7.39037117376084e-06,7.88558965243367e-06,8.11477826694161e-06,8.61521467274441e-06,8.83770590325152e-06,9.09575321016977e-06,1.00022297513704e-05,1.01963288886833e-05,1.06522952811727e-05,1.11562022176209e-05,1.16918662010342e-05,1.2015657786388e-05
516,"NAM","Namibia",1.79755170159982e-05,2.43481745871853e-05,3.02352364940893e-05,3.69108683451453e-05,4.36216037281518e-05,5.14553981043016e-05,5.38620065459956e-05,5.41886321198394e-05,5.5431502360499e-05,5.65786184081678e-05,5.52572774072523e-05,5.4869298517122e-05,5.49027206835619e-05,5.53410962073204e-05,5.97413911095002e-05,6.48353882062677e-05,7.27397312159328e-05,8.03540993701084e-05,8.93718200259386e-05,9.68673824226164e-05,0.000104053757626257,0.000112246265143859,0.000118036066835683
520,"NRU","Nauru",NA,NA,NA,NA,NA,NA,NA,NA,NA,NA,NA,NA,NA,NA,NA,NA,NA,NA,NA,NA,NA,NA,NA
524,"NPL","Nepal",NA,NA,NA,NA,NA,NA,NA,NA,NA,NA,NA,NA,NA,NA,NA,NA,NA,NA,NA,NA,NA,NA,NA
528,"NLD","Netherlands",0.00190888670273918,0.00162655535460776,0.00124466458425819,0.000936808448927484,0.00114238130857814,0.00119486260550637,0.00103388569543281,0.000952282352205779,0.000954663051675911,0.000604946477965308,0.000607870027036374,0.000367218164850884,0.000650553549450008,0.000797408683613942,0.000877556654583265,0.000661160030066252,0.000628291410246458,0.00113826764770161,0.00149144387087369,0.000991647445810214,0.00110655620216151,0.00124336652551605,0.00133874933698015
540,"NCL","New Caledonia",NA,NA,NA,NA,NA,NA,NA,NA,NA,NA,NA,NA,NA,NA,NA,NA,NA,NA,NA,NA,NA,NA,NA
554,"NZL","New Zealand",0.00020141535111595,0.00013348795258343,0.000177789033810308,0.000211561382598331,0.000206483180428135,0.000224727255134377,0.000241361181474932,0.00030777972441877,0.000321611343255552,0.000269604425231256,0.00029190704944032,0.000303375912408759,0.000301717293164856,0.000310663875194165,0.000309974537805823,0.000329760923330585,0.000347892492734562,0.00036147581851421,0.000387707627637432,0.000361503856041131,0.00036344347962752,0.000373674531439527,0.000398118694014559
558,"NIC","Nicaragua",5.17252619542936e-06,7.04826947652541e-06,8.76591507976983e-06,1.07456948650983e-05,1.2699065746071e-05,1.49779693686777e-05,1.55701523976136e-05,1.56577326640098e-05,1.60520586017936e-05,1.6358673623493e-05,1.60184871785501e-05,1.58854283672354e-05,1.59685418068198e-05,1.61617706633304e-05,1.73950130430385e-05,1.90518588422376e-05,2.14423166466721e-05,2.36091728271691e-05,2.63228646945414e-05,2.86617914610071e-05,3.10839644488258e-05,3.35739956266221e-05,3.52599565482201e-05
562,"NER","Niger",5.38602807531663e-06,7.18950282717848e-06,8.75043962931211e-06,1.04644754313496e-05,1.21195027861764e-05,1.39297669809814e-05,1.42010173497449e-05,1.3961724603237e-05,1.39759012757863e-05,1.3904550560344e-05,1.33353011912929e-05,1.29027688994899e-05,1.26988321028926e-05,1.25447651097273e-05,1.32149398611833e-05,1.41096110099481e-05,1.54862814250228e-05,1.66989282600241e-05,1.82043205097848e-05,1.93231414923599e-05,2.03833055960105e-05,2.15026324686899e-05,2.20925102307591e-05
566,"NGA","Nigeria",1.25354100915456e-05,1.64086885258195e-05,1.99871856673574e-05,2.38882568642061e-05,2.76402977641017e-05,3.19594058317958e-05,3.28414588137205e-05,3.26378618564464e-05,3.30746627831413e-05,3.33342362952131e-05,3.23697275499677e-05,3.17894412458753e-05,3.16329296963664e-05,3.16495318790997e-05,3.35602242349239e-05,3.60877832065555e-05,3.98586013995214e-05,4.33600902989643e-05,4.75836136208961e-05,5.11547969141774e-05,5.42415434973618e-05,5.81064813735949e-05,6.04005069762311e-05
570,"NIU","Niue",NA,NA,NA,NA,NA,NA,NA,NA,NA,NA,NA,NA,NA,NA,NA,NA,NA,NA,NA,NA,NA,NA,NA
408,"PRK","North Korea",1.30953578710954e-05,1.79478832598222e-05,2.25480469055217e-05,2.77524233226824e-05,3.29868599557475e-05,3.91685284856858e-05,4.10550343354186e-05,4.14673598914393e-05,4.29113565395497e-05,5.00376116047229e-05,4.94198534539313e-05,4.92257257354798e-05,4.98236684122362e-05,5.19962167552689e-05,5.41269167147143e-05,5.89911756723559e-05,6.65626582463197e-05,7.3678333173501e-05,8.22992330686587e-05,9.00780537984188e-05,9.7806252154492e-05,0.000106268661267834,0.000112392237708739
807,"MKD","North Macedonia",3.10903841883189e-05,3.0517740095003e-05,3.02451740137029e-05,3.01957841356679e-05,0.000192861753546295,0.000201290715343017,5.44056840706039e-05,0.000122335591974589,0.000147540326875106,0.000154583548506806,0.000192213737783479,0.00020159928959325,0.000221247096131863,0.000227709647912435,0.000246194505267547,0.00025601069641672,0.000266828790488736,0.000300313038984778,0.000309216233177939,0.000327443523215264,0.000348366321179273,0.000371412024258483,0.000387815592227942
578,"NOR","Norway",0.000696954575707192,0.000620326641855078,0.000453928564424473,0.000466608468396039,0.000494347667963876,0.000441244126748673,0.000411957318647055,0.000360999101112238,0.000392180549019213,0.000300286245274634,0.000319067211098957,0.000321011861691131,0.00030686013733386,0.000342545106201779,0.000315344917262837,0.000304513330841977,0.000313304813680111,0.00031078452626584,0.000312504941719711,0.000299183080598426,0.000295567876047384,0.000295840482811668,0.000295027035287982
512,"OMN","Oman",7.59303709966458e-05,9.51717998377026e-05,0.000112744777857425,0.000132423095903932,0.000151892273948855,0.000174141775260099,0.000178860905965636,0.000179222473807422,0.00018219347362608,0.000239848424692599,0.000228320484233742,0.000181173543049765,0.000150753242962468,0.000139126151524361,0.000145662536318983,0.000148624353973113,0.000156659625699455,0.0001646904546029,0.000186909509934132,0.000204876717662068,0.000226702519413329,0.000247761792963609,0.000257850341039854
586,"PAK","Pakistan",8.42132953307666e-06,1.09912384316352e-05,1.3413955329091e-05,1.60597634133181e-05,1.86933829292027e-05,2.17351287474903e-05,2.24069206408195e-05,2.24818511408916e-05,2.29116076362452e-05,2.32480806579219e-05,2.2833105151417e-05,2.26582978931539e-05,2.27985478620721e-05,2.31326404859136e-05,2.46336609671066e-05,2.65441467222401e-05,2.93174321076648e-05,3.1934610488218e-05,3.5042771454699e-05,3.76186869573504e-05,4.00974061507335e-05,4.27394534164958e-05,4.45245675581059e-05
585,"PLW","Palau",NA,NA,NA,NA,NA,NA,NA,NA,NA,NA,NA,NA,NA,NA,NA,NA,NA,NA,NA,NA,NA,NA,NA
591,"PAN","Panama",3.24146300917704e-05,4.37762003826171e-05,5.44698957702524e-05,6.60043600594416e-05,7.73900498595417e-05,9.07477249545354e-05,9.38082683676441e-05,9.41248054122637e-05,9.58436472541796e-05,9.74899019285301e-05,9.52087375680156e-05,9.40717450227372e-05,9.42777657341335e-05,9.49874867724037e-05,0.000102088231489822,0.000111192568090917,0.000124679112721839,0.000137449057790371,0.000152931813298345,0.000166094432363417,0.000179303445699931,0.000193966492977792,0.000203920490516109
598,"PNG","Papua New Guinea",NA,NA,NA,NA,NA,NA,NA,NA,NA,NA,NA,NA,NA,NA,NA,NA,NA,NA,NA,NA,NA,NA,NA
600,"PRY","Paraguay",1.38763683885008e-05,1.88044188849325e-05,2.34559195174436e-05,2.85807473361062e-05,3.37867527865763e-05,3.99862841567769e-05,4.17368680184473e-05,4.20382655548291e-05,4.34001021762405e-05,4.43659301922255e-05,4.35113258594397e-05,4.32927174633411e-05,4.35566393317804e-05,4.41251008216926e-05,4.74492264544707e-05,5.17971171666977e-05,5.82451610638279e-05,6.43546814647818e-05,7.18572762398562e-05,7.81007610076897e-05,8.44577367592856e-05,9.12915199277305e-05,9.63021166998784e-05
604,"PER","Peru",3.93930631967156e-06,5.40442316500122e-06,6.73141926158306e-06,8.25388934669416e-06,9.75123208789187e-06,1.15464140799176e-05,1.20855169771916e-05,1.22375966451083e-05,1.26014604155323e-05,1.2961349050302e-05,1.27610489814904e-05,1.27553958462393e-05,1.28741274375253e-05,1.31163655656255e-05,1.41661953661321e-05,1.55314576650723e-05,1.74735445236032e-05,1.93004467642105e-05,2.14569991799762e-05,2.32141120110151e-05,2.50414685518188e-05,2.7109216418777e-05,2.86053387782548e-05
608,"PHL","Philippines",1.08519661870692e-05,1.39401552400805e-05,1.68541595549085e-05,2.00137837098579e-05,2.31657947207305e-05,2.67791157675086e-05,2.7644474088624e-05,2.78021629792494e-05,2.83828381536269e-05,2.89412398261456e-05,2.84244907102636e-05,2.82339518814363e-05,2.8357995455723e-05,2.87863281831784e-05,3.05945605772842e-05,3.29996598608589e-05,3.65195736428454e-05,3.97232485024312e-05,4.36589372663073e-05,4.70190450868613e-05,5.03605561791302e-05,5.39162479405574e-05,5.64213907372639e-05
616,"POL","Poland",3.29337467895151e-05,4.54924843801293e-05,6.01616034835556e-05,7.45984053740168e-05,8.64276573532048e-05,0.000102710711220582,0.000121128645254496,0.000131687467340459,0.000144521712997242,0.000122406390106334,0.000160082879296405,0.000174709178182475,0.000181803068184242,0.000192690910425383,0.000210987475315189,0.000182170403459005,0.000149854805441979,0.000152206095690866,0.000103226486020316,0.000101407923909815,8.54902244303092e-05,7.60322826184056e-05,4.57914478028478e-05
620,"PRT","Portugal",3.91646253441968e-05,4.96008674168814e-05,6.23822475095327e-05,7.55343264790553e-05,8.70862366450681e-05,0.000102824532791029,0.000119745819540389,0.000142274980735968,0.000165748310527471,0.00018451499099141,0.000197671449243836,0.000214064613414463,0.000228248750052783,0.000245761451694726,0.000258627436313715,0.000273216763422087,0.000287638739689071,0.00030581633544654,0.000317975165264432,0.000330537922275563,0.000343786748885437,0.000357379899772856,0.000369014107033553
634,"QAT","Qatar",0.000531011538276953,0.000696786092562066,0.000837088781888596,0.000987274974115761,0.00113504459838317,0.00124895429534234,0.00109353141686206,0.000917287459219267,0.000817017788138979,0.000757635036024925,0.00072366332380899,0.000748266101162251,0.000724158559239319,0.000687791359473663,0.000681880273564947,0.000695775195034484,0.000724423794084849,0.000770718593678264,0.000845763160291636,0.000915491578011816,0.00101797394204069,0.00113829334116995,0.00120588233111525
178,"COG","Republic of Congo",1.26993040908989e-05,1.68710190617931e-05,2.08035764139678e-05,2.50828332096712e-05,2.90713099475813e-05,3.34890802455539e-05,3.38287629975221e-05,3.33642626788621e-05,3.34995923808723e-05,3.33550219274035e-05,3.17718984993749e-05,3.0975852795767e-05,3.07642888983138e-05,3.08612185500364e-05,3.27612848975937e-05,3.55423145076224e-05,3.95232226888747e-05,4.32954216032859e-05,4.7968576722706e-05,5.15192524933433e-05,5.52420883684012e-05,5.91177979528449e-05,6.16371634577377e-05
642,"ROU","Romania",0.00011451246806851,9.44335276073481e-05,0.000127930812071662,9.82649469559327e-05,0.000153367455183606,0.000136493573896612,0.000146269467994353,0.000193937819799873,0.000137307292015362,0.000108506267857198,0.000105695344233684,0.000109194537414218,0.000111675944328545,0.000106086497625839,0.000122557766523336,0.000125658470571896,0.000146176072022575,0.000162848864767291,0.000168943466586423,0.000170352052649315,0.00017855984220293,0.000188285700537869,0.000202567265783973
643,"RUS","Russia",0.000405874971313337,0.000318544462525135,0.000339282833306483,0.000252335628951533,0.000313048103152002,0.00029055424050536,0.000264943000169934,0.000300409409707834,0.000272518952081823,0.000186293623164377,0.000200910793731482,0.000214044527473203,0.000236728998529284,0.00023483175854947,0.000220414917244941,0.000221378854377614,0.000224466273758777,0.000256753199115449,0.000258171046125483,0.000276996300042697,0.000295683152985235,0.000316488155960567,0.000323916001517348
646,"RWA","Rwanda",5.11714627479766e-07,5.4231906576178e-07,5.74513162801264e-07,6.03408593285335e-07,6.31266241598898e-07,6.56969152030085e-07,6.77449329918471e-07,7.18248381210958e-07,7.38090671883325e-07,7.59677398960168e-07,7.76018619014726e-07,7.29890293328916e-07,7.31527275820099e-07,7.44954442477717e-07,7.53840606780994e-07,8.0220157092368e-07,7.77812300648928e-07,7.94744937159959e-07,9.17664873256916e-07,8.72612042607153e-07,8.8237338968758e-07,8.98833803995398e-07,9.14587806163712e-07
652,"BLM","Saint Barthelemy",NA,NA,NA,NA,NA,NA,NA,NA,NA,NA,NA,NA,NA,NA,NA,NA,NA,NA,NA,NA,NA,NA,NA
659,"KNA","Saint Kitts and Nevis",NA,NA,NA,NA,NA,NA,NA,NA,NA,NA,NA,NA,NA,NA,NA,NA,NA,NA,NA,NA,NA,NA,NA
662,"LCA","Saint Lucia",0.000282758620689655,0.000276473591790478,0.000270088195847935,0.000263114316730759,0.000256942626294607,0.000250928131764478,0.000249294167117198,0.000247734571807209,0.000246179764616553,0.000244566498514921,0.000242782344165911,0.000252113044235964,0.000274369815854532,0.000285093517571187,0.000307773277499371,0.000319434242667532,0.000332175066463356,0.000371973832007812,0.000382262996941896,0.000403173874332943,0.000426809196761829,0.00045198746458411,0.000469817688496973
670,"VCT","Saint Vincent and the Grenadines",NA,NA,NA,NA,NA,NA,NA,NA,NA,NA,NA,NA,NA,NA,NA,NA,NA,NA,NA,NA,NA,NA,NA
882,"WSM","Samoa",4.64110256075823e-06,1.02409313857597e-05,2.25044205111718e-05,2.67285531370038e-05,3.11049432932957e-05,3.04836024726178e-05,3.03095908205239e-05,3.12897027478239e-05,3.98358595733809e-05,4.32765975069367e-05,4.66425577381442e-05,4.99106192481831e-05,5.29971129191819e-05,5.60170852109893e-05,5.94774902481698e-05,6.23860962514307e-05,6.51928540847702e-05,6.79092616673891e-05,7.0576678222803e-05,7.36178948113541e-05,7.58389979946866e-05,7.77093123182973e-05,7.95927727963594e-05
674,"SMR","San Marino",0.00034597174067032,0.000290835924638742,0.000229182308984948,0.000216425999090941,0.000148489327329598,0.000153856581266097,0.000175573283487433,0.000175161332806532,0.000196091205211726,0.000199298110048617,0.000211022525942799,0.000222495768579782,0.000229989134371604,0.00024124981222773,0.000252777860972176,0.000262436699434018,0.000269255778211267,0.000275428705661264,0.000278135613069446,0.000284978641231201,0.000292586820360514,0.000294858497555193,0.00030600118835413
678,"STP","Sao Tome and Principe",3.42346605062833e-06,3.39126748622298e-06,3.33019667514232e-06,3.26478583785331e-06,3.20868500986068e-06,3.14819396338446e-06,3.08945542314075e-06,3.03217639612588e-06,2.98269005310223e-06,2.93047696038804e-06,2.8824298059713e-06,2.83803831351723e-06,2.80112044817927e-06,7.58682266963258e-06,1.32660242940399e-05,1.96396253057815e-05,2.63888345908753e-05,3.41287084927609e-05,4.29158149746385e-05,4.42686126216804e-05,4.93960419134563e-05,5.37858516317283e-05,5.8492391591169e-05
682,"SAU","Saudi Arabia",0.00032486533171767,0.000421988135522848,0.000512743102665977,0.000609048990734551,0.000701552476463337,0.000807455014918654,0.000819450282808839,0.000806816103655491,0.000805471285805158,0.000803965847671222,0.000778595650764695,0.000766145140724445,0.000768942684018123,0.000771857430118792,0.000824888241650793,0.000894660640867707,0.000987542894524135,0.00107331527083137,0.00117653331204151,0.00126160558513909,0.00136955450336606,0.00149650646407344,0.00157104789443877
686,"SEN","Senegal",1.46327082041164e-05,1.97222245421551e-05,2.42609972546766e-05,2.93257829984061e-05,3.42097925811672e-05,3.99123131946554e-05,4.09290739987892e-05,4.06438364184167e-05,4.11861302295331e-05,4.14923162544345e-05,4.00634598819916e-05,3.92206202605181e-05,3.89968646067404e-05,3.89832979369892e-05,4.14450418702293e-05,4.47194138886937e-05,4.96225567330895e-05,5.41635579797138e-05,5.9647218484551e-05,6.37468883550122e-05,6.81426029987613e-05,7.2881460378557e-05,7.56506140491044e-05
688,"SRB","Serbia",0.000167634645877132,0.00014793228646141,0.000198758837765033,0.000147047205227501,0.000202327245695086,0.000163961547522843,0.000164607521025575,0.000212691620586869,0.000103262187182918,5.83269030313188e-05,6.13047964763045e-05,6.2343631183372e-05,5.32012645509973e-05,3.44773100216467e-05,3.84260682446972e-05,3.53751164665812e-05,3.92444549851934e-05,4.21600892654431e-05,4.58281752767306e-05,4.89544270280271e-05,5.29052520565648e-05,5.69185608061424e-05,5.90229090246915e-05
690,"SYC","Seychelles",NA,NA,NA,NA,NA,NA,NA,NA,NA,NA,NA,NA,NA,NA,NA,NA,NA,NA,NA,NA,NA,NA,NA
694,"SLE","Sierra Leone",NA,NA,NA,NA,NA,NA,NA,NA,NA,NA,NA,NA,NA,NA,NA,NA,NA,NA,NA,NA,NA,NA,NA
702,"SGP","Singapore",0.000431988285669384,0.000468824160007269,0.000584298183646835,0.000780105890261216,0.000844800540672346,0.00099396075074043,0.00103604222780887,0.00079109113696795,0.000776956463161932,0.000834073005046743,0.000913973792589406,0.000897044729543908,0.000882833998784362,0.000927921777490655,0.0010018787053972,0.0010551035031243,0.0011431561417535,0.00130250721056232,0.0014258666396154,0.00153938700487362,0.00168313838299471,0.0019070091019344,0.0019159052421651
534,"SXM","Sint Maarten",NA,NA,NA,NA,NA,NA,NA,NA,NA,NA,NA,NA,NA,NA,NA,NA,NA,NA,NA,NA,NA,NA,NA
703,"SVK","Slovakia",3.48876913255838e-05,3.9599417498146e-05,4.76109707579369e-05,5.58308429675656e-05,6.57076697417112e-05,6.88653063473153e-05,7.89122908498593e-05,9.34019173813526e-05,9.83411575590795e-05,0.000107121520360701,0.00012260202677287,0.000124296456124648,0.000126858988098001,0.000129863100646859,0.000128814396355992,0.000145101193793799,0.000130735851342657,0.000142851049559938,0.00013641109567485,0.000139526859103724,0.000142521461112433,0.000146312440027045,0.00014672982124368
705,"SVN","Slovenia",0.000321781867089005,0.000268064214933285,0.000382044892781758,0.00034974618348246,0.000510763080041582,0.00047338780708972,0.000412084900451848,0.000465284061122172,0.000266163232270461,0.000179440879868253,0.00018402964390508,0.000223592354602861,0.00024062311177697,0.000231558681193212,0.000256549530063337,0.000242787726474669,0.000256169123920966,0.000249227153854939,0.000235788328622389,0.000222660093804543,0.000211185306068866,0.000202079713331426,0.000200120261844559
90,"SLB","Solomon Islands",NA,NA,NA,NA,NA,NA,NA,NA,NA,NA,NA,NA,NA,NA,NA,NA,NA,NA,NA,NA,NA,NA,NA
706,"SOM","Somalia",2.02947555255912e-05,2.68996588704326e-05,3.27273009338013e-05,3.91462389738521e-05,4.51699130029452e-05,5.21624886360293e-05,5.33149225315631e-05,5.27968288083963e-05,5.32989889793418e-05,5.3793521708414e-05,5.21342229244406e-05,5.16500302001246e-05,5.1686748401931e-05,5.14297429641038e-05,5.42480465631571e-05,5.81956895084869e-05,6.3948071367447e-05,6.86211541122808e-05,7.52704512736085e-05,8.00936094059933e-05,8.46585623428072e-05,8.96541406940672e-05,9.26267356786991e-05
710,"ZAF","South Africa",5.76759587763007e-05,6.83891501015653e-05,8.03583369172872e-05,9.35472208076958e-05,0.000108328369484426,0.000120570052761333,0.00012668776593823,0.000131610281395183,0.00013052297073762,0.000132302070288983,0.000131505462758165,0.000131951969101883,0.000132091365904317,0.000134759842368851,0.000142336267293697,0.000152658083261616,0.000168373220831192,0.000185377398988782,0.000204047340029283,0.000218637353882031,0.000234686186389776,0.00025087446166171,0.000263799885414012
410,"KOR","South Korea",0.000276548019553477,0.000200337072930548,0.000272852807915653,0.000217153769716362,0.000230853129803786,0.000234514951791301,0.000241544437611467,0.00029167910582196,0.000299665426609002,0.000294070911854069,0.000373329260748331,0.000338428870601982,0.000356574749332433,0.000356938233801801,0.000384261750118367,0.000335195878964649,0.000298724254142646,0.000325143665312609,0.000354753890167188,0.000361249189652386,0.000383901308889327,0.000409702402224328,0.000395133527724825
728,"SSD","South Sudan",6.24750590405663e-06,8.35101668936611e-06,1.01703534197813e-05,1.21561125152613e-05,1.40765804241506e-05,1.6312885848689e-05,1.66884259663439e-05,1.66313784454722e-05,1.68859804204224e-05,1.70111754754759e-05,1.62644827240826e-05,1.56203474551037e-05,1.53248055151359e-05,1.51269161773454e-05,1.63199291126489e-05,1.80448994617707e-05,2.06034553259706e-05,2.36437095629235e-05,2.703137149387e-05,2.92888382917295e-05,3.13023660534514e-05,3.54475584540473e-05,3.61031869401028e-05
724,"ESP","Spain",0.000204595440371226,0.000215664899536387,0.000253430006180313,0.00025836948234489,0.000312194976479953,0.000325291493822153,0.000367139286045628,0.000417893787451658,0.000411279897382837,0.000362358336763156,0.000367134805051526,0.000357275062669148,0.000359181156757881,0.000349635012149817,0.000350681813654052,0.000209065241101529,0.000207813164004471,0.000167191649878107,0.000125005999219535,0.000119444562840007,9.62722884334651e-05,8.47819553629332e-05,2.56221595893431e-05
144,"LKA","Sri Lanka",2.89193263171036e-06,3.9640015803153e-06,4.95533734047621e-06,6.06117748474604e-06,7.18301201240752e-06,8.53924693804461e-06,8.90758486386946e-06,8.96474390341385e-06,9.21834225318862e-06,9.4715106966799e-06,9.28947289353582e-06,9.30021045800996e-06,9.42087905651514e-06,9.60639522811072e-06,1.04522446124682e-05,1.15294321328179e-05,1.3115216853343e-05,1.46000246526531e-05,1.64282418089525e-05,1.80250424253543e-05,1.96176832884712e-05,2.12583498826503e-05,2.2631982327217e-05
275,"PSE","State of Palestine",NA,NA,NA,NA,NA,NA,NA,NA,NA,NA,NA,NA,NA,NA,NA,NA,NA,NA,NA,NA,NA,NA,NA
729,"SDN","Sudan",6.38813073142234e-06,8.60941187585985e-06,1.05911001824498e-05,1.28064242984057e-05,1.49142172377135e-05,1.73659437999468e-05,1.77364773536174e-05,1.74728976922085e-05,1.75579531742799e-05,1.76034136054052e-05,1.70124819157169e-05,1.67346395184329e-05,1.66952068430894e-05,1.67543263393792e-05,1.78362735484415e-05,1.9202970366804e-05,2.1306762809688e-05,2.31810222993077e-05,2.5476761276961e-05,2.752584752258e-05,2.92526053832985e-05,3.08823129371791e-05,3.22138803679738e-05
740,"SUR","Suriname",8.9979498870559e-05,5.00621673635703e-05,1.14189797161798e-05,0,0,0,0,0,0,0,0,0,0,0,0,0,0,0,0,0,0,0,0
752,"SWE","Sweden",0.00013074681566694,0.000136016798636685,0.000143418041855211,0.000144001677117207,0.000152331714873724,0.000156153580701278,0.000151973926560252,0.000147571755946486,0.000143172665040934,0.000137656389219139,0.000136487822833688,0.000132286149121625,0.000130260666300116,0.000129161567475617,0.000127886337923147,0.000129602601685487,0.000132015396421577,0.00012527717575135,0.000116950857249784,0.000110906949361346,0.000105278998037561,0.000100808280795418,9.91709593865361e-05
756,"CHE","Switzerland",0.000129589031562098,0.00013651727960205,0.000153745775594588,0.00016078482616367,0.000179982069455487,0.000184211216311702,0.000183058803030599,0.000188051648517696,0.000198753215846646,0.000187245821867755,0.00018786160963661,0.000195895100322304,0.000207581449771354,0.000211389153090992,0.000213710466769305,0.000213706275333853,0.00019944256400494,0.000198773284870513,0.000193790961096288,0.0001830844007426,0.000178278563033106,0.000174644291515792,0.000168762110534393
760,"SYR","Syria",3.24387554457557e-05,4.36993228338586e-05,5.37752779491472e-05,6.47309610912414e-05,7.5757546433155e-05,8.77119487943024e-05,8.85137506883617e-05,8.5011813502436e-05,8.52191008695655e-05,8.658913045271e-05,8.41631649790982e-05,8.31473406510912e-05,8.53771615738895e-05,9.21109270494949e-05,0.000107611350845287,0.000124966298151467,0.00014395505817999,0.000161720469802706,0.000179481554856468,0.000190563845580394,0.000201708067769097,0.000215246717522729,0.000221014461803345
158,"TWN","Taiwan",0.000226242312699196,0.000296795501205034,0.00235779938723858,0.00238885202388852,0.00253426770681828,0.00189284145805885,0.0011408838571491,0.00128495513546476,0.00112427833485263,0.000908304498269896,0.000453328728089111,0.000460710441334769,0.00036712986790187,0.000373064088303243,0.000399846377058974,0.000355865826664396,0.000304163126593033,0.0002948538458275,0.000350587138072831,0.000346989789433547,0.000362463392895038,0.000386737967914438,0.000366215344938749
762,"TJK","Tajikistan",0.00055635279972989,0.000455622806730111,0.000545725115049402,0.000382166063293894,0.000588131160306322,0.00047336287521765,0.000483179610897301,0.000575928604885294,0.000290799790897202,0.000218247177916706,0.000173187913215537,0.000121004740123052,0.000113493796552252,6.78415212232121e-05,4.67191618702461e-05,4.05909716997634e-05,4.251994024745e-05,3.30512770957451e-05,3.01266458460504e-05,2.94527055415962e-05,2.54631383349434e-05,2.19485738760279e-05,1.91906046015051e-05
834,"TZA","Tanzania",NA,NA,NA,NA,NA,NA,NA,NA,NA,NA,NA,NA,NA,NA,NA,NA,NA,NA,NA,NA,NA,NA,NA
764,"THA","Thailand",6.4534948869848e-05,8.73528583520613e-05,0.000108840224108094,0.000133226389952625,0.000157706570420133,0.000186869429619807,0.000194512852738315,0.000197525679610295,0.000204966002452552,0.00020939735823703,0.000207996166542765,0.000208112468518623,0.00021255975694616,0.000217020744394951,0.00023441650865112,0.000257488516474506,0.000288923043180526,0.0003215878450627,0.000359915522203259,0.000394066491750695,0.000429516821277799,0.000467869887423382,0.00049653381737012
626,"TLS","Timor-Leste",NA,NA,NA,NA,NA,NA,NA,NA,NA,NA,NA,NA,NA,NA,NA,NA,NA,NA,NA,NA,NA,NA,NA
768,"TGO","Togo",1.56149068447006e-05,2.09895157368894e-05,2.57500750728292e-05,3.11750542012444e-05,3.62968710300297e-05,4.23699361141901e-05,4.34098708939369e-05,4.29927092632918e-05,4.33910455667047e-05,4.36031246718044e-05,4.21494387809834e-05,4.13414668841514e-05,4.11455201551691e-05,4.10907106990219e-05,4.37682816613781e-05,4.73690823605165e-05,5.27321932911598e-05,5.768646704772e-05,6.37530091606736e-05,6.86635382296987e-05,7.33188196025386e-05,7.85440637403007e-05,8.17069266340736e-05
776,"TON","Tonga",NA,NA,NA,NA,NA,NA,NA,NA,NA,NA,NA,NA,NA,NA,NA,NA,NA,NA,NA,NA,NA,NA,NA
780,"TTO","Trinidad and Tobago",0.000135114543354128,0.000186019825679253,0.000233290043418695,0.000287392837195282,0.000341617370912713,0.000406113616858098,0.000425587852299227,0.000431812290186524,0.000445863485360098,0.000458895325476684,0.000452387300254698,0.00045281052379544,0.000457921233353165,0.000467124629267544,0.000507354923031639,0.000558836360249477,0.00063362212709194,0.000703364720984007,0.000784204786440435,0.000855288478935232,0.00094193777018958,0.00102250628087592,0.00109075898537207
788,"TUN","Tunisia",1.60714567289673e-05,2.20107346352816e-05,2.75395829496696e-05,3.37460090929799e-05,4.00302169841798e-05,4.73607728045972e-05,4.95060932557439e-05,4.99981333400124e-05,5.14962950756434e-05,5.27608872879086e-05,5.18583508879205e-05,5.1484120411931e-05,5.19044317704163e-05,5.2742037279771e-05,5.69606231474673e-05,6.24687494024587e-05,7.04281578449908e-05,7.81445586284419e-05,8.71529729932211e-05,9.54411180586712e-05,0.000103603741015973,0.00011253413331511,0.000118969414096678
792,"TUR","Turkiye",5.10032614480057e-06,6.36218166770239e-06,9.0470085747911e-06,1.18293946459083e-05,1.57851857506981e-05,1.84849031103615e-05,2.21260130175955e-05,2.52593808480167e-05,2.80423393334499e-05,2.99062774647103e-05,4.27622822189034e-05,4.7051620103224e-05,5.69891863616667e-05,5.86344695435523e-05,6.3370485635428e-05,6.10198771873272e-05,6.59101449215974e-05,6.87052254197737e-05,6.72629732523775e-05,7.33094938525677e-05,7.58301247365141e-05,7.86784808480535e-05,8.03831760543534e-05
795,"TKM","Turkmenistan",5.84356065878596e-06,7.93942906012262e-06,9.89578988407667e-06,1.21034135828878e-05,1.42952226984069e-05,1.68652874927724e-05,1.75210924280015e-05,1.76123118219011e-05,1.80389221116598e-05,1.83556821645113e-05,1.79385987391728e-05,1.7739853167739e-05,1.77698572659114e-05,1.79133629911e-05,1.92472319302042e-05,2.09835164939978e-05,2.35151342893087e-05,2.58026336446572e-05,2.88537668015484e-05,3.13392071342974e-05,3.37576342649907e-05,3.64246738533126e-05,3.84090863147026e-05
796,"TCA","Turks and Caicos Islands",NA,NA,NA,NA,NA,NA,NA,NA,NA,NA,NA,NA,NA,NA,NA,NA,NA,NA,NA,NA,NA,NA,NA
798,"TUV","Tuvalu",NA,NA,NA,NA,NA,NA,NA,NA,NA,NA,NA,NA,NA,NA,NA,NA,NA,NA,NA,NA,NA,NA,NA
800,"UGA","Uganda",NA,NA,NA,NA,NA,NA,NA,NA,NA,NA,NA,NA,NA,NA,NA,NA,NA,NA,NA,NA,NA,NA,NA
804,"UKR","Ukraine",4.6160259473529e-06,2.1577234168475e-06,3.42306110039589e-06,4.72675299739407e-06,5.62678294733251e-06,7.6424730524808e-06,1.01522222060262e-05,1.49002281368985e-05,1.70780572494959e-05,1.52649110223971e-05,1.67644991826053e-05,1.8181386172511e-05,1.90598004419154e-05,1.97847211303987e-05,1.91066672218276e-05,1.76063995696863e-05,2.02645623044523e-05,2.31981635084635e-05,3.0926089827562e-05,3.73990088766998e-05,4.35057977933452e-05,5.06932009799315e-05,6.02631578947368e-05
784,"ARE","United Arab Emirates",0.000961734272515192,0.00114643109630658,0.00131272781813353,0.00149995686312867,0.00168530645657681,0.00181733537055538,0.00168403295887245,0.00147123330218315,0.00125059292270291,0.00112728653997351,0.00107406813977883,0.00108568833048306,0.00108944417458389,0.00110490962650513,0.00118832709687955,0.00130090068307379,0.00144536578483418,0.00158794993017431,0.00176145539540899,0.00192147840502528,0.00206734171834213,0.00223167927458678,0.00235141369215483
826,"GBR","United Kingdom",0.000210453943215283,0.000206264370666948,0.000223911864518978,0.000216167745366059,0.000229936303811572,0.000226707234133518,0.000190550010614128,0.0002037408150177,0.000195674484530743,0.000197409318865787,0.000205421774934266,0.000211722101595925,0.000218099513787145,0.000222877923184235,0.000222790372052186,0.000221032674170409,0.000219364532027359,0.000217879886177732,0.000210548504119051,0.000200391774892681,0.00019370043569039,0.00018938555407853,0.000189540753202119
840,"USA","United States of America",0.000467909093811143,0.00046335420623007,0.000472837045055597,0.000479040317942524,0.000481426093166318,0.000483757228830144,0.000499039815997476,0.000514068558442236,0.000528802069278411,0.000540371292009586,0.000558336842294275,0.000567096403873158,0.000563082936328406,0.000559316874741658,0.000570895438418547,0.000573029183655416,0.000569058160099741,0.000562611869097808,0.000562943840359296,0.000572468278847214,0.000569869650164421,0.000577956901914699,0.000575872104053844
858,"URY","Uruguay",1.17245971112537e-06,3.72621245045728e-06,6.50245989570054e-06,4.92417079078558e-06,3.31945098694822e-06,5.03366072222482e-06,7.6453473847193e-06,2.45444776277237e-05,4.13653441147007e-05,2.68229113713595e-05,1.20501656748645e-05,6.00897717391854e-06,2.01119326944383e-08,4.40674557403037e-05,8.81573694548572e-05,6.3476800698715e-05,3.92528368962606e-05,4.38314534509964e-05,4.52285090173975e-05,4.929400197001e-05,5.27837447063153e-05,5.6329642233806e-05,6.10612265885706e-05
860,"UZB","Uzbekistan",2.90461818063804e-07,2.86807840749546e-07,7.55781630549406e-08,3.98941631319265e-07,1.6702526837133e-06,5.23560209424084e-07,1.54785612488556e-06,4.46627958910228e-07,1.31854608318561e-06,7.88694656323602e-07,8.78777693751225e-07,2.89371970796949e-06,3.66085072797192e-06,3.86863823933975e-06,4.12904736049835e-06,4.31325062542134e-06,4.49009196838724e-06,4.90913469554102e-06,5.06734716789911e-06,5.2709397013432e-06,5.52114173705636e-06,5.75682154712431e-06,5.89091704747238e-06
548,"VUT","Vanuatu",NA,NA,NA,NA,NA,NA,NA,NA,NA,NA,NA,NA,NA,NA,NA,NA,NA,NA,NA,NA,NA,NA,NA
862,"VEN","Venezuela",9.25178103949e-05,8.9629493778648e-05,0.000106194289202737,0.000122178126477167,0.000131162907495796,0.000144363532121917,0.000149435019399433,0.000159854114228916,0.000161810948035667,0.000156735983037495,0.000149050904436013,0.000150535333546947,0.000155749360392687,0.000146122291421405,0.000144403098201592,0.000142156579510926,0.000158092665983637,0.000176027346142693,0.000201169107680559,0.000226427991773899,0.000250259271061783,0.000274823991191164,0.000286908600813181
704,"VNM","Viet Nam",1.10124990345076e-05,1.50342448149113e-05,1.87246624935388e-05,2.30743291031419e-05,2.72137845788643e-05,3.22339724540258e-05,3.35907032368573e-05,3.39773820825868e-05,3.4931032414935e-05,3.5845226924164e-05,3.5235835045589e-05,3.50880699803712e-05,3.5385812748178e-05,3.58932220513466e-05,3.8910290888512e-05,4.28456459679676e-05,5.04689700181996e-05,6.11487144392044e-05,6.82720933709378e-05,7.64277614195918e-05,8.4843368536261e-05,9.44925232867898e-05,0.000100522619850461
876,"WLF","Wallis and Futuna Islands",NA,NA,NA,NA,NA,NA,NA,NA,NA,NA,NA,NA,NA,NA,NA,NA,NA,NA,NA,NA,NA,NA,NA
732,"ESH","Western Sahara",NA,NA,NA,NA,NA,NA,NA,NA,NA,NA,NA,NA,NA,NA,NA,NA,NA,NA,NA,NA,NA,NA,NA
887,"YEM","Yemen",3.32819788820476e-05,4.47672538977678e-05,5.49320513413263e-05,6.63734380633538e-05,7.71701475387112e-05,9.0053450944391e-05,9.19590547301143e-05,9.09832185428393e-05,9.17313058028538e-05,9.19699458862988e-05,8.8910636969544e-05,8.67496401460063e-05,8.61825993442267e-05,8.59768688128618e-05,9.11603173445583e-05,9.85392865790719e-05,0.000109312010021725,0.000119529649829068,0.000132183572258117,0.000142011724779629,0.000152087504769384,0.000163121052709294,0.000170046759000771
894,"ZMB","Zambia",9.14960627373843e-05,8.38896212741725e-05,7.6701318025552e-05,7.0123813742662e-05,6.39969109870898e-05,5.82799460780796e-05,5.31258773391988e-05,4.84596405778292e-05,4.41921343291502e-05,3.99456768828736e-05,3.57451367400116e-05,3.12635507514678e-05,3.00447796076382e-05,2.50738826237731e-05,1.89353106880997e-05,1.31706653586268e-05,7.99152611967692e-06,6.76376660634774e-06,3.43688987145191e-06,3.19360591131558e-07,0,0,0
716,"ZWE","Zimbabwe",5.89792234278319e-06,8.09337402856424e-06,1.0179693280835e-05,1.25043185444509e-05,1.48015591962457e-05,1.76690686511212e-05,1.84096495759698e-05,1.8633688037365e-05,1.92026563090248e-05,1.96375182277968e-05,1.9237103216249e-05,1.91159304410444e-05,1.91476563984721e-05,1.92542880627398e-05,2.05690733661317e-05,2.23243664030437e-05,2.49780248734078e-05,2.73877861727067e-05,3.03610426234492e-05,3.28891496285675e-05,3.52911159689045e-05,3.78278108064239e-05,3.95207584162212e-05
