"code","iso","country","GDB.raw.1999","GDB.raw.2000","GDB.raw.2001","GDB.raw.2002","GDB.raw.2003","GDB.raw.2004","GDB.raw.2005","GDB.raw.2006","GDB.raw.2007","GDB.raw.2008","GDB.raw.2009","GDB.raw.2010","GDB.raw.2011","GDB.raw.2012","GDB.raw.2013","GDB.raw.2014","GDB.raw.2015","GDB.raw.2016","GDB.raw.2017","GDB.raw.2018","GDB.raw.2019","GDB.raw.2020","GDB.raw.2021"
4,"AFG","Afghanistan",NA,NA,NA,NA,NA,NA,NA,NA,NA,NA,NA,NA,0.0944508623674303,0.0992556627116417,0.1018504289568,0.0957932983069352,0.0869973625922553,0.0733079961169159,0.0609654629098058,0.0440700807298304,0.0353246659549524,0.0288714238862884,0.00626165209228358
8,"ALB","Albania",0.0302358303841797,0.0572736914626899,0.0643630695033857,0.0617226815428906,0.0601117814382204,0.0591847066069651,0.0624851233126207,0.0684771957554009,0.0631728370820996,0.0593962416166973,0.0576032969072278,0.0553003049468521,0.0531148597092292,0.0486356690213676,0.0426978730942436,0.0362982366642122,0.0301485108548509,0.025479813468327,0.0228932154762196,0.023716662475556,0.0246278873261085,0.0228784052047257,0.0251341613821379
12,"DZA","Algeria",0.0166212826312093,0.0225384340462578,0.027046893752775,0.0330671304065655,0.0383093168990241,0.0409029586366361,0.044268102652687,0.0460478343795281,0.0454365778061194,0.0442999567388753,0.0412553777463427,0.038019627666273,0.0337028793742766,0.0303136623046658,0.0288098753561099,0.0283682017126587,0.0300379939633415,0.0310347186809705,0.031267845203915,0.0302699903375943,0.0275432669696671,0.0210300581570897,0.0162175236787339
20,"AND","Andorra",NA,NA,NA,NA,NA,NA,NA,NA,NA,NA,0.039564396024236,0.0241018716833086,0.0108611862667376,-0.00376869736767149,-0.0150061040929091,-0.0197532746346357,-0.0200201861392194,-0.0126322640685762,-0.00233297571889823,0.00609254363065603,0.0121213072101036,0.00982822988770948,0.0127100737117187
24,"AGO","Angola",0.0160790464068661,0.0316695235293876,0.0489774468422108,0.067751607611231,0.0644560307031905,0.0598105419400607,0.0636814651595254,0.0734452210959218,0.0866719785888743,0.09936900483772,0.103038769884234,0.100719172136532,0.0922319994741201,0.0869064467594982,0.0762145344072598,0.0652752620407391,0.0551942296692116,0.043441578715294,0.0346589355952962,0.0280377575580977,0.0187331775324822,0.00684060925558883,-0.0034455563710668
660,"AIA","Anguilla",NA,NA,NA,NA,NA,NA,NA,NA,NA,NA,NA,NA,NA,NA,NA,NA,NA,NA,NA,NA,NA,NA,NA
28,"ATG","Antigua and Barbuda",0.0346240232526145,0.0382069583423725,0.0360644104745171,0.0315831565730191,0.030278646488616,0.0327871684961281,0.0320806337841331,0.0375007802507075,0.0459448696493054,0.051402511529987,0.0464393346607195,0.0374777384609801,0.0225516278747409,0.00830178863157194,-0.00446331120259658,-0.0128835522358934,-0.016390943801008,-0.0101303327169746,0.00360749609905353,0.0217549256669156,0.0338042724248573,0.025121071438843,0.0173395534981584
32,"ARG","Argentina",0.0466815908266358,0.0359991192625082,0.0239361529813233,0.00755588573599053,0.000387402731182096,0.00078316328485406,0.00256213652658199,0.00948804556788874,0.0235181583928432,0.0394073021690919,0.0463644906095289,0.0554190376181418,0.0604310124780265,0.0511177547689714,0.0422641497860057,0.031971425923637,0.024480889939688,0.0172786325672929,0.014861169314196,0.0117642705775405,0.00239441191486645,-0.00773764357789075,-0.00774801596541363
51,"ARM","Armenia",-0.0316750363444694,0.00659434990527141,0.0478577753879057,0.0615086078621965,0.0700092711753642,0.0788741006667899,0.0903137502989773,0.102473610861527,0.112931245065029,0.119389331538144,0.105720632524136,0.0870954215148827,0.0680754663652459,0.05289173968181,0.0404607590479296,0.0299416031630098,0.0239284749071869,0.0215009236562975,0.0283848205023811,0.0399623830631326,0.0425841623917786,0.0369925595667542,0.0334800703287761
533,"ABW","Aruba",0.0480625319022374,0.0439891348150372,0.0413536002517163,0.0363723724668026,0.0319995790906806,0.0328649814800124,0.0311982014909151,0.0273080767322091,0.0261388646514482,0.0241505093868266,0.0129626659927373,0.00385228887686306,-0.000849990994240879,-0.00684167966686211,-0.00879976735099908,-0.00683554172129786,-0.00309884300614827,0.00221615021452171,0.0120959419724138,0.0254278192781359,0.0295568463587368,0.0175207337346912,0.0160324803482643
36,"AUS","Australia",0.0347012846476789,0.039179086118349,0.0404499296666996,0.0398354874426299,0.0388676732813593,0.0382205082991081,0.0372223270856264,0.0357162445796335,0.0344436816887239,0.0337690184991237,0.0331106632168585,0.032332067394911,0.0304992175699654,0.0296963556210528,0.0286278909940669,0.0280897812242469,0.0273427098862251,0.0265496559267484,0.0261542438512383,0.026526166097083,0.0262284706030413,0.0242209519183145,0.0221735726082886
40,"AUT","Austria",0.0235724827893051,0.0250087130312462,0.0262679941074149,0.0269281546205913,0.0255914984163494,0.0244589021501711,0.0233988594328869,0.0229068919387414,0.0228255986413859,0.0227117115436846,0.0198597812310126,0.0182137465475074,0.0171434232373782,0.01548309670932,0.0125195939043392,0.00990945666124121,0.00776974767000715,0.00756232210964836,0.00978318966090064,0.0132202637453873,0.0136956022401247,0.0098545545343649,0.00959633931985837
31,"AZE","Azerbaijan",-0.0836914528716084,-0.0494164818080083,-0.00285234394761913,0.0387281812382936,0.0699722537531136,0.0877358228410756,0.103557149396511,0.125687117514148,0.149272346275035,0.167332410077275,0.176762434124935,0.177213625720714,0.165550905354938,0.144380408895132,0.117810010908723,0.084405043212308,0.0557358051535517,0.0354734200269482,0.0240971851161103,0.0165513996500231,0.0134687909253992,0.00913330111430999,0.00686035831087461
44,"BHS","Bahamas",0.0218053962863074,0.0323139731753426,0.0387537089159007,0.0404831072081382,0.0373325588777547,0.032673424835358,0.0289940509915578,0.0258225366443297,0.0244883272953937,0.0158626615649671,0.00960208371644145,0.00577326404901513,0.00317010974152732,0.00340369631374671,0.000539814336160793,-0.00119373508563747,-0.000736895773317925,0.000616543168256767,0.00469192338509705,0.00812535494489164,0.00914625538840852,-0.0050199004427175,-0.00954526281331081
48,"BHR","Bahrain",0.0507861568754577,0.0449281119935594,0.0410759136361294,0.0378244280806621,0.0410580573024495,0.0433398800664568,0.0465250004372102,0.0502374128527128,0.0544850337047809,0.0586917781982976,0.0602925139847894,0.0611718698765702,0.0582186848481911,0.0530863400384138,0.0486460814289496,0.0448622230711397,0.0408800282456068,0.0376098770304321,0.0369666198671048,0.0369016538112581,0.0354916915981411,0.0299270491462305,0.0239236717509939
50,"BGD","Bangladesh",0.0464402431681927,0.0473167740167542,0.0476101550021599,0.0477540883177279,0.0479546173257455,0.0479303278705951,0.0490407359699085,0.0507922832920249,0.0531140605209282,0.055595595713366,0.057266140469739,0.058783530968241,0.0604549170284088,0.0613001387719345,0.0613267198601641,0.0607417726310417,0.0605790230384606,0.0612302992707652,0.0626164092933299,0.064496642705149,0.0663667947497588,0.0657953521379342,0.0655720142681684
52,"BRB","Barbados",0.0144709660526376,0.0232707226448168,0.0265989698942066,0.02469533797518,0.0220501274145031,0.0188995049415228,0.0166958220029134,0.0176308344884673,0.0198010164153219,0.0220806095014208,0.0193532586761804,0.0165722981141241,0.0109542547063566,0.00460580788218246,-0.00195920078746215,-0.00805679218138278,-0.0105218489784864,-0.00781932877624281,-0.0031864278778182,0.00183678837670009,0.00407475640297594,-0.0029846202565168,-0.0090255543193638
112,"BLR","Belarus",-0.0274570176031982,-0.00847339837482985,0.0140913954200137,0.0337608477049141,0.0510486207514784,0.0630469391757151,0.0665144154582451,0.0688659014148607,0.0742077311240159,0.0818123837821227,0.0824474453270079,0.0824658758906338,0.0795487837459674,0.071770595940317,0.0605951786294685,0.0500944907494398,0.0369329095970925,0.0239344720307024,0.0145116267814769,0.0105864921739243,0.00556511296862161,0.00305582018940354,0.00414897359974864
56,"BEL","Belgium",0.020054012092851,0.0228631429303052,0.0247977253351142,0.0260743758959243,0.0246003672144699,0.024344157335757,0.0240254997406686,0.023065519759903,0.0235679135465421,0.0225652957631601,0.0199095351584089,0.0191083818514803,0.0178875044705684,0.01605871485161,0.0131431005342491,0.0114988958499669,0.0107907112968306,0.010781653338908,0.0125542731405821,0.014316898862941,0.014465233018417,0.0114934439211141,0.0119861170223983
84,"BLZ","Belize",0.0410914144450509,0.0406036519766768,0.0430809191440955,0.049702414082275,0.0598848318403646,0.0666172642447305,0.0682146779774435,0.0660699483706961,0.0607977395445281,0.0499887790541911,0.0383596228693268,0.0305239286028669,0.022013929948238,0.0156636447762182,0.0145941877199429,0.0161279378975454,0.0183554508007289,0.0209302998746173,0.0225197361776623,0.0220552243233536,0.0217886286731874,0.0118515106125365,0.00911104613331815
204,"BEN","Benin",0.0449467796629803,0.0468584577766744,0.0488955520882184,0.0496904261674702,0.0503032856355188,0.0489980706629858,0.0466805527191263,0.0439816330802822,0.0429892623409802,0.0419045756193615,0.0401180718162717,0.0382242012890852,0.0368011419660712,0.0366838381975261,0.0383252967343064,0.0414997142988205,0.0416491632392497,0.0411319549060731,0.042640999366357,0.0460532202321209,0.0495188317581521,0.0507000198721108,0.0517516253638433
60,"BMU","Bermuda",0.0244203757231503,0.0338092175782301,0.0412949725436722,0.0431378406336991,0.0443404588494902,0.0426017457354246,0.0399309455915893,0.0375789860572908,0.0353320710214879,0.0299673803383069,0.0197247038964485,0.0114059898897825,0.00436191605197989,-0.00663880221604696,-0.0150548641847363,-0.0230723187782238,-0.0279908571817401,-0.0280926720678595,-0.0217907461849167,-0.0145460224045121,-0.00869774942548784,-0.00685519024324144,-0.00264116236872625
64,"BTN","Bhutan",0.0495159269045924,0.0542551319505757,0.0575706363882693,0.0632320484334605,0.067014847887334,0.0692304989935333,0.0718688024000589,0.0737332016638654,0.0804445654158632,0.0837110483661272,0.0861304020905558,0.0874922834173604,0.0880231753744882,0.087919426974121,0.0840865726896267,0.0781219935574351,0.0714213285867107,0.0646888617550223,0.0630356661063234,0.0585129994358562,0.0541496580515357,0.0441617594168202,0.0371601162434037
68,"BOL","Bolivia",0.0414569999060006,0.0396785080149327,0.0377456470113025,0.0341226489675761,0.0305970838060585,0.0284089399210337,0.0277492287327155,0.0286391408156899,0.031295073740331,0.036676727542871,0.0400633201924079,0.0429185788923936,0.0450640176983532,0.0465670483017473,0.0481587817999309,0.049611978729226,0.0506074346281231,0.0510170715754032,0.0507117023118087,0.0508053687763459,0.0485521917844254,0.0381850043959493,0.0307148564021835
70,"BIH","Bosnia and Herzegovina",NA,NA,NA,NA,0.187625402741369,0.138952247818631,0.0864826420248486,0.0649306145339479,0.0561027372399443,0.0519146011242477,0.0449773002310534,0.0410692289195405,0.0349578976770204,0.0275834070997805,0.0206774640995895,0.0153441105027718,0.01165826381081,0.0107062062696668,0.0130415819232055,0.0190443258763187,0.0227786084715529,0.0228364121951874,0.0256041082132781
72,"BWA","Botswana",0.0496832885028344,0.0498319487110279,0.0490982294424536,0.0485742571497711,0.0464114240333049,0.0423926761032687,0.0398993991509116,0.0404617779941174,0.0440403275172079,0.0443022518840925,0.0365272403098891,0.032913811003124,0.029574644250014,0.0257771706824639,0.0273222677735923,0.0294014903718567,0.0269820118871893,0.0303814462460958,0.0364760540772955,0.0438654292783049,0.0389619037162265,0.0299137696629448,0.0281914823761786
76,"BRA","Brazil",0.0291157759014491,0.0294367220665235,0.0280271951141626,0.0246858090277808,0.0215907989179469,0.0222793738230471,0.0243401797835141,0.0269781783449119,0.0319071286025387,0.0362395423194148,0.0365891655728625,0.039845343147749,0.0417188841297575,0.0418812720864565,0.0397720135332065,0.0368712325173954,0.0298252903539722,0.0202082927555312,0.012889559197103,0.00800862310458617,0.00220692858067228,-0.00256533093478828,-0.00259954291654163
92,"VGB","British Virgin Islands",NA,NA,NA,NA,NA,NA,NA,NA,NA,NA,NA,NA,NA,NA,NA,NA,NA,NA,NA,NA,NA,NA,NA
96,"BRN","Brunei Darussalam",0.0212889958299667,0.0192059009622463,0.0180000184434514,0.0193764733608086,0.0199699430577251,0.020049079937579,0.020743330262428,0.0236819923413532,0.0234244951235101,0.0192224573417201,0.0138019817315844,0.0100264799423415,0.00844965258106933,0.0081539744299286,0.00718072351504984,0.00434698479993445,0.00113161169742493,-0.000912592502828158,-0.00164488106359961,-0.00330475227747085,-0.00397967179325898,-0.00290850274177867,-0.000659775020979025
100,"BGR","Bulgaria",-0.020095272177761,-0.014825729022354,-0.0104510299436457,-0.00659603344542459,-0.00116707156763907,0.00792741513907957,0.0212079255322435,0.0397606475091199,0.0493003152454088,0.0598364931055477,0.0568214132243379,0.051749067426726,0.0448261374610064,0.0368992056787241,0.0274602573959586,0.0189129752482673,0.0135673987202929,0.0114289056802133,0.0126747062229624,0.017399370166655,0.0204121826406896,0.0196918540435478,0.0226412155529763
854,"BFA","Burkina Faso",0.0547888048769483,0.0563634154692174,0.0611193001701791,0.0621454085264355,0.0630382620478078,0.0599703232021789,0.0578346980707094,0.0584282264903571,0.0580860872314004,0.0586603743342151,0.058820514940124,0.05838903828621,0.0587854147973068,0.0584040715113714,0.0589254201144322,0.0575753886912491,0.0569183745337833,0.0570640390179964,0.056746403822834,0.0570615493422459,0.0554997222373621,0.0532990099970732,0.0527983318908494
108,"BDI","Burundi",-0.0324328091775696,-0.0326397771816541,-0.0262747821720895,-0.0141677983322674,-0.0045185990997394,0.00692518228472871,0.0140907425431906,0.0181271429505996,0.0208487026509925,0.026644720241195,0.0310912945403348,0.0343890645922904,0.0372018814680306,0.0411151809531001,0.0425150165068509,0.0443941754538275,0.0395407029543582,0.0335630138104877,0.0265422728881808,0.0203886126465656,0.0149045272250843,0.0103534157708034,0.00739032785084714
132,"CPV","Cabo Verde",0.120080877596993,0.127100143396964,0.121799115489623,0.112641843500566,0.0983216438474463,0.0895722997952821,0.0824235501982702,0.0764685542296457,0.0757140371150007,0.0760604762286097,0.0728514115093715,0.0711910487248859,0.0660931833140721,0.0578185412632219,0.0460804309347087,0.0351704104954049,0.0243477591179557,0.0169780456110851,0.01719443754934,0.0215042447110589,0.0255282772690211,0.0182750097447051,0.0162449668679565
116,"KHM","Cambodia",0.0530557081945819,0.0505659248776626,0.0491050239424735,0.0474423016331129,0.0778198954453215,0.0804463923273584,0.0870985759886764,0.0934175932430752,0.0971761738393577,0.0961069194954953,0.0915409419575779,0.0866987180632581,0.0814665060109956,0.0750661603893874,0.0687293024642814,0.0636649820619539,0.0619789275131608,0.0628044256826736,0.0662783108102323,0.0707490589508462,0.071333255874424,0.0654157620512636,0.0585071619720203
120,"CMR","Cameroon",0.00991099203763746,0.0219242049827943,0.0324434581867898,0.0409881230765288,0.0435184285691974,0.0461685595622823,0.0463713652719377,0.0459714465604957,0.0455111381514517,0.0443325988492547,0.0423759827416355,0.0396056229997583,0.0367311629229119,0.0346447234908998,0.034163433486575,0.0367654639731447,0.0394057785445239,0.0421213852683644,0.0446264393093645,0.0462465399100724,0.0463947931115445,0.0433793538276968,0.0397605436341315
124,"CAN","Canada",0.0282277273631879,0.0343669829617896,0.0365194399293276,0.0369248016808708,0.0358435422709105,0.0353144727942656,0.0343719208150404,0.031918845355438,0.0294288706052406,0.0262298408385846,0.021287865220099,0.0189603931542541,0.0172855765263975,0.0161604283680423,0.0152376294229419,0.0155940608591734,0.016129233194776,0.0169640632017207,0.0190326726776395,0.0213706420957094,0.0205667562725977,0.0160963082447643,0.0144909977448762
136,"CYM","Cayman Islands",NA,NA,NA,NA,NA,NA,NA,NA,NA,NA,NA,NA,NA,NA,NA,NA,-0.00293894702842601,0.00223097176445508,0.0106618174647777,0.0206503945068115,0.0265799110363762,0.0248015579558027,0.0226636208804507
140,"CAF","Central African Republic",0.0183619843235225,0.0223773712119784,0.0270358632244652,0.0270961953950883,0.0209736498941084,0.0187960245529533,0.019148707849663,0.0173698213174565,0.018570314234696,0.0210758094210146,0.0279655996819714,0.032457527352308,0.0381578542959637,0.045019257338601,0.0182674127492857,-0.00323102294019861,-0.0200877687660355,-0.0302825177405723,-0.0342294192851997,-0.0339621118868052,-0.0260073036206423,-0.0131617056877656,0.00492862534489791
148,"TCD","Chad",0.0226677828177375,0.020637160827655,0.0275573695517228,0.0412740276719588,0.0477806249265134,0.0706736837287292,0.0944272754993727,0.10848011957542,0.116680642852102,0.11998839286959,0.114035679354308,0.103332337902987,0.0873709246644829,0.0706624480510996,0.0554215342854272,0.0539342792966007,0.0575251486658173,0.0518103139975101,0.0415596893302683,0.0305600171151221,0.0201551893793637,0.0135758810124984,0.00424142013505202
152,"CHL","Chile",0.0672230001534311,0.060342904945202,0.0528653928426535,0.0475319160373211,0.0431572688329502,0.0399780003368051,0.0398683822256787,0.0419335533745042,0.0461832066777264,0.0500263185300218,0.0476700968805559,0.0467023752271363,0.0459951431851888,0.0451724112338436,0.0433475950706959,0.0411391671367305,0.0387933404400786,0.0366739921271324,0.0345028814850474,0.0332780264909753,0.0278769406293311,0.0189053385434614,0.0176430119023283
156,"CHN","China",0.109827953770375,0.104042530495476,0.0963670927162292,0.0906131129457686,0.0876244750665267,0.0873309370965361,0.0894127932966304,0.0938563248028694,0.100694641973328,0.105952467495014,0.109117946246709,0.111206381266745,0.111244564353864,0.108686084636876,0.104258337944327,0.0981222373667372,0.0912609930202799,0.0849617379045737,0.0809279939160739,0.0769459679416711,0.07275952534499,0.067509587926351,0.0647673572137335
170,"COL","Colombia",0.0335176440719953,0.028333536105895,0.022172353452556,0.0168829458244319,0.014257657312263,0.0154719725624648,0.0199343934274179,0.0266527913378567,0.0360458372015966,0.0439536685116357,0.0454067799604632,0.0465421841239579,0.047641327387103,0.0469819722617664,0.046015659608456,0.0451926509153795,0.0434320554107677,0.0417241355909639,0.0402356090197873,0.0380079546757297,0.0340283981175971,0.0244526619157264,0.0221192128692016
174,"COM","Comoros",0.0116512463709413,0.0186329066860118,0.0207035392435777,0.0262130229471311,0.0322322081974094,0.0329890482312625,0.0342267700440231,0.0325944458900529,0.0302011639458941,0.0273439103896542,0.0237432263730277,0.025257381168998,0.0274426452853489,0.0295505348069454,0.0320326879102717,0.0331920418843203,0.0330867424592292,0.0329938620159951,0.0318512282055814,0.0313238169987078,0.0299393181677226,0.0271484868731728,0.0249642222531692
184,"COK","Cook Islands",NA,NA,NA,NA,NA,NA,NA,NA,NA,NA,NA,NA,NA,NA,NA,NA,NA,NA,NA,NA,NA,NA,NA
188,"CRI","Costa Rica",0.0499784772775358,0.0488057090060887,0.0450807959999797,0.043193723027191,0.0429629896163226,0.0430832745353722,0.0430781225393788,0.0428758744602431,0.0449975205760991,0.0483673180424522,0.0481834405002948,0.0483315977792227,0.0478543844056329,0.0468528165585735,0.0444413968938904,0.0415010213864633,0.0379056028561777,0.0361890635609634,0.0372576416778816,0.0384919553761549,0.036229776296123,0.0306088425984488,0.0286204559578283
384,"CIV","Cote d'Ivoire",0.0391246029227525,0.042574161151264,0.0411531233818534,0.0346289569982769,0.0222897139332139,0.00996576093582768,0.000255963195115338,-0.00486201395679819,-0.00463596822926637,0.000514768425321055,0.00795392015447161,0.0181828351732993,0.0223178894491292,0.0274801518228449,0.032611588241114,0.0406254790994658,0.0481947857245792,0.0557953802780164,0.0617982494916156,0.0676877460391472,0.0720315390401709,0.0742986485434938,0.0692350319482695
191,"HRV","Croatia",NA,NA,0.0431823120955759,0.0451667536120726,0.0399485635269299,0.0348317368166711,0.0351066911254123,0.037405597723867,0.0419148933444433,0.0445739690903664,0.0379245819967702,0.0289085485585017,0.0188634811808024,0.00868292497894352,0.000280217721952747,-0.00659503512879323,-0.00978900344868006,-0.00819621017183469,-0.00164427751705587,0.00787583194896779,0.0142781644055603,0.0135573935382278,0.0191899223617666
192,"CUB","Cuba",-0.0158603309405488,0.00671595464735408,0.0256111534955086,0.0371148333838611,0.0379182539910672,0.0381631674282457,0.0412588299699326,0.0502115705559047,0.0587405992480534,0.0627194210377389,0.064236407255152,0.0642208406275424,0.0614922819910786,0.0550272907931688,0.0461574824415156,0.0354318571464216,0.0287482705731699,0.0251963029853879,0.0238181498377228,0.0234614473295383,0.021248988977322,0.0116885984495243,0.00394558017788738
531,"CUW","Curacao",NA,NA,NA,NA,NA,NA,NA,NA,NA,NA,0.00900833149703728,0.0100820075577503,0.0102090383618754,0.00959288652039736,0.00780659554006147,0.00472167359723197,0.00165143893711783,-0.00136212328208507,-0.00394805196477455,-0.00602803426033371,-0.00953471009653284,-0.0227799187544323,-0.0297720424477671
196,"CYP","Cyprus",0.0450266799444914,0.0467234517588357,0.0454869509780209,0.0465441187156199,0.0441852745032716,0.0430020607009263,0.0446008053776101,0.0445975020620377,0.0437250118759005,0.043206726298918,0.0394162299132568,0.036310732222065,0.0319685343229767,0.0244893873646441,0.012274524254178,0.000907493964982242,-0.0061521350348881,-0.00729080509108149,-0.00292863136587029,0.00595604729559596,0.0153752918796743,0.021851141155613,0.0310146236396489
203,"CZE","Czech Republic",0.0124604586839303,0.0214110588495595,0.0230496260898587,0.0226931878210728,0.021569326137084,0.0218195542286377,0.0265064248744575,0.0343029970110473,0.0410723938816409,0.0445742558504028,0.0413776491717426,0.0381226587010597,0.0339891684390699,0.0267368988323797,0.0184646235467891,0.0116884582322834,0.00947224813117686,0.0105182185566137,0.0159745101786823,0.0230231775645771,0.0264381189752041,0.0252882563158896,0.0252370584934283
180,"COD","Dem. Rep. Congo",-0.0502141475272676,-0.0433489264354677,-0.0364719991447553,-0.0291931451772161,-0.0240153912677075,-0.0158909458250318,-0.00321751176275331,0.0119419784953059,0.0261621054751198,0.0407579234566562,0.0509920463374665,0.0561778123365133,0.0578676115140269,0.0585788203763917,0.0603327260557729,0.0640860170873148,0.067752351493815,0.0681678598757249,0.0670720058159637,0.0659197859501812,0.0616822432908448,0.0555777990488808,0.0505985771503104
208,"DNK","Denmark",0.0270372068775562,0.0290467969377495,0.0291805180020861,0.0276887853401728,0.0234032732996874,0.0210800640238602,0.0193380977687423,0.0190227209967251,0.0186184769804709,0.0169338511252846,0.0122916614897484,0.010003559910813,0.00806444061864586,0.00556804466804039,0.00288116799979887,0.00180704091337236,0.00263684306106682,0.0068822232557233,0.0124561524776565,0.0177339906161833,0.0190573249323427,0.0183363149372717,0.0194455180450694
262,"DJI","Djibouti",NA,-0.0174466890249088,-0.0114817570295429,-0.0020731177789467,0.00546009297642991,0.013414944162867,0.0199880018914489,0.0250528766922158,0.0294335217793145,0.0337131566795694,0.0367727605601105,0.038674445290013,0.0414258835985799,0.0425186055692308,0.0386328058322352,0.0365005110763177,0.0360672482546205,0.0377145980338807,0.0404280006943312,0.0443304278809569,0.0471287484251186,0.0476699472830062,0.0503844722938014
212,"DMA","Dominica",0.0211788981482111,0.0218888129047359,0.0209864857510909,0.0175467074247868,0.0172779148462598,0.0165007873536389,0.0155464298235199,0.0169114681899281,0.020704740990638,0.0279155475393393,0.0313579677563967,0.033573988822974,0.0326193998675361,0.0261307153346479,0.0201449941059697,0.0165295668589667,0.00937772900341272,0.00478782230795938,-0.00120842486517159,-0.00092887568044242,0.00167849539597542,-0.00576003487563037,-0.0081387292652827
214,"DOM","Dominican Republic",0.0625903465392605,0.0634648691219513,0.0589586836617075,0.0568858340353962,0.0522391114820906,0.0451808846015356,0.0414816483640883,0.0407266984606827,0.043492208403118,0.0462881793255554,0.0477620793241151,0.0517206762577707,0.0534171403851007,0.0539060317404498,0.0505637863684889,0.0465341298982169,0.0457221421467338,0.0481084232902698,0.0517898479197993,0.0555599214343929,0.0563446215011987,0.0517639899970999,0.0509279848246995
218,"ECU","Ecuador",0.0249117680522275,0.0205304543524671,0.018730933061863,0.0181427757265333,0.0176948003368516,0.0216970354098514,0.0268716451564779,0.0320412452193015,0.0374096932151762,0.0448059608586271,0.0450456055690489,0.0432078496873292,0.0433167963180783,0.0437786929151018,0.0431069279561571,0.0440201155333735,0.0430826201266081,0.0395938501024051,0.034813372646628,0.0308860991847284,0.0238708446602431,0.0113714866836925,0.00440630161730815
818,"EGY","Egypt",0.0443441260246318,0.0490084630630703,0.0507992729269413,0.0510452234149754,0.0493878687265363,0.0470183307639493,0.0445810601539622,0.0436039708889975,0.0443243311840082,0.0466466714120226,0.0493661777036511,0.0531214915900755,0.0542862100717543,0.0525512387096345,0.0484745300470752,0.0432151312333433,0.0379806796733435,0.0343163058596789,0.0325691288463916,0.0337276517415339,0.0365295105041115,0.0401160337705118,0.0422782967969044
222,"SLV","El Salvador",0.0377741939364487,0.0340526408130526,0.0277482324458658,0.0229745532783232,0.0195834767260825,0.0169709669439664,0.016602399074968,0.0170076055261421,0.0179694060975613,0.0194711603649462,0.0189063620249272,0.0184395799628143,0.0187014125586091,0.0192746773151773,0.0196851796308566,0.0191101996874923,0.0190389335444217,0.0206628111396672,0.0224006423322765,0.0244778215828974,0.0239933918504529,0.0171619485090559,0.0166153469779211
226,"GNQ","Equatorial Guinea",0.366829397216625,0.402818748188506,0.429480532443322,0.442518767150376,0.421486693564274,0.386353214197172,0.323950562299818,0.261736402795438,0.244004549702815,0.223677394039676,0.192994111163393,0.14437500656879,0.11663241044298,0.0920576532136803,0.0612850543728425,0.0428463294657739,0.0230140518574551,-0.000285759816520681,-0.0185855966181919,-0.0287097686747015,-0.0375006690067178,-0.0502927935767821,-0.055958856876151
232,"ERI","Eritrea",NA,NA,0.0481962338752928,0.031476256358717,0.015551627887523,0.00910095825002344,0.00345587629405397,0.000985541953759439,0.00337882840928683,-0.00497059281462497,-0.00433353833818173,-0.00560976441255523,0.00960334351931191,0.0246932738442647,0.028568491479023,0.0464415975310168,0.0477581137271903,0.0499188366466983,0.0434557185677868,0.0272928489456186,0.0153328343031405,0.00555681950257725,0.00921041763197983
233,"EST","Estonia",NA,NA,NA,0.057667595828671,0.0626683017494472,0.0633115378163316,0.0653258409833997,0.0676741926810358,0.0739169778376161,0.0716166889142837,0.0526741662667245,0.03697681441115,0.0252691111265526,0.0156379294143358,0.00800820697694493,0.003384815010125,0.00322993955776707,0.00927493164906967,0.0224375194152666,0.033418119420638,0.0336901235473002,0.0309359260494178,0.0333418017295701
748,"SWZ","Eswatini",0.0324835679962248,0.0322830433137202,0.0302334252654257,0.02922742207523,0.028774023233741,0.0281699266353181,0.0301441001684815,0.0339182993244793,0.0379211699450439,0.0396573180692339,0.0399865783593771,0.0395027793786626,0.0366276586937382,0.0351741824173595,0.0338557033467042,0.0308891317285009,0.0288896027853296,0.0276560886186863,0.0272974306205669,0.0258799740232214,0.023902806679762,0.0203477704541319,0.0199502925333661
231,"ETH","Ethiopia",0.037438540692863,0.0465771908882755,0.0517080089004143,0.0459452266456348,0.0408395880247221,0.0402826969776846,0.0441214436067483,0.0552798310576186,0.0683437444020185,0.0772534775934925,0.0852042418318069,0.0943711426182008,0.104782030422272,0.109916554144927,0.107129674807878,0.105616247275905,0.104695090842906,0.103360671859743,0.10226692808575,0.0996758738649723,0.0956216077466963,0.0913575501688173,0.0865435521223894
234,"FRO","Faeroe Islands",NA,NA,NA,NA,NA,NA,NA,NA,NA,NA,NA,NA,NA,NA,NA,NA,NA,NA,NA,NA,NA,NA,NA
238,"FLK","Falkland Islands",NA,NA,NA,NA,NA,NA,NA,NA,NA,NA,NA,NA,NA,NA,NA,NA,NA,NA,NA,NA,NA,NA,NA
242,"FJI","Fiji",0.0281374456686969,0.0283453155552902,0.0249001856508486,0.0237986233133589,0.0215724858289856,0.0226374326928989,0.0227715736495133,0.0243430137658969,0.0214884563315301,0.0175001649366371,0.0159125335516026,0.0134410072651094,0.0118816030203353,0.0112349034543613,0.0120394313533974,0.0171328235731907,0.0229061212664037,0.0285740857699877,0.0337861564504915,0.0382392857304772,0.0374490587765011,0.0241589808506641,0.00863545256618736
246,"FIN","Finland",0.0253699868368131,0.0375407353611168,0.0441876026604993,0.0454972361543959,0.0428441581296475,0.0401682253659887,0.0369713700992493,0.0337481494945115,0.032886206767728,0.0314627009923636,0.02418813440347,0.0200497049788546,0.0169101690430926,0.0120022381668365,0.00620003256600166,0.00145209396233437,-0.00202448323084081,-0.00196231278084769,0.00279625951624807,0.00850644039568604,0.00897992387165303,0.00889510582335373,0.0113331483230881
250,"FRA","France",0.0182526519621644,0.0218216242369802,0.0246214501259681,0.0264357084133584,0.0256255642773189,0.0251387415375144,0.0241119974795949,0.0225658058650831,0.0209801109182106,0.0189805663269131,0.0151064538863657,0.0131486431327283,0.0121910283565689,0.0106184127334719,0.00846963155423608,0.00730759009817517,0.00667264746590623,0.00713760241657879,0.00949787020308013,0.0121060810290912,0.0126138568658267,0.00823082056913416,0.00844803528811644
258,"PYF","French Polynesia",NA,NA,NA,NA,NA,NA,NA,NA,NA,NA,NA,NA,NA,NA,NA,NA,NA,NA,NA,NA,NA,NA,NA
266,"GAB","Gabon",0.0286715394036541,0.0217261707477114,0.0179906351181249,0.0104608571952285,0.00490395936338084,0.000499447356650196,-0.000541227687139711,-0.00181566740421002,0.00353555197615085,0.00905005863089881,0.008873104102056,0.0105443839302637,0.0157131940497426,0.0212676858055003,0.0284450281201729,0.0350958787673277,0.0418815156231953,0.0438377884161238,0.0454437233787937,0.0411808851680018,0.034698324907829,0.0269819742531341,0.0209757546437606
270,"GMB","Gambia",0.0265765804886655,0.0302156002975509,0.0351009557598869,0.0360418858885982,0.0392369014536895,0.0423803176216744,0.0399051141681614,0.0341960923081557,0.0294121083651548,0.0265618936562046,0.027409155610278,0.0309468379813811,0.0293353518205981,0.0258374353733661,0.0249422799269763,0.024854439354479,0.0233323859713368,0.0196935540052998,0.0176055395452834,0.0201965045630308,0.0271199154775246,0.0349440115111703,0.0365127187504695
268,"GEO","Georgia",-0.0899503856152634,-0.0373964916513395,0.0168158055292309,0.0440241667676786,0.054081608023107,0.0545443953212312,0.0547883972886793,0.0595525360442923,0.0703299854012784,0.0764715524924016,0.0742341342258293,0.069490369237067,0.0643875006478323,0.0585087118765437,0.0538778993420608,0.0484092883239398,0.0439575154734588,0.0411180501497748,0.0436888288232464,0.046001453927818,0.0435744589789084,0.0354154388847734,0.0335257315859654
276,"DEU","Germany",0.0155766441622862,0.0151544489650708,0.016676473255091,0.0174339781319015,0.0154487521748867,0.0139934846537177,0.0124087300253299,0.0119654980923134,0.012509692865502,0.0129545348779843,0.00958217852178711,0.00950859445304286,0.0116357067492818,0.0125486216820312,0.0118386805663278,0.0115941056740194,0.011005014303521,0.0124130437498455,0.0157094810406393,0.0186756954113099,0.016716077360186,0.0130675984981727,0.0120494285982005
288,"GHA","Ghana",0.0428258835888813,0.0423344132348669,0.0423294013487625,0.0423063379873607,0.0432161609030801,0.0441981538075609,0.045681243306799,0.0480485444078482,0.0497002096113912,0.0535353573391983,0.0565189953708245,0.0597737483466674,0.066212804180702,0.0725417720864108,0.0775767337975259,0.0788134832014602,0.0763646358576326,0.071775536597515,0.0666767076322519,0.0627606065761082,0.0576923110408414,0.0499804352782143,0.0471121287651866
300,"GRC","Greece",0.0215908856335199,0.0252231475104916,0.0302301997391725,0.0347674010344503,0.0378434124436484,0.040628332141146,0.0403483575795029,0.0404844774624882,0.0404920925594294,0.0381097888535031,0.0310412534177567,0.0201675321733228,0.00412325371077404,-0.0134138430477928,-0.0273438317428547,-0.0357152916201162,-0.0412787830892278,-0.0410143155611993,-0.0348529437722421,-0.0244408220421986,-0.0124424068879736,-0.00653077565009708,-0.000194098581055679
304,"GRL","Greenland",NA,NA,NA,NA,NA,NA,NA,NA,NA,NA,NA,NA,NA,NA,NA,NA,NA,NA,NA,NA,NA,NA,NA
308,"GRD","Grenada",0.0304530457572274,0.0405303639289902,0.0461624881517289,0.0492536277552078,0.0517004815221942,0.0490998495466641,0.0495619230840227,0.043875816168905,0.0392396932517178,0.0369779393193874,0.0308971178581217,0.0249771601465854,0.015950519592054,0.00613764684720608,0.00178191552030849,-0.000241506804515068,0.0074293212635963,0.0131173425926727,0.0230170769174847,0.0339579371095895,0.0380989446496334,0.030059675135077,0.0234952536408333
320,"GTM","Guatemala",0.0418258759115393,0.0416403410157682,0.040168434253234,0.0391889706814961,0.0375151753411043,0.0357044764145327,0.0345450860060723,0.0340381547692754,0.0353563168300308,0.0370427692105775,0.0369795195197733,0.0367604342346166,0.0363162143938751,0.0357850188067625,0.0348101977998767,0.034048049164757,0.0332424921923469,0.0328942248494621,0.0341872717828842,0.0356909012726285,0.0358063029416666,0.0325166639181842,0.03258906502506
831,"GGY","Guernsey",NA,NA,NA,NA,NA,NA,NA,NA,NA,NA,NA,NA,NA,NA,NA,NA,NA,NA,NA,NA,NA,NA,NA
324,"GIN","Guinea",0.0424457975489012,0.0424026066340906,0.0413530334550809,0.0404334818030281,0.0384433413559289,0.035746867842857,0.033328962246282,0.0302900036275333,0.0305399989991539,0.0314405050265405,0.0301316882802327,0.0296286434486215,0.0308483856194333,0.0347193772730567,0.0374881979872399,0.0394216637714406,0.0408638345096584,0.0441892987779309,0.0517794067112867,0.0594058877886672,0.0627127484564247,0.0645579187474716,0.064891970096594
624,"GNB","Guinea-Bissau",0.0101213507563811,0.000558742041647298,-0.00519294179954433,-0.0111297413372942,-0.015518704845088,-0.0163420062509519,-0.0120140323536863,0.000959033074881877,0.0213244669290349,0.0227446735732226,0.0237853403623123,0.027745769954838,0.0344491681313484,0.0356654646980019,0.0353198670191825,0.0333047582558035,0.0336600738292543,0.0349257775495244,0.0370868209628381,0.0372538051828264,0.0375397011687322,0.0347716490383234,0.0355579031269782
328,"GUY","Guyana",0.0602644474049809,0.0507485267104404,0.040646727488872,0.03088931705243,0.0215363311868126,0.0150534287376194,0.00805241702436255,0.00703682121565463,0.0122675860320021,0.0156023156504455,0.0207345380130579,0.0249613584948711,0.0306507987894675,0.0367367132747536,0.0406128582198801,0.0421498913910598,0.0383213470908446,0.0353709103698696,0.0347485103007721,0.0336532716140905,0.0334948712571215,0.0519891573041615,0.0761379072529773
332,"HTI","Haiti",-0.0027340006131974,0.00499807366754501,0.0138634038703835,0.0199523618709023,0.0236495902855514,0.0163084269194274,0.0140302822352487,0.013224598699656,0.0148067176783324,0.0171062217925981,0.0221482646994633,0.0218996094878572,0.0223673381695082,0.021347198483606,0.0226056201551954,0.0213989564520429,0.0207757730540052,0.0195223795065143,0.0199482487963936,0.0205129609023789,0.0215796598313089,0.0152791704070907,0.00955671985030948
336,"VAT","Holy See",NA,NA,NA,NA,NA,NA,NA,NA,NA,NA,NA,NA,NA,NA,NA,NA,NA,NA,NA,NA,NA,NA,NA
340,"HND","Honduras",0.0332698228620381,0.0359124728748441,0.0338289995311956,0.0332197186701135,0.0350626409590606,0.0363005425136507,0.0401110757153091,0.0439231951025822,0.0488068226811236,0.0528348395637355,0.0491324621975422,0.0468845217698564,0.0435358722027723,0.0398132932730084,0.035471074116127,0.0319738112970354,0.0299987019393861,0.0301622500751482,0.0330511123177091,0.0370203746997042,0.0368966477840977,0.0295016408751492,0.0284914660034818
344,"HKG","Hong Kong",0.0371685739649501,0.0327970325351497,0.0277283448623384,0.0235386362115302,0.0215022228699864,0.0248487358010328,0.0302193425601776,0.0381186446457737,0.0485281000284132,0.0511879259736419,0.0483383173851721,0.0492207932196829,0.0481111312568423,0.0435276483733282,0.037228821527846,0.0327198168871301,0.0296400057186561,0.0282271152189502,0.0295720147506713,0.0306242340751346,0.0256201900913213,0.0178591271380864,0.014917209739912
348,"HUN","Hungary",0.00521430117915878,0.0185787798910004,0.0253497964598073,0.0302450010711739,0.033652990054476,0.0378945343536945,0.0413531935872937,0.0425149485458161,0.0409443676734367,0.0379221433034023,0.0288626699460817,0.0204396691785382,0.0132134418901164,0.00614348511210294,0.00117637892276456,0.000427343288287307,0.00324623613229447,0.00870190137687477,0.0157234149968464,0.0249324190448115,0.0301977680877143,0.0301550586253656,0.0325219620214241
352,"ISL","Iceland",0.0374620103308716,0.0456778898918966,0.0516845977321849,0.0507253725164705,0.0464963406991565,0.0435529444180169,0.0429568967081018,0.0431265069775453,0.0457845056963198,0.0482804639570804,0.0432385743827428,0.0357617916788764,0.028865057492677,0.0200693738987725,0.0122870277895919,0.00730436377256338,0.00620403921644197,0.010267351862469,0.019797508059644,0.0317391668590812,0.0374363032509788,0.0336542569266023,0.0306104928221569
356,"IND","India",0.0599026473011488,0.0628471548294565,0.0622802042928372,0.0601991574565344,0.0585391006975733,0.0582294413243223,0.0597216906315381,0.0630390172848889,0.0655685152951515,0.0657817097337905,0.0684521636474025,0.0706955488277581,0.0708312139537961,0.0682293222749202,0.0659358534070964,0.0647237267405665,0.0649670605859529,0.0668884976628414,0.0694162507157057,0.0693725229216755,0.0680593271663643,0.0603162893660398,0.0547365512854072
360,"IDN","Indonesia",0.044786503911872,0.0344182212788133,0.0259182738200752,0.0198901221731229,0.016672354100604,0.0172321175141341,0.0226478138558068,0.0329345823218548,0.046920376973089,0.0512078860499077,0.0527867857662139,0.0548560278989598,0.0563683634302847,0.0575165885214393,0.0580444384824801,0.0577229081253212,0.0569265701302881,0.0557139898712533,0.0547236630522936,0.0539469891770004,0.0524772622262764,0.0473324368136221,0.0427979376114729
364,"IRN","Iran",0.0228919052741718,0.0207376946489084,0.0241418195737504,0.031400599388165,0.0390389517428973,0.0433621942621851,0.0457902631989504,0.0498506516922346,0.0540432034257228,0.0536707618636463,0.0493452755314625,0.046450955655025,0.0409545933634941,0.0329652912785561,0.0256091732320094,0.0208992507346621,0.0144806649870721,0.0135613489340936,0.0165168850618507,0.016072860876301,0.0128228059489446,0.0136567694380796,0.0175648867857614
368,"IRQ","Iraq",0.0957771036445683,0.167723977746221,0.156478814634883,0.140205968076976,0.100309306182422,0.0837098723147354,0.0590034013014136,0.0347104613933533,0.0153809565412648,0.0133425447090378,0.0193046527226237,0.0362620298302276,0.0567732976754123,0.0763033895926888,0.0619350677746415,0.065593358745035,0.0661012819575897,0.070631283527786,0.0670406069064098,0.0627128287853256,0.0567024305232366,0.0408781080155682,0.0268894982489676
372,"IRL","Ireland",0.069255272997047,0.0791492514676853,0.0846748569087998,0.0866657201180863,0.0826916367457091,0.0769932755696334,0.0714664961180682,0.0646853399559078,0.0594926770835116,0.0494940313232402,0.0372052547955268,0.0277613674439732,0.0189292961388803,0.0111443064567631,0.00384861882240606,0.00357182740336714,0.0169006451847094,0.0306275618317864,0.0491328608088992,0.0650079238873391,0.074303507257381,0.0808432510322157,0.0873912394035177
833,"IMN","Isle of Man",NA,NA,NA,NA,NA,NA,NA,NA,NA,NA,NA,NA,NA,NA,NA,NA,NA,NA,NA,NA,NA,NA,NA
376,"ISR","Israel",0.0631931655607165,0.062848933437583,0.0582582716260287,0.0514287135672078,0.0419144989611269,0.0340455681446261,0.0315355137719449,0.0316152931963618,0.0331614894830667,0.03462667600719,0.03428274392552,0.0385280720607013,0.0421561729783757,0.0425793738293134,0.0414992145836812,0.0405600077351018,0.0386472203204338,0.0380342332481554,0.0390078087718115,0.0398260780085951,0.0388276961995433,0.0354574327580441,0.0363047178922848
380,"ITA","Italy",0.0148237888233471,0.0170347580795898,0.0193026568492871,0.0201690492385029,0.0184913882714275,0.0168868295732973,0.0155970963537642,0.014328763446561,0.0132280925977926,0.0109750150879295,0.00534430788595031,0.00253109749926295,0.00102207556499279,-0.00219217683757478,-0.0061436305475947,-0.00874086834438215,-0.00979850015607642,-0.00840657536815315,-0.00449356222279118,-8.12305526809443e-05,0.00138505359832064,-0.00150421572956416,0.000666977556039727
388,"JAM","Jamaica",0.0182439951160638,0.0116180634615894,0.00678449808620396,0.00261644948755069,0.00470552005721281,0.00735670278749279,0.0109865942444682,0.0152227082761531,0.0182051375750978,0.0175372733461385,0.0133311405325158,0.00782100656457363,0.00336125264819254,-0.000951141817060797,-0.00311242385413235,-0.00418922086516527,-0.00426674569480556,-0.00179582259065358,0.00225947675007854,0.00695217389014657,0.00897541125076495,0.0033898822999372,0.00169739116382939
392,"JPN","Japan",0.0120555612696878,0.0108820684648492,0.010693089755101,0.00994665964814856,0.00865120317165724,0.0079505684724166,0.00852609149913164,0.0105741970052529,0.0129511017612414,0.0125773250157744,0.00753803045630752,0.00601759938847679,0.00408152655917982,0.00227997623531495,0.00177900028618527,0.00202393000448975,0.00367732153535072,0.00605249482263104,0.00980482606073951,0.0125018349498838,0.0103336571942674,0.00686920306570782,0.00392336551134598
832,"JEY","Jersey",NA,NA,NA,NA,NA,NA,NA,NA,NA,NA,NA,NA,NA,NA,NA,NA,NA,NA,NA,NA,NA,NA,NA
400,"JOR","Jordan",0.0486202623049914,0.0446038763711294,0.0388190816544733,0.039279689304083,0.0398279335889415,0.0431786949152142,0.049523067106831,0.0558692934438711,0.06236774999738,0.0677027978762714,0.0703884072874805,0.0692644418758284,0.0655176556056536,0.0596588706856565,0.0511515880336852,0.0435539633492312,0.0367060704411071,0.0309539412764499,0.0273179142099189,0.0255386560100848,0.0248264174076598,0.021818302739907,0.0193936082724868
398,"KAZ","Kazakhstan",-0.0525760723481827,-0.0329113188913915,-0.00931603769427614,0.0178481807022612,0.0437713526581887,0.0633739901039529,0.0769044422028389,0.0888738181936843,0.0978263153222589,0.096961212240785,0.0877242032145604,0.0787370987439115,0.072715653191439,0.0665384416091999,0.0611437167344782,0.0561186839790748,0.0504912026021582,0.0458686877187571,0.043908747335492,0.04149536685774,0.0373305335149345,0.031158045118886,0.0280394709565257
404,"KEN","Kenya",0.0218940960764789,0.0232514197634996,0.025357310601605,0.0246340519780257,0.0230150501134676,0.0228838091205894,0.0255398342659194,0.0309552277116114,0.0366129481239175,0.0400267602549755,0.0426055226220918,0.0456114066086764,0.0487383142813289,0.0493050390151881,0.0480243648515946,0.04692068107171,0.0465055670254035,0.0468513198609997,0.0482725239541157,0.0476536556935616,0.0461486140422362,0.0436886587393439,0.0436384314255094
296,"KIR","Kiribati",0.0143995838833364,0.0184983006980828,0.019604411807107,0.0213761002441577,0.0224928830878115,0.0213651948196554,0.0208537417015999,0.0187869228951738,0.0165119484425229,0.0148790611046115,0.0111991617161433,0.00926187008992785,0.00644674045948301,0.0076399469279691,0.0110155621369423,0.0110214125439587,0.0177690520506453,0.0219456677050511,0.0251130248387128,0.0277331790661086,0.0277076702886188,0.0238834806780575,0.0193127116756557
689,"XKX","Kosovo",NA,NA,NA,NA,NA,NA,NA,NA,NA,NA,0.0270313280237642,0.0288005886976122,0.0335097181973494,0.0350884106194931,0.0372857384447909,0.0373524831250966,0.0389726461653324,0.0411901393451088,0.0464910189933398,0.0459765927543996,0.0457969882642209,0.0401562941942695,0.040194330003986
414,"KWT","Kuwait",0.0588044908655201,0.0708426513298335,0.0428210856032512,0.0241147867060822,0.0276946645222045,0.0371773515005713,0.0503552781883339,0.062090804601689,0.0719495316221079,0.0782819699947506,0.071552154044342,0.060058267607936,0.0484040500415854,0.0358043829301118,0.0278101542429372,0.0215490200877479,0.0184084064103085,0.0188786421407534,0.0182410634373986,0.0195401903740131,0.0144980568420812,0.000919085457548041,-0.00620907544463489
417,"KGZ","Kyrgyzstan",-0.0539025910098401,-0.0275031193717681,0.00187467716522405,0.0253087789772708,0.0430194764830458,0.0477433902361153,0.0433526059282592,0.0396770120573329,0.041909144838135,0.0450361933838284,0.0463654942017817,0.0452840570513502,0.0460129561052727,0.041507431325698,0.0424641339447971,0.0447806422101595,0.0438866745194229,0.0417815756401065,0.0421080685536459,0.0446925616310858,0.0469215118061745,0.0387198435723735,0.0325438813017749
418,"LAO","Laos",0.0643651044894125,0.065100937876603,0.0643367319726043,0.0628417222517712,0.0608921689496809,0.0601122356617412,0.0603805943283613,0.0624326508307493,0.0654888161538032,0.0676307228826984,0.0704594225792077,0.073499694824511,0.0761242280684629,0.0781570881385918,0.0794378931850503,0.0796950622593753,0.0790926289761946,0.0784838159537484,0.0773109958999834,0.0754586253152179,0.072470343343781,0.0664775764915844,0.0593499134470947
428,"LVA","Latvia",NA,NA,0.0369271527368464,0.0503239183800324,0.0560445923729207,0.0613701300603253,0.0670336475539035,0.0727693332822381,0.0806110321110574,0.0812180086259924,0.0663055071401311,0.0468961492174786,0.0288884034665062,0.0155054882595809,0.00476696875747562,-0.00281232792778596,-0.00405019277196272,0.00175027762623836,0.0150856778750772,0.0286064545320082,0.0322736388956042,0.0284948212707297,0.0253592616715674
422,"LBN","Lebanon",0.0948136075326873,0.0615729757871075,0.047227052054468,0.0380266056102054,0.0317767252017371,0.0294826296070927,0.0280810975768842,0.030441336373618,0.0352401836965694,0.0431665194488031,0.0513557537871001,0.0586128373517381,0.0618768201777991,0.0621662374055763,0.0601592163696083,0.0573609426516695,0.0504696911026321,0.0396833979356266,0.0297389976084754,0.020079567649953,0.00954047687238258,-0.0101804666605179,-0.0303485667342213
426,"LSO","Lesotho",0.0431319158060086,0.0378307763297727,0.0340530374366586,0.0306172282884469,0.0281190304719627,0.0264830506621372,0.0254287573299943,0.0268551327496056,0.0296698145508048,0.0330888317984037,0.0321640841716673,0.0330020666328541,0.0348804133007754,0.0366793385484256,0.0378310127923094,0.0367016661519728,0.035269362867002,0.0343442401403709,0.0301834965057197,0.0264227667368582,0.019668703586269,0.00870418473394463,0.000401603290403063
430,"LBR","Liberia",NA,NA,NA,NA,NA,NA,NA,NA,NA,NA,0.00341303084610223,0.0201975235841894,0.0420562356015091,0.0691232718646944,0.072948802052355,0.0703987194763875,0.0631589592066328,0.0529115217693874,0.0441409079444623,0.0354070346643947,0.0241963794529616,0.0117480123627545,0.004817818019623
434,"LBY","Libya",-0.0293210614568052,-0.0366054628507669,-0.0323325453132511,-0.0277094598036446,-0.0167464921602111,0.000173245798556154,0.0134805423787931,0.0294509054513696,0.044402426679808,0.0549939815902662,0.0525907447206635,0.0509030259774457,0.0041244054833367,-0.00425609044018282,-0.0191162078052719,-0.0447811212431779,-0.059843048606829,-0.0668202711787862,-0.0499305094144613,-0.0255573404667782,-0.0076191287416798,0.00222746909270799,-0.0124123522481306
438,"LIE","Liechtenstein",NA,NA,NA,NA,NA,NA,NA,NA,NA,NA,NA,NA,NA,NA,NA,NA,NA,NA,NA,NA,NA,NA,NA
440,"LTU","Lithuania",NA,NA,NA,NA,NA,0.0557066163004079,0.0589316419514783,0.0622225076206615,0.0693756107641472,0.0749053405584281,0.0625341623662214,0.0481161558814798,0.0362281443448698,0.0258186012355788,0.0194120101157795,0.0152409426237237,0.0135526252849736,0.0150715851663168,0.0236433139765491,0.0345889512261457,0.0352130094549967,0.0325217602432344,0.0329241711802382
442,"LUX","Luxembourg",0.0391524310703244,0.0419538804073467,0.0463028009003539,0.0484297587646689,0.049426281922037,0.0501209260696898,0.0478662786139736,0.04445726776744,0.0431484877136543,0.0398405087890006,0.034675436354318,0.0322069303294703,0.0287731118996097,0.0250647747724144,0.0217023749753835,0.0193790810345982,0.0169403713785559,0.018158513389894,0.0225144627984926,0.0252602281537111,0.0247540850763261,0.0233428927081205,0.0230001336619829
446,"MAC","Macao",0.0249758021670861,0.0155867215217642,0.0070420589731941,0.00847856776973877,0.0167573658509395,0.0377977329641026,0.0600074957658272,0.0830398501445193,0.105864392412651,0.117040201804509,0.11556953887948,0.11972476232652,0.123467267507809,0.122196098465046,0.118567860803816,0.114606053019667,0.0888344026885728,0.063738805551264,0.0474417418480924,0.031188990052005,0.00837099982029965,-0.046358837700993,-0.0714728041737297
450,"MDG","Madagascar",0.0167772864181506,0.0255711556082912,0.0311107126977419,0.0263780758494463,0.0264615933402377,0.0266388070009267,0.0271679500060156,0.0283408739628799,0.0309629458632643,0.0354849121732808,0.0361336981656455,0.0364670487410572,0.0384937011324873,0.030382909831647,0.0253231975609707,0.0218375964579174,0.0197015256070403,0.0199774560506192,0.0230032494876502,0.0292616314870477,0.0326057059680962,0.0285838708503134,0.0254467965216536
454,"MWI","Malawi",0.0377195321226835,0.0390446896788132,0.0390150240336915,0.0321239361601953,0.0310341350187331,0.0222806202287784,0.0206912792675236,0.0227814495259768,0.0291581068066382,0.0382614231968115,0.0495004739495555,0.0605019415693859,0.0647393569094172,0.0640089224590192,0.0628807019012096,0.0615010336632134,0.0567759856482146,0.0495946699056804,0.0442901514673608,0.0404572318680478,0.039477680759525,0.0381895536329022,0.0370947966812205
458,"MYS","Malaysia",0.0735347332221283,0.0661415621400805,0.0567239561056738,0.0487098341659578,0.0433364826673668,0.0411431855168714,0.0420075957881234,0.0467145007614098,0.0544933381695498,0.0543373269566234,0.0506146531740037,0.0510422473267553,0.0490515486845715,0.0474665013950093,0.0461144978428658,0.0464900317657273,0.0472360829642069,0.0481997283448723,0.050733438136771,0.0534012240480644,0.0515796710629164,0.0448970192847749,0.0386148052934336
462,"MDV","Maldives",0.132702058028914,0.129143171517237,0.11432874079801,0.0963611945459364,0.0780639444230109,0.0558481037610981,0.0439722412512245,0.0455431274942621,0.0498962499383089,0.0574984110341286,0.0577030213370742,0.0590228934168799,0.0562389845781137,0.0522720063890461,0.0544254873631014,0.0585489332465401,0.0480353389021799,0.0488041847640919,0.0524270168691492,0.0606364799302435,0.0613583749169333,0.035713215740095,0.0339277673586225
466,"MLI","Mali",0.0404635567929965,0.0398971774236097,0.0501635976632278,0.0544651242559024,0.0596854546073249,0.061367189297616,0.0605622319236223,0.0597220808819836,0.0570064109778476,0.05511402461929,0.0531630983457285,0.0476172918694728,0.0467093439495569,0.0417146407188747,0.0388516169101361,0.0365392373933813,0.0369274580553651,0.0386627035011256,0.0405355776962015,0.0428789174229744,0.0457264513525681,0.0460604233955137,0.0457101475823898
470,"MLT","Malta",0.0511912297394654,0.0580167445515634,0.0603743534674712,0.0602629112383959,0.0586478477532961,0.0541515728848068,0.0497702110497986,0.0436763395729738,0.0382694363500751,0.0329973602205602,0.0250087048979917,0.0278091637481874,0.0270789366571562,0.0271556525368737,0.0295793760175962,0.0326867388493772,0.03881062801,0.0433364720340139,0.0516938485315683,0.0600568133664703,0.0645184788499089,0.0604013321261032,0.056756841684412
584,"MHL","Marshall Islands",0.00868225102645637,0.00046453489177245,-0.00503034978905414,-0.00570946841611486,-0.00478351977534164,0.000180967533636167,0.0114939216295178,0.0164657465317919,0.018228604464323,0.0132366378590103,0.00850109855593084,0.00608954290415653,0.00596606719159243,0.00646019581658441,0.00731986055475353,0.00728042912075511,0.00870231837354374,0.0104515241069933,0.0151779392545879,0.0156687442924097,0.0216975346415658,0.0268503290985811,0.0298345940773961
478,"MRT","Mauritania",0.0276748571795411,0.0238652926246872,0.0184221009019452,0.0129450745881821,0.0130231321659335,0.011421168976872,0.0176079979197266,0.0341685638815259,0.0425198706874355,0.0479202227181135,0.0515684203567335,0.0499894370434282,0.04545261153303,0.0390477000782854,0.0339275901220613,0.0290449258830028,0.0274978973787585,0.0333259531944445,0.0382881780038971,0.0416967103043679,0.0434874968819596,0.0412710602345674,0.0384537728344889
480,"MUS","Mauritius",0.0503482899325305,0.0513758114854828,0.0508115322330265,0.049201073142028,0.0485764696145972,0.0473349047480522,0.0441447222645721,0.0418866765893706,0.0411713008053705,0.0420598407132933,0.041202463149147,0.0427792509297797,0.043893999600785,0.0429607784248671,0.0425630160603114,0.042211228009766,0.0401726254978316,0.0383838790439508,0.0375713922886609,0.0377621034654534,0.0371379424030229,0.0259795786153074,0.017599175890993
484,"MEX","Mexico",0.0300100790742941,0.0321929533802929,0.0327862045564415,0.0321136724513504,0.0303771447435264,0.0309857186961184,0.0254159438884374,0.0227187822534807,0.0219972583037435,0.0220754015743456,0.0182019234974184,0.0186164082777212,0.0189670059247331,0.0189963291982973,0.0180196922499345,0.0184982373408449,0.0197377530544298,0.0227050245716978,0.0258973468536094,0.028609393728267,0.0248790451014431,0.0166875056117162,0.0119458482195356
583,"FSM","Micronesia",0.018142415284474,0.0124697921600132,0.00982082602516865,0.00773010978130606,0.00978381071445988,0.00854423583468233,0.0120880864094228,0.0130986282814953,0.00817408428962563,0.00259063780654212,-0.00204973348738291,-0.00287592648291435,-0.000819800499592738,0.000201537494444182,0.000138578602389083,-0.00271483020274677,-0.00129519446618032,0.000726350606874204,0.00300738088406849,0.00327597523934253,0.00408837370562232,0.00458791968879679,0.0050695642779186
498,"MDA","Moldova",NA,NA,-0.0307743321040798,-0.0125159081171841,0.0113737507522387,0.0162396313178492,0.0324156510975391,0.0445507551759907,0.0555324890801492,0.0618378248248592,0.0559898484089429,0.0498038631207858,0.0446658592528322,0.0381543119949435,0.0357506168725392,0.0355215376348739,0.0348649959223164,0.0356028873658456,0.0367397618491787,0.0410174410775157,0.0390221981430876,0.0321872781588057,0.0331981610392758
492,"MCO","Monaco",NA,NA,NA,NA,NA,NA,NA,NA,NA,NA,NA,NA,NA,NA,NA,NA,NA,NA,NA,NA,NA,NA,NA
496,"MNG","Mongolia",0.00689910476397548,0.0201027326121561,0.0288954980851512,0.0321983066005753,0.033839377402344,0.0381192033907352,0.0451297182412662,0.0527252059711669,0.0621821487825598,0.0716743846308532,0.0745653684902943,0.0743701677117088,0.0774326435513895,0.0807507499859976,0.0846044616925481,0.0888176659930855,0.088358414642155,0.0841995342418433,0.0807314194159223,0.0787840055930034,0.0702899245634845,0.0539606407749251,0.0418240675176886
499,"MNE","Montenegro",NA,NA,NA,NA,NA,NA,NA,0.0190846483371547,0.0289129236462131,0.0427546139150139,0.042788231855867,0.0423425432471416,0.0403759410282549,0.033828344514548,0.0272444582636364,0.0208184260159765,0.0155710528783588,0.0141260893285851,0.0169604697805308,0.0248118146993499,0.0285869203147173,0.0214127416120196,0.0218621516061943
504,"MAR","Morocco",0.0297815425975978,0.0296370214963564,0.0346778885129291,0.0363979764273492,0.0366138643841025,0.0413578360679701,0.0396641847885746,0.0446770937023742,0.0455777571213036,0.048987239364096,0.0500210992243129,0.0486181325677078,0.0489424654820425,0.0472240397124208,0.0462166077145194,0.0527580341777116,0.056690221525485,0.0585651614487965,0.0590875235725465,0.0585737331751159,0.0561519723100552,0.0458164026893799,0.0386483806130649
508,"MOZ","Mozambique",0.0684339116351906,0.075415429784748,0.0847589271536251,0.0860521159464722,0.0877921678673974,0.0882879320135339,0.0837035101699259,0.081234297341549,0.0800434572468542,0.0794365062143978,0.0803243579730435,0.076340970436017,0.0746843663081898,0.0740015959707372,0.0727763833959021,0.0719277060381516,0.0703032279905369,0.0682994940067552,0.0652987389667148,0.061357346318937,0.0556653597351118,0.0468424697463035,0.0385301128774951
104,"MMR","Myanmar",0.063086531408469,0.0702056294813451,0.0766478898125271,0.0830025852082863,0.091310173337023,0.10068395073921,0.110530105862527,0.119576056135666,0.126078890448885,0.128203739128336,0.126792167701248,0.124098985005201,0.119021845671607,0.111107729496266,0.102686713142084,0.0950050494370001,0.0858585216556165,0.0803390623767803,0.0756204029307457,0.071945486035111,0.0696217911953352,0.0668720795021978,0.0496997028044197
516,"NAM","Namibia",0.0325748196094231,0.0304225722891234,0.029826667831081,0.0329695758735744,0.0339732619077782,0.0385861391581472,0.0419076318781511,0.0460889734701113,0.0504481842290054,0.0527123079504426,0.0516685179347205,0.0509801741309961,0.0482410696828091,0.0454122588048926,0.042395185899365,0.0444366525610618,0.0449492701793259,0.0443779991533906,0.0418660154534924,0.0375847915660232,0.0290915829266101,0.0162261715965211,0.0063009203868114
520,"NRU","Nauru",NA,NA,NA,NA,NA,NA,NA,NA,NA,NA,NA,NA,NA,NA,0.0712369890287416,0.105381847100638,0.128191306340903,0.147092982189934,0.13007018617297,0.116802703483306,0.0971440153449172,0.0745509196211929,0.0499097999500375
524,"NPL","Nepal",0.0489452433507356,0.0482761942314325,0.0484141218211391,0.0454373239171573,0.0418215919259559,0.0408160193087541,0.0390627833109869,0.0377334986106812,0.0369049616166843,0.0368769880171258,0.0373647133476744,0.0396835077433444,0.0423264997416408,0.0429671017169271,0.0430199676939909,0.0443787922279757,0.0449763241877645,0.0426998119513886,0.0425942063912155,0.0450727182093951,0.0484136369985337,0.0474937585600639,0.0460255364942512
528,"NLD","Netherlands",0.0314176858147175,0.0350944002520259,0.0376529997795088,0.0374220374042384,0.0342487904486335,0.0304578041607322,0.0263134861282137,0.0229666920392317,0.0211255614720633,0.0201998408309119,0.0174553434514788,0.0162336301133081,0.0157590995974264,0.0132899798304553,0.00945105461878959,0.00635226215780071,0.00438592049327213,0.00459973291615712,0.007733285355495,0.0125689900820136,0.0148995027913184,0.0141736677964761,0.0160022806989149
540,"NCL","New Caledonia",NA,NA,NA,NA,NA,NA,NA,NA,NA,NA,NA,NA,NA,NA,NA,NA,NA,NA,NA,NA,NA,NA,NA
554,"NZL","New Zealand",0.0345940197834453,0.0363649321411472,0.0354939810218469,0.0335837602133617,0.0336517792399849,0.0348042976500902,0.0365290259275006,0.0380212250145442,0.0383959542537029,0.0343618964312438,0.0298524020023352,0.024801211544025,0.0201492626533775,0.0168210605853238,0.0152552591886923,0.0159263014225994,0.0183623843456584,0.0222472655925459,0.0274862329899421,0.0310909498078129,0.0325274608679595,0.0307024235948694,0.0292178786246844
558,"NIC","Nicaragua",0.0349867330477094,0.0416065222402269,0.0455725623861913,0.0456248412268285,0.0421632598552812,0.038922037678861,0.0368059416028961,0.0362141591491534,0.0363420867089204,0.0359972450688224,0.0335937322170821,0.0328129412607636,0.0338758412970945,0.0349833840768379,0.03580235352667,0.0378212606659298,0.0404319276941059,0.0433666211454433,0.0472310121055557,0.0464399546985561,0.0369567384827114,0.025443119220903,0.0204067436286099
562,"NER","Niger",0.0198079809230032,0.0210602201957228,0.0239679185694668,0.0280335341847264,0.0302827180575147,0.0305143937565642,0.0330912618020525,0.0350960631051604,0.0352848705918065,0.0414483611122469,0.0440060333803545,0.0455446443359522,0.0472372173578346,0.0525422692928477,0.0561691980743169,0.0571762064140524,0.0582790166483056,0.059648197809943,0.0590167401442301,0.0604326051762833,0.0593814416719427,0.0584942060762157,0.0530108295435894
566,"NGA","Nigeria",0.0117138471375737,0.0150672730583727,0.019899928660422,0.0332034320459687,0.0453510195515454,0.0562977924159898,0.0643583982324782,0.0714230430319847,0.0766607248657727,0.0794341688149858,0.0784844031949294,0.0759627686562856,0.0706483657989601,0.0681053796915725,0.0658682743908008,0.0650667544947123,0.0621684624375931,0.0549557775953959,0.0462029914146342,0.0373858753500838,0.0300564297251411,0.0226222295746681,0.0175337267075175
570,"NIU","Niue",NA,NA,NA,NA,NA,NA,NA,NA,NA,NA,NA,NA,NA,NA,NA,NA,NA,NA,NA,NA,NA,NA,NA
408,"PRK","North Korea",NA,NA,NA,NA,NA,NA,NA,NA,NA,NA,NA,NA,NA,NA,NA,NA,NA,NA,NA,NA,NA,NA,NA
807,"MKD","North Macedonia",-0.0150312572558536,-0.000480487502183102,0.00939657581953557,0.0163189408871474,0.0189393865569427,0.0213812275911576,0.0233284671000988,0.0258569152308143,0.0293746133487613,0.0340567507238825,0.0370855853185987,0.041244114765649,0.0408637228457418,0.0368783281428819,0.0319412640435082,0.0279854167293134,0.0252791829210253,0.0236402139955676,0.0232311306438509,0.0250360714072804,0.0260391989128472,0.0225520511907615,0.0207919769278524
578,"NOR","Norway",0.0400456398409827,0.0394676754488228,0.0376061476472009,0.0345697087996881,0.0298450668972665,0.026814611649874,0.0242774133820214,0.022859187236185,0.0233589448931981,0.0229220217193422,0.0201699142785523,0.0177223126970283,0.0152874189314971,0.0135145111651434,0.0109875845143359,0.0102134551093671,0.0105479439902165,0.0114358203778193,0.0141104778437158,0.0163306677526194,0.0163060898741021,0.0145730090921854,0.0140019813123762
512,"OMN","Oman",0.0470396224957426,0.0431000232802492,0.0398683874159877,0.0359304799531226,0.0300243636357171,0.0240645819658625,0.0197461267007721,0.0176130938890848,0.0188298031872414,0.0233445307525675,0.0278860629883131,0.033509766391066,0.0401144093874237,0.0472991370506959,0.0507779836749758,0.0501300068773398,0.0482453662045643,0.0467713987205698,0.0425047252365007,0.038978158998924,0.0343049734562837,0.0251925347370432,0.0167574144258715
586,"PAK","Pakistan",0.0380628652645267,0.0356809205577686,0.0338345127344195,0.0338417408423497,0.0341754555543006,0.0366174789294604,0.040997116275022,0.0467416088759176,0.0505532421951633,0.0512559227102563,0.050335131966565,0.0476152767025479,0.0435998831631401,0.0381160849249611,0.0337082391184085,0.0318173626830829,0.0321377051427956,0.0349081838559298,0.0389007093989122,0.0429973168244024,0.0454276876213964,0.0432501931611768,0.0419196423359627
585,"PLW","Palau",NA,NA,NA,NA,NA,NA,NA,NA,NA,NA,0.00786529645781231,-0.00139311645424067,-0.00342429280713474,-0.00273813349744645,-0.00642415229569837,-0.00393379571870522,0.00467694233544358,0.0121710445665379,0.0178503494901927,0.0194111970805977,0.0156628885215577,0.00504512204535912,-0.00950062354490877
591,"PAN","Panama",0.0499931521470296,0.0459469528584533,0.0421027833129877,0.0396701068908984,0.0386588008242725,0.0392576509584421,0.0399891282892773,0.0425362256875017,0.0496737835737864,0.0603178244665001,0.067189863416558,0.0723113280890424,0.0767224400654996,0.0794431628262473,0.0793435901736925,0.0773217074874188,0.0738388113785768,0.069620016829536,0.0676207603765897,0.066163935547922,0.0598127811336204,0.0385911814082001,0.0288166033036925
598,"PNG","Papua New Guinea",0.0462059237332038,0.0271071111035492,0.00951295857766143,-0.00299249867213525,-0.00528710486619288,-0.00267706865687101,0.00103632894388017,0.01149000036027,0.0226109666239802,0.0286756882593435,0.0369375535096053,0.0455537616882149,0.0497617607907432,0.0513028513752503,0.050718732408128,0.0533165904064705,0.0566275743146663,0.0594124783790129,0.0621710969307516,0.0577174648257608,0.0536226611440398,0.0479585087713681,0.0384436958562868
600,"PRY","Paraguay",0.0346349566783664,0.0280561515551616,0.0204467494407112,0.011622956682394,0.00625171478087161,0.00445481649930057,0.00628749432764453,0.0103486694483297,0.01836252991318,0.0280476369402365,0.0339633815121561,0.0413442026770185,0.0460216722187516,0.0450883576518784,0.0465358425710745,0.0481185450887653,0.0470941675354268,0.0458892762833834,0.0452725687284907,0.0451431924804511,0.0393198025081583,0.0350936858004225,0.0322397960362364
604,"PER","Peru",0.0484623292165416,0.046586542660743,0.0417471357786088,0.0349443175613224,0.0286709848775812,0.0279118149936437,0.0311413601217436,0.036152967677257,0.0453718478081797,0.0542917403671717,0.0586341819060261,0.0632240030977615,0.064834228029139,0.06596838668559,0.0655098340472144,0.0618588688150048,0.056738029135728,0.0517406009480688,0.0471400565326134,0.0448399186557229,0.0391735855156305,0.0270446814197374,0.0232006318694049
608,"PHL","Philippines",0.032522300414072,0.0358313270907935,0.0369307080990404,0.0363358261760129,0.035586778968399,0.0365885266078689,0.0383791019617141,0.0419412448736112,0.0475614417035624,0.0500176841509128,0.0497334071129019,0.0508704397486093,0.0502874286143971,0.0499890753385066,0.050431299386277,0.052180268628268,0.0541876666687213,0.0569676547674389,0.0609894889208551,0.0644311367835635,0.0649192358054271,0.0566428544857507,0.0485313583209386
616,"POL","Poland",0.0454831383810479,0.0535450205911805,0.0525703694507569,0.0487420966517305,0.0437849489363928,0.0395809197554384,0.036535323341039,0.0358412677724482,0.0382033759620146,0.0408393365715853,0.0430620955223515,0.0450857483824969,0.0460258910744205,0.0440178596716299,0.0397397080591857,0.0361696135064344,0.0327583774492397,0.0303435695739873,0.0310777806562126,0.033757063531759,0.0364695204119152,0.035469772500524,0.0376720222584204
620,"PRT","Portugal",0.0259726644044243,0.029557985579834,0.0336199217316493,0.0355986065497753,0.0323913444295014,0.0274892194243657,0.0224641765124471,0.0176935006833578,0.0144596081013044,0.0120442329739812,0.0084739098512232,0.0072406498682196,0.00547522482696206,0.0015197699774121,-0.00339117115701648,-0.00652474527049973,-0.00790263019267512,-0.00697986476903678,-0.00243603002034154,0.00386649646926274,0.00921460509371519,0.0099372370844375,0.0126943367192698
634,"QAT","Qatar",0.0614497352040424,0.0464183626780608,0.0308031873178021,0.0234859922847421,0.0154814838347295,0.0158240336857614,0.0157680151618786,0.0259585467246104,0.0546775698293942,0.0935883418127965,0.135159748778746,0.151309236080195,0.161064661286668,0.160413497678583,0.14767348359856,0.133347628886542,0.111143684620643,0.0925187709222366,0.07248139390435,0.0548043747065134,0.0375753350241241,0.0240844616693701,0.016164574195495
178,"COG","Republic of Congo",0.00771548541175671,0.0105710491223994,0.0153607182019446,0.0225038261370134,0.0273053323342365,0.027771777953554,0.0315877874325865,0.0386662346635562,0.0370124394085873,0.0376976350465124,0.0388361956691283,0.0447261784616519,0.0484871755203331,0.0550102528598424,0.0552161576816945,0.0552659986777637,0.0517991119666652,0.0419643210765035,0.0222632446464568,0.00134800156545012,-0.013576178566329,-0.0258385107657937,-0.036139188547118
642,"ROU","Romania",-0.00268099027551405,0.00712405404062855,0.0120491168829215,0.0130973697546803,0.0138810884875169,0.0201077700666925,0.0296136426893132,0.0429358260358363,0.0530942619254855,0.0616296951554711,0.0598159371472351,0.0513161357575433,0.0437035471733962,0.0359417393510117,0.0253587284872128,0.0195322014401651,0.0149620672585185,0.0137809706073102,0.0188893745306906,0.0304492926502171,0.0377486297615908,0.036415098264343,0.0371374354712817
643,"RUS","Russia",-0.0593990941047511,-0.0393090588064835,-0.0147781802871655,0.00596956450274466,0.0260527459239954,0.0402897613568196,0.0518460227450066,0.0605432979114291,0.0686682016089839,0.0686328351880883,0.0596925680628326,0.05337011271742,0.0469769870109531,0.0401964564864576,0.0335646187729837,0.027111923465996,0.0195781700015805,0.0143338396813537,0.0133664721713767,0.0158849980398605,0.0129227273480257,0.00899947448902361,0.00889411082802738
646,"RWA","Rwanda",-0.0177690317109581,0.00633557583101352,0.0337620786766384,0.0717167516115067,0.103695283070632,0.0853993542602998,0.0804864850255835,0.0783478810946889,0.0792177183419129,0.0825090000823723,0.0822337070713017,0.0814788595194751,0.08078827017495,0.0836616957142367,0.0810988885369279,0.0772136427484518,0.0749153835857457,0.0725841193004124,0.0684562997894373,0.0678061293662593,0.0681806365208888,0.0626755906098402,0.0610540020143118
652,"BLM","Saint Barthelemy",NA,NA,NA,NA,NA,NA,NA,NA,NA,NA,NA,NA,NA,NA,NA,NA,NA,NA,NA,NA,NA,NA,NA
659,"KNA","Saint Kitts and Nevis",0.0457950381098968,0.0499477618385993,0.0501468250623638,0.0475847824709035,0.0412529873008436,0.0360439780331128,0.0351777585993422,0.0349376613816412,0.0348700937950304,0.0364818699830938,0.0329814873623266,0.0315826806578303,0.0312855162629448,0.0287514691783823,0.023951864755489,0.022103715509638,0.0227539953676839,0.0245038533585766,0.023402053280478,0.0274831171621681,0.0293070398336326,0.0193314769321296,0.00896786561191409
662,"LCA","Saint Lucia",0.0242404372756773,0.0232366059491609,0.0177291874479757,0.0153122642221375,0.0141513710567422,0.0160517988373043,0.016333768943634,0.0196021653053362,0.0206385932403392,0.0255313409328921,0.0277843175855723,0.0287946364264486,0.0280576614318029,0.024040339275343,0.017728416300268,0.0145442134127109,0.0086055807637595,0.0071418279459643,0.00730939773601991,0.0107593554298981,0.0106325250152604,-0.00525052573819051,-0.00917720607971217
670,"VCT","Saint Vincent and the Grenadines",0.0335592964142957,0.0327478154101306,0.0298472980836506,0.0302075095909946,0.0332801145765342,0.033673090758662,0.0358526557025012,0.0386073761784225,0.0407683496188289,0.0411175232113925,0.0381674715974238,0.0299417659634524,0.0196057737784832,0.0108202331507172,0.00558726334968163,0.00200179186247595,0.000224616796298038,0.00380749618870557,0.00945414655354559,0.016205345585808,0.0210866411275574,0.0184146623937025,0.0147840715630714
882,"WSM","Samoa",0.0241663533593375,0.029335646071776,0.0341592683798733,0.0379898840529613,0.0427897573016962,0.0426775686171967,0.0451432101210387,0.0480684109623977,0.0467401608932667,0.0439691182071251,0.0373066451206501,0.0327352085828707,0.0303724471789977,0.025253511836367,0.0204588451170742,0.015519625623807,0.0147408439184311,0.0176765044609319,0.0190596988753948,0.0197001023233445,0.0201219091173024,0.0199505444546599,0.0165120180818159
674,"SMR","San Marino",NA,NA,NA,NA,NA,NA,NA,0.0397705472803758,0.0375315049114622,0.0343329425173511,0.0263186189266142,0.0145170290406524,0.000520771831054034,-0.016511296541004,-0.0298377802692869,-0.0386096143298996,-0.0421083467821973,-0.0394769938069117,-0.0295744758046446,-0.0155720053360898,-0.00415200400046423,0.00165600529715637,0.00704388571779391
678,"STP","Sao Tome and Principe",0.0161627409615184,0.0166945035717645,0.0197319018087847,0.0224016063992516,0.0275297324117749,0.0325174388523672,0.0387704511594871,0.0464074673112851,0.0514218246268141,0.0558166861448661,0.0572935331466282,0.0564138795971096,0.055584600406817,0.0521602195543773,0.0503698445068792,0.0484197646840347,0.0465587180261156,0.0467076759097642,0.0458204927853112,0.0450935046533294,0.0419807753277437,0.0397900975982539,0.0368292819263965
682,"SAU","Saudi Arabia",0.0167992760784328,0.0103080474755626,0.0094645406483842,0.0084211164567618,0.0118923539821936,0.0180853893105568,0.0246811432709546,0.0311753743899321,0.0359863128278557,0.0426178008457692,0.0413854215391736,0.0424937570610191,0.0439879837244697,0.0409453662138515,0.0402504217706148,0.0413515734535383,0.0434639738071805,0.0435586406755188,0.0397716519258147,0.0372086706392361,0.0294917156015202,0.018654801750333,0.0130985830908696
686,"SEN","Senegal",0.0284263225075563,0.0329168852615815,0.0377072516005847,0.0393307500464877,0.0410033769123812,0.0407234962930874,0.0414580940386695,0.0399518004878634,0.0371410421284613,0.0354245330709708,0.0347898175382269,0.0344354412931125,0.0335683968747029,0.0311593807820558,0.0295586156933119,0.0305757786538883,0.0338868104445389,0.0379426415269606,0.0431440738362312,0.0489142174124957,0.0534388897273903,0.0550689049168971,0.0552652618806879
688,"SRB","Serbia",NA,NA,NA,NA,NA,0.0359218928929992,0.0396670259583365,0.0449826415242496,0.0533753712016469,0.0619785367672638,0.0563638756736216,0.0488632219525171,0.0413930159465989,0.0326905137045583,0.0243233460105559,0.0169403293503059,0.0114495562101089,0.00881203604526992,0.00939715545057673,0.0145039298076703,0.0186184569602517,0.0203750122531725,0.0254075971140255
690,"SYC","Seychelles",0.0445855319386272,0.044952806650306,0.0406542055585921,0.0372455087393617,0.0307133948690372,0.0197431498208316,0.0110440849306497,0.00738385882937176,0.0130833290302168,0.0195205972337478,0.0243258562592308,0.031476650956983,0.0388724642448397,0.0440917912578065,0.0446433058655498,0.0404042295726339,0.039072841546592,0.0411354563727344,0.0472778742979691,0.0490634567756936,0.0464791034056253,0.0375434198115265,0.0341107908397495
694,"SLE","Sierra Leone",-0.0367976386906096,-0.0267933605977639,-0.0156005226035857,-0.00135456574724424,0.017742615325097,0.0372750388415908,0.0505699099337549,0.0627076020523749,0.0698747934336967,0.0743137841561536,0.0715973307850366,0.0683115876186262,0.0559634817264789,0.0587655508528204,0.0703931476430761,0.0795048973590833,0.0686902244645984,0.0584000269911993,0.0499125934942344,0.0415156846837508,0.0329468178231638,0.0214108102898329,0.0118150310024778
702,"SGP","Singapore",0.0734852283764917,0.069646110707859,0.0609699841328999,0.0513225682070428,0.044471326630241,0.0438021698624302,0.0455740015144732,0.0508384300256293,0.0600270459350642,0.0619413839006882,0.0605161697274887,0.066423743383726,0.0677744751498419,0.0661495091790889,0.0621350740713156,0.0587822090385042,0.0546031237451619,0.051525820833807,0.0508075763305338,0.047659047126956,0.0392665173304148,0.0318612422574829,0.0289647755692239
534,"SXM","Sint Maarten",NA,NA,NA,NA,NA,NA,NA,NA,NA,NA,NA,NA,NA,NA,NA,NA,NA,NA,NA,0.00380535662785553,NA,NA,NA
703,"SVK","Slovakia",NA,NA,0.0415262843464395,0.038948288617924,0.0358789233213352,0.0346205477052721,0.0357576161352404,0.0406983371752838,0.0500397606722596,0.0592566978621796,0.0588502341966901,0.0573792503728496,0.0533790481392382,0.0470364337277265,0.0390520003472254,0.0310513524082101,0.025538499665877,0.022093478423215,0.0234612858160794,0.0278421100493227,0.0270501937908951,0.0250488867232923,0.0240141413402999
705,"SVN","Slovenia",NA,NA,0.0489021455861496,0.0466751465114259,0.0423957808650555,0.0384938049256012,0.0380734158813858,0.0382636824325271,0.0406455622954547,0.0419441653624459,0.0370849334094348,0.0318451808478504,0.0259449806874232,0.0179081176392861,0.0090806237741563,0.00292078550788766,-0.00108937251720564,-0.00103119471877811,0.00502503954563949,0.0150153473770376,0.0206844525694798,0.0224697024044709,0.0276138173604288
90,"SLB","Solomon Islands",0.0489489193600909,0.0284578298033877,0.00465369145129135,-0.0136000384529181,-0.0251920143269224,-0.0275566847934191,-0.0196862253082823,-0.00799917021463969,0.00538808524583478,0.0228571012780621,0.0409527750428098,0.0524812183290944,0.0578614260359795,0.0561318911535349,0.0546028691191316,0.0519359864505176,0.048993439692727,0.0464797829796295,0.0425343658566832,0.0387665539264488,0.0328255549120537,0.0263935835744413,0.0214264062384208
706,"SOM","Somalia",NA,NA,NA,NA,NA,NA,NA,NA,NA,NA,NA,NA,NA,NA,NA,NA,NA,NA,NA,NA,NA,0.0425086522382851,0.0629232919178395
710,"ZAF","South Africa",0.019469638327636,0.0240355345528431,0.0271707628257694,0.0281667369326661,0.0282078026808388,0.0292711826902539,0.0315177873210994,0.0356668388807466,0.0403129907880493,0.042502732858996,0.0405224959361163,0.038662217945685,0.0361306180475318,0.0331198067367746,0.029341796951682,0.0253309238894595,0.0218860680158324,0.0193234211362598,0.0183423893321637,0.0182279302847452,0.0153294878531549,0.0087278892328615,0.00594264627901087
410,"KOR","South Korea",0.0684034104543441,0.0651728062923089,0.0630889767305689,0.06142978981035,0.0579513775090181,0.055812433818238,0.0552244703572002,0.0562294427384795,0.058306739621053,0.0520410826706652,0.0465011440397933,0.0447277534991739,0.0425371254598002,0.0412413363458104,0.038885940186391,0.0368561770413134,0.0345893557074335,0.0329715601275753,0.032743640176385,0.0322448785718876,0.0296279281713381,0.0270536066832412,0.0260720133099237
728,"SSD","South Sudan",NA,NA,NA,NA,NA,NA,NA,NA,NA,NA,NA,NA,NA,NA,NA,NA,NA,NA,NA,NA,NA,-0.102655221782436,-0.0652784565833161
724,"ESP","Spain",0.0237858446621284,0.0286427094646091,0.0339791068390698,0.0378732857564195,0.0388645639672243,0.0388689707377761,0.0383384015350225,0.037344859161843,0.0361410023914737,0.0336975271122191,0.027864841276328,0.022434219711474,0.0166148062027478,0.00899886086126478,0.00134891897574896,-0.00419917278057957,-0.00584776245401508,-0.00377045252975383,0.00182784766195243,0.00892021279517108,0.0140099473148658,0.0113207814682093,0.0112870220039307
144,"LKA","Sri Lanka",0.0525693253700759,0.0526681487751137,0.0485491945810865,0.0439892087649754,0.041756369454272,0.0408340002868974,0.0415990511037538,0.0435954807401777,0.0476324598027777,0.0520944151971496,0.0552402985499467,0.0607382562708341,0.0634841468185559,0.0660279673995579,0.0666312489356626,0.0664756172496075,0.064783615162513,0.0632258649019917,0.0623136026181212,0.0592221925082754,0.0513631378170265,0.0403637379427881,0.0319614092057234
275,"PSE","State of Palestine",NA,NA,NA,NA,0.0229071325324446,0.021565574105171,0.0254274149440579,0.0236192805765778,0.027576460896432,0.0403735065837345,0.0599175192747214,0.0728323118322922,0.0784583129481049,0.0697610779836948,0.0624643777844511,0.0596237555257384,0.0595250151347224,0.0576038317203844,0.0519028934503185,0.0450666011375507,0.0386873073099485,0.0243164077726887,0.0172022823871381
729,"SDN","Sudan",0.063557026125137,0.0644032635927818,0.0661896031056901,0.0681512494031917,0.0691568616000069,0.0658933842512524,0.0615682903018311,0.0566678356753056,0.0584763685124485,0.0585058550220436,0.052211023869954,0.0463489900693028,0.0373146370833197,0.0174944894641877,0.00179859550587147,-0.0087552878598498,-0.015389249724032,-0.0163909902771273,-0.0133775655802977,-0.0087722819042626,-0.00585859187589166,-0.0011554687821167,0.00254489722170348
740,"SUR","Suriname",0.00784644809447133,0.0100295855215371,0.0151927363725104,0.020904325364647,0.0237383984468265,0.0302315633606547,0.0354075164402941,0.040078665683672,0.0464514175270869,0.0518009148713963,0.05266611283603,0.0521077987343055,0.0515470338952975,0.0481030237014932,0.0442801549879015,0.0404133553525576,0.032800668781646,0.0224626909812558,0.0139950014238983,0.00895071716412232,0.00444170283398804,-0.00803518763080469,-0.0173010525925745
752,"SWE","Sweden",0.0197226130902335,0.0269363159357869,0.0315967431316617,0.0337491360907807,0.032387167637606,0.032160697555264,0.0322198989391758,0.0320962596680543,0.0317564273675601,0.0298239470861186,0.0246171386069398,0.0232695655103083,0.0219580856652555,0.0188928989452284,0.0154845498467515,0.0139935387366437,0.014624521665791,0.0170671468649517,0.0211150981708113,0.0239345490182983,0.0225186967575557,0.0207224997447668,0.0217167581398763
756,"CHE","Switzerland",0.00922358017633673,0.0137316868534687,0.0170388357049609,0.018512164487009,0.0181141317630911,0.0182732728837434,0.018311348381209,0.0186574332353349,0.0199928055519565,0.0220348411312086,0.0210615379807459,0.0221584554254475,0.0230552471630805,0.0222577717443881,0.0199797323368323,0.0181409517820965,0.0164296090904799,0.0160754778528973,0.0168294544607994,0.0190880119577688,0.0184511341619784,0.0162722131947155,0.0159235237717428
760,"SYR","Syria",0.0501385723620442,0.0367899977365447,0.0267837177195562,0.0235523460685374,0.0199054393238165,0.0206397564775569,0.0251711260894696,0.0312103708039491,0.036089157153909,0.04282241295872,0.0463605200401462,0.0479867669785361,NA,NA,NA,NA,NA,NA,NA,NA,NA,NA,NA
158,"TWN","Taiwan",0.0664356654214056,0.0635782082013907,0.0572747111457319,0.0526150516240866,0.0482555161118252,0.0464247689909467,0.0456762775240214,0.0461396608245035,0.0483631639128586,0.0476937592454896,0.044846357615975,0.0470728043494124,0.0451515299591159,0.0419429068278663,0.0376889058391816,0.0346967358053347,0.0319965605954473,0.0288848600624123,0.0272276408442074,0.02485615960286,0.0200210218918278,0.0204163213252462,0.0240566905543689
762,"TJK","Tajikistan",-0.124017304651772,-0.0920885956455205,-0.047843493584953,-0.00894196665007663,0.0295453673949968,0.0591478591599555,0.0803535955969228,0.0865477618163286,0.0890218493742674,0.0895816030794314,0.0845478865775946,0.0785545298050632,0.0731552414167609,0.0694445624551401,0.067870571818399,0.0680192256491394,0.0675837764851659,0.0673284602677287,0.067904671770793,0.0697357220602661,0.0700580121414034,0.0685500642007268,0.0686918755054275
834,"TZA","Tanzania",0.0281709798499097,0.032503458253764,0.0378833683055455,0.0433651124548711,0.0483586312425393,0.0528814245348397,0.0575604869720725,0.0620729826786359,0.0656059018867696,0.0672827300169661,0.0674082259644722,0.0662857760468949,0.0654668255408353,0.0637020456643758,0.0622837963840193,0.0617200884547184,0.0617729854966667,0.062360655684865,0.0635564054702427,0.0639034901450739,0.0633450485651328,0.0604122971667356,0.0578131195741294
764,"THA","Thailand",0.0453060303590318,0.0345344583876728,0.0260347637386109,0.0214881407468503,0.0217153160231152,0.0262088629280905,0.0341766739746505,0.0449847395648078,0.0532235648658337,0.0521115282401452,0.0477306521783303,0.0452108068842574,0.0398556361455029,0.0372821738158355,0.0355609147190519,0.0337008161275303,0.0321546548402869,0.0317250176655759,0.0333035278990517,0.0346014385210429,0.0325242509765358,0.0274003296062906,0.0210096006454961
626,"TLS","Timor-Leste",NA,NA,NA,NA,NA,NA,NA,NA,NA,NA,0.0261476864061723,0.0352751949377961,0.0527504815171331,0.0638311506433651,0.0691828857092402,0.070664055773948,0.0685951439046864,0.0583164419512876,0.0451686584835691,0.0329271916864193,0.034453209838849,0.0515997586050725,0.0672167941603632
768,"TGO","Togo",0.0357183481370744,0.0429216709584379,0.0474041453012892,0.0482669564928204,0.0375336231148813,0.0292189058121417,0.0186408343684263,0.0120631816058725,0.0113781932180133,0.0105751767928515,0.0128791671240196,0.0160476929433551,0.0205087658158765,0.0276954011880015,0.039012875390825,0.0493144667602563,0.0549343652236984,0.0595816273447529,0.059528239625894,0.0580614735325635,0.0563311025549265,0.052664139376414,0.0497471672642413
776,"TON","Tonga",0.0352230364761954,0.0322939484341374,0.0317110529219855,0.0302767909559705,0.0284037706665967,0.0244217111897185,0.0222122130664939,0.0188811549096477,0.0145221837310316,0.012491290764576,0.00782214856944852,0.0031459997871448,0.00351018486383348,0.00609766946920232,0.00947353384136251,0.0116313389698492,0.0132602584419736,0.0169489373967289,0.0204740295518158,0.0247542364789446,0.0237744025339843,0.0208541877375454,0.0182081774957596
780,"TTO","Trinidad and Tobago",0.0533183988004882,0.0581821379154213,0.0604471506765003,0.0666702874699334,0.0732374921217562,0.0778703036632895,0.0792116146736868,0.0829798337554406,0.0841360137884744,0.0826437834378637,0.0744363469290816,0.0649947853011816,0.0509235501996503,0.0391950776578607,0.0324328659128748,0.027465321363084,0.0214542546305332,0.0161137859288338,0.009785678577509,0.00492506507815715,-0.00265656773934497,-0.0127018842509298,-0.0224178080605651
788,"TUN","Tunisia",0.0457433509367047,0.0469548744945665,0.0470901176314178,0.0473567807158488,0.0466815660363107,0.0462588178355037,0.0436636566249629,0.0429060263389545,0.0438794960682936,0.0446648711822861,0.0455109989638522,0.0458532938528748,0.0424481255685736,0.0378976533046711,0.0331493875701292,0.0298380391148516,0.0253641894558938,0.0212765875609771,0.0196190051970486,0.0195025112965685,0.0197469144749294,0.0146587033039369,0.00969813688165533
792,"TUR","Turkiye",0.0400014891610732,0.0404468666123043,0.033513446212674,0.0298401260265364,0.0305521718883013,0.0296212836444498,0.0333667539659064,0.0403133063288674,0.0496763667476341,0.0559746569486663,0.052032184747282,0.0525836400760116,0.0500404382004112,0.0474263954309564,0.046469127260643,0.0475557142890419,0.0513761096696193,0.0554524863975601,0.0612541417252181,0.0630919036620152,0.055368520229979,0.047278269188767,0.04638839801966
795,"TKM","Turkmenistan",-0.045281214848509,-0.0234988232339706,0.0008737005861299,0.0168285663022361,0.0357077264883883,0.0440469325821282,0.0508044983786362,0.062208691814098,0.0646660166162143,0.0705271383630037,0.0804168029186536,0.0901562394343731,0.101438918678573,0.108143574114927,0.110501724528193,0.108896467875783,0.106002631620697,0.10110473852413,0.0950377877767068,0.0905493685067964,0.0830496959035401,0.0728667639078537,0.0652742109792379
796,"TCA","Turks and Caicos Islands",NA,NA,NA,NA,NA,NA,NA,NA,NA,NA,NA,NA,NA,NA,NA,NA,NA,NA,NA,NA,NA,0.0290490526140412,0.0142321853936411
798,"TUV","Tuvalu",0.0330295404805812,0.0317257079668281,0.0290847633347127,0.0301131815605546,0.0272909955230807,0.0268308714507202,0.0186697654546448,0.00619788194804305,0.00138690024945598,0.00747479451410626,0.00765688004755827,0.00522797814554199,0.00585188865106367,0.0100336589402945,0.0135818686382438,0.0145142734977102,0.0163582024060809,0.0197319060135923,0.0252449538339465,0.033250089818311,0.0417879934151331,0.0448228908685613,0.0488149434973175
800,"UGA","Uganda",0.0722619639324356,0.0714773540772351,0.0693065097264622,0.0662801379333264,0.063828254125921,0.0610829505175718,0.0610599467057005,0.0651784786481546,0.0693696760293043,0.0732576208399445,0.0774575738779002,0.0781302298160067,0.0784152336637134,0.0771209448358048,0.0732079787620983,0.0681311243838232,0.0618432869094043,0.0571684919380073,0.0523654841006216,0.0499949841551,0.0491592404236854,0.0472265628922637,0.0472873780519416
804,"UKR","Ukraine",-0.1070978254486,-0.0883185329263811,-0.0610167164110825,-0.0290961290858169,0.00480305807337866,0.0315245331234526,0.050156558892714,0.062402589827286,0.0714108447854063,0.0731500953174438,0.0574711996321595,0.0427720872198558,0.0318150297602802,0.0197999814561118,0.00993926971057402,-0.00117907247083493,-0.0160651092628487,-0.0234896805952585,-0.0226941433985044,-0.0161333441035399,-0.0162837739989754,-0.0158474265400625,-0.00917118123494798
784,"ARE","United Arab Emirates",0.0458422069330777,0.0509240337226058,0.0516179857224719,0.0501304151120503,0.0486061764456063,0.050319910266712,0.0523090288124037,0.0568807092388592,0.0615478250847326,0.0615497392745108,0.0534214291795105,0.0475294679775289,0.0416474063061236,0.0346616904715815,0.0305973291814066,0.0298610778652371,0.0314532208631586,0.0377105389331358,0.0421975615119796,0.0455271068928773,0.0418654034811325,0.0317907475381216,0.0247554587278727
826,"GBR","United Kingdom",0.025328462476556,0.0295754837912092,0.031240222633995,0.0307288540827626,0.0300290800140388,0.0295412807133255,0.0287500269753076,0.0269435378390654,0.0259457475550513,0.0236735069735285,0.0179643689164408,0.0143800174857005,0.0110904249887573,0.00817581926427779,0.00675772279142484,0.00721598716432448,0.00923168348646852,0.0123892380918271,0.0171166273955692,0.021216376658802,0.0213542605062651,0.0141579043094435,0.0109896470586053
840,"USA","United States of America",0.0348929397734505,0.0383988323513984,0.0381513040134496,0.0368601930932628,0.0348418681892138,0.0335515204446508,0.0318688080678309,0.0300379118052301,0.0282179463936389,0.0256910638015653,0.0216691806098981,0.0195303866492975,0.0167688083065558,0.0141809914791577,0.0121748918329583,0.0118271608785683,0.0132580493726577,0.0155532907532205,0.0186515317262614,0.0216424305578076,0.0219837517919357,0.0198309437231321,0.019862478098976
858,"URY","Uruguay",0.0431052257258413,0.0370171834734117,0.0269786352539574,0.0145401215212098,0.00318405454571913,-0.00176287965698996,-0.00452122674239486,-0.00330830943988225,0.00518765936652832,0.0191421764212465,0.0324943915011704,0.0463627522407002,0.0567250823382393,0.0585027020964031,0.0570069058307687,0.0538672607726376,0.0493188541802272,0.0427757072245214,0.0361355792018307,0.0297587422589514,0.0224780368031929,0.0133638913811751,0.00829727712124595
860,"UZB","Uzbekistan",-0.00856642261136298,0.00458477125325829,0.0200903363496674,0.0295308704546422,0.0374873209405275,0.0427392084456433,0.0464846372559671,0.0498169454675308,0.0554786909777834,0.0621502084705829,0.068749812790462,0.0742485028128741,0.0783515836663695,0.0802629193743309,0.0798685797924179,0.0787444678114695,0.0768180192285686,0.0736885683473427,0.0700277726155734,0.0666984067664884,0.0636952875522792,0.058869938119761,0.0559379870959855
548,"VUT","Vanuatu",0.0304717014580125,0.0304830436833987,0.0268859772668866,0.0191105757572922,0.0122455217545885,0.0110428072925421,0.0115676792552384,0.0158247743597033,0.0218877257672796,0.0290160856513793,0.0347299127702032,0.0414405906090831,0.0443606049244341,0.0401384877663507,0.0343211342787,0.028675415463387,0.022640353105907,0.0211641391507982,0.0219217977517951,0.0244697089708965,0.027644993842213,0.0253341452455855,0.023003415813357
862,"VEN","Venezuela",0.0181974031704237,0.0112124697518245,0.00981871265921264,0.00548544578607757,-0.00299371609368937,-0.00282390211279115,0.00403022785164664,0.0139912791855408,0.02974886364426,0.0453190046770948,0.0506901846945094,0.0531797876194282,0.0564393848418157,0.0522948039528053,0.0374607807306873,0.0251675427579963,0.0118127088578008,-0.00752063067544284,-0.028984347277922,-0.0540319968891141,-0.0897348105577936,-0.131991868523131,-0.157069418174274
704,"VNM","Viet Nam",0.0812815021361626,0.0792329140244004,0.0753429139009998,0.0714594347716062,0.0678017649161451,0.0653554566197734,0.0647293206963209,0.0657186887431986,0.0679154207261923,0.069052207684865,0.0683218340989027,0.0675683282271853,0.0664334735310501,0.0644791896692243,0.062220066901415,0.0607149935295446,0.060407892753062,0.0608284652069426,0.0622482037768501,0.0639992896160027,0.0656298391312182,0.0651025578696458,0.0626804255665645
876,"WLF","Wallis and Futuna Islands",NA,NA,NA,NA,NA,NA,NA,NA,NA,NA,NA,NA,NA,NA,NA,NA,NA,NA,NA,NA,NA,NA,NA
732,"ESH","Western Sahara",NA,NA,NA,NA,NA,NA,NA,NA,NA,NA,NA,NA,NA,NA,NA,NA,NA,NA,NA,NA,NA,NA,NA
887,"YEM","Yemen",0.0560623013445807,0.0544072459976899,0.0521514434144785,0.0509212713731917,0.0483492691928227,0.0463984528512567,0.0455871399750263,0.0439132618519318,0.0420467065441834,0.0408970907737296,0.0393899931052033,0.0411603505271747,0.032559797328275,0.0223093442366562,0.0159876573062327,0.00964639006661905,-0.0129210396746445,-0.0356649334760145,-0.0545829542399652,-0.0656885288514231,-0.0684875576167024,-0.0654317046716589,-0.0640138584662568
894,"ZMB","Zambia",0.0135994994186259,0.0188609464934759,0.0249848272982149,0.0297248115795903,0.0393414656754623,0.0430979452207481,0.0473038328397133,0.0540239277735606,0.0617222339364394,0.0666116409747519,0.0719288524911235,0.0771803292650939,0.0799726703422434,0.0808233973684176,0.0795998204330848,0.0763988623134444,0.0706594684389052,0.0638723266745349,0.0566979894506281,0.0496450444936256,0.0426491275178797,0.0349115672889015,0.0291210817334393
716,"ZWE","Zimbabwe",0.0286120568216977,0.027621139459852,0.0289548662668546,0.0169746895540217,-0.0059691938755021,-0.0251205219011483,-0.0444447346272754,-0.0559402349500838,-0.0629757023840181,-0.0727886759526735,-0.0695577941877225,-0.0518097285723743,-0.0215192583681285,0.0142319321293503,0.0398624818183295,0.0597085858662458,0.0728315107885389,0.0789880111188832,0.0791613718585882,0.0616796585977708,0.0391178079112313,0.0186017845830158,0.00841992313446971
