"code","iso","country","GHN.raw.1999","GHN.raw.2000","GHN.raw.2001","GHN.raw.2002","GHN.raw.2003","GHN.raw.2004","GHN.raw.2005","GHN.raw.2006","GHN.raw.2007","GHN.raw.2008","GHN.raw.2009","GHN.raw.2010","GHN.raw.2011","GHN.raw.2012","GHN.raw.2013","GHN.raw.2014","GHN.raw.2015","GHN.raw.2016","GHN.raw.2017","GHN.raw.2018","GHN.raw.2019","GHN.raw.2020","GHN.raw.2021","GHN.raw.2022"
4,"AFG","Afghanistan",-9999,-9999,-9999,-9999,-9999,-9999,-9999,-9999,-9999,-9999,-9999,-9999,97254.2248484848,107628.092727273,112821.496969697,113366.568484848,108726.453939394,100967.154545455,92276.0775757577,81464.6072727274,76432.1175757574,76761.4521212122,73558.763030303,-9999
8,"ALB","Albania",9302.1549260606,9389.91281212122,14372.4748121212,14766.186630303,14758.3258181818,15527.0264848485,14946.3595151515,13788.2095151515,12719.5484848485,11875.511030303,13419.864969697,11947.2496363636,12136.7413939394,11602.3898787879,11776.6035151515,13225.0066666667,13630.9777575758,13629.8344242424,15169.2572121212,15850.6250909091,17097.6795757576,16867.5571515151,16183.4564242424,16058.2458181818
12,"DZA","Algeria",297568.319393939,288898.191515152,233435.348484848,188763.684848485,178533.492121212,148161.528484848,195565.865454546,222326.924242424,238783.083030303,284555.189090909,314674.690909091,344857.561818182,340046.904242424,349939.816969697,382503.046060606,412881.332121212,466640.586666667,489382.792121212,506359.750909091,527965.734545455,532638.171515152,484394.950909091,437825.916969697,404820.926666667
20,"AND","Andorra",-9999,-9999,-9999,-9999,-9999,-9999,-9999,-9999,-9999,-9999,-9999,-9999,-9999,-9999,-9999,-9999,-9999,-9999,-9999,-9999,520.762003162534,440.916350247934,497.762600565656,464.64510892562
24,"AGO","Angola",229413.383466667,215823.682981818,191469.373090909,161632.795515152,138732.015151515,124436.342666667,120314.845454545,102584.272121212,92244.5654545454,95580.603030303,99399.9387878787,117100.917575758,118829.975151515,122699.633939394,133196.771515152,172126.964848485,179830.022424243,175026.673333333,165880.744848485,128496.235757576,102701.305454545,81558.5135684114,78861.5971092746,88361.1178181818
660,"AIA","Anguilla",-9999,-9999,-9999,-9999,-9999,-9999,-9999,-9999,-9999,-9999,-9999,-9999,-9999,-9999,-9999,-9999,-9999,-9999,-9999,-9999,-9999,-9999,-9999,-9999
28,"ATG","Antigua and Barbuda",766.781155757577,854.421854545455,896.107772727274,990.805047272726,1083.76720121212,1139.06518787879,1147.07132545455,1151.90683757576,1204.52231939394,1237.95848,1316.83007272727,1303.98005212121,1206.51304242424,1190.17737454545,1167.91900363636,1132.43340121212,1132.70656242424,1118.15169090909,1079.00267757576,1079.47358,1129.85106606061,975.87098,841.239941818181,774.67716060606
32,"ARG","Argentina",421830.180606061,422323.338181818,420288.770909091,382927.296969697,397672.031515152,407671.507878788,414366.841212121,450219.51030303,493692.745454545,518370.6,478859.048484849,483801.351515151,491729.690909091,458589.787878788,452607.703030303,436540.139393939,429945.145454546,432235.551515152,450139.593939394,457296.503030303,400928.496969697,339836.581818182,375557.715151515,382363.963636364
51,"ARM","Armenia",0,0,0,0,0,0,0,0,8650.76393939394,16717.0374545455,17626.8329090909,16847.9105454545,17897.1767272727,19518.5135151515,19270.1289090909,19001.0226666667,18126.5523030303,18744.5622424242,19542.8724848485,23612.9524242424,22306.0001212121,20579.9358181818,20289.9469090909,21890.3216969697
533,"ABW","Aruba",1970.1588969697,5948.26458121213,7789.78882848484,9038.07674181819,10144.9443630303,10613.4380357576,10707.0002121212,9909.53053333332,8812.6351109091,6537.49290424242,3732.40891030303,3029.85739515151,2546.8899271405,889.776723702479,0,0,0,0,0,0,0,0,425.807134086319,-9999
36,"AUS","Australia",652010.24969697,700642.38,738171.203636364,760868.685454546,749815.973333334,763138.741818182,760143.228484848,745101.927272727,739220.871515151,730516.136363636,716922.681212121,690898.038181818,670953.527878788,654752.587272727,593200.907272727,543152.767272727,531785.713939394,537832.142424243,565358.303030304,584219.508484848,592545.405454546,548260.745454546,510497.467878788,501211.638787879
40,"AUT","Austria",91065.9581818181,90723.1915151516,106449.401818182,109779.251515152,121986.613333334,123561.166060606,129238.414545455,129250.868484848,121578.74969697,112397.701212121,82422.5957575758,71070.7278787879,55629.2733333334,39487.7769696971,39260.990909091,33074.8448484848,43313.9218181819,53549.2036363636,67104.526060606,70789.3587878787,70926.4133333333,62913.94,70241.4951625345,61935.9793939394
31,"AZE","Azerbaijan",12144.1145983472,0,0,0,11436.5510303032,34439.0869090909,48979.7107272727,60694.6172121212,67962.2005454545,88232.6287878788,85804.0925454545,84979.8145454545,89497.8304848484,93524.9609696971,96361.2231515152,98049.3342424242,100292.605515152,100419.46369697,98410.4758181819,109646.218242424,115422.287515152,90814.9553333334,85755.6657575758,90662.8986060606
44,"BHS","Bahamas",2817.23181212121,3244.25919393939,3851.44084848485,4478.02554545454,3908.62240606061,3739.54330909091,3846.09586060606,3757.99056363636,3406.33358181818,3627.88676969697,4025.03323030303,4417.08510909091,4770.46979393939,5297.58566060606,5418.12118787878,4348.84829090909,3399.42903030303,2817.11975757576,1607.64192727273,2748.71424848485,3381.13760892562,3312.6242,3446.78771515151,3841.01886060606
48,"BHR","Bahrain",35207.0378545455,39654.5414666667,27426.3830666667,20633.7347575758,21201.0810787879,24143.1366181818,29980.5162969697,33024.6093030303,55021.2066727273,74143.5930060606,81845.7401939394,90217.620490909,86216.6663454545,76626.9601878787,76100.1952727274,67997.4103030303,63752.4083272727,52025.4847272727,54200.0127999999,40899.4185272727,31981.690060606,22299.8661454545,15461.0771151515,9962.06859393941
50,"BGD","Bangladesh",172532.711151515,188498.076727273,209990.267272727,222973.823272727,229714.918181818,232871.254545455,241095.983636364,252534.018181818,257719.814545455,263401.469090909,270844.233333333,283097.787272727,295669.592727273,308721.643636364,309558.063030303,315602.306666667,328949.298181818,335253.158181818,343974.838787879,360837.39030303,389085.40969697,383306.178181818,390648.862424242,401304.718181818
52,"BRB","Barbados",8955.97969696971,8661.38469696971,8785.68605454545,8355.80147272729,9273.9448,8899.65887272726,8697.62068484848,8180.46576969697,7599.30775151515,9075.46805454545,9745.22331515152,9199.49272727271,9222.98186666668,8452.47898787879,7627.49352727273,5678.25912727273,4848.24430141414,4413.81760580349,2993.9319415978,2446.39852121213,3076.39356363637,2554.61595757576,3431.37318424242,4363.54218552801
112,"BLR","Belarus",7384.9961432506,0,0,891.113333333225,34770.7448484848,57521.7915151515,69665.1533333334,90007.7498181819,103200.842424242,124408.886666667,129749.085454545,134670.913333333,129937.019393939,123438.232121212,119782.68969697,113656.346666667,96584.2072727273,87994.9224499541,85715.9011570248,91199.3512396694,91206.5480330579,88164.4451056015,90229.0435775941,89706.7104573003
56,"BEL","Belgium",165285.543030303,156559.528484849,145706.81913315,136465.947878788,124783.155757576,125887.120606061,123221.413939394,124267.473333333,107601.78,108330.404848485,72333.7624242426,76569.3484848484,47333.4181818184,29903.9533333332,26734.5151515152,19219.1454545455,33898.609090909,44459.330909091,56249.1163636364,77889.8721212122,80249.5969696971,77556.6357575758,81918.3145454545,70921.2963636364
84,"BLZ","Belize",657.848169696971,600.971406060606,1107.44507878788,1544.99847272727,2014.33163636364,2162.43658181818,2290.21973333333,2400.3964969697,2412.49698181818,2083.82180606061,1964.75087272727,1759.56487272727,2003.12086060606,1650.29506666667,1956.42973333333,1840.08419393939,2342.49346666666,2604.77389090909,2833.0856969697,2754.41071515151,3137.24663030303,2889.57284848485,3220.6631030303,3116.06437575758
204,"BEN","Benin",16485.8402545455,17418.0159393939,16025.8521818182,17360.4972121212,17321.5991515152,17470.3534545455,18159.0403030303,19949.4432727273,22522.3617575758,22750.8166060606,24079.1519393939,26632.1013333334,26229.9485454546,25915.7050909091,26413.6806666667,25977.6336363636,27148.3122424243,29975.804969697,33257.1362424242,35781.7408484848,38269.6532121212,39566.1585454545,41245.8037575757,40975.2083636364
60,"BMU","Bermuda",-9999,-9999,-9999,-9999,-9999,-9999,-9999,-9999,-9999,-9999,-9999,-9999,-9999,-9999,-9999,-9999,-9999,-9999,-9999,-9999,-9999,-9999,-9999,-9999
64,"BTN","Bhutan",2145.96409090909,2187.29810909091,2245.23326666666,2226.28053939394,2258.59644848485,2268.17591515152,2438.97947878788,2339.11058787879,2624.94715151515,2732.68740606061,2882.25152727273,3174.28491515152,3224.77532727273,3352.53778181818,3709.78086060606,4160.88567878788,4989.06175151515,5305.6774909091,6044.42541212122,6880.50052727274,6434.82735151516,4930.42568484849,4567.51929090909,-9999
68,"BOL","Bolivia",175951.012363636,171281.219575758,138323.442121212,99163.8377575758,79236.5665454545,67312.6670303031,45080.7645454546,28551.6195757576,33787.7000000001,62022.8657575758,84748.9767272726,120867.547636364,132619.055212121,139200.74830303,147299.557515152,166043.766121212,173294.130666667,173463.595090909,176301.472,171782.274181818,168479.260181818,165334.298545455,172694.336545455,178072.812484848
70,"BIH","Bosnia and Herzegovina",-9999,-9999,-9999,-9999,66116.0080606061,62750.7888484848,49548.2462424242,44149.57,38970.704,40092.5556363636,48389.6636363636,56802.5846666668,66557.9003030303,54714.4383636364,52968.9015151515,53541.0248484848,44969.4203636364,47180.0026060606,45206.6040606061,41509.7371515151,41942.2954545455,43320.2991515152,48191.3425454546,41780.6960606061
72,"BWA","Botswana",17468.576009697,17761.4576484848,22110.6856969697,24045.9286060606,6736.45323122131,0,0,2997.29151515152,840.249515151518,23548.5036363636,10130.2123030303,38072.3264242424,64412.5432727271,56486.5431515152,45375.2505454545,29736.0722424243,15571.279030303,5771.12301230485,1720.1869090909,4199.79630303032,0,0,18242.9044848485,17730.4964242424
76,"BRA","Brazil",1299079.52727273,1348034.84242424,1400546.63636364,1436357.55757576,1473996.71515152,1549454.52727273,1597087.68484848,1583425.34545455,1543976.92727273,1548377.61818182,1454904.67272727,1531503.72121212,1594047.92121212,1662422.55757576,1790472.26666667,1946895.46060606,1951351.64848485,1853860.1030303,1753843.13939394,1554864.4,1348024.12121212,1175285.84848485,1248961.19393939,1187537.96969697
92,"VGB","British Virgin Islands",-9999,-9999,-9999,-9999,-9999,-9999,-9999,-9999,-9999,-9999,-9999,-9999,-9999,-9999,-9999,-9999,-9999,-9999,-9999,-9999,-9999,-9999,-9999,-9999
96,"BRN","Brunei Darussalam",7015.41602060604,12002.5868909091,13693.7918666666,11930.8189333333,13077.0648363636,13342.1261939394,13072.1958606061,15167.0850424243,24994.7975090909,35777.0372,33330.885030303,33621.4580727273,38337.4590666667,36779.0301757576,29171.9625333333,25158.4473272727,13428.0795272727,8678.0810791919,10766.0370445546,15086.9133770432,16978.4384969697,12031.0993900826,15198.7225818182,17808.5414727273
100,"BGR","Bulgaria",38284.2321314968,41608.50528191,46818.4159610652,33453.8782905418,43168.2687008264,41141.7949443526,45765.3778071625,57785.3908099173,81153.4551515151,92905.2175757576,70495.3248484848,62243.4,69564.6472727273,52729.1884848485,36334.8206060606,33998.1036363636,38297.4309090909,34922.1672727273,49350.8630853994,48875.4531202939,36941.4806060606,17219.5975757577,32274.5363636364,47370.3496969697
854,"BFA","Burkina Faso",24772.4200557576,27519.5293818182,29885.1902787879,31880.9130424242,39564.960969697,43689.2574545455,47446.7335757574,50279.6689696971,52955.3566060606,54533.6992727274,53568.4284848484,52562.4981818181,49913.8939393939,47162.1624242424,47639.0145454545,49517.7054545455,49719.3036363636,52582.3266666667,54790.2715151515,55405.3836363636,55347.6715151515,55170.953939394,55007.3466666667,55284.6721212121
108,"BDI","Burundi",2215.45034909091,1979.80050909091,2402.3496,2616.70442424242,2812.75818181818,3124.61896969697,3476.1183030303,4138.35678787879,4959.6376969697,5778.47854545455,5912.74042424243,6414.81987878787,6995.64212121213,6149.33,6611.30054545455,6520.23103030303,6224.82630303031,6775.96363636364,7504.31703030303,7994.41739393939,7913.1409090909,7739.46321212122,7946.5530909091,7751.96478787878
132,"CPV","Cabo Verde",725.14799709091,776.37228509091,805.589021575758,948.502485333332,1095.55131878788,1228.271328,1625.28445842424,1821.89903515152,1913.81117090909,1744.81799272727,1705.47104242424,1636.44944242424,1611.45655757576,1237.75723030303,961.604412121213,687.950993939394,641.890442424243,741.030721212121,861.574436363636,1248.47028484849,1534.12186060606,1781.21776969697,2191.59719393939,2351.3718
116,"KHM","Cambodia",-9999,-9999,-9999,35707.8357430303,37560.9123636364,33114.6530545455,36677.180969697,41760.7921939394,46368.2681212121,51011.8167272727,57952.0459393939,60364.730909091,63821.8603636364,62010.3649696971,59623.3303030303,55718.9106666667,55899.5721212122,59588.9351515152,65181.1527272727,69282.949090909,74836.5127272729,76615.0260606061,80138.4969696971,79773.5351515152
120,"CMR","Cameroon",45820.3824242424,52673.0490909091,51416.9096969697,50229.243030303,52979.4484848485,46301.1666666667,44796.2757575758,40248.8963636364,39886.7593939394,38212.62,39360.4454545455,41758.2860606061,40526.0327272727,38432.1933333333,40558.3715151515,47039.7878787879,60521.9357575758,68383.5212121212,68532.826060606,70093.52,73170.0121212122,69854.7963636364,64612.2836363636,62265.863030303
124,"CAN","Canada",1093411.04848485,1163242.92121212,1126269.28484848,1102083.53939394,1079608.46060606,1041491.01212121,981259.212121213,918117.375757577,926699.13939394,856788.284848485,702746.006060606,673433.351515152,639886.793939394,623237.436363636,650897.218181818,671674.163636364,699828.993939394,670714.787327823,728229.206060606,792277.448484849,762391.703030303,587072.816969697,528891.090909091,523117.521212122
136,"CYM","Cayman Islands",-9999,-9999,-9999,-9999,-9999,-9999,-9999,-9999,-9999,-9999,-9999,-9999,-9999,-9999,-9999,-9999,-9999,-9999,-9999,-9999,-9999,-9999,-9999,-9999
140,"CAF","Central African Republic",33430.8698351515,39616.4370666667,31775.3688484849,21853.0397575758,27382.812,20036.1584242424,17700.2671515152,17808.9593939394,19635.7078787879,27283.6096969697,17844.703030303,24610.8781818182,26251.9345454545,14520.26,17710.6940495868,14436.5375206612,14655.0837024793,19107.1072139578,18577.2284848485,23965.3763636364,17218.4679889807,18709.5938769513,21089.9836363637,18260.5557575758
148,"TCD","Chad",32866.6749090909,11615.4924363636,9649.46533333336,5430.59854545454,6455.236,11735.8481212121,17276.4957575757,24138.9373884297,31610.6018181818,36943.1187878788,38731.6006060606,40631.3963636364,46205.3284848485,49241.296969697,51583.3993939394,57140.3969696969,66666.3175757574,76613.2981818181,83835.8666666668,91899.2666666668,96029.0557575758,101554.167878788,107520.700606061,105791.461818182
152,"CHL","Chile",166350.894545455,165018.558787879,151308.006060606,138145.455757576,123858.336969697,120731.097575758,112905.029090909,112113.023030303,139319.715151515,152860.455757576,156960.019393939,155476.413939394,167727.716969697,178795.364242424,174588.43030303,162323.525454545,165160.48969697,168458.025454545,176552.743636364,182197.735151515,177568.924242424,149413.441818182,157163.88,153948.758787879
156,"CHN","China",9972807.2121212,9770190.07272726,9492560.14545455,9866966.37575758,11789401.4545455,14639572.8484848,18521046.9090909,22399803.3333333,25303565.1515152,27167318.6060606,28068210.6666667,29011230,30151314.3030303,29533491.9393939,28807788.6666667,27904487.5151515,25963715.6363636,23741902.6060606,21787791.3939394,20375574.7272727,19187269.3939394,18836742.5454545,20122385.5151515,20491144.1212121
170,"COL","Colombia",178242.515757576,169585.321818182,153718.332121212,144439.28969697,145786.187272727,148241.63030303,161323.009090909,176685.391515152,195793.995757576,214819.086666667,228858.74,256243.848484848,260134.923030303,261644.210909091,268647.235757576,269324.315757576,277694.822424243,288018.572121212,271431.055757576,275752.081212121,283084.584848485,266061.321818182,273356.74969697,274084.482424242
174,"COM","Comoros",839.40932121212,836.015084848484,858.630969696968,876.458618181816,924.658163636364,962.974151515152,983.230787878787,1082.40380606061,909.971575757577,908.776436363636,962.046981818181,1058.48801212121,1076.9147030303,1128.86026666667,1249.55244242424,1286.99647272727,1358.7721030303,1529.32721818182,1584.42027272727,1627.45056363636,1691.11839393939,1643.13634545455,1612.75006060606,1663.03456363636
184,"COK","Cook Islands",-9999,-9999,-9999,-9999,-9999,-9999,-9999,-9999,-9999,-9999,-9999,-9999,-9999,-9999,-9999,-9999,-9999,-9999,-9999,-9999,-9999,-9999,-9999,-9999
188,"CRI","Costa Rica",16644.2770060606,14761.1983636364,13745.662,14394.3401818182,15651.6182424243,18535.5580606061,18100.9272727273,18188.3712727273,20969.1127272727,23257.140969697,23992.5967272727,23243.0343636364,22919.2782424242,22455.1579393939,23091.2611515151,23199.8952727273,21011.1990909091,20345.6604848485,20939.6041818182,23824.540969697,27275.6255151515,23997.4841818182,25998.1147272727,27087.0995757576
384,"CIV","Cote d'Ivoire",38518.2456242425,39827.5898181818,42236.2481212121,42112.1758787879,35518.4424242424,32761.7121212121,36527.0490909091,37312.6387878788,38138.2006060606,36402.2163636364,29141.2042424242,26831.1975757576,29616.8236363636,38014.4448484848,43406.7981818182,46034.136969697,51131.7236363636,64239.0345454545,67965.7393939394,69623.3006060606,67221.8781818181,63209.5818181819,58751.7842424242,59953.5042424242
191,"HRV","Croatia",-9999,-9999,-9999,-9999,-9999,50949.9391515152,50918.8393333334,49955.4095757576,52752.1839393939,49226.784,41387.0002424242,33414.1796969697,27446.0128602387,21401.4167680441,18103.2182413223,20047.2641109274,23411.6470681359,18815.2676253444,18351.839687787,14812.8100275482,17535.1426666667,17760.3918732782,21768.6964565657,24666.424568595
192,"CUB","Cuba",-9999,-9999,-9999,-9999,-9999,-9999,-9999,-9999,-9999,-9999,-9999,-9999,-9999,-9999,-9999,-9999,-9999,-9999,-9999,-9999,-9999,-9999,-9999,-9999
531,"CUW","Curacao",-9999,-9999,-9999,-9999,-9999,-9999,-9999,-9999,-9999,-9999,-9999,-9999,-9999,-9999,-9999,-9999,-9999,-9999,-9999,-9999,-9999,-9999,-9999,-9999
196,"CYP","Cyprus",14895.7886,14624.6635030303,13971.6185515151,14048.3500545455,14756.5344,15357.7432727273,15272.0391151515,15601.2818545455,15965.4673515152,16366.0402727273,15672.2235575758,14277.5567939394,11986.6126484849,8738.47864242424,5971.92548066115,5282.24687735535,5528.19463658401,6722.00230468319,7718.83115195592,8063.03326460973,8778.57649403122,9005.14324848485,10241.0016969697,11437.0502969697
203,"CZE","Czech Republic",449.399393939355,50104.7606060604,72826.9927272726,86345.929090909,108830.383030303,118325.438787879,125051.909090909,145405.106666667,162070.019393939,157291.670909091,115791.498787879,109075.637575758,100080.24,79364.2327272729,61719.0715151516,49424.5024242426,49431.2836363638,62246.6424242426,83525.68,96271.1375757577,85969.5236363636,64100.2939393939,72610.1775757574,78298.8454545455
180,"COD","Dem. Rep. Congo",66918.2123636364,70431.5964848485,69161.8077575757,68387.3096969697,68908.5072727273,77555.2163636364,86090.6903030303,84519.1545454545,70409.8254545455,76403.2084848485,75602.9890909091,84943.3775757576,83340.6066666667,96262.1642424242,114548.786060606,134199.772727273,143192.290909091,148784.419393939,152503.764242424,147625.312121212,142365.24969697,136531.578787879,125174.66969697,126289.420606061
208,"DNK","Denmark",93379.9187878788,61251.3660606061,57468.8442424243,41979.2,44936.178787879,34830.7684848487,17846.2151515152,52956.1533333333,56690.1181818181,52383.9375757575,43635.4127272727,34345.789090909,17420.4618181819,0,5422.12738292032,0,0,0,0,156.431515151322,0,1920.0715151516,7517.39515151516,6772.80484848484
262,"DJI","Djibouti",-9999,-9999,-9999,-9999,-9999,-9999,-9999,-9999,-9999,-9999,-9999,-9999,-9999,-9999,-9999,-9999,-9999,-9999,-9999,-9999,-9999,-9999,-9999,1468.15796363636
212,"DMA","Dominica",407.723413151515,481.090055212121,515.564742787878,474.686060787879,452.689852242424,400.654112969697,405.515836181818,433.936098969697,457.692306484848,374.679861430303,352.023888545454,367.07386070303,432.539617769697,437.522682836364,437.664064509091,409.892688242424,395.421603248485,385.820350254545,356.712885866666,325.771012533333,311.570472121212,254.243347695133,250.633039878788,239.841140242424
214,"DOM","Dominican Republic",64259.0792,60831.1135757577,54985.7855757576,53584.9296969697,48934.0037575758,38634.2416969697,34508.1220606061,33769.705939394,34567.4042424243,31412.3133333333,27623.6991919192,28171.8727272727,34125.1648484848,45334.2226666667,55746.9163030303,63678.0037575758,74780.4936969697,84102.6746666668,89135.5569696971,92832.7458181819,92448.5243636364,81491.6244848484,74731.6156363636,67595.5094787878
218,"ECU","Ecuador",61801.2798060606,42070.5246060606,37689.2667878788,44186.0098181819,59922.4555151515,56915.9854545455,69056.7278787879,80730.649090909,88878.0333333332,85113.0339393939,88915.2624242423,85403.8581818184,93539.7933333332,95250.4957575758,97988.0133333332,104952.098787879,99771.9127272726,93972.2072727274,92010.9163636364,79718.4503030303,68880.3121212121,49313.6210798898,55739.3827364555,62595.6518273645
818,"EGY","Egypt",362354.315151515,407143.212121212,399519.310303031,399465.067272727,452738.247272727,466387.171515151,517968.943030303,553509.13090909,592839.934545455,637541.204848484,660047.024242426,670826.882424242,676431.564848484,629329.435151516,591858.213333333,578962.420606061,547124.349090909,564741.636363636,606624.745454545,605483.121212122,555448.018181819,495704.545454546,510198.666666667,547105.454545455
222,"SLV","El Salvador",19800.5438036364,14940.426230303,13467.0381454545,11972.1022424242,11199.642,11081.4572727273,10731.364969697,12008.8584242424,14431.9445454545,14289.9435757576,14016.8286060606,12036.9999490725,10680.0294545454,10276.3833939394,8261.53151515149,7463.05327272726,8134.19218181816,8957.63515151516,8844.7056969697,12043.6103030303,15043.182,13683.1631515152,15854.7985454545,17379.3040848485
226,"GNQ","Equatorial Guinea",47598.4452606061,51156.2340836364,56236.3840448484,55750.7486084848,58200.35732,55601.5053151516,58592.6151284848,59407.506090909,55145.3432739394,54250.4830945455,44687.4014606061,38836.788060606,35507.6965939394,28961.4372909091,22728.138030303,17221.8423818182,9018.23026060607,5300.85426666668,4876.97864363638,9633.79914710743,10892.3653401285,11998.5716933701,10625.925728191,10818.1545845363
232,"ERI","Eritrea",-9999,-9999,13615.6760606061,13296.7884848485,11974.1308484848,10074.6812121212,8379.90587878788,6841.01648484849,7361.59042424242,7340.1983030303,7788.58127272727,8125.17666666666,8759.48963636364,9043.19860606061,9336.89466666666,9452.16466666666,9518.26527272727,9107.73642424242,9088.55969696969,8925.85436363636,8696.7116969697,-9999,-9999,-9999
233,"EST","Estonia",-9999,-9999,-9999,-9999,-9999,12666.3019393939,14811.2784848485,17404.9473057851,29929.3055757576,29956.8383636364,20910.5037575757,26876.196060606,27732.1439393939,23568.0419393939,28092.4276363636,27675.2916969697,19495.5373333333,17744.4635977961,23594.542060606,22702.1869090909,2199.59169696968,0,0,0
748,"SWZ","Eswatini",4056.37775757576,4046.26660606061,3615.03915151515,3546.80975757576,2731.92654545455,2718.75515151515,2780.15503030303,2138.02690909091,2446.37945454545,2422.17636363636,2573.016,2371.70012121212,2020.08084848485,2327.07557575758,3230.08048484849,2211.24745454546,2084.8466060606,2463.81957575757,2244.03260606061,2414.13460606061,2186.17503030303,1246.67454545455,923.77490909091,1157.2636969697
231,"ETH","Ethiopia",182948.544848485,191832.436363636,206588.704848485,226923.76969697,225031.259393939,215879.049090909,146127.978181818,104593.258787879,116550.585454545,128191.556363636,140041.183030303,155073.555757576,158547.657575758,181918.113939394,197433.56,226959.519393939,217264.536363636,215063.648484848,220635.518181818,223840.965454546,240403.847878788,260035.202424242,267781.858181818,268085.796363636
234,"FRO","Faeroe Islands",-9999,-9999,-9999,-9999,-9999,-9999,-9999,-9999,-9999,-9999,-9999,-9999,-9999,-9999,-9999,-9999,-9999,-9999,-9999,-9999,-9999,-9999,-9999,-9999
238,"FLK","Falkland Islands",-9999,-9999,-9999,-9999,-9999,-9999,-9999,-9999,-9999,-9999,-9999,-9999,-9999,-9999,-9999,-9999,-9999,-9999,-9999,-9999,-9999,-9999,-9999,-9999
242,"FJI","Fiji",2422.50352848485,2631.99129090909,3092.4272969697,2663.24267272727,2965.21147878788,3990.22986060606,3710.6776,4174.2733030303,4040.61826666667,3857.84069090909,3492.54830909091,3411.82121818182,3426.00586060606,2862.49057575757,3546.21664848485,4772.26435757576,7094.21276969697,7982.35432121213,8660.84752727274,9201.03555151516,9880.27727878787,9860.89835151516,9577.75524848484,8305.19487272726
246,"FIN","Finland",88703.0163636363,80952.7903030303,85141.9121212122,85271.8290909092,103223.176363636,108767.103030303,78647.9236363637,101354.201212121,104869.50969697,81499.6824242424,56369.7127272727,52556.2303030303,29317.0448484848,6821.80363636355,10900.3884848484,10025.8454471991,0,6779.03281175396,0,716.236363636439,0,0,3024.68666666676,0
250,"FRA","France",564418.581818182,546831.549201102,596014.8,611406.745454545,607259.357575758,577313.678787879,555135.321212121,533938.854545454,485158.13939394,462758.430303031,393858.345454545,361604.36969697,286983.290909091,256185.6,248919.381818182,184705.612121212,196863.424242424,222893.781818182,262616.642424243,263893.757575758,249235.824242424,173375.747272728,185361.446060606,184466.605454545
258,"PYF","French Polynesia",-9999,-9999,-9999,-9999,-9999,-9999,-9999,-9999,-9999,-9999,-9999,-9999,-9999,-9999,-9999,-9999,-9999,-9999,-9999,-9999,-9999,-9999,-9999,-9999
266,"GAB","Gabon",4032.15264969697,3220.5202230303,2501.47953939393,2181.402,3433.16175603306,3457.57275665749,3599.13119963269,4203.12451753903,3844.83800991735,6025.81654545454,6807.0403030303,9386.61551515152,10469.8800606061,10216.0296969697,10463.3461212121,10178.7096363636,9110.45606060606,8624.38612121212,7886.92012121212,6884.05460606061,7050.04587878788,6996.33460606061,7411.74745454545,6756.53024242424
270,"GMB","Gambia",2004.14059393939,2192.00393939394,2141.98939393939,2066.06660606061,2245.86612121212,2593.85496969697,2913.54981818182,3362.01381818182,3494.80139393939,3966.09090909091,4962.10260606061,5862.36866666668,5287.58672727274,5030.37557575757,4781.27290909091,4800.33745454546,4942.90115151515,4495.45709090909,4061.81793939394,3576.02466666667,4080.03236363636,4669.23806060606,4634.23175757576,4647.43757575758
268,"GEO","Georgia",0,0,0,0,4267.01304,12463.5890521212,13465.9771003857,22448.9663878788,29493.1317575758,28305.4161987879,26580.6498739394,26135.6194545454,30310.316969697,34739.390969697,34249.3569090909,35399.8309090909,35813.7085454546,38133.243939394,36899.7114484849,28607.8385575757,21354.6383636364,13299.3421090909,10607.7437939394,11782.0931151515
276,"DEU","Germany",526006.012121213,586775.557575758,682748.054545455,662788.672727271,680069.07878788,656679.896969697,610824.472727274,688342.030303029,673679.545454545,685412.006060606,498542.678787878,513872.072727274,496319.393939394,525862.181818181,636691.012121213,622289.030303031,647107.236363636,716796.303030303,722739.515151515,685458.567272727,466035.525454545,238837.886060606,173704.719393939,117617.766666668
288,"GHA","Ghana",25006.4648484848,21272.7593939394,18733.9351515152,22009.5339393939,23633.9006060606,21701.1339393939,24423.1612121212,28103.6648484848,36221.3121212121,41138.4690909091,48020.0933333334,62677.2921212122,114935.495757576,104919.900606061,112581.18,113898.372121212,110181.472121212,109423.786666667,147050.523636364,125215.225454545,112429.65030303,108521.326060606,133764.914545455,127161.118181818
300,"GRC","Greece",192796.455757576,206360.798181818,210232.032121212,208749.182424242,207715.633939394,199422.004848485,199938.927272727,180752.945454545,177441.934545455,165048.882424243,134902.244242424,112943.198376492,103705.286134068,98286.5069752066,88153.1890725435,82359.1432506886,89749.0631221303,87400.6644958678,85774.4018953168,71288.3806942149,32694.9606611572,18182.2452892562,0,0
304,"GRL","Greenland",-9999,-9999,-9999,-9999,-9999,-9999,-9999,-9999,-9999,-9999,-9999,-9999,-9999,-9999,-9999,-9999,-9999,-9999,-9999,-9999,-9999,-9999,-9999,-9999
308,"GRD","Grenada",650.059771515152,669.175440606061,682.116784848484,687.65056909091,681.199806060606,643.848080606061,634.946697575758,636.224667878787,653.572645454545,696.356602424242,730.440501818181,770.391056969697,732.943245454545,770.93409090909,877.283135757577,774.402291515152,809.900404848484,833.478175757574,872.197147878787,928.066493333332,960.43446,905.586453939394,827.40202,794.908317575757
320,"GTM","Guatemala",32454.4915369697,33066.8874181818,33626.9548606061,36281.8999272727,35688.2882424243,38943.7557575757,43137.6309090909,40847.9166060606,38997.3277575758,33274.3036363636,31100.0066666667,26956.1303030303,24805.1775757576,24632.8254545455,26471.6927272727,31109.4006060606,42121.6303030303,51521.9787878788,60913.9818181819,58316.4733333332,62248.0733333332,54704.24,53948.5103030303,50452.1503030303
831,"GGY","Guernsey",-9999,-9999,-9999,-9999,-9999,-9999,-9999,-9999,-9999,-9999,-9999,-9999,-9999,-9999,-9999,-9999,-9999,-9999,-9999,-9999,-9999,-9999,-9999,-9999
324,"GIN","Guinea",21196.9635878788,23084.5887272727,26040.3250909091,29612.4056969697,31487.3493333334,32535.8786666667,37115.8721212121,38755.7247272727,38199.703030303,38134.0048484848,37748.1115151515,42000.6127272727,45826.4939393939,50881.8406060606,52228.4503030303,52223.1187878788,52695.1793939394,58058.8127272729,58242.5418181819,56955.58,56800.6715151515,58547.8357575757,61362.4254545455,64906.4072727274
624,"GNB","Guinea-Bissau",2528.6956969697,2498.93587878788,3201.76351515152,3668.88739393939,4116.262,4194.75218181818,4192.27236363636,4438.83012121212,4398.31490909091,3873.25551515152,3866.84151515152,3750.01521212121,3867.21472727273,4460.0216969697,4699.93175757576,4682.254,4757.24248484848,4762.01024242424,4751.67915151515,4861.45781818182,4871.17527272727,4923.87357575757,4929.64109090909,5238.8116969697
328,"GUY","Guyana",5150.15693333334,4898.03764848485,5905.21296969697,4403.63949090909,4399.49315151515,3876.09889696969,2441.0344,1276.32123030303,1422.29821212121,1505.32113939394,2321.94198787879,2733.18612363636,4255.93983636364,4564.71763636364,5473.60886060606,6617.34741818181,6962.33763636364,6659.48866666667,6742.29660606061,6804.68153939394,6979.38936969697,6103.4068,6085.306,6364.91684848485
332,"HTI","Haiti",22096.4801818182,21930.2664242424,21791.2056969697,22104.1836363636,20255.0074545455,17790.8520606061,17026.3717575758,17116.7141212121,18354.8740606061,18554.2504242424,18766.3437575757,18203.5795151515,17862.085030303,17961.3407272727,17632.9229090909,18424.067030303,19756.7047272727,20715.3658181818,21802.7620606061,21970.3356969697,22159.1176969697,20961.314969697,19609.1024848485,18709.5221212121
336,"VAT","Holy See",-9999,-9999,-9999,-9999,-9999,-9999,-9999,-9999,-9999,-9999,-9999,-9999,-9999,-9999,-9999,-9999,-9999,-9999,-9999,-9999,-9999,-9999,-9999,-9999
340,"HND","Honduras",15179.0860484849,15138.2330787879,16873.9716969697,19174.568,24189.9184848485,28920.5878787879,35051.1778787879,35913.7653333333,40094.7253333333,40716.1356363636,37249.1751515152,32513.7703636364,29860.6936969697,26553.6222424242,25264.2531515151,24410.7349090909,26488.6441818182,24934.9059393939,26594.4666666667,29114.9904242424,31570.4281212121,27960.222969697,30278.9055757576,30983.8901818182
344,"HKG","Hong Kong",81774.3852121213,80629.1942424242,73262.5610303029,77839.1826666668,91547.5026666668,87545.2039393939,87607.15,71881.3504848485,61034.5179393939,58019.8325454545,59189.9706666666,53432.6688484848,52345.7289090909,48179.6825068871,53910.5501818182,57746.7196969697,55288.7102424242,55516.5183636364,55225.7216969697,55893.1453333333,48036.3298787879,11141.0269090909,0,0
348,"HUN","Hungary",-9999,52797.2921212122,68812.9060606061,64097.0351515152,71645.6248484849,71868.5624242424,70820.4024242424,71066.1109090908,67028.8175757575,59816.2939393939,42245.3496969697,31284.4248484848,21977.82,6737.19818181836,0,0,10223.9272727274,23723.809090909,44013.7,60739.9945454546,68016.6030303031,72519.3890909091,80361.4915151515,73048.9648484849
352,"ISL","Iceland",-9999,-9999,-9999,-9999,-9999,6182.78457575757,5390.85646060606,6205.00501818182,7131.68278787879,8597.45449696971,8767.14703030303,8783.29905454545,7859.02372121213,7114.70559393939,6142.95293333333,5144.082,4225.71041432507,3557.70161153352,3722.55073212122,4629.29450530762,4786.35897575758,4526.67389090909,4575.7289107438,6105.48949696969
356,"IND","India",3108831.26666667,3183203.26666666,3128558.49090909,2983444.16969697,2883602.75757576,2825148.22424242,2830936.26060606,2987887.61212121,3265841.85454545,3628834.4,4223739.89090909,4518197.10909091,4875441.12727273,5135696.78181818,5276258.66666667,5443154.72727273,5753842.50303029,6010973.78787878,6270853.35151516,6519621.05454545,6652373.40606061,5986629.26666668,6085964.33333334,6142779.45454546
360,"IDN","Indonesia",1071518.26909091,1123203.33333333,1213746.41575758,1238167.27030303,1240877.67393939,1249586.68484848,1219047.52121212,1244587.49090909,1264732.51515152,1185643.21818182,1091395.5030303,1161131.83636364,1296010.45454545,1413729.00606061,1173484,1096100.13939394,1238083.96969697,1424950.92121212,1578124.83636364,1734886.46060606,1834558.46666666,1774709.58181818,1822785.25454545,2351627.78787879
364,"IRN","Iran",978194.33090909,991078.773333332,1093040.97333333,1143240.49090909,1247878.21818182,1424402.8169697,1559329.46060606,1732857.94545455,1769497.17575758,1783264.42424243,1846865.8,1863004.55757576,1835058.64363636,1747049.30484848,1608271.3630303,1573447.06424243,1477977.40727273,1501917.49333333,1607104.22060606,1698362.46181818,1737125.10909091,1845946.58060606,1991195.38424242,2010827.22727273
368,"IRQ","Iraq",261764.21030303,377635.472121212,387388.616363636,380312.652727273,381444.243636364,425772.970909091,428364.043636364,353614.9,200834.087272727,199981.26969697,221272.919393939,260942.3,375370.487272727,498692.673939394,604501.606666668,710528.274545455,801627.122424242,957666.918787878,966659.407878787,965952.504848484,954842.078787878,820321.995151516,761303.723636364,785315.33090909
372,"IRL","Ireland",105943.015151515,113251.240606061,120809.161212121,116353.772727273,111523.901212121,102510.556363636,97981.4587878787,90348.7709090908,80155.7866666666,72425.8424242423,51775.0993939394,41054.2757575757,26556.9351515152,19676.5812121213,15624.8975757574,12910.5987878787,25375.4422699724,43950.863728191,55093.1229421487,69190.556969697,69116.6042424242,66173.7078787879,66593.7296969697,67138.7036363636
833,"IMN","Isle of Man",-9999,-9999,-9999,-9999,-9999,-9999,-9999,-9999,-9999,-9999,-9999,-9999,-9999,-9999,-9999,-9999,-9999,-9999,-9999,-9999,-9999,-9999,-9999,-9999
376,"ISR","Israel",-9999,-9999,-9999,-9999,-9999,123478.882181818,117255.776060606,113935.624727273,118565.859454545,122391.884424242,107699.762787879,110257.954060606,119457.753151515,128454.320545455,121456.481272727,112048.503818182,111664.834484848,107568.205939394,105453.320909091,105573.891878788,98825.5286060606,90394.8288484849,87924.1244242424,103416.010787879
380,"ITA","Italy",667173.631515152,702766.538181819,726233.726060606,748028.162424243,784794.467272728,781261.992727273,794116.956969697,753192.843030303,704370.304242425,637711.745454545,484922.852661157,441325.921157024,321053.773002755,284960.303030303,315735.744528925,363397.471581267,404342.388224059,388027.309017447,313985.453458218,195680.465179063,123032.910303029,120534.673245179,200275.656363636,277476.646666667
388,"JAM","Jamaica",24530.3873939394,24645.7772121212,24216.2549090909,21470.6504242424,21061.1676363636,19094.6027878788,17704.3223030303,17535.3911515151,16764.7082424242,21693.1466666666,16365.0557575758,13281.1184624426,13070.6096051423,11568.9860451791,13185.4632550964,12350.8872359963,10648.9640220386,9712.92931276402,7381.11781818184,12673.7404848485,14186.8985454546,12919.0580686869,12879.0176859504,13225.9080808081
392,"JPN","Japan",1645099.04848485,1609141.03636363,1494531.62424242,1463947.2969697,1390797.52606061,1365810.25314968,1412723.53939394,1421544.55333333,1511884.39515151,1300225.58660422,1061527.29684481,1082146.98079339,1122227.64650138,1310398.69701745,1432217.53878788,1409807.59454546,1373297.75575758,1319105.96060606,1337757.6569697,1140018.53454545,784470.168484848,430834.725454545,333046.84121212,378947.89212121
832,"JEY","Jersey",-9999,-9999,-9999,-9999,-9999,-9999,-9999,-9999,-9999,-9999,-9999,-9999,-9999,-9999,-9999,-9999,-9999,-9999,-9999,-9999,-9999,-9999,-9999,-9999
400,"JOR","Jordan",41502.7855152157,42056.9898182459,41061.72927263,44587.3146664934,46763.8044846211,54095.3798785281,63070.3916966989,68189.3873330734,72514.5619391665,71034.9644240692,66952.4390908116,58686.2130303029,51888.5440606061,51463.9403636364,46926.0616969697,49526.2641818182,50844.6128484848,48203.5924848485,52638.535939394,40241.2247272727,32206.6601212121,20543.4942424242,13911.6043636364,13982.2030909091
398,"KAZ","Kazakhstan",93809.9573465562,123252.514909091,57838.1854122321,167555.872780165,289459.940363636,375383.042181818,439928.107030303,505251.36169697,531860.291515152,543722.318787878,472286.283636364,498832.836363636,438358.732121212,413166.51030303,417255.96060606,460707.215151515,485494.352121212,512903.614545455,577423.405454546,639576.667272727,566133.858181818,494781.611515152,430497.96060606,369162.386060606
404,"KEN","Kenya",64400.0236363636,60445.7241212121,55182.5242424242,51928.2629090909,54659.4052121212,60071.6374545454,67917.1787878787,68283.8832727273,107818.193939394,126288.874545455,138896.095151515,139998.881818182,142038.296363636,139737.113939394,128807.005454545,120379.897575758,116788.650909091,111508.466666667,113908.345454545,119441.767878788,133771.099393939,136632.437575757,147024.853333333,145539.84
296,"KIR","Kiribati",63.8046848484848,68.8627309090909,61.6039933333333,78.6110418181819,93.8660393939394,108.083813939394,121.221581212121,207.198775757576,259.095415757576,277.08822,255.609617575758,247.773356363636,210.388841818182,169.953303636364,128.797075757576,101.967186060606,72.548593939394,98.3846618181819,130.216776363636,160.158600606061,179.026367272727,194.044370909091,202.890262424242,195.378563636364
689,"XKX","Kosovo",-9999,-9999,-9999,-9999,-9999,-9999,-9999,-9999,-9999,-9999,-9999,-9999,-9999,-9999,-9999,-9999,-9999,-9999,-9999,-9999,-9999,-9999,-9999,-9999
414,"KWT","Kuwait",-9999,-9999,131947.360242424,120879.193333334,125096.171515152,134130.220848485,154666.727636364,160051.840242424,166077.003818182,173519.825575758,179924.263878788,179580.238727273,169768.939636364,184217.380606061,175537.161757576,155583.444969697,155890.292181818,162075.049333333,163447.691515152,170416.852969697,154358.195333333,133186.168606061,123895.442060606,137461.103939394
417,"KGZ","Kyrgyzstan",0,0,0,0,4399.80515151513,9240.62696969696,11275.1312121212,12634.1846060606,20221.0619393939,23606.6617575758,25110.2464242424,24251.7564848485,27822.5408484848,32206.1560606061,33212.8208484849,34290.570969697,35183.5606060606,30268.9159393939,31298.1623030303,35492.9201818182,34093.9999393939,30795.2915757576,31088.6653939394,31870.0299393939
418,"LAO","Laos",8075.56333333333,9558.88515151515,10289.3138181818,11228.892,11897.7348484848,13940.1824848485,14705.9329090909,15832.5424848485,17826.3515151515,18778.7936363636,20841.7093333333,24191.4543636364,24711.3466666667,27325.3292121212,29903.9704848485,31665.0299393939,43384.6376969697,62511.3983030303,80050.1815757574,90593.2993939394,100222.45769697,106105.478909091,113544.442181818,111080.810787879
428,"LVA","Latvia",-9999,-9999,-9999,-9999,-9999,4541.64387878787,6626.55187878787,10379.1196969697,14142.7381818182,15406.8084848485,13960.3115151515,14742.3703030303,12974.1781212121,11366.8788484849,10298.7097575758,8900.07649256199,7839.48772635447,7431.13630303029,8534.56,10385.276969697,10181.8836363636,10361.9221818182,10783.7434545455,9719.12957575757
422,"LBN","Lebanon",52314.3350666668,45710.9735757576,41287.5770909091,36741.8002424242,38988.1935151515,34948.9618787879,32278.1978181818,25234.6712121212,18741.116969697,26369.3725454546,37819.5051515152,39093.327030303,43058.5461212121,49147.1515757576,54531.9345454545,59853.7195151516,62790.5471515152,61431.2502424242,55990.9183030303,54603.0801212121,50464.5036969697,40648.0753939394,35767.8467878788,-9999
426,"LSO","Lesotho",7908.75168484848,9186.53887272726,10343.816230303,10902.0233575758,11566.8019636364,11587.5198787879,12028.7521818182,11399.7772121212,11136.6710909091,9431.21024242425,9457.27442424242,9420.67260606061,8049.36636363636,6239.6636969697,4794.63563636364,4029.65006060606,3933.14515151515,3856.93696969697,4441.89296969697,4538.70054545455,4522.38909237833,4574.88115151515,5047.99909090909,5118.43006060606
430,"LBR","Liberia",-9999,-9999,-9999,-9999,-9999,-9999,-9999,-9999,-9999,-9999,5844.5372,6368.70768484848,6900.09328484848,7514.91539393939,7473.9132121212,8408.86442424242,9195.96254545455,9801.88351515152,9592.57406060606,9511.22587878787,9703.31769696971,9568.94606060606,9573.49660606061,9760.10757575758
434,"LBY","Libya",-9999,-9999,-9999,-9999,-9999,-9999,-9999,-9999,-9999,150867.557878788,147224.662121212,163535.985151515,60180.0784426079,84895.7519438016,80771.403984573,69463.7289895317,64812.4871063361,60936.2166975207,73507.4063853076,82849.7674802571,84235.8645230487,64841.2259966942,97877.3070358127,109268.138424242
438,"LIE","Liechtenstein",-9999,-9999,-9999,-9999,-9999,-9999,-9999,-9999,-9999,-9999,-9999,-9999,-9999,-9999,-9999,-9999,-9999,-9999,-9999,-9999,-9999,-9999,-9999,-9999
440,"LTU","Lithuania",-9999,-9999,-9999,-9999,-9999,13175.6688484849,16835.6970909091,22037.3315151515,31600.3206060606,37707.24,29179.3084848485,24534.9247272727,21209.6766060606,19463.962369146,13513.3421035813,9009.63880404041,8116.62517024795,8599.32084848484,14316.6747878788,18636.368969697,17765.5878181818,17886.2612121212,19522.0991922865,20238.0216363636
442,"LUX","Luxembourg",0,0,0,3446.33576363636,11061.589829899,20347.6644484848,24660.4703818182,27291.3055272727,26521.2384363636,23527.0084909091,18745.9538909091,16338.8452666666,13112.5055151515,10280.9858969697,6789.28030303029,5212.50709696968,4122.15441212122,3436.70823030303,3303.88963636364,4263.20237575758,4800.17870303029,2250.34180606058,3150.23273939394,2144.49324848484
446,"MAC","Macao",3417.74388909091,3562.48550666667,3641.31032484848,3029.86445030303,2687.28942060606,2841.57996,2874.78406424242,2392.20723636364,1544.48516060606,544.64754909091,1781.91038787879,634.075938181819,527.159572121213,0,0,0,1688.29765090909,2748.27331515152,3683.08171151515,4011.87970787879,5807.33084727274,6138.74174424242,6398.76041454545,5983.9877090909
450,"MDG","Madagascar",60181.6905212121,60865.4882424242,53468.3353939394,42539.2357575757,33324.2652121212,21658.7715151515,18858.6406060606,21752.5212121212,24839.6763636364,29080.7020606061,35768.5163636364,43477.2351515152,47112.4357575758,48722.4660606061,47297.7884848485,43489.8272727273,42702.8842424243,46142.776969697,47138.2624242424,44732.6624242424,44019.9030303031,43820.8545454545,42622.9890909091,43536.2575757576
454,"MWI","Malawi",8138.61287757576,8727.28376969698,8665.58254545455,9975.62848484848,11492.3253333333,11713.5491515152,12119.9181212121,12919.7101818182,14090.526969697,15962.9137575757,16887.9558181818,18849.8008484848,19696.676,20806.0311515152,21945.5909090909,23082.8260606061,23799.8452121212,24054.0597575757,25262.6403636364,28514.016969697,32092.0387878788,34390.54,37317.8363636364,37491.8575757576
458,"MYS","Malaysia",426088.530545455,455770.774545454,473261.828121212,491390.144,513701.290060606,546131.533575758,575946.728484848,577388.778181819,625841.535151516,636495.801818181,588151.953333332,590759.506666668,552862.479393939,551703.343636364,536535.163030303,528430.630909091,530479.632727273,495302.14969697,476440.137575757,476980.646666667,460035.628484848,433480.644242425,412691.681212122,445337.534545454
462,"MDV","Maldives",-9999,-9999,-9999,-9999,-9999,2606.47464727273,2471.43518242424,2787.99880181818,2904.9611430303,2981.58959090909,3115.46715151515,3257.43651757576,3339.90302545455,3571.92952969697,3628.01965090909,3813.60810909091,3612.97623878788,3893.62030666667,3987.92798545455,4529.13166060606,5380.64313939394,5727.07212121213,6022.38624242426,6039.31666060606
466,"MLI","Mali",25850.4881575758,29700.3216,38619.5613333333,50176.3976969697,63770.7649696971,82498.9547878787,99633.1888484848,114724.883030303,128856.988,145218.257575758,152805.352242424,161677.6,160029.597575758,155287.438787879,149324.322424243,143395.826666667,138695.376969697,143716.875151515,140751.612121212,142239.213333333,144165.56,155361.802424243,163201.144242424,165732.753939394
470,"MLT","Malta",3602.75341333334,3266.51675030303,3406.85163030303,3185.67323030303,4463.4533030303,4822.8016969697,4349.33955757576,4243.68941212121,4278.4466969697,3760.97734545454,3053.55538787879,2473.09784848485,2263.81242424242,2552.81850909091,2213.88883636364,2200.51017575758,285.926781818184,0,0,0,0,0,0,492.837484848487
584,"MHL","Marshall Islands",178.499684484848,192.762816969697,201.290170363636,213.738089454546,213.543529030303,233.650070666666,233.114874787879,252.541833575757,268.979170969697,286.857286969697,297.291461636364,321.468033757576,332.860660121212,330.865907090909,320.953440545455,320.66878369697,297.515174606061,276.876926909091,265.397571878788,264.633069212121,289.806321212121,308.164419636364,332.234692484849,336.860033090909
478,"MRT","Mauritania",9890.41351636364,10021.2854630303,10698.5051854545,11368.396089697,12039.8469939394,12280.2354739394,12610.4791054545,13026.6992606061,13161.8732,12347.5393333333,13253.5542545455,13540.2704242424,14098.8337575757,15167.6509090909,14630.3813333333,15416.1184848485,16509.8413939394,17759.2798787879,19159.833030303,19981.0366666667,20912.0746060606,21095.2503636364,21526.1495151515,22358.7736969697
480,"MUS","Mauritius",5417.26816363636,6265.72953939394,6797.83728484848,7271.21833939394,7823.50977575758,7706.31255757577,8410.11847878787,9022.34835151516,9334.52324848484,9411.26303030303,8983.63135151516,9796.5021090909,9622.06991515152,9420.34604242423,9322.04699393939,9100.27057575758,8893.71878787878,8999.77029696971,9459.54443636364,9376.00112727271,8943.64609696971,7942.31975151515,7814.87602424242,7898.232
484,"MEX","Mexico",942506.163636364,951244.060606061,902740.163636364,880340.763636364,822965.672727273,784636.624242424,744669.812121211,776565.551515151,920920.460606061,1233716.34545455,1282102.36969697,1276668.00606061,1223889.7030303,1113168.66060606,1018084.28484848,905232.127272727,790488.96969697,745641.599999999,746816.575757575,888833.084848485,979952.739393939,899943.96969697,967397.70909091,1062728.46060606
583,"FSM","Micronesia",498.271420363636,489.406912484848,494.11227890909,443.051853939394,398.890305818182,308.684606666666,246.24458,203.41953030303,200.915887878788,138.837989825479,186.187167549959,91.5290345519467,117.956145454545,142.909606206648,214.015444848485,265.919621818182,297.260629090909,311.992472121212,336.087481818182,326.983393333334,403.608846060606,381.71014,379.637940606061,371.335296363636
498,"MDA","Moldova",-9999,-9999,-9999,-9999,-9999,0,3805.23149605141,8314.81303030303,12030.0215867769,16529.057939394,17011.7885454545,17460.8734545455,18528.3616969697,17340.4231515152,16002.462,16228.5824848485,16352.5152727273,15684.3526060606,14107.9616969697,14857.5775151515,14389.9772121212,14753.5566666667,17555.7774545455,18802.4383030303
492,"MCO","Monaco",-9999,-9999,-9999,-9999,-9999,-9999,-9999,-9999,-9999,-9999,-9999,-9999,-9999,-9999,-9999,-9999,-9999,-9999,-9999,-9999,-9999,-9999,-9999,-9999
496,"MNG","Mongolia",21183.214912764,16455.6823140496,11566.1745454545,7653.80121212119,3986.20787878787,2748.28060606061,9734.57030303029,20962.5315151515,35305.122,49106.7493333333,63428.0406060606,64743.8997575758,69038.9758787878,74362.8307878787,78494.4614545455,81086.9224242423,74915.6543030303,79659.0855757577,97114.0351515152,105995.640606061,118332.190909091,111762.804242424,109962.892727273,110468.084242424
499,"MNE","Montenegro",-9999,-9999,-9999,-9999,-9999,-9999,-9999,5164.94157575758,4403.94904848485,5464.9975030303,874.10267878788,1814.27921212121,1683.3856,1624.9396909091,910.897006060606,153.281018181808,0,0,287.683296969708,3136.88066666667,2138.45171515151,2748.72823636364,3599.52921818182,4063.19972727273
504,"MAR","Morocco",81190.1511168484,85942.2775103029,95973.9557212122,100355.787747879,98698.185709091,113285.949575758,122687.820036364,131330.977660606,137213.656606061,142208.782424243,138493.280848485,140916.135878788,147539.767272727,153464.488848485,146817.156848485,142742.032969697,144387.155393939,139266.101333333,144508.352727273,149792.799151515,159785.763757576,144882.170909091,159356.456363636,158929.163030303
508,"MOZ","Mozambique",25925.6121212121,24632.2266666666,29590.4666666667,35786.746060606,41367.38,44562.0296969697,51642.763030303,52343.7054545455,53704.3557575757,54849.9848484849,46420.2248484848,43428.4933333333,50117.4345454545,60143.2315151515,70587.9115151516,87281.4963636364,89927.8751515152,90359.4624242426,95863.0939393939,105196.127272727,93227.1151515152,77247.8569696971,69688.8387878788,70618.5448484849
104,"MMR","Myanmar",69639.0859393939,72986.940121212,71444.3586666668,70808.6580606061,73279.0721212122,76938.8266666668,81377.107878788,89066.1787878787,90940.5787878787,84639.3684848484,83490.4387878787,87926.689090909,88163.1357575758,79795.6872727272,77291.876969697,81264.0533333333,93512.0230303029,110404.563030303,127087.612727273,134467.556969697,141740.596969697,145736.264848485,150089.147272727,142539.509090909
516,"NAM","Namibia",9715.71751515151,11508.8378787879,13417.6432727273,14151.5857575758,15098.7476969697,15307.1326666667,14708.6244848485,14548.802,13757.8480606061,12750.0850909091,12013.8265454545,11032.0280606061,13037.2460606061,15167.9394545455,14432.9375757576,16539.6915757576,17314.4617575757,20422.3620606061,21170.662,20896.7557575757,19176.8369090909,17403.8433939394,17450.6642424242,18747.3933939394
520,"NRU","Nauru",-9999,-9999,-9999,-9999,-9999,-9999,-9999,-9999,-9999,-9999,-9999,-9999,-9999,-9999,87.8004159393939,119.827456181818,145.246908545455,118.482784969697,98.4104760606061,83.2427548484849,81.3199386060606,83.4019609696971,78.8857164848485,74.5217368484848
524,"NPL","Nepal",50055.3787878788,50286.3296969697,50041.9503030303,46193.6690909091,44352.9539393939,41323.56,41715.7939393939,40704.1648484848,40576.7472727273,43236.3145454545,49002.7503030303,54210.7903030303,59899.4884848485,62778.4836363636,67620.9242424242,72857.5424242426,71482.9854545455,78244.0575757574,84054.0515151516,88265.0939393939,93124.8121212122,92465.2230303029,92214.6733333335,89547.6381818184
528,"NLD","Netherlands",233737.526666667,198356.696363636,180803.145454545,161250.263636364,152453.013333333,153163.980606061,140522.847272727,145966.468484848,149214.324848485,162659.909090909,145206.295757576,167590.741212121,145596.862424243,128138.248484848,126118.458787879,112482.240606061,127652.303636364,134218.696969697,134813.175151515,130792.467272727,114334.089090909,90009.1375757577,79312.5127272726,52068.5345454545
540,"NCL","New Caledonia",-9999,-9999,-9999,-9999,-9999,-9999,-9999,-9999,-9999,-9999,-9999,-9999,-9999,-9999,-9999,-9999,-9999,-9999,-9999,-9999,-9999,-9999,-9999,-9999
554,"NZL","New Zealand",102342.736363636,105375.207878788,112962.684242424,114887.320606061,118986.857575757,117818.512121212,119010.590909091,117653.661818182,112507.98,102282.305454545,86413.2163636364,76930.1115151514,71047.2806060606,70194.6587878788,69541.1054545454,71720.070909091,76551.1672727272,77321.0854545454,82007.6660606061,85073.7921212122,86606.2436363637,80517.4236363636,74842.5781818181,71588.0533333334
558,"NIC","Nicaragua",15788.0807393939,18743.6654787879,18812.584339394,19518.5051757576,21157.8657575757,21346.6286666667,20438.1866666667,19830.2855151515,20539.2215151515,21259.3606666667,23528.5303030303,27055.398,31426.0013333333,33595.7252727273,35369.854060606,36997.3699393939,38117.028969697,38166.7496363636,35849.5661212121,34322.6863030303,33583.2475757576,30721.8975757576,31359.5346666667,33442.0986666667
562,"NER","Niger",43512.3839272726,43623.512509091,42509.9123636364,40707.4602424243,39148.2789090909,37179.3135757576,34399.2084848485,31969.814,31013.5986060606,31752.8461212121,34690.1443636364,35677.8276969697,37589.6656969697,42772.6802424243,48688.8057575758,54582.8840606061,58017.7609696971,61097.0772121213,63091.0976969697,66672.178909091,69806.4363636364,71223.9953939394,72290.2021818181,71463.8545454545
566,"NGA","Nigeria",360162.426060606,345889.952121212,370336.633939394,350932.485454545,394139.09030303,423652.895151515,488636.148484849,543244.898181818,584565.426666668,594848.951515152,536310.591515151,553939.092121212,554999.598787879,534748.046060606,550940.48,594819.003636364,660249.495757574,635640.745454545,648494.969696971,685022.872727274,680421,664369.593939394,647814.624242424,656650.557575758
570,"NIU","Niue",-9999,-9999,-9999,-9999,-9999,-9999,-9999,-9999,-9999,-9999,-9999,-9999,-9999,-9999,-9999,-9999,-9999,-9999,-9999,-9999,-9999,-9999,-9999,-9999
408,"PRK","North Korea",-9999,-9999,-9999,-9999,-9999,-9999,-9999,-9999,-9999,-9999,-9999,-9999,-9999,-9999,-9999,-9999,-9999,-9999,-9999,-9999,-9999,-9999,-9999,-9999
807,"MKD","North Macedonia",13714.5603030303,16023.7150909091,15649.1655757576,14958.1717575757,13112.8987272727,11627.2577575758,10875.068,7491.17909090907,7663.68781818181,10568.0218181818,9590.78218181819,10827.4640606061,13780.1067878788,14199.9844848485,11920.5401818182,9705.58224242424,7713.86775757575,4975.06533333332,6370.55569696968,5992.48503030303,7396.08951515152,4755.80945454545,6881.83315151516,9853.38090909091
578,"NOR","Norway",75829.5951515152,78578.0872727273,79961.6587878788,71718.5896969697,67328.5412121212,65006.3357575757,58579.5903030303,57555.1327272728,60449.4854545454,57417.9248484848,51560.2635720845,53199.7199908173,52070.1731933884,48513.1744848485,47796.2004242424,49211.6521212121,50216.5376363636,48755.5120606061,49687.8467878788,50372.7413333333,42658.2696969697,37571.1230909091,33625.6118787879,26612.0527878788
512,"OMN","Oman",48809.594,47215.378,58012.8993333333,74671.8701818181,105649.301818182,120332.345939394,137207.580606061,160565.187575757,179456.272,178259.515757576,168665.278606061,167037.019515152,174767.272909091,191612.188909091,218460.131878788,223308.916424243,227194.421212121,232580.228121212,234144.771333334,230794.578787879,212783.161272727,185167.469393939,175462.072363636,180835.904666667
586,"PAK","Pakistan",500801.557575758,519413.266666667,510753.745454545,524336.509090909,543658.678787878,584765.775757576,614979.618181818,674065.769696971,726133.654545455,750842.351515152,768012.454545455,744895.466666668,714926.545454545,669428.175757576,630974.860606061,611705.872727273,627622.878787879,731656.496969697,882389.539393939,1003493.60606061,1087533.32727273,1174122.81212121,1282232.79393939,1221335.40606061
585,"PLW","Palau",-9999,-9999,-9999,-9999,-9999,-9999,-9999,-9999,-9999,-9999,975.954842424242,837.795757575758,753.347218181819,645.789618181818,413.2794,353.377163856749,313.784332966023,311.369452231405,414.513472727273,418.676975757576,505.765509090909,559.313115151515,652.912193939394,-9999
591,"PAN","Panama",18595.7286060606,16147.5977575757,18319.4557575758,18093.848969697,18554.3490909091,17126.7496969697,15550.4810909091,17041.4445454545,18523.2996363636,20609.4586666667,25103.978969697,28660.1513333333,35926.9470909091,38770.9043030303,39390.1251515152,38725.8539393939,38439.6826666666,36192.4807878788,32706.7713939394,27344.6323636364,26439.6719393939,20161.7435151515,21993.3128484848,23251.3478181818
598,"PNG","Papua New Guinea",21199.4142424243,24569.1613939394,25367.0402424242,24870.0709090909,23729.4086666667,22005.5243636364,16625.272969697,10222.1824848485,7543.21630303029,12924.5223636364,7809.6403030303,4373.84012121213,2886.62957575758,2150.41042424242,3010.87836363636,8082.06236363636,13606.434969697,17068.1326666667,22122.5986666667,24250.1227878788,26896.7972121212,29186.9815151515,30872.9102424243,27655.8092727273
600,"PRY","Paraguay",42644.3463757576,33563.1366060606,31609.5557575757,28823.5892121212,37722.4276363636,42356.8558787879,54887.283030303,63048.6642424242,76481.4872727274,80810.2569696971,89194.4,94499.9157575758,100054.637575757,101782.806666667,94013.0345454545,80340.7212121213,60010.1393939395,41571.6757575758,29233.6303030303,9749.92303030303,1153.42484848484,547.516363636438,9128.41454545451,18299.4218181818
604,"PER","Peru",108282.730269091,110610.592363636,100839.136993939,92544.1643636364,86614.4529696969,87970.0313939394,97014.2486060606,89210.2164848485,104926.058909091,113389.394424242,135621.6,160027.311515152,169078.44,174279.616363636,166420.307272727,175828.664242424,175874.651515152,173232.499393939,171242.938787879,164201.821818182,164989.943636364,145444.272727273,151934.213939394,163115.435151515
608,"PHL","Philippines",280086.855151515,286878.26060606,276028.152121212,261942.790909091,241841.059393939,236246.104242424,229478.998181818,208700.227272727,219674.673939394,224271.145454545,231357.083030303,255420.825454545,267408.109090909,285732.723030303,312406.866666667,342127.539393939,379587.696363636,411338.545454546,461962.081818182,496825.141212121,521934.896969697,480456.937575757,466605.607878788,463801.503030303
616,"POL","Poland",254895.188484848,212166.475151515,188404.807878787,138363.841818181,155981.285454545,181342.679393939,219972.941818181,336063.419393939,430876.207878788,465381.762424243,440465.950909091,458009.68,450691.237575757,398372.082424242,364193.94060606,312930.698787879,286237.376363636,318686.797575757,382641.612727273,420893.418181818,368334.115151515,331543.326060606,394344.029700643,381392.84077135
620,"PRT","Portugal",142018.88,147661.118787879,148735.489090909,161649.797575758,147300.98969697,141783.714545455,139984.173333333,113911.923636364,87949.8612121212,63886.7878787878,48986.269090909,28286.4587878787,11625.8793939394,4576.24303030291,12534.2897777778,35541.8498181819,59077.6156694215,61841.1578181818,68639.8642828283,65461.5617520661,63130.0768191001,51236.3372047751,37325.173594123,30196.9078787878
634,"QAT","Qatar",-9999,-9999,-9999,-9999,-9999,-9999,-9999,-9999,-9999,-9999,299433.711757576,340282.676460606,399676.194787879,447041.684969697,474044.262060606,531085.363818181,531992.138606061,512642.322303029,479690.566424243,439803.855515152,399797.260545455,260728.576,200812.749151515,204341.507151515
178,"COG","Republic of Congo",45699.9942569697,51049.1966666668,50471.5148969697,33318.1366666667,27907.8901212121,21669.0026060606,24548.1384242424,30016.663030303,26064.8683030303,26529.0890909091,32141.1175151515,42907.5661818182,47310.7247878788,39392.2718181818,32542.5955757576,25785.0433939394,24790.4118181818,27328.0447878788,28158.7372121212,33723.1080606061,38725.921030303,46806.0996969697,44771.3443030303,45267.6361212121
642,"ROU","Romania",28011.834031221,0,0,0,0,6674.51272727287,38622.8981818184,90114.5155004594,152460.425814509,179758.682424242,129026.764650138,84718.1496051422,60882.7084848484,40390.2018181819,8695.3284848484,0,0,0,28865.5236363636,69383.6460606061,70943.3327272726,62844.6448484848,83814.8963636364,88139.723030303
643,"RUS","Russia",1722250.68286501,1219907.75680441,1291937.09256198,1284683.94214876,1554821.91746556,1805779.19393939,2038691.47878788,2417748.52121212,2507759.63636364,2585292.41212121,2287059.87272727,2331064.54545455,2468619.58787879,2507534.1030303,2371549.76969697,2262625.64242424,2158468.9030303,2128920.3939394,2248038.12121212,2492083.68484848,2403040.27878788,2202072.83636364,2431907.20606061,2277057.8
646,"RWA","Rwanda",3996.00682644628,4411.23466666667,5726.07303030303,7026.08036363636,8515.33284848484,9687.48503030303,9842.31236363636,9576.15496969697,10437.420969697,11131.3798787879,12365.3533333333,13012.1315757576,12403.7375757576,12071.4585454545,12153.31,12344.4808484848,13462.0006666667,13061.1246060606,13538.9681212121,16986.8673939394,19000.8007878788,20047.3264242424,20649.2378787879,20589.0580606061
652,"BLM","Saint Barthelemy",-9999,-9999,-9999,-9999,-9999,-9999,-9999,-9999,-9999,-9999,-9999,-9999,-9999,-9999,-9999,-9999,-9999,-9999,-9999,-9999,-9999,-9999,-9999,-9999
659,"KNA","Saint Kitts and Nevis",414.608273939394,463.420826060606,484.31948060606,528.613150909091,533.677978787879,563.201344848484,516.593650909091,475.381518181818,473.403978787879,446.81848969697,435.083792727273,413.72401030303,414.969793333333,368.61670969697,345.330016969697,358.147714545455,343.627886060606,328.718153939394,328.697556363636,345.862336363636,377.753192727273,333.373393939394,331.422969090909,297.468027878788
662,"LCA","Saint Lucia",1024.51064606061,1022.25536727273,1005.30120242424,771.012043636364,935.954406666665,1037.02759757576,1089.66420969697,1250.82194363636,1093.36734242424,991.171420606061,1025.8662830303,1146.76258909091,1097.83537939394,965.382732121213,894.189433939394,1045.79528606061,1095.23422181818,1197.96646181818,1189.80362909091,1244.63006545455,1317.34015151515,1304.62282424243,1258.68362424243,1215.35954545455
670,"VCT","Saint Vincent and the Grenadines",562.159718181819,638.046453333332,744.837255757577,776.885289696971,794.422145454545,825.408673939394,801.731195757577,730.295534545455,726.36872,533.173268484848,749.819798787878,563.196123030303,450.969944848485,498.617584848485,364.615748484849,473.95814060606,342.975609090909,371.173122424242,436.190913939394,389.088142424243,556.578164848485,502.748381212121,421.120521212121,438.716517575757
882,"WSM","Samoa",499.43608,621.058244848484,734.732150303029,834.581643636364,887.258574545455,869.916372121213,881.040728484848,874.964072727274,839.546613333332,760.71289090909,715.208551515152,712.221824242426,757.222272727274,783.067557575758,798.660218181819,801.613163636364,884.632472727274,875.856218181819,864.511981818181,853.286751515152,732.955860606061,732.944581818182,744.747230303031,751.413042424242
674,"SMR","San Marino",-9999,-9999,-9999,-9999,-9999,-9999,-9999,371.439729090909,348.179346666667,315.54347030303,240.016142280992,224.275327438017,203.394476859504,178.177001799816,161.989089884298,169.050258424242,184.064552198347,174.892534247934,154.093579878788,132.863651041322,87.0501088595041,54.7035607015608,74.25234,-9999
678,"STP","Sao Tome and Principe",-9999,-9999,-9999,-9999,-9999,-9999,-9999,-9999,-9999,-9999,-9999,320.670406060606,337.85496060606,377.40730060606,407.588109090909,429.211056969697,437.332087878788,470.059642424243,498.382618181818,516.330066060606,518.302732121212,474.646284848485,466.07219030303,418.478773333333
682,"SAU","Saudi Arabia",7470.91939393937,29571.6618181808,169340.788484848,405140.015757576,676065.366060606,983865.80909091,1091007.46363636,1250547.38909091,1171213.16848485,1168505.27575757,1133442.20060606,1234201.53454545,1155996.09151515,1200500.37333333,1156745.80848485,1348919.84484848,1579366.25272727,1574551.14666667,1526512.80242424,1426908.62181818,1251115.52181818,1121611.43393939,971269.518181818,939789.806060606
686,"SEN","Senegal",24514.1079272727,26938.0601212121,27242.8823030303,25996.4312727273,24605.9763636364,27375.2024242424,28906.5993939394,28988.6157575758,27799.1266666667,26855.8678787879,27084.9242424242,36089.4909090909,42013.3054545455,41825.9036363636,42145.4278787879,44373.1054545455,47408.9587878788,50208.0981818182,48291.0193939394,47724.8139393939,47938.4915151515,51437.24,56425.7406060606,56376.1933333334
688,"SRB","Serbia",-9999,-9999,-9999,-9999,-9999,116808.131515152,92242.8406060606,111415.747272727,120305.210909091,124781.956969697,77863.7763636365,48863.2242424243,39392.8321212122,14828.0424242423,8107.7957575758,24234.9454545455,46915.3757575758,81306.2357575758,105503.686060606,124830.928484848,130808.101818182,128408.244848485,124283.03030303,108383.273333333
690,"SYC","Seychelles",1630.93785939394,1981.81730424242,2319.74066787879,2187.43239272727,2071.7423030303,2347.45283333333,2114.56292424242,1941.49373515152,1510.67807151515,1369.77904727273,807.519598181818,322.438915757576,0,0,0,0,0,324.529841818181,746.019961212122,1108.29317090909,1304.59258181818,1356.18060242424,1200.8702,1013.96200909091
694,"SLE","Sierra Leone",4004.30650137741,4218.35216565657,4362.6686134068,5788.72181818182,8959.03836363635,12250.2640606061,14906.9243636364,19204.3755151515,20049.6616969697,19989.8851515152,19794.8216363636,18796.6520606061,18595.823030303,19792.1672727273,20105.6456969697,20994.861030303,19824.7198787879,21072.1472121212,20676.1946060606,21482.2315757576,18666.0201818182,16650.787030303,15212.0021212121,16600.3214545455
702,"SGP","Singapore",86248.2825212122,95749.7597575758,98535.9393212122,93259.2967878787,91527.3184969697,86042.2181333332,47589.6544969697,37617.9286787878,40381.8184848485,53687.2186181818,126631.755587879,102694.164218182,61820.3864484848,83270.7465575758,96223.6433212122,94437.2087878787,108002.001115152,79403.7640848485,64026.4870303031,59201.6156242424,92678.2226545455,86391.792121212,51163.8303850872,40322.7186666667
534,"SXM","Sint Maarten",-9999,-9999,-9999,-9999,-9999,-9999,-9999,-9999,-9999,-9999,-9999,-9999,-9999,-9999,-9999,-9999,-9999,-9999,-9999,-9999,-9999,-9999,-9999,-9999
703,"SVK","Slovakia",-9999,-9999,30242.3036969697,35182.3536363636,38361.0298787879,40317.2471515152,42887.9273939394,45592.7258181819,44589.1545454546,46644.5918787879,35831.6270909091,29894.6407878788,26241.6255151515,17046.87,12237.9592727274,6792.5615151516,8581.39309090904,13700.8936969697,21044.6925454545,30057.2077575758,27729.2581818182,23872.4151515151,34295.3556363637,33941.3097575757
705,"SVN","Slovenia",-9999,-9999,-9999,-9999,-9999,23776.3851515151,24094.5038181818,25272.3738787879,27019.3538787879,29472.7843636364,23738.9725454545,20405.7697575758,18824.104907989,16513.9247254362,13342.6025168044,9152.39234343434,7707.9896312213,8749.25645289254,5722.03794343434,9361.9970909091,9269.58818181816,8116.1752121212,9573.01436363636,10818.5884242424
90,"SLB","Solomon Islands",641.84563030303,487.315666703398,434.182513241505,399.410774104683,438.537779504132,542.252917024793,665.829454545454,830.807939393939,1000.15507878788,1161.73580606061,1275.7269030303,1354.51733333333,1428.20027272727,1461.08445454545,1530.48020606061,1440.72055151515,1276.12707878788,1148.55922424242,1048.07435757576,1002.49611515151,1012.37135757576,1033.13127272727,1118.17983636364,1191.58401818182
706,"SOM","Somalia",-9999,-9999,-9999,-9999,-9999,-9999,-9999,-9999,-9999,-9999,-9999,-9999,-9999,-9999,-9999,-9999,-9999,-9999,-9999,-9999,-9999,-9999,-9999,48777.3072727273
710,"ZAF","South Africa",700039.28969697,773179.221818181,800166.706666668,792140.375757574,812420.266666668,848350.035757577,846180.073939394,847587.807272726,912545.082424242,906245.188484848,833375.74,809468.842424242,795822.966060606,721242.33090909,696721.194545455,757991.843636364,691870.282424243,635560.972121213,620179.198181818,626698.556363637,608337.975151515,548219.792396694,535417.564224059,450959.708484848
410,"KOR","South Korea",1071255.55272727,1048536.76242424,994319.125454545,971256.433939394,946791.86909091,924126.97878788,906961.116969697,926886.683030303,1003451.80969697,939973.56909091,889670.339393939,1001247.20909091,1100121.94363636,1164626.97515152,1214766.4969697,1206909.06060606,1166396.71090909,1093606.65030303,1048157.50545455,1007618.01757576,847959.321212121,672371.34969697,640687.064191001,572420.01939394
728,"SSD","South Sudan",-9999,-9999,-9999,-9999,-9999,-9999,-9999,-9999,-9999,-9999,-9999,-9999,-9999,-9999,-9999,-9999,-9999,-9999,-9999,-9999,-9999,69853.9533333333,75245.1587878788,72311.3133333334
724,"ESP","Spain",590651.613333333,649103.332121212,668544.318787878,725181.750303029,728495.257575758,757071.901818181,800133.401818184,759178.971515152,738985.43090909,606048.756363636,432618.953333333,300729.304606061,183332.218927456,89828.415151516,35268.5413333324,125500.215379246,231036.004,165800.865880624,201781.424407713,217669.094842975,196404.191515151,107270.668484848,124562.690909091,160448.094545455
144,"LKA","Sri Lanka",35117.9513575758,38752.434230303,38342.0754545454,40668.0510909091,40964.9630909091,43221.3327878788,44918.3301212121,44537.1438787879,43683.4181818182,42802.7406060606,42084.3136969697,43757.3887272727,48351.3852121212,53295.5054545454,51293.0435151515,56915.9109090909,66633.5632121213,75625.3341818181,75512.0061818181,74741.0304242423,76384.9551515152,74337.649090909,69663.6732121213,57151.747030303
275,"PSE","State of Palestine",-9999,-9999,-9999,-9999,-9999,-9999,-9999,-9999,-9999,-9999,-9999,-9999,-9999,-9999,-9999,-9999,-9999,-9999,-9999,-9999,-9999,-9999,-9999,-9999
729,"SDN","Sudan",162418.051781818,166412.892242424,164057.755272727,166741.542909091,170084.904848485,177645.086060606,179615.217575757,177214.643636364,179032.685454545,174612.478181818,170272.741212121,162878.628484848,146266.154545455,144311.133333333,147126.195757576,149253.446666667,159848.690909091,163522.719393939,172447.385454545,179746.536363636,182248.024242424,179554.357575757,170298.419393939,168035.04969697
740,"SUR","Suriname",3970.87562424242,3234.40267272727,3497.2503939394,1310.83377575758,437.877151515154,0,0,45.2748363636329,394.745127272726,1630.73315151515,2952.07657726354,5190.8403030303,6819.56922424242,7910.51420606061,8534.44635151516,8950.57067878787,8381.93747878787,6894.58957575758,5969.00859393939,5909.35141818181,5678.96156363636,4601.15551515151,4977.57946666667,5521.68111515151
752,"SWE","Sweden",72589.1696969697,62891.8169696969,57654.4199999999,53649,50712.9206060606,50776.1593939395,44753.2012121213,50208.3927272727,47970.090909091,43981.0745454545,29029.8175757577,35103.5642424242,26800.3448484848,19853.4218181816,16625.82,14405.7296969697,11497.7733333332,13563.3733333332,15395.8,16385.4218181819,11647.7139393939,11115.6975757574,17919.710909091,22755.9278787878
756,"CHE","Switzerland",49206.9096969697,48023.2248484848,55232.38543618,56971.6060606061,58860.9575757576,59051.8278787879,61199.1563636364,62342.510909091,56156.9987878788,57945.0060606061,53964.4236363636,54430.2509090909,45480.3993939394,42343.926060606,42573.4648484848,33343.9812121212,30169.5030303031,30274.6678787879,26299.0345454546,23848.2357575757,22107.6818181818,19220.6903030303,18827.083030303,20292.8636363636
760,"SYR","Syria",-9999,-9999,-9999,-9999,-9999,-9999,-9999,-9999,-9999,-9999,-9999,-9999,-9999,-9999,-9999,-9999,-9999,-9999,-9999,-9999,-9999,-9999,-9999,-9999
158,"TWN","Taiwan",515077.503030303,549254.426060606,560351.513333332,572943.597575758,591901.467878787,603212.218787878,600409.285454545,591675.06909091,574669.726666667,499197.595151515,391424.806060606,366520.572727273,341283.173939394,300889.583636364,286773.537245179,287573.972727272,288718.106060606,316910.275757576,363176.712121212,367921.973939394,309584.875757576,281734.337575758,311329.89030303,294727.655438016
762,"TJK","Tajikistan",1164.47788686872,0,0,0,1467.43385344352,12371.2630964187,15942.2773939394,19316.9004242424,21118.2672121212,16434.7635151515,13274.8517575758,10077.1176969697,5312.15084848487,3824.88454545455,18.8448484848668,3462.18084848487,6615.23218181819,12863.6914545455,21585.3181212121,23960.5331515152,26661.5023636364,27096.1534545455,26211.0466666667,24760.2013939394
834,"TZA","Tanzania",82695.3969696968,80499.3703030303,82576.9218181819,92836.7060606061,106728.206060606,109663.545454545,125352.21030303,122178.403030303,122170.367272727,126716.396969697,127461.458181818,129278.630909091,130209.720606061,137066.758181818,152085.509090909,157273.492121212,171051.62,170330.078181818,163283.491515152,156548.585454545,151037.627878788,149239.625454545,148516.090909091,152045.926666667
764,"THA","Thailand",556507.525454545,527537.504848485,505285.843636364,490118.693939394,493535.131515151,523224.394545455,553057.030303031,590300.67939394,646734.734545455,638342.461212122,613126.575151515,598542.035757576,555529.430303031,548008.350909091,512690.50969697,491072.167878788,462166.330909091,468202.186060606,485438.609090909,500053.139393939,494450.601212121,469001.661212122,434217.708484849,428430.706060606
626,"TLS","Timor-Leste",-9999,-9999,-9999,-9999,-9999,-9999,-9999,-9999,-9999,-9999,15830.9192848485,15419.3441575758,14527.5051151515,13653.5554060606,11700.6382181818,7470.08800606061,4017.93032727273,1370.55226666667,0,0,0,0,0,0
768,"TGO","Togo",10961.6758787879,11291.8115878788,12379.7407272727,13405.407030303,14905.9512727273,15628.5395151515,14776.56,13605.1778181818,13401.5916363636,12587.1001212121,17226.456,19610.0010909091,19720.6783030303,22565.6284848485,22757.8624242424,25803.5654545455,27929.2006060606,37240.1345454546,49889.4115151516,65257.2012121213,73386.469090909,84430.9581818181,89149.489090909,88873.6351515152
776,"TON","Tonga",360.175951515152,344.455012121212,298.623715151515,241.693703030303,205.664696969697,127.699484848485,55.6048787878787,0,0,0,0,10.0717878787881,4.13845454545481,39.4563030303032,103.723690909091,135.983866666667,170.476642424243,215.239921212121,292.634084848485,353.867163636364,446.146345454545,489.404472727273,499.882121212121,-9999
780,"TTO","Trinidad and Tobago",60357.2483757574,66248.4073333332,77184.0776363636,87290.5654545455,100062.866484848,112995.610606061,138982.012606061,158717.738787879,166116.642727273,162282.017757576,160445.295090909,155381.285090909,137851.819515152,115656.550242424,93062.6383636364,70762.5334545455,58113.6989090909,42847.5064848485,36287.9052121212,27853.5886666666,25362.7484418731,20521.5691250688,32120.4113090909,39603.316860606
788,"TUN","Tunisia",55712.9426424243,59891.5584242425,66417.8529696971,67802.201878788,69990.1296363636,70848.4701818181,68863.1271515152,68502.6299393939,67760.4144242424,69965.2682424242,69900.7229090908,76328.2018181819,72897.6625454545,74793.6063030303,70214.5593939394,68847.1096969697,68078.6424242424,62599.196969697,57987.6606060606,44700.6448484848,34779.8636363636,23594.9738842975,28502.596969697,32025.1557575757
792,"TUR","Turkiye",491356.495757576,529066.54,479425.312727273,457368.487272727,476512.129696969,470549.183030303,511563.000606061,585571.509090909,712157.993939394,768029.338181819,799137.017575758,832675.285454545,870048.567878787,881494.120606061,837184.746666668,819424.346666668,817898.087272726,855628.936969697,950570.064242423,957452.052121213,898108.004848484,858546.841212122,921220.951515152,911531.860606061
795,"TKM","Turkmenistan",46780.430114483,56713.5908481175,82546.9340121212,117436.420133333,169065.94569697,189769.266787879,204440.416909091,214501.470606061,206546.411939394,198274.655515152,142626.335757576,133259.906181818,141527.213818182,145778.535212121,171934.455636364,185238.086484848,199258.005272727,198028.303818182,198721.361090909,217020.377515152,187384.34230303,205382.809090909,-9999,-9999
796,"TCA","Turks and Caicos Islands",-9999,-9999,-9999,-9999,-9999,-9999,-9999,-9999,-9999,-9999,-9999,-9999,-9999,-9999,-9999,-9999,-9999,-9999,-9999,-9999,-9999,422.028736969697,382.573934545455,345.871501818182
798,"TUV","Tuvalu",18.6970078787879,17.745243030303,18.0028212121212,28.0682884848485,32.5104266666667,35.8628,37.7998545454546,29.0771733333333,33.4554278787879,32.9359733333333,31.3794290909091,19.0587648484848,12.2889415160538,19.5183952648582,21.999976969697,25.9516327272727,29.8155212121212,26.8330490909091,29.3687557575758,32.9429642424243,38.3713842424243,35.7363539393939,32.1166352727273,33.1488666666666
800,"UGA","Uganda",36876.4206060606,37740.9896969697,38611.7648484849,40206.9224242424,44957.42,45604.333939394,50457.8666666667,48205.433939394,53677.5290909091,72077.0454545455,80113.2957575758,89475.6563636364,92866.029090909,96126.2860606061,96146.9272727274,94348.2515151516,93575.1612121213,84853.3454545455,77629.6836363636,79283.4054545455,78670.1836363636,80277.5872727271,82108.6745454545,85620.7533333332
804,"UKR","Ukraine",459349.4,274738.260532599,145678.949223139,0,0,93148.1684848484,222158.604242424,349948.717575758,460956.688359964,509388.780606061,386823.267970615,356028.637910009,374663.084429752,330118.237399449,300146.886780533,266360.02594674,251177.581810835,317257.228723599,303016.696896235,323437.081505969,286458.289013774,241398.35493113,242636.36892562,162573.332157943
784,"ARE","United Arab Emirates",252486.932727273,329692.48969697,357121.230909091,338840.907272727,403509.606060606,458709.513939394,504571.772727274,518540.121818181,518500.890303029,537679.28909091,511662.331515152,475295.431515152,452338.884242424,470240.813515152,466992.167636364,445569.875393939,495502.107575757,476392.575939394,370311.69230303,312056.422545455,278171.154,188654.986242424,152165.622242424,202236.051939394
826,"GBR","United Kingdom",487146.772121213,474636.063030303,514895.733939394,489284.410909091,496270.118181819,488083.446666667,472398.43878788,505031.503636364,498239.511515152,472861.414545455,301921,264084.795757574,139203.412121213,113365.452727271,87254.9127272712,12513.9866666676,0,0,0,0,0,0,0,0
840,"USA","United States of America",9757508.72727273,10217515.3939394,9760091.51515152,9457645.6969697,9185228.72727273,9128519.09090909,8873264.78787879,8578202.42424242,8575915.15151515,7892445.6969697,6412319.70909091,6165277.21212121,5339332.96969697,4270523.81818182,4161016.18181818,4434947.93939394,4469407.81818182,4377890,4877159.45454546,5786797.3939394,5510282.00000001,4335657.75757576,4638125.51515152,4518290.84848485
858,"URY","Uruguay",46951.8015757576,38278.3912727273,31884.9056969697,29477.9845112948,30162.1897685951,32583.6317406795,32996.051385124,39389.5038787879,40588.670060606,48254.0539393939,54704.9561212121,51072.3313939394,51481.3113939394,51406.1361212121,46068.1193939394,43249.5327272727,40189.32,39794.0133333334,34941.7975757576,32408.3309090909,31527.3648484848,24873.5921212121,24554.7151515152,29755.1109090909
860,"UZB","Uzbekistan",304283.491818182,331405.635151515,370348.258727273,424099.591757576,407466.955575758,378577.120484849,355444.646060606,342378.033575757,289753.114363636,292929.218787879,191594.841454545,135116.358787879,108375.383636364,125221.177454545,92004.559878788,74725.2446060606,56775.1563636362,64437.1315151513,87939.7515151516,165513.354545455,184740.456363636,196200.507878788,213805.16969697,249920.754545455
548,"VUT","Vanuatu",861.198715151516,756.394927272728,628.075175757576,525.750666666667,506.209736565657,396.192660606061,356.2146,345.337739393939,398.738515151515,534.365039559228,346.644181818182,597.292593939394,725.932448484848,790.825690909091,772.700266666666,888.077175757574,942.399933333332,758.968684848484,679.550636363636,661.133654545455,378.302993939394,293.110187878788,296.582078787879,337.193721212121
862,"VEN","Venezuela",525365.024242425,505065.375757576,549612.465454545,571177.973333332,567183.566666668,447842.478787879,405994.286060606,317116.431515152,230516.647878788,268865.669090909,283484.796969697,273375.229090909,252450.382424243,350092.015757576,377129.176969697,351302.564242424,295317.485454545,236894.6744573,181383.640077135,147862.810247934,133777.508859504,149470.045550046,161029.831269054,176049.2
704,"VNM","Viet Nam",343729.424848485,376236.780606061,401134.933333334,430605.447272727,458364.880606061,506659.316363636,529695.103636364,541562.56,547775.971515152,568062.116969697,600475.280606061,633350.031515152,646407.012121213,608737.070303029,589993.961818181,616205.735757577,691700.387878787,714718.512121213,707110.409696971,795598.457575758,953742.255151516,1025178.17454545,1038416.12727273,976847.990303029
876,"WLF","Wallis and Futuna Islands",-9999,-9999,-9999,-9999,-9999,-9999,-9999,-9999,-9999,-9999,-9999,-9999,-9999,-9999,-9999,-9999,-9999,-9999,-9999,-9999,-9999,-9999,-9999,-9999
732,"ESH","Western Sahara",-9999,-9999,-9999,-9999,-9999,-9999,-9999,-9999,-9999,-9999,-9999,-9999,-9999,-9999,-9999,-9999,-9999,-9999,-9999,-9999,-9999,-9999,-9999,-9999
887,"YEM","Yemen",54195.1515151515,63486.8793939394,70800.3921212122,72524.8187878787,75200.7575757577,77684.7096969697,78532.8006060606,80234.6721212122,77334.2866666668,74157.0381818181,77639.6666666668,72847.7812121213,73228.5606060606,73408.3866666668,100514.038181818,110025.527272727,71905.0448484848,43782.9993939394,29484.898949495,33677.0132966024,34765.987107438,34092.3396437098,30371.9945785124,31672.7187364555
894,"ZMB","Zambia",18496.2406060606,16762.0727272727,16678.4606060606,17931.163030303,19445.5612121212,19416.2218181818,20240.9745454545,18798.8981524334,19347.1272727273,23252.8563636364,26810.6739393939,32560.5442424242,37429.4369696969,49191.6,58737.8393939394,63775.7545454545,67327.5327272726,73203.9224242423,76929.4315151516,78133.4296969697,75312.2617575758,68435.9722424242,62203.4636363636,64642.9356363636
716,"ZWE","Zimbabwe",49414.18,47426.876969697,43580.3545454545,34566.143030303,24808.8849035813,24030.210369146,22407.4902956841,22255.3065858586,21237.1747033976,18979.2940495868,20148.6114637282,30183.5623544536,46982.0981818182,45091.703030303,51035.8878787879,50062.4175757576,53755.8315151515,40450.3212121212,32846.0018181818,27454.5806060606,18418.9490909091,10065.7824242424,16400.3103030303,14175.9187878788
