"code","iso","country","GIB.raw.1999","GIB.raw.2000","GIB.raw.2001","GIB.raw.2002","GIB.raw.2003","GIB.raw.2004","GIB.raw.2005","GIB.raw.2006","GIB.raw.2007","GIB.raw.2008","GIB.raw.2009","GIB.raw.2010","GIB.raw.2011","GIB.raw.2012","GIB.raw.2013","GIB.raw.2014","GIB.raw.2015","GIB.raw.2016","GIB.raw.2017","GIB.raw.2018","GIB.raw.2019","GIB.raw.2020","GIB.raw.2021","GIB.raw.2022"
4,"AFG","Afghanistan",-9999,-9999,-9999,-9999,-9999,-9999,-9999,-9999,-9999,-9999,-9999,-9999,-0.0127448002427873,-0.0116999561268657,-0.014574831495983,-0.0165671141991524,-0.0190204926272265,-0.0232676452787886,-0.0295715274063846,-0.0260014134077299,-0.0267319689614347,-0.0226500328388398,0.00563687925025746,-9999
8,"ALB","Albania",-0.0669657632568779,-0.0655709063777602,-0.0504552341172163,-0.0408265023752724,-0.030718016860989,-0.0222949100301174,-0.0183644213590748,-0.0253459279957298,-0.0330340191007424,-0.0431680426783876,-0.0473370395820343,-0.0486301189772819,-0.0476975992596818,-0.0441098055780517,-0.03283683893612,-0.0190098119350377,-0.01326030389801,-0.012588329467856,-0.0116955611421699,-0.0167800646701506,-0.0251502003936345,-0.0288613009399085,-0.0348141525218723,-0.0428176215463734
12,"DZA","Algeria",0.00801831051297941,-0.00295347789511602,-0.0160980200162563,-0.0306613149042081,-0.0390946102845999,-0.0453864225537153,-0.0414722574932213,-0.0354363896443505,-0.0332857568647769,-0.0246792069999138,-0.0187841215446209,-0.0132793831636255,-0.00984812763796317,-0.00680176067052007,-0.00387917034903162,-0.00342806994804479,0.000618944242729125,0.00238369660770621,0.00326115215620826,0.00459086998965708,0.00559580519840841,0.00554938952109052,0.00656749420353719,0.00613145071569599
20,"AND","Andorra",-9999,-9999,-9999,-9999,-9999,-9999,-9999,-9999,-9999,-9999,-9999,-9999,-9999,-9999,-9999,-9999,-9999,-9999,-9999,-9999,-0.0112133507879644,-0.0152718721776953,-0.0261253742553476,-0.0361386362577591
24,"AGO","Angola",0.0675781337243919,0.0456503892944551,0.0149471604158455,-0.0227007160226733,-0.038449613448071,-0.039527869363274,-0.0473469948663426,-0.0619927023533811,-0.0778163435255145,-0.0880267167598467,-0.0907705601329143,-0.0862741899529458,-0.0789657790840704,-0.0736337877433243,-0.0611348885461778,-0.0476142072179524,-0.0333812322310728,-0.025312079459377,-0.0217920104798447,-0.0248543473846181,-0.0253975851275099,-0.020746335189421,-0.0172265127535358,-0.0187000338510797
660,"AIA","Anguilla",-8888,-8888,-8888,-8888,-8888,-8888,-8888,-8888,-8888,-8888,-8888,-8888,-8888,-8888,-8888,-8888,-8888,-8888,-8888,-8888,-8888,-8888,-8888,-8888
28,"ATG","Antigua and Barbuda",-0.00169986988071247,-0.00246611128338026,0.0020381684777917,0.00921092188083406,0.012679276408931,0.0120434179641318,0.0131590605848464,0.00947633057594421,0.00262787557773603,-0.00439981919330179,-0.00161557257058753,-0.000816048328774688,0.00378702029552413,0.010584157030584,0.0165096681656209,0.019630036562071,0.0204961851255339,0.0151433591523267,0.00343833372442326,-0.0117824034209645,-0.0177614431656481,-0.0115679083766983,-0.00974267820023644,-0.0116618229802364
32,"ARG","Argentina",-0.0310304228096715,-0.0204480168279192,-0.0104440877020943,0.00300763895245693,0.010057573743099,0.0129599197399426,0.0145781168036516,0.01210566650092,0.00114117158485261,-0.0122301019307881,-0.0197495769445798,-0.0308858494901646,-0.0411547247677336,-0.0407795837473348,-0.0380972670214786,-0.0302265285760338,-0.0242609731688329,-0.0153211165491159,-0.0107338442356596,-0.00489283291993858,0.00354470185600109,0.0105977274814426,0.0111546629031785,0.00998638340727886
51,"ARM","Armenia",-0.0561007302281594,-0.0549853863856415,-0.0567934263230931,-0.0419523744154799,-0.0502798379286924,-0.0568622148147397,-0.0540387522870643,-0.0630616632309665,-0.0621015175558668,-0.0574933996631856,-0.0544667146638966,-0.0457650366799582,-0.0317718042731936,-0.0214031008416716,-0.0141227240876723,-0.00882661307527755,-0.0040646111782332,-0.000249514817184715,-0.00376462710385406,-0.00807160131529727,-0.014029602124718,-0.0144168402202259,-0.0124640831361936,-0.0161542006247751
533,"ABW","Aruba",0.0107499721950983,0.0665216710008631,0.10963569483739,0.138185199253918,0.162841728417014,0.165538954186612,0.159507924707435,0.138430786400393,0.103052569696839,0.0537327760036381,0.00107088032674807,0.00235309537300377,-0.000450439401113112,-0.0341041371572489,-0.0810883035868243,-0.116152777647769,-0.137009776128469,-0.149031635016947,-0.151247275791978,-0.149148813197065,-0.127795321597505,-0.0832931113960499,-0.0367719912524097,-9999
36,"AUS","Australia",-0.0196459460558503,-0.0180411943699842,-0.0131153329372856,-0.00964132782027927,-0.0147344110117231,-0.0156154585219314,-0.0205707948498126,-0.0229279894459238,-0.026487403448435,-0.0324860970575409,-0.0337613795001864,-0.0348528361459542,-0.0234360411210138,-0.0142111157775047,-0.0211171088549907,-0.0217004978750778,-0.0252618742881001,-0.0270841407115086,-0.0247397828582738,-0.0263712603297606,-0.0291365528414325,-0.0366313821549925,-0.0333563361773643,-0.0281976138755838
40,"AUT","Austria",-0.0189487550344409,-0.020677782549671,-0.016982421353551,-0.016675802225947,-0.0122522347589249,-0.0106989394839442,-0.00829715513393869,-0.00698684407808481,-0.00901497995141021,-0.0125463850551537,-0.0195349421813892,-0.0241860694158417,-0.028094466118453,-0.0315955073663975,-0.0284250442861992,-0.0271611618179052,-0.0222875907612241,-0.0183688504204252,-0.0159550986287144,-0.0165997823754356,-0.017829855029857,-0.0149601069605735,-0.0129986866771649,-0.0177792119417759
31,"AZE","Azerbaijan",0.0207906194792342,-0.00950184870578963,-0.0480389240620079,-0.0686031873809407,-0.0783645406697202,-0.0777609083895867,-0.0814646487751148,-0.0929301304732483,-0.108879119469722,-0.113839645115043,-0.12266709925768,-0.126404934460945,-0.122053607190263,-0.109524548486879,-0.0908469155847976,-0.064088874294017,-0.03763509339729,-0.0182380382250251,-0.00907673157864353,0.00276133050021787,0.00784750464168305,0.00916709731489895,0.012266266584956,0.0145882932797605
44,"BHS","Bahamas",-0.0204716882783388,-0.0220756042078017,-0.0225015246944456,-0.0200757887132501,-0.0177127717726459,-0.0146054479939339,-0.0150888774363414,-0.0180184437162128,-0.0289234908516,-0.0209492541303097,-0.00903268954194925,0.00128653319418959,0.00515195414916048,0.00640123970370055,0.0107748208655447,0.0162949331898985,0.0169749530565344,0.0123868941779193,0.0104133016766172,0.00592749743809851,0.0097133673898333,0.0234913904248404,0.0214353235530469,0.00801930754573288
48,"BHR","Bahrain",-0.0180358355359613,-0.0137589185014664,-0.0217982297375908,-0.0311670381169542,-0.0339924945563499,-0.0387294746916941,-0.0418708113736922,-0.0441695738247919,-0.0398211469094029,-0.0306423826044547,-0.0207999397557638,-0.0111240703800162,-0.00718172030814301,-0.00516666779415376,-0.0013320889410009,-0.00159755174997278,-0.00181601735167214,-0.0096249568682848,-0.0114946328116047,-0.0108189667841487,-0.00679873260530661,-0.00174884114269991,0.000933282813638581,-0.000654243715522584
50,"BGD","Bangladesh",-0.0223035942591633,-0.0223322718009344,-0.0211699566540337,-0.0205040041901199,-0.0211558217714509,-0.0217250797477,-0.0211520670406832,-0.0210987010712443,-0.0227459072213526,-0.0249976454563351,-0.0255253344798361,-0.0256985801069289,-0.0255605299961871,-0.0254115571984151,-0.0263059069027157,-0.0271989935674892,-0.0277010339008852,-0.029019186264123,-0.0315451246662656,-0.0341676536666801,-0.0337243824622993,-0.033813903632865,-0.0336277570918624,-0.0345582481463697
52,"BRB","Barbados",0.00765966684917752,0.00735358679189879,0.0118787048397646,0.017531586500706,0.0109461094016197,0.00478590780020571,0.000190313090782102,-0.00813074891015697,-0.0120659858117443,-0.00921535310471611,-0.00337112729449829,0.000368235517663518,0.00548068000894419,0.00567180382981203,0.00721574733855967,0.00506043304616588,0.000596653364510091,-0.00819622613964299,-0.0190441338620999,-0.0204743518230963,-0.0187448582008272,-0.0242567192753932,-0.0237790958463705,-0.0288379134388176
112,"BLR","Belarus",-0.0355804932543332,-0.0445388015950421,-0.0535079087737267,-0.0606858809870401,-0.0667296555644746,-0.0705204231208076,-0.0698584350873946,-0.0656573096153603,-0.065268036877812,-0.0654723659069433,-0.0626754902413336,-0.0614229638318075,-0.0533074742654741,-0.0435171996088742,-0.0317624807967496,-0.0210389072178058,-0.0120991970325555,-0.00344228716746964,6.18581142481922e-05,0.000705633803387951,-0.000614881289892066,-0.00615270924171429,-0.00707188185047469,-0.00597058020359931
56,"BEL","Belgium",-0.0136741148624435,-0.017675865677331,-0.0206287053668098,-0.0231082206787279,-0.0237874431206695,-0.0240276901215339,-0.0248637106987233,-0.0241085786836454,-0.0277723224890949,-0.026844122571306,-0.0304326492353332,-0.0307623950089769,-0.0339743296802112,-0.0356101709374564,-0.0339949716547131,-0.0337164732942902,-0.0314403341670202,-0.0294375817054378,-0.0288384882016968,-0.0260505617898454,-0.0260609717222954,-0.0224270016353645,-0.0220231071408574,-0.0258418808350238
84,"BLZ","Belize",-0.0379200022560853,-0.0381856276043545,-0.0305992297655738,-0.0267601391192457,-0.0241386477483215,-0.031038135780898,-0.0334024122671557,-0.0368329692508367,-0.0289608587206508,-0.0209730461153791,-0.00947016561399505,-0.00180738074415887,0.0115979464940765,0.0161793288711192,0.0225538916958814,0.0122064506485002,0.00986748500376633,0.00715238816523867,0.00518423680045776,0.000903528913910989,0.00559308007972592,0.0140768074657258,0.021851301144751,0.0137767088502765
204,"BEN","Benin",0.00284961001683115,0.00249221673902666,-0.00500970682735324,-0.00659549071365617,-0.0102705966381361,-0.0113453139232645,-0.0132517596787154,-0.00708533628583519,-0.000965327049073594,0.000852517020539789,0.00436077194338136,0.0109004265954487,0.00726514366046205,0.00559331234923888,0.00153565833490821,-0.00615385713809902,-0.00786534125698057,-0.00353025759072012,-0.000157130739725453,-0.000585469637682912,-0.002529878176595,-0.000641137773871425,-0.00105921619470772,-0.00514312604680855
60,"BMU","Bermuda",-0.0207352116161464,-0.0318774416446085,-0.0357794611361917,-0.0412308071691425,-0.0380551079814094,-0.0314671037809067,-0.0250470712212217,-0.0143772592377516,-0.000644194300141843,0.00537068647137495,-0.00428418942600495,-0.00103914520320847,-0.0166698139667129,-0.0326938273235633,-0.0256850276115631,-0.00367662433215521,0.00187731338361297,0.0187491444952435,0.0387803348829916,0.057177686585492,0.045495140399914,0.0376154335461081,0.00861332686577754,-0.0306086101455832
64,"BTN","Bhutan",-0.005268676147826,-0.0064476386713993,-0.0131128020485956,-0.0250315127446408,-0.0415916801918329,-0.0605966941412605,-0.0646564460915262,-0.0650984558277248,-0.0672655453625355,-0.0658937235052078,-0.0659125258954624,-0.0626107139565182,-0.054410451363183,-0.0451602427798882,-0.0343180547623387,-0.0265273452606842,-0.0151998112218642,-0.00225967504694657,0.00278798991833717,0.00973822017601744,0.00611351069451982,0.00307038381317226,-0.00531546651492376,-9999
68,"BOL","Bolivia",-0.0461600282097292,-0.0513305822627493,-0.0534141581638724,-0.0439407846546075,-0.0314785868006381,-0.0167013030437227,-0.0110597780364527,-0.00961608522370072,-0.00347071587512648,-0.00484840231308148,-0.0053729461250569,-0.00716502089536164,-0.0133908649271053,-0.0136640786769272,-0.0153321861555712,-0.0158300809628737,-0.0141589409772374,-0.0140511556494185,-0.015648409418519,-0.020218882973968,-0.0244976371662404,-0.0210403810368137,-0.017627401706834,-0.0138647320683517
70,"BIH","Bosnia and Herzegovina",-9999,-9999,-9999,-9999,-0.0269222785918576,-0.00078729837341851,0.0168347613073203,0.00144007129174684,-0.00367402531848016,-0.00227170389438525,-0.00219855664167401,0.00389852252986223,0.0107240307978058,0.0141188419076845,0.0120101150723682,0.00739693966527644,-0.00207534050369906,-0.0042054840964586,-0.00984203577763776,-0.015622791389649,-0.0225029718836096,-0.024811965922381,-0.0261086167501245,-0.028856643854822
72,"BWA","Botswana",-0.0372146939338825,-0.036242184409874,-0.0273546636358361,-0.0215127201510454,-0.0497437094686691,-0.0679774947896169,-0.0731609401129443,-0.066322681353564,-0.070230672794123,-0.0401953371137282,-0.0429085055358371,-0.00346124045063922,0.0542136173659966,0.0752249130158196,0.0446305613158615,0.00586457151066111,-0.0291011862146958,-0.0578280712416144,-0.0803025994566308,-0.0763974004645795,-0.107855546915939,-0.0817283000037045,-0.0161624174179842,0.0180039155734646
76,"BRA","Brazil",-0.00400956243790962,-0.00451054094253256,-0.00275900460303891,0.000984742782497383,0.00420452815011796,0.00505390661388971,0.00361668181505492,-0.00121356099178827,-0.00709534227572328,-0.0121969329415146,-0.0162090060679791,-0.0193895308527422,-0.0214361566505612,-0.0207597427220299,-0.0174804317815889,-0.0114004130638674,-0.00436612222464616,0.00147131932637801,0.00578153862210695,0.0056805199455694,0.00382561836214079,0.00376036157763515,0.0023459202816134,-0.000601101454959063
92,"VGB","British Virgin Islands",-8888,-8888,-8888,-8888,-8888,-8888,-8888,-8888,-8888,-8888,-8888,-8888,-8888,-8888,-8888,-8888,-8888,-8888,-8888,-8888,-8888,-8888,-8888,-8888
96,"BRN","Brunei Darussalam",-0.0176138639400696,-0.0201258442520452,-0.0126038071353369,-0.014808871527458,-0.0109122741239406,-0.0129866200920418,-0.015531800598772,-0.0085891526299603,0.00326703493139879,0.0214519444453407,0.0305715985480555,0.0330544732542934,0.0390873663780893,0.0325482970433728,0.0210076134983761,0.0117924292183633,-0.0099697769168654,-0.0178956934069021,-0.0153973304091878,-0.000810278350762972,0.00599553830444521,0.00970228570292009,0.0184188230360411,0.0239782886265352
100,"BGR","Bulgaria",-0.0225156688377824,-0.0224161144271068,-0.0222890500557561,-0.0254672881920188,-0.0232865326649521,-0.026954574443937,-0.0333570658376058,-0.0417095643915227,-0.0395531875569628,-0.0421152836323363,-0.0466239172699173,-0.0483079953490834,-0.0400414568211354,-0.0391575222222209,-0.0375600806398652,-0.0334056663561653,-0.027493869095619,-0.0256842689677715,-0.019681176094474,-0.0206262740002865,-0.0285697877899002,-0.0359206658964428,-0.0323459502160576,-0.028677432398507
854,"BFA","Burkina Faso",-0.0236074274029726,-0.0234658718789221,-0.02896669612114,-0.0305825440216668,-0.0250909402003433,-0.017544248184881,-0.0123462701459183,-0.0113100664243383,-0.00960184579555179,-0.0104078629632132,-0.0133472815054763,-0.0138044853944826,-0.0203807051088077,-0.0274518529166159,-0.0275174588137187,-0.0261530027079444,-0.0244792504215149,-0.0240898999197856,-0.0233523774393999,-0.0233008427388161,-0.0216754633012914,-0.0192379355647636,-0.0186891817962285,-0.0177712091482202
108,"BDI","Burundi",0.0398605832993806,0.0397531861710141,0.0335070812819107,0.0211813560922405,0.0117126908158975,0.00149130029963884,-0.00200773593057235,-0.000739082004142522,0.00311435581833774,0.0028970241137567,0.00144059683106579,0.00441962653423666,0.00695049515165058,0.0049807969895328,0.00769013616153957,0.00715782101058626,0.00977930462112697,0.0156148834593031,0.0247280922806463,0.0312241749655329,0.0306554573267175,0.0306043023606524,0.0298997777462611,0.0243877246965964
132,"CPV","Cabo Verde",-0.0691348656770601,-0.0705190067955681,-0.0628633312166349,-0.047499587724049,-0.0325637880648697,-0.0283168708889229,-0.0221287429536933,-0.0205507854219508,-0.0255650334095787,-0.0357787471141757,-0.0355646399201569,-0.0370814839108908,-0.0305178160790636,-0.028894358084158,-0.0255016447182691,-0.0227816268072376,-0.0184521095777308,-0.0134351688437213,-0.0160750849882187,-0.0239267788803895,-0.0267828975873964,-0.0154988872336843,-0.00126124177654974,-0.00341241669468595
116,"KHM","Cambodia",-9999,-9999,-9999,-0.02379006227993,-0.0511214939768624,-0.0604939228181413,-0.0632545295199789,-0.0639754565891749,-0.0632116890335195,-0.0592351990754488,-0.0495208326618163,-0.0442765423760124,-0.0396628525749262,-0.0377505790945886,-0.0355952394867937,-0.0366625055722396,-0.037582228477104,-0.0365300217608422,-0.0348754849824856,-0.0340235106606968,-0.0259269492864447,-0.0143101498312107,-0.00306586747503856,0.00191270558337453
120,"CMR","Cameroon",0.00563332784842774,0.000706828263806747,-0.00751532405010125,-0.018083459736086,-0.0231581816577673,-0.0312800632200495,-0.0344671194841115,-0.0370257853268269,-0.0387361650576101,-0.0389680271158785,-0.0371393791610656,-0.0320272449889707,-0.0302210355345391,-0.0306276305423533,-0.0271942996248724,-0.0268584670577594,-0.0209699305688259,-0.0189257469784169,-0.0191956822144868,-0.020308088766736,-0.0190660004117468,-0.0161214418067336,-0.0159968393749117,-0.0195296246266021
124,"CAN","Canada",-0.00775270410554629,-0.0116649589518655,-0.0156264001841356,-0.0176579470069035,-0.018706773851205,-0.0202130435047738,-0.0221311402139386,-0.0223696997431906,-0.0203787259502825,-0.0198549905759438,-0.0202662046624443,-0.0199553297939711,-0.0200165034459634,-0.019537017948918,-0.0176199340371919,-0.0165427431448721,-0.0159586896262693,-0.0172441982677405,-0.0160515963671902,-0.0157154004560713,-0.016245951081525,-0.0178006049069727,-0.0193721399964102,-0.0200479155997126
136,"CYM","Cayman Islands",-8888,-8888,-8888,-8888,-8888,-8888,-8888,-8888,-8888,-8888,-8888,-8888,-8888,-8888,-8888,-8888,-8888,-8888,-8888,-8888,-8888,-8888,-8888,-8888
140,"CAF","Central African Republic",0.00590887882448232,0.0070287117713157,-0.00431422618483712,-0.0178442918588648,-0.010615354251597,-0.0166103110253878,-0.0225776681714757,-0.0199287411887015,-0.0191507771603062,-0.0108576262204054,-0.0260507669913883,-0.0228201408501136,-0.0279375305083844,-0.0505544386708953,-0.0228067865814405,-0.00749304133483597,0.0091726205059266,0.025954495156771,0.0320066196166615,0.0401545626654425,0.0218905447921061,0.0102479122987607,-0.00175856949242281,-0.0270762251262271
148,"TCD","Chad",0.0477892047531248,0.0355603369134121,0.0228903891747609,0.00576390493166223,-0.00326474755940109,-0.0261590032328617,-0.0488084066558322,-0.0586001966180854,-0.0637456547335566,-0.0668670668212891,-0.0610514661090942,-0.0474880471726123,-0.0368305892129549,-0.0234257602124076,-0.0102394023253592,-0.00822426299724488,-0.0081132473551635,7.70400484646494e-05,0.0122851713047052,0.0239926928985288,0.0335891768607377,0.0402947170765744,0.0490528219873967,0.0526982641484937
152,"CHL","Chile",-0.0030225550425732,0.00413174366028524,0.000956081536731546,-0.00535092984273422,-0.0141865170027043,-0.0202037773082482,-0.0273197265023672,-0.0312816215711462,-0.0297428314573587,-0.0283330371668937,-0.0226680946559955,-0.0192858670606432,-0.0169793372873479,-0.0151980863044865,-0.0159362254959082,-0.0180542401207876,-0.0192030860489668,-0.0194895688695518,-0.0169431425894749,-0.0152545787678865,-0.0111904025000726,-0.00924517871172714,-0.00611448666856074,-0.00639209400353347
156,"CHN","China",-0.0679200684214484,-0.0665713601705281,-0.0638622694071033,-0.0602999391946495,-0.0528788993662682,-0.0456326286866237,-0.0349178433087441,-0.0249139807028128,-0.0207742955296901,-0.0212375433194432,-0.022513904378993,-0.0252454168851166,-0.028643389857245,-0.0331957004643433,-0.0351862944437082,-0.0379502251453615,-0.0405924022848224,-0.0439579732557976,-0.0485871536412684,-0.0517914624587398,-0.0538777171876182,-0.0522391367981044,-0.0477786275387293,-0.041975775569129
170,"COL","Colombia",-0.0232234597302603,-0.0219886326662277,-0.0199314344475896,-0.016546835695463,-0.0136721793593926,-0.0133311393897606,-0.0164607860605434,-0.021209570926804,-0.025891161321013,-0.0263534966580291,-0.025625433951185,-0.0232424399222422,-0.0229901480829546,-0.0229361401691771,-0.0210114316869668,-0.0195089643243855,-0.0186692455192911,-0.0179289464092095,-0.0205891216296546,-0.0221709281533476,-0.0183678830765411,-0.00963735602875548,-0.00815605956805732,-0.0101091118825062
174,"COM","Comoros",0.0145487433092282,0.00630087769370413,0.00356548078571195,-0.00238072353955165,-0.00701453470511448,-0.00686650777423647,-0.00757885701472694,-0.00351202442101217,-0.00782348138710032,-0.00738491506531913,-0.00307217288738337,-0.00347309960195996,-0.00490550173188631,-0.00572726880534091,-0.00431939715442131,-0.00305660981041989,-0.000483341302797369,0.00619722438945036,0.00674630859782543,0.00718953253722621,0.00873779286532539,0.0160238439236848,0.0206873769187164,0.022460711146616
184,"COK","Cook Islands",-8888,-8888,-8888,-8888,-8888,-8888,-8888,-8888,-8888,-8888,-8888,-8888,-8888,-8888,-8888,-8888,-8888,-8888,-8888,-8888,-8888,-8888,-8888,-8888
188,"CRI","Costa Rica",-0.0296753048307361,-0.0352175451108002,-0.0367238329843816,-0.0354758918386368,-0.0338387011412626,-0.0275080805128622,-0.0276970593600188,-0.0282985171658878,-0.0253204874073261,-0.0227936555163988,-0.0211758807916672,-0.0239361613881739,-0.0273770108053625,-0.0300889918754871,-0.0286620198038041,-0.0271375629164169,-0.0284132472495078,-0.0292285916378455,-0.0268275772925836,-0.0233892442305965,-0.0201027879166547,-0.0197108633716264,-0.0200389608731953,-0.0221035987527752
384,"CIV","Cote d'Ivoire",0.00297513802428218,-0.000194914909612098,0.000646157380966406,0.00293176530318484,0.00589223727484223,0.00876099352072202,0.020431287692211,0.0282152378778322,0.0290487275325253,0.020939687331746,0.0034497066823167,-0.0119645903105982,-0.0146056496621074,-0.01122532234568,-0.0125681726836837,-0.0164798429539508,-0.0164276275909832,-0.0127194042957653,-0.0129163461179195,-0.0193603559440438,-0.0313538035795612,-0.0409407454672773,-0.0424787014365311,-0.0406430070350681
191,"HRV","Croatia",-9999,-9999,-9999,-9999,-9999,-0.00718535646068375,-0.00824081366316887,-0.0110306916543992,-0.0122828160254108,-0.0178614344339273,-0.0192186342606587,-0.02118806956471,-0.0208939068598188,-0.0221904910654611,-0.0226650707926752,-0.0236083679969278,-0.0242893166960039,-0.0251360667227283,-0.0232430280769186,-0.0261849612898069,-0.0286901199763746,-0.0258512394019081,-0.0266173465730172,-0.0306889063901689
192,"CUB","Cuba",0.00769914497726765,-0.00287495224449941,-0.0125969495468561,-0.0237446109999352,-0.0292178745390173,-0.0336313959849461,-0.0397013493579571,-0.0478151465939494,-0.0543895887885338,-0.0557602440560997,-0.0553056307277798,-0.0470153186583909,-0.0435347367405083,-0.0371949358420028,-0.0308417929328323,-0.0252105804914716,-0.0225810239375551,-0.023255029296117,-0.0314650573421653,-0.0392886689874297,-0.0438508695011715,-0.0356244322713865,-0.0316289564905169,-0.0268888410419685
531,"CUW","Curacao",-9999,-9999,-9999,-9999,-9999,-9999,-9999,-9999,-9999,-9999,0.0128461367624324,-0.00668633901311333,-0.00820329362945882,-0.00103869742477714,0.00113214071814527,0.0130354745468169,0.025210852117439,0.0263083360242118,0.0208223022764056,0.00675174791851862,-0.035702012897015,-0.0901337996864662,-0.126134256047232,-9999
196,"CYP","Cyprus",-0.00818133352101447,-0.0143038369828653,-0.0171536423179856,-0.0194501803876568,-0.0164861297873122,-0.0138718573958974,-0.0170844080087327,-0.0172735162208942,-0.0170646375406557,-0.0164580950710019,-0.0146900289491007,-0.0140707183179722,-0.0166334239788438,-0.019366189973584,-0.0197614540382941,-0.0157977538345336,-0.0136412537154985,-0.0120977092825975,-0.012028961839149,-0.0150397048057477,-0.0184159392203378,-0.0205434548268326,-0.0249152929637915,-0.0307001240378817
203,"CZE","Czech Republic",-0.042578273781553,-0.0424278542009444,-0.0386771695290232,-0.0344553767705269,-0.0286599506099989,-0.0261958888186665,-0.0291868275442398,-0.0325593708216063,-0.0353252887443688,-0.0393946311871005,-0.0445940678653418,-0.0434051540969608,-0.0411811651580809,-0.0382285969716516,-0.0336383831244423,-0.0293223816455614,-0.0281022643867501,-0.0270978073055664,-0.0274116284022968,-0.0306702569489848,-0.0353059554570379,-0.0375227688654004,-0.0368245807781984,-0.0340180080919721
180,"COD","Dem. Rep. Congo",0.0349763511608794,0.026345368944614,0.0202285921961429,0.0218448596036018,0.0288220254141389,0.0346842921362314,0.0363625966338068,0.0279865781875248,0.0139925917838373,3.30204409928481e-05,-0.0164546188569844,-0.0288131038991809,-0.0400185302283886,-0.0401089208754122,-0.0362740195556646,-0.0324084155685389,-0.0310165135964485,-0.0277198297588322,-0.0259711048513053,-0.0270088822304414,-0.0271496389277789,-0.0256113406238743,-0.0275779813108337,-0.0287504637056336
208,"DNK","Denmark",-0.0189464319577889,-0.0337799729248952,-0.036545619955033,-0.0420770596249149,-0.0388075884000848,-0.0385446678862291,-0.042315148231032,-0.0300840658483723,-0.02574344594966,-0.0244908348932937,-0.0231093091700378,-0.0254228995756317,-0.0297868857687432,-0.0357700347106861,-0.0324355795637179,-0.0362964358371445,-0.0443008864406936,-0.0433463422872309,-0.0459310816944452,-0.047675292583334,-0.0491637333751412,-0.0473952161498385,-0.046834100946398,-0.0482900460930641
262,"DJI","Djibouti",-9999,-9999,-9999,-9999,-9999,-9999,-9999,-9999,-9999,-9999,-9999,-9999,-9999,-9999,-9999,-9999,-9999,-9999,-9999,-9999,-9999,-9999,-9999,-0.042128111341736
212,"DMA","Dominica",-0.00615646379649193,-0.00035224060246386,0.00683897875841111,0.00825966414635726,0.0104259125536321,0.02023716884865,0.0308402573980069,0.028799977536957,0.031202354105865,0.0213726565800947,0.0152438415914598,0.0102221788017525,0.00333982607330596,-0.00281285530999997,-0.00910400595205874,-0.00983174708827284,-0.00343653390675169,-0.00473726844207456,-0.00120309305347366,-0.002934954388771,0.00102696248137835,0.0086026328328006,0.0056750343735712,0.00294405859333846
214,"DOM","Dominican Republic",-0.00382066180728091,-0.00899731738076093,-0.0098018354132644,-0.0117390362836838,-0.0131731420474487,-0.0210921599663454,-0.024939471631979,-0.0265068251018733,-0.0276721457259009,-0.0284497432743992,-0.0314202769347105,-0.0347546432268524,-0.0352119227719302,-0.0316557573254912,-0.0251227398218248,-0.0245599886532439,-0.0254945729110159,-0.0270597359471818,-0.0292837330510378,-0.0294445864461128,-0.0264783858271616,-0.0254589566592147,-0.0274341998588503,-0.0295518950719914
218,"ECU","Ecuador",0.00386800678348509,-0.00422425812629557,-0.011237872402123,-0.0099074925278605,-0.00282797762654374,-0.0110974004658559,-0.00888292784682998,-0.00522344748163406,-0.00606335035356498,-0.0124045063216056,-0.0117430993408238,-0.0132959128282943,-0.0130176503884539,-0.0162824508963836,-0.0165155998369365,-0.0146388436686288,-0.015484492298704,-0.0181785662299786,-0.017423827209244,-0.0239050507097297,-0.0223540078846719,-0.018907857859727,-0.0121790408288105,-0.00805138409239836
818,"EGY","Egypt",0.00159429231749519,-0.000711552202375065,-0.00547843427046302,-0.0108943080182209,-0.00710668472609421,-0.00759622593073594,-0.00258629581993586,-0.00105539024589962,0.000116233690584666,0.000625806183473854,-0.00059820868854088,-0.00355031498479996,-0.00951157537232994,-0.0167403454799282,-0.0205204838611902,-0.0221809531727694,-0.0220877910976985,-0.0196774013028157,-0.0152019639611464,-0.0155998707790098,-0.0161637500178374,-0.0251984694645014,-0.026947225500952,-0.0289723039358341
222,"SLV","El Salvador",0.00535382593188816,-0.00179623730224188,-0.00085424597659689,-0.00102986726001142,-0.000304641089372892,0.00105208434301396,0.000430802895604598,-0.00131385796481231,0.000858062677036253,-0.00176953877376018,-0.00477281757408277,-0.0118923741348131,-0.0181368236464657,-0.0224579119422753,-0.0289241072030543,-0.0323841044533363,-0.0317501735061216,-0.0307496705412503,-0.0316003092703414,-0.0325772187738799,-0.0269923080079548,-0.019505249737713,-0.0142004101649584,-0.00852433848070422
226,"GNQ","Equatorial Guinea",0.0794402882903646,-0.0185733037066081,-0.0770946153367595,-0.134352646429493,-0.166073765890998,-0.165617130807027,-0.159968256099913,-0.137414094691241,-0.133217222070054,-0.122845395277855,-0.113331021163162,-0.0794813619304401,-0.0608060188839855,-0.0568424244547817,-0.0449650121141346,-0.0281747638043615,-0.0138975364451396,0.0067476570103655,0.0229371339273834,0.0203545223767299,0.000575390549160559,0.000892936013306311,-0.00327784374532525,-0.0160576359956695
232,"ERI","Eritrea",-9999,-9999,-9999,-9999,0.00563344006494382,0.00618421213710185,0.00575999788187986,0.00366956982210787,0.00420517207007376,0.0112335170864384,0.0111040286254229,0.0135660304838263,-0.000967037881461019,-0.0161722525909526,-0.0186693413346898,-0.0334851686221742,-0.0321550696639531,-0.0355730471896508,-0.0290994089472072,-0.0146942462678995,-0.00375446825342274,-9999,-9999,-9999
233,"EST","Estonia",-9999,-9999,-9999,-9999,-9999,-0.0687741568450793,-0.0664937311643391,-0.0635918282438527,-0.0555265178654342,-0.0500068427437855,-0.041986046339103,-0.0256201306915896,-0.0133255362953543,-0.00790712020514572,0.0044873766524367,0.0113342789311668,0.00429615903621183,-0.00815907660117066,-0.0141269491257898,-0.0253155655901727,-0.0518139730839264,-0.0705174882676431,-0.0839693835113214,-0.0931096933458965
748,"SWZ","Eswatini",-0.0188156400509785,-0.0170166855641707,-0.0176890408448493,-0.0175879127464255,-0.0265185692662282,-0.0263683725750626,-0.0282624184796898,-0.0389255696630774,-0.0405832386739866,-0.0422079382697131,-0.0404217031781972,-0.0425937217908336,-0.0472459118623867,-0.0462738641036352,-0.0401589065082002,-0.0435227478987509,-0.0439425243374264,-0.0417915006505504,-0.038399294745966,-0.0327795029427311,-0.0264684215522389,-0.0238682735622286,-0.0252096781574314,-0.0222545203062681
231,"ETH","Ethiopia",-0.0190242736455943,-0.0259812491992019,-0.0276798017047309,-0.0136154093131302,-0.00871858133393466,-0.0089177610923713,-0.013455996464748,-0.0227775724321387,-0.0306778469884759,-0.0322814207353224,-0.0354118674986015,-0.0439852083422326,-0.0556685690044095,-0.0586772280945699,-0.0581508733087468,-0.0592041582921508,-0.0617530490575638,-0.0633900112185443,-0.0627155829536532,-0.0612193947281555,-0.0564672532389849,-0.0501352717516234,-0.0484814204353932,-0.0446601180657479
234,"FRO","Faeroe Islands",-8888,-8888,-8888,-8888,-8888,-8888,-8888,-8888,-8888,-8888,-8888,-8888,-8888,-8888,-8888,-8888,-8888,-8888,-8888,-8888,-8888,-8888,-8888,-8888
238,"FLK","Falkland Islands",-8888,-8888,-8888,-8888,-8888,-8888,-8888,-8888,-8888,-8888,-8888,-8888,-8888,-8888,-8888,-8888,-8888,-8888,-8888,-8888,-8888,-8888,-8888,-8888
242,"FJI","Fiji",-0.0119498216984677,-0.0121091892870675,-0.00821364628179544,-0.0104889864523039,-0.00803772470815456,-0.00157528793983475,-0.000519895583195318,0.00151114360051419,0.00375320765318254,-0.00219265504267951,-0.014707435658283,-0.0168738157943834,-0.0158225528885967,-0.0209019562971985,-0.0210348756637997,-0.0252307824819737,-0.0313535645997521,-0.034444245423006,-0.0328354077989452,-0.0355031279020624,-0.0358344208445689,-0.0259500478456086,-0.0145619811844593,-0.0103867867465841
246,"FIN","Finland",-0.0204716014149434,-0.0332104024285799,-0.0385044033935696,-0.0401080966817495,-0.0330464727464438,-0.0242186463301719,-0.0273898744127845,-0.0189848596678543,-0.0180182697508161,-0.0253371510716944,-0.0285081506162567,-0.0297261981779333,-0.0332777824077231,-0.0352074085174398,-0.0288865522341945,-0.0244921038433825,-0.0311619813202076,-0.028894719151724,-0.0327676318080949,-0.0388753617523396,-0.0428424656644045,-0.0412922486770714,-0.044069010330581,-0.0475715093714985
250,"FRA","France",-0.0193176462914213,-0.0248548650701176,-0.025748157541439,-0.026846357832828,-0.0268781323255824,-0.0279462120703633,-0.0276438600749456,-0.0255474403516199,-0.0248446392103914,-0.0233632702680722,-0.0228309876454307,-0.0229516770489638,-0.0254110007513617,-0.0262401338906806,-0.0242299930781457,-0.0254280111472533,-0.024427736152358,-0.0234948844112587,-0.0233079188865442,-0.0248777101670208,-0.0263700143028648,-0.0253601717375807,-0.026282141859047,-0.0273649937523771
258,"PYF","French Polynesia",-8888,-8888,-8888,-8888,-8888,-8888,-8888,-8888,-8888,-8888,-8888,-8888,-8888,-8888,-8888,-8888,-8888,-8888,-8888,-8888,-8888,-8888,-8888,-8888
266,"GAB","Gabon",0.0150110191556181,0.019092818559441,0.0191782575398902,0.0221592639734935,0.0258208715709727,0.019456548892737,0.0107281973226188,0.00013900928755195,-0.0277062046076283,-0.0391020621699939,-0.0472298043364908,-0.0514739981991734,-0.0545061245295623,-0.0574637686163781,-0.0530477561926473,-0.0468737965946557,-0.0393741881709263,-0.0343894142989016,-0.0416009980418612,-0.0430347683891924,-0.0387047499646532,-0.0310900902714438,-0.0275462986739109,-0.0274827957578658
270,"GMB","Gambia",-0.00830457623167324,-0.00949539198762617,-0.0150864703453811,-0.0188928319447084,-0.0229201969796431,-0.0232418058048232,-0.0178574010192258,-0.00635358771099381,-0.000802696255643665,0.00722417435327505,0.0175826165845447,0.0271497132093319,0.0243018791969067,0.0206785997834793,0.0155903985694807,0.0132425995130676,0.0145076126193504,0.0131648724051043,0.00576668689207716,-0.00467384052919007,-0.00794754995870761,-0.00898892398532891,-0.0136726422914019,-0.020221669171725
268,"GEO","Georgia",-0.0232718405551317,-0.0541218805996452,-0.080451136081058,-0.0719445609648659,-0.0538787045628024,-0.0393286884680198,-0.0472712062178858,-0.0431149716744751,-0.0423300774471461,-0.0438447434426608,-0.0376512721686147,-0.0314917531285744,-0.026389051915039,-0.0221088717376068,-0.0210923658224763,-0.0159870556468731,-0.00953320653749978,-0.00135183813963069,0.00025634983986067,-0.00923512535266591,-0.0106414155149948,-0.0133502439197088,-0.0150441970613903,-0.0197693890018598
276,"DEU","Germany",-0.0313689297371199,-0.0288899542418385,-0.02797964781956,-0.0288369835589831,-0.0267530476636051,-0.0256454206717314,-0.0247527984907565,-0.0219996649217381,-0.0220310583545226,-0.0221775222029006,-0.0233075781158852,-0.0233329307683248,-0.025300816240996,-0.0255022672128058,-0.0217648686372083,-0.0207205183349908,-0.0193749630749855,-0.0182931755874981,-0.0207495919694675,-0.0240144862381441,-0.0290300772847146,-0.0324549366842708,-0.0353162541999547,-0.0369136051428085
288,"GHA","Ghana",-0.00805540149439665,-0.00727073316470739,-0.00991574903192272,-0.0158766864310806,-0.0199880523527421,-0.0252408943712574,-0.0285934291299876,-0.026395551282851,-0.0233681990878183,-0.0196858835722424,-0.0248662483138121,-0.0238937165427336,-0.0241448968371258,-0.024152299599611,-0.022710945920327,-0.0234770484316723,-0.019360176917353,-0.0139358532217245,-0.0106723220440543,-0.00657469543395517,-0.00823905563947935,-0.0031990547653522,0.000570806539903046,0.00213402757422232
300,"GRC","Greece",-0.00521524111938076,-0.00478770558905794,-0.00747122330014072,-0.0108618770075239,-0.0138536374874817,-0.017127461204422,-0.017668244773687,-0.0205958213014307,-0.0219801295435316,-0.0220285754133435,-0.0223307501772483,-0.0197822657506681,-0.0122765636865348,-0.00345837910755231,0.000441571450418454,0.000326854775331009,0.00068167235124772,-0.00368801678814878,-0.00615380620092776,-0.0125930182837428,-0.0236580193299639,-0.0346887433400438,-0.0408890126151926,-0.0414977626081636
304,"GRL","Greenland",-8888,-8888,-8888,-8888,-8888,-8888,-8888,-8888,-8888,-8888,-8888,-8888,-8888,-8888,-8888,-8888,-8888,-8888,-8888,-8888,-8888,-8888,-8888,-8888
308,"GRD","Grenada",0.0234886553160096,0.0118435423355137,0.00226394164939281,-0.00403989380105219,-0.0109193044190186,-0.0124924452077699,-0.0153689844933544,-0.0113515182057558,-0.00578348641039572,-0.000932282009268315,0.00897868332323881,0.0160734101481868,0.0226231711937441,0.0338950961769406,0.0449722009878486,0.0358959937244487,0.0219550340340171,0.0127702964676977,0.000922309324634885,-0.00645223734334777,-0.00645406407775251,0.000121282297582681,0.0069377632048484,0.0163821597123399
320,"GTM","Guatemala",-0.0016123779786531,-0.00074662091461053,-0.000251132327554915,0.00342088063194224,0.00346626410022877,0.00575170352580079,0.00837068667006213,0.00462052170704363,-0.000130357867101583,-0.0073454426061007,-0.0106588105197425,-0.0135579334459971,-0.0157059736634776,-0.0160134085235695,-0.015487095341671,-0.0129375334931723,-0.00524673552174793,0.00155569532529198,0.0060382281079856,0.00620133533306921,0.00824696290676008,0.00777692693581966,0.00485358065259223,-0.00102310104345615
831,"GGY","Guernsey",-8888,-8888,-8888,-8888,-8888,-8888,-8888,-8888,-8888,-8888,-8888,-8888,-8888,-8888,-8888,-8888,-8888,-8888,-8888,-8888,-8888,-8888,-8888,-8888
324,"GIN","Guinea",-0.0148273641086396,-0.0139866405390164,-0.0104198775921013,-0.00532894995230793,-0.000154431125127363,0.00454479025363619,0.0130006425909666,0.0170342346970034,0.0137208129405204,0.0114204576087553,0.00898773876076087,0.0108515183091229,0.0117210762907456,0.012562119238045,0.0105535280715698,0.00580197558006024,0.00364985894255998,0.00210641498527031,-0.00639331336146343,-0.018174373986813,-0.0260277092510183,-0.0276820826445277,-0.0282142735202805,-0.0271571824307989
624,"GNB","Guinea-Bissau",-0.00154075081357297,0.00807629435183777,0.020111049713508,0.0327365948872449,0.043692339354046,0.0478327639930141,0.0450335354068114,0.0337206545521365,0.0109898979899856,0.00108708364393317,-0.00298647051630818,-0.0112181720875577,-0.0175234311963975,-0.0153017080324573,-0.0127548625918387,-0.0115780279646862,-0.0127329924809305,-0.0128711114388157,-0.014612166446375,-0.0176292379921663,-0.0194726294453056,-0.0179545258411083,-0.0218861034577869,-0.0203498211200256
328,"GUY","Guyana",-0.00122128845404645,-0.00438226527262464,-0.0056233074908052,-0.0125252635194477,-0.0140028008995982,-0.0133392272051089,-0.0140757526806546,-0.0209279375218849,-0.0236984321611923,-0.0239971417595899,-0.0203704873140447,-0.0207901061732064,-0.0211134040313552,-0.0239227074110581,-0.0187311773079742,-0.00967083703884164,-0.00389449300150069,-0.00565098129886665,-0.00649507872764576,-0.00689837043286146,-0.00435538265116953,-0.0172414934200449,-0.0364662203315349,-0.0749158002053208
332,"HTI","Haiti",0.0311505606717823,0.0261372570357317,0.0186952713303488,0.0167785970056036,0.011551966857954,0.0121147442833327,0.0117555468329489,0.00941329400151791,0.00746755549100131,0.00306440150632081,-0.00433995368903273,-0.00244307365768426,-0.00175180518029527,0.00117772076281053,0.00200282391354301,0.00263707486796427,0.00276702449532373,0.00414972067332475,0.00327936065263268,0.00144906957253044,-0.00226335151134283,-0.00132948725600346,-0.000558061447423541,0.00212143141539234
336,"VAT","Holy See",-8888,-8888,-8888,-8888,-8888,-8888,-8888,-8888,-8888,-8888,-8888,-8888,-8888,-8888,-8888,-8888,-8888,-8888,-8888,-8888,-8888,-8888,-8888,-8888
340,"HND","Honduras",-0.00867176277560344,-0.00944050245105621,-0.00486355191488463,-0.00138151570144185,0.00132206868930296,0.00438133064979285,0.00513060230440465,0.00399036908621131,0.0008657383957964,-0.00104506472845711,-0.00403366565501762,-0.00918811324195701,-0.0103619328338859,-0.0125474401874379,-0.00885726051860825,-0.00667028202671793,-0.00530272735071713,-0.00698202730600572,-0.00998018917309451,-0.0142942231135275,-0.014368105405226,-0.0123819855392818,-0.0119613314680972,-0.0124292372290599
344,"HKG","Hong Kong",-0.00663082850208696,-0.00224158790525142,-0.00161293688014819,0.00558403237978022,0.0164844183742912,0.0110965708718744,0.00346248942711336,-0.0166255790883899,-0.0374885229726409,-0.0414668313296382,-0.0372607688680588,-0.0412776304988791,-0.0435770840266251,-0.0422013454792991,-0.0332635214193416,-0.0272407959321957,-0.0238809851544103,-0.0230865678117712,-0.0239781513273266,-0.0252245626865558,-0.0230424683538134,-0.0307300371664282,-0.037847881672544,-0.0431484499976476
348,"HUN","Hungary",-9999,-0.0288803686187981,-0.0291212993734827,-0.032519435068299,-0.0327447514871556,-0.0356041441341181,-0.0395341123330446,-0.0400049751551816,-0.039401090538053,-0.0391632363260929,-0.0372986483295586,-0.0366273041519729,-0.0356534456537582,-0.0338733143786513,-0.032840978157256,-0.0332134955588472,-0.0323126622989185,-0.031681850791333,-0.0290310393905346,-0.0281498336795869,-0.0284403493606321,-0.0245760813237009,-0.0230382244055306,-0.0265273902197581
352,"ISL","Iceland",-9999,-9999,-9999,-9999,-9999,-0.0201358538424086,-0.0239872828006068,-0.0260032701878123,-0.0255054298190137,-0.0229511363617612,-0.014951701065575,-0.00638614771545176,-0.00358718982682249,0.0008990951829142,0.00224977709555274,0.000838833088124158,-0.00544515378664878,-0.0157162045894523,-0.0244169653616779,-0.0309459903550715,-0.034184007289069,-0.0310582006577894,-0.0276440489016714,-0.0255332748285316
356,"IND","India",-0.0258546111194785,-0.0291907777342441,-0.0300171549983026,-0.0300679693928936,-0.0307609544265871,-0.0316158963546405,-0.0330782986261632,-0.0335079921270033,-0.0319402533197403,-0.0285010553269305,-0.0256791741931128,-0.0240761208287574,-0.022206108582796,-0.018900741615786,-0.0183782742652848,-0.0184719422304175,-0.0210704649792114,-0.0245379876361325,-0.0286160589162741,-0.0290195409615022,-0.0291782069193707,-0.0284311384319316,-0.0265529345415147,-0.0229815780238366
360,"IDN","Indonesia",-0.0023308353999365,0.000308190621301385,0.00495890815909905,0.00810816628272337,0.0108794433310364,0.00891296378744366,0.000747210556681033,-0.00883877598236493,-0.0170007887474207,-0.0245134548287477,-0.0236258501862016,-0.0234712018631504,-0.0165140852121053,-0.0127549775302602,-0.0117924050369588,-0.0125140484531271,-0.0133148878622804,-0.0167551781087583,-0.0177132767752197,-0.0206705712483783,-0.020376228503892,-0.0198343823387607,-0.0151571421848615,-0.00563281702304586
364,"IRN","Iran",0.0181881204784855,0.0189939907299974,0.0167883825819424,0.00951371406546087,0.0026730877219534,0.00334982026417086,0.00398095372778839,0.00308719911406885,-0.00420215348309549,-0.00874627852577592,-0.0047862361856279,-0.00438910644656454,-0.00333033048919995,-0.00211269052939811,-0.00056798129619362,0.00180971948240938,0.00604882646081828,0.00838092494960052,0.00855197870979274,0.0115234013825005,0.0133406390590249,0.00922777384147144,0.00235486974812327,-0.00252959444402123
368,"IRQ","Iraq",-0.0446522794374069,-0.0746679244725845,-0.0763354082892441,-0.0700399327050687,-0.0440339183090693,-0.0273613930603633,-0.00652988085591799,0.00148252623506417,-0.00546811731000607,-0.0102261292020425,-0.0149889932448711,-0.0258231609609785,-0.032169757920736,-0.0377547447495854,-0.0152124191177754,-0.00584878310792225,0.00528372868559757,0.0117451308344074,0.00407218461748049,0.00420603233070671,0.00683258454759073,0.00941729354521526,0.0131302335798169,0.0140180796487321
372,"IRL","Ireland",-0.0455906750222412,-0.0503216979733764,-0.0513825034308611,-0.053746234415709,-0.052626860335063,-0.0516334750501234,-0.0506957913544623,-0.0492801012094244,-0.0500779063982408,-0.046094244806729,-0.0426459425289014,-0.0389963622387562,-0.0356261845155377,-0.0317172644374609,-0.0268086894033187,-0.027524059016231,-0.0363530085536528,-0.0417132139343133,-0.051551979906431,-0.0601061273737804,-0.0675162450703558,-0.0746751500424667,-0.0820196372764808,-0.0852075119719667
833,"IMN","Isle of Man",-8888,-8888,-8888,-8888,-8888,-8888,-8888,-8888,-8888,-8888,-8888,-8888,-8888,-8888,-8888,-8888,-8888,-8888,-8888,-8888,-8888,-8888,-8888,-8888
376,"ISR","Israel",-9999,-9999,-9999,-9999,-9999,-0.0106697638636755,-0.0164731697280796,-0.0190770479559029,-0.0211444655370719,-0.0189760567259291,-0.0223151567864702,-0.0231824478815732,-0.0208652315720389,-0.0165110713725373,-0.017140970395884,-0.0238337280158422,-0.0296099224497423,-0.0333726715042473,-0.0402240474657487,-0.0407474168876837,-0.0443748366280509,-0.0425303704848702,-0.0423611535626754,-0.0358147174293439
380,"ITA","Italy",-0.00855537122078787,-0.00864483048823517,-0.010248640997972,-0.0107418482704416,-0.00915153190840023,-0.00938096317245696,-0.00777649695299998,-0.00866074628624736,-0.0102817019995047,-0.0110162386798596,-0.0132922912116565,-0.0151799671959894,-0.0193581414323033,-0.0217729612933832,-0.0235985163491105,-0.0261532271795814,-0.0250144776533803,-0.0242353869322571,-0.023919565821809,-0.0224897872289143,-0.023033747083915,-0.020479872988083,-0.0166958013275349,-0.0133237006994843
388,"JAM","Jamaica",0.0143942488798086,0.019863531591501,0.0233581080265037,0.0215572415900829,0.0151355879516075,0.00550395692605132,-0.00203162964926207,-0.00481587546770201,-0.00945634846708476,-0.013029327053837,-0.0263416320168864,-0.0353022922406862,-0.0371556856095913,-0.0398468881735194,-0.0357900040096106,-0.0351584686704927,-0.0314375625894345,-0.0216043854481353,-0.0158716954434043,-0.00557470991949915,-0.00898402909844498,-0.0154236489094307,-0.0187334799317177,-0.0244922799395011
392,"JPN","Japan",-0.00340485464953055,-0.00423060439006995,-0.00708685437197809,-0.00810778042844096,-0.00905620832117993,-0.0084104229453128,-0.00811922743125559,-0.00943529872331483,-0.00987337919904852,-0.0129460459933639,-0.0134092942649592,-0.0135382871909752,-0.0116983148055575,-0.00699751158873407,-0.00289845232355301,-0.00195996755603123,-0.0035831648077651,-0.00719393102499555,-0.0104100833893696,-0.0171757483779167,-0.0236618481762537,-0.0286688603302758,-0.0291718502590558,-0.0268876888483699
832,"JEY","Jersey",-8888,-8888,-8888,-8888,-8888,-8888,-8888,-8888,-8888,-8888,-8888,-8888,-8888,-8888,-8888,-8888,-8888,-8888,-8888,-8888,-8888,-8888,-8888,-8888
400,"JOR","Jordan",-0.00745814288014579,-0.00741108017845415,-0.00962791734939394,-0.00875217285798546,-0.00991703738905247,-0.00714750765936767,-0.00610275817946859,-0.00712761115247951,-0.0094888525141138,-0.0153309173067715,-0.0217969895743094,-0.0275640720577183,-0.0309191878765662,-0.027847478839278,-0.0237848076521469,-0.0151809511508342,-0.00538414765808326,0.000127433380517017,0.00578503830606758,0.00552010570814065,0.00298773245121753,-0.00657678562146924,-0.0127109673642861,-0.0142237107163277
398,"KAZ","Kazakhstan",-0.038149075261429,-0.0472413793694179,-0.054979474897831,-0.0558229340568648,-0.0533364524676292,-0.0491678366373046,-0.0405541346088167,-0.0327329247856957,-0.0288862395638482,-0.0221897701372886,-0.0248562832630402,-0.0192320790064702,-0.0258211597523402,-0.027563677089708,-0.0288720347152637,-0.0273216573724512,-0.0255340957589889,-0.0220186979349812,-0.0181006170677914,-0.0138781382485093,-0.0166423659031647,-0.0165573658539129,-0.0222858190085838,-0.0251516001780276
404,"KEN","Kenya",-0.00486962335997443,-0.0044444212637369,-0.00909075852287977,-0.011562610706663,-0.0121820981825558,-0.0111715497409128,-0.0124785108154926,-0.0162577796126778,-0.00788321942113013,0.00201216337325127,0.0115568880013923,0.0142417090782765,0.0131232219400781,0.00833279916736607,0.00145537058818124,-0.00523801933426649,-0.0143624186446949,-0.0250439950068396,-0.0259675620847326,-0.0239877577564805,-0.017674012720262,-0.00762355577241847,-0.00383980331313349,-0.00313862748758087
296,"KIR","Kiribati",0.0100994591154369,0.00894096081130624,0.00667558792167622,0.00642530811085096,0.0118359946076827,0.0163141217207672,0.0234804613368176,0.0285791833398412,0.0298878879963824,0.0265596770541243,0.02089100019557,0.0273627153975313,0.0283169998574915,0.0206509456227404,0.0119703500928467,0.00929720895256603,0.00219845489782844,-0.00322300715259305,-0.00249406333724478,-0.00390801961773335,-0.00470764367776255,0.00485009321297025,0.0093776072872962,0.00780980665915432
689,"XKX","Kosovo",-9999,-9999,-9999,-9999,-9999,-9999,-9999,-9999,-9999,-9999,-9999,-9999,-9999,-9999,-9999,-9999,-9999,-9999,-0.0394061731908287,-0.0440136154413611,-0.0415908703852235,-0.0322066206627567,-0.0309649755866284,-0.031831893445726
414,"KWT","Kuwait",-9999,-9999,-0.00396394024989211,-0.0122911455104544,-0.0131605394097578,-0.0124796540620292,-0.0135268652700119,-0.0186826578827546,-0.0210535427905082,-0.025980793213651,-0.0222262712795205,-0.0152683206428579,-0.0101812404337276,-0.000434378373719291,-0.00180733224448648,-0.00863438965183527,-0.00451890067505478,0.00165027481781044,0.0026980839918509,0.0040511776418326,0.0119252114763837,0.022871350814673,0.0287838459591467,0.0353774374278737
417,"KGZ","Kyrgyzstan",-0.0550661401537006,-0.0566626220052028,-0.0614253134343586,-0.0590620085796038,-0.0527700586904334,-0.0422768087082239,-0.0373557811112379,-0.0298360830709906,-0.0235773676507187,-0.012289119939631,-0.0102470924107394,-0.0099310026176378,-0.0128946393341305,1.59300406934459e-05,0.00650759665658396,0.0123364703069049,0.0146746612855004,0.00959473616772111,0.00305049283187397,0.00256863013392872,-0.0103830232401823,-0.0197654189829317,-0.0254666143640815,-0.0223446148317629
418,"LAO","Laos",-0.0416499511079066,-0.0424884755294129,-0.0423949469188136,-0.0399799661347792,-0.0380118585953577,-0.0343657798073508,-0.0326032769609855,-0.0316332880492344,-0.0295672756045616,-0.0301433640397413,-0.0316747805593246,-0.030036567480781,-0.0309882483665084,-0.0297032251720494,-0.0279821222068707,-0.0262937067111727,-0.0144867592059412,0.00869263726870528,0.0297118163055874,0.0432180288435533,0.0497222729740667,0.0539662931760465,0.0537092857076789,0.0469062962241784
428,"LVA","Latvia",-9999,-9999,-9999,-9999,-9999,-0.075761121966453,-0.0742827805201589,-0.0685560952465827,-0.0649735645491589,-0.0597090925043712,-0.0476894173842093,-0.0317722280785862,-0.0185157478885523,-0.0105946981149476,-0.00449939880318506,-0.00213907662636892,-0.00422637781011581,-0.0101307280453825,-0.0201978918463133,-0.0295905906538894,-0.0338691484295309,-0.0289454185467666,-0.0257261703446843,-0.0277678377263169
422,"LBN","Lebanon",-0.010267547251946,0.0110574837861448,0.0135784138678345,0.0138176997067538,0.0159654291079634,0.00879818935370769,0.000603200517670599,-0.0172974124071145,-0.0329843766794369,-0.0370027344684317,-0.0337688141642368,-0.0374837782244603,-0.0357195001618611,-0.0293184605788914,-0.0167390528359956,-0.00507602172489718,0.00887783733490854,0.0172528265794707,0.0173431937604254,0.0197369602732198,0.0282823901566212,0.0354722267436833,0.0455436895820183,-9999
426,"LSO","Lesotho",-0.0280537229439893,-0.0217406010896275,-0.0179216484001633,-0.0150801441047373,-0.0126366935687058,-0.012288953461966,-0.0114568065122136,-0.0149988460833573,-0.0184282831938345,-0.0272204367332468,-0.0231228130616636,-0.0214115166758043,-0.0127647339543219,-0.00919093723081554,-0.0161517826142524,-0.0207974605935124,-0.026075442472932,-0.0331231115279478,-0.0307539806543021,-0.0325889444467823,-0.0306604315942038,-0.0317919162195759,-0.0164687210988574,0.0053846484347877
430,"LBR","Liberia",-9999,-9999,-9999,-9999,-9999,-9999,-9999,-9999,-9999,-9999,0.0420692133078482,0.0274397931431896,0.00720619250616994,-0.0168895318460019,-0.0229156652456863,-0.0234844774268044,-0.0226881755259897,-0.018442056269392,-0.0122917814617937,-0.0156655043490324,-0.00291911911557896,0.00861287550161038,0.0170629020637427,0.0221476407622183
434,"LBY","Libya",-9999,-9999,-9999,-9999,-9999,-9999,-9999,-9999,-9999,-0.0405174446002905,-0.0441267266072513,-0.0397662813020032,-0.0127013593727845,-0.00986410042639263,-0.00735807796354204,0.0173260108647353,0.0331914809274345,0.0385511168897623,0.023798151343865,0.00813052663835934,0.00990801123144824,0.00690020108930467,0.0320804254928857,0.0307732730651764
438,"LIE","Liechtenstein",-8888,-8888,-8888,-8888,-8888,-8888,-8888,-8888,-8888,-8888,-8888,-8888,-8888,-8888,-8888,-8888,-8888,-8888,-8888,-8888,-8888,-8888,-8888,-8888
440,"LTU","Lithuania",-9999,-9999,-9999,-9999,-9999,-0.066374125730745,-0.0653375509878122,-0.0611088683893687,-0.0569804185090722,-0.0515831103636392,-0.0429356352380458,-0.0345960456503961,-0.0263405895469635,-0.0188356928138053,-0.0191612230990628,-0.0200297045347994,-0.0200980409211796,-0.0224675628030744,-0.0257385868813701,-0.0330984726132634,-0.03620326682263,-0.0347116269689398,-0.0336656739697104,-0.0351688998579969
442,"LUX","Luxembourg",-0.0874402507669025,-0.0887802105769202,-0.0828911216565972,-0.0688803582334647,-0.0486913924721543,-0.0238990496445359,-0.00891023491677656,0.0039524540082867,0.00506392484488716,-0.00217365207950626,-0.0105421891157976,-0.0180365362739601,-0.0245800414019927,-0.0289020334770989,-0.0341761457909429,-0.0353447143816764,-0.0356902321945746,-0.0388786337682069,-0.0442337061634401,-0.0452230318322344,-0.0434968969758379,-0.0459350025325616,-0.0443797317620638,-0.0457287327301866
446,"MAC","Macao",0.0228704977150009,0.0316843596366805,0.039811237161244,0.0264865460944936,0.00870674202980903,-0.0133814384350047,-0.0377057272205421,-0.0639601321779588,-0.09504087760033,-0.120480597206078,-0.110975484603533,-0.123442418273449,-0.128725545505649,-0.138872214485911,-0.149572767736895,-0.138473135145946,-0.0888519975281384,-0.0431142472341635,-0.0106047111465889,-0.0144052439972668,0.0180675589670851,0.0556620805303634,0.0702407077156715,0.082562860242438
450,"MDG","Madagascar",-0.00646434997923673,-0.0154712932993399,-0.0241617861813969,-0.0267820859217047,-0.0269823692006688,-0.0299891980749318,-0.0256499656213135,-0.0241194090920477,-0.0214031364072087,-0.0211662047599935,-0.0168266959533778,-0.0131320237073579,-0.0146438431609934,-0.0113223688868433,-0.00866796928630242,-0.00975340694658922,-0.00631868840398442,-0.0063782953934185,-0.00724469434388619,-0.0161492121847793,-0.0189787507406466,-0.0152776978326228,-0.014350754540316,-0.0137223386207623
454,"MWI","Malawi",-0.0263662206495318,-0.025215906769618,-0.0242983370425927,-0.013606349051026,-0.00656061602098468,0.00212950297777836,0.0043268438179096,0.00437213893388089,0.000750854770200426,-0.00282997222201464,-0.0107383591052689,-0.0160634239027846,-0.0199568366558717,-0.0179755509113192,-0.0152133459909749,-0.0136727863470635,-0.010503280222206,-0.00639277522385939,-0.00260358037626618,0.00648208428161023,0.0120967805943251,0.0216865787697718,0.0278997397433129,0.0344057658263239
458,"MYS","Malaysia",-0.00316590016130036,-0.00715403433488382,-0.00566106520114595,-0.00625285402575537,0.000164326061532716,0.00351796179779318,0.00867092822740023,0.0068602181737818,0.00414308869936142,0.00400351725324088,-0.00215877612804383,-0.00801755545861638,-0.0126809233585781,-0.0190951816053131,-0.0163543379032726,-0.0128403357588819,-0.0139163384083318,-0.0176980353388175,-0.0237222702358491,-0.0245670711218646,-0.0240202894609739,-0.0206395201454198,-0.0175545076002442,-0.0166912610829224
462,"MDV","Maldives",-9999,-9999,-9999,-9999,-9999,0.0410536494677909,0.0433069834638196,0.0419142394251346,0.03715495249931,0.0186895477241567,0.0175714524422224,0.0150244425298998,0.0122993560777418,0.0233857038933645,0.0113877004850162,0.0148071078895289,0.016576028278787,0.017579290946315,0.0140473543230903,0.0103844728361924,0.0145770909178686,0.030692807473385,0.0227675497853939,0.0127182728181465
466,"MLI","Mali",-0.0107596479135474,-0.00446330631009395,-0.0127910536861852,-0.0169128833056346,-0.0227688376857237,-0.0227176532636844,-0.021708695554651,-0.0214512234286245,-0.020439307233648,-0.0178386699209666,-0.0155947280588723,-0.0084627753875266,-0.00921231924456289,-0.00683538330615718,-0.00687540185660884,-0.00368737625732585,-0.00264674345680438,-0.000434400548871117,0.000662243586328604,0.00174172655185001,0.000102523005926169,0.00209706344479499,0.00296351587894184,0.00551711870284577
470,"MLT","Malta",-0.0407845398857879,-0.0499620976193309,-0.0540653709145237,-0.0569663822813458,-0.0432787969468825,-0.0337618210536448,-0.0328053356105353,-0.0285096693494349,-0.0235753096961123,-0.0211554130967576,-0.0187605864641424,-0.0278211771424842,-0.0284489320502067,-0.0283517380453632,-0.0321372689416457,-0.0370296364965621,-0.0611208176574652,-0.0859247362573256,-0.101534338566593,-0.112170414872436,-0.115771289378529,-0.107728968679162,-0.0960537290372265,-0.076628047966137
584,"MHL","Marshall Islands",-9999,-9999,0.0306749840678047,0.0338292359326486,0.0350781601761736,0.0344579947640056,0.0244394503670711,0.0214091067332129,0.0194709677515605,0.0244115586347124,0.0240612134110594,0.0265703101981221,0.0259228895813566,0.0239703360538526,0.0183070333328579,0.0178620540504077,0.0115754883144152,0.00625608496026819,-0.000660711143652626,-0.00317740730972049,-0.0105216147549032,-0.0160239807878989,-0.0171285797216492,-0.0186798958604479
478,"MRT","Mauritania",0.0021190019216033,0.0124036991647225,0.0236293306488082,0.0305783491789644,0.0307366656572163,0.0278874178434607,0.0150209668465966,-0.00372335541370417,-0.0154149637708136,-0.0276161687832855,-0.032829884148206,-0.0300430915581228,-0.0247723090472924,-0.0170553130948072,-0.0116886649473621,-0.00582579127123906,-0.00144141266576747,-0.00450685052992139,-0.00560841694832126,-0.0105540057295025,-0.0121005131477908,-0.00917277898567015,-0.00596231307892681,-0.00446474044304013
480,"MUS","Mauritius",-0.00928779060646012,-0.00458786215460416,0.000453896099378737,0.00565818784888017,0.00864173687219538,0.00366335508837445,0.00331102260271332,0.00905060819172321,0.00894126918029681,0.00626790277035938,0.00454914115975447,0.00362984561141944,0.00254148696096723,-0.000108462157956124,-0.00421550814977223,-0.0102179632772407,-0.0166493245011813,-0.0145606900885225,-0.0119782548919446,-0.0120661492052717,-0.013142626199389,-0.00946812371220662,-0.0051356595331602,-0.00406151876413374
484,"MEX","Mexico",-0.00521947365852637,-0.00657570879351976,-0.00573701406725557,-0.00539739214597812,-0.00325176891358958,-0.0034624413375467,0.000776716655305654,0.00207154088671313,0.00254378946547118,0.0026087784463622,0.00400992215692697,-0.000259933707362436,-0.00222712133480141,-0.00448303596934185,-0.0049657632243113,-0.00894672905622851,-0.0125210097636748,-0.0166257200697519,-0.0217584174767307,-0.0256323603797382,-0.0243138662062927,-0.0205875330319556,-0.0150935360442379,-0.00726221298509
583,"FSM","Micronesia",-9999,-9999,0.0532815755955112,0.0271116798615259,-0.00113093359525973,-0.0299915362794719,-0.0465167173866217,-0.057072392886669,-0.049933481248863,-0.0434160589740494,-0.0244713936504786,-0.0225244034312749,-0.0174775710846706,-0.0113360564526138,0.00400338961954971,0.0178580544529892,0.0202197245384912,0.0185574237167268,0.0208520635591201,0.0157724531312151,0.0227393903561801,0.0136171040064563,0.0102576601840534,0.00788508914485742
498,"MDA","Moldova",-9999,-9999,-9999,-9999,-9999,-0.103290348496013,-0.0913703601142348,-0.0669691004275302,-0.0565623959597505,-0.0454736988003505,-0.0400407400713543,-0.0400914220194012,-0.0392454023595132,-0.03751321457226,-0.0356023871263264,-0.0352987037140255,-0.0335491458943369,-0.0311363982419328,-0.0267852711182467,-0.024006529993117,-0.0241360835471055,-0.0184389966706816,-0.0166170995822332,-0.0118166686904437
492,"MCO","Monaco",-8888,-8888,-8888,-8888,-8888,-8888,-8888,-8888,-8888,-8888,-8888,-8888,-8888,-8888,-8888,-8888,-8888,-8888,-8888,-8888,-8888,-8888,-8888,-8888
496,"MNG","Mongolia",-0.0107465012701012,-0.0222558204789527,-0.0267031871761206,-0.0316520347552198,-0.0379605779357386,-0.0492571772248717,-0.0543327174333722,-0.0547267478075631,-0.0481570051192881,-0.042841424616299,-0.027992477437187,-0.0103360311512591,0.0090279239741653,0.0270994184478344,0.0391185474656814,0.0284219209402194,0.012304148353343,0.00373033315126747,0.00496015580690834,0.00310972401176768,0.00485303174238205,-0.00143102152204289,-0.00457498495737352,-0.00161976241830442
499,"MNE","Montenegro",-9999,-9999,-9999,-9999,-9999,-9999,-9999,-0.00964877380690676,-0.011470112454149,-0.00942561670840469,-0.0285982072462141,-0.0277807379367608,-0.0256047683960574,-0.0221768038674627,-0.0194961297633947,-0.0145602250959116,-0.0151622659497456,-0.017634065383254,-0.0202621121410697,-0.0147915776373498,-0.0241307234037667,-0.0112046882220916,-0.00863181279766279,-0.00911539596341127
504,"MAR","Morocco",-0.00306854699468251,-0.00301079307441432,-0.00573457050995729,-0.00723299270220623,-0.00937120462196261,-0.0100143928562406,-0.00537967837226883,-0.0071408331670636,-0.00606821016979253,-0.00809179265239757,-0.0104521077838019,-0.0100536446537264,-0.0107382141127494,-0.0114684547513565,-0.0163641769437987,-0.0172397816972759,-0.0163763230278124,-0.0167342077841793,-0.015417670142356,-0.0142223569493031,-0.0117525645808284,-0.00514132674590795,0.000362667398987382,0.00315440355663577
508,"MOZ","Mozambique",-0.0566361360401143,-0.0652928884570834,-0.0720830462513533,-0.0674276838160867,-0.0625285393881676,-0.0585217157483879,-0.04752363278155,-0.0431827941866926,-0.0443775482163435,-0.0410040284177965,-0.04795179187062,-0.0512140479668738,-0.0500767837952081,-0.0439702865312482,-0.0357884489708973,-0.0252111496593554,-0.0175311618060107,-0.0147503575726606,-0.0124081444739138,-0.00578685277917945,-0.0114730060262044,-0.017485108862285,-0.0180281328845773,-0.0167913379819294
104,"MMR","Myanmar",-0.0341155584148236,-0.0384432153745529,-0.046510661701335,-0.0533623814802112,-0.0603926952428598,-0.065491453005309,-0.0705198347719395,-0.0747631594254184,-0.080173470440984,-0.0853526269357364,-0.0857379464766316,-0.0831727951159292,-0.0816107553706668,-0.0812166646355599,-0.0792568248181987,-0.0732307263082471,-0.0630749111714889,-0.0545384355358672,-0.0441383006688892,-0.0440557742173526,-0.0460557782265574,-0.0457188574317922,-0.0338112180262335,-0.0258678220332637
516,"NAM","Namibia",-9999,-0.0198282916683729,-0.0162379704654356,-0.0236310498770158,-0.0258617605453512,-0.0278451685639055,-0.0249394906101027,-0.0198893574400947,-0.0234928424615563,-0.0300174461376622,-0.0218219317131377,-0.0154916336015304,0.00682973823780464,0.0212248525337764,0.000700261923563428,-0.0212804814945573,-0.0364556614613385,-0.0403924343265487,-0.0457331119567845,-0.0609759886477119,-0.061839427868573,-0.0478121184357864,-0.0150080495374024,0.0257850681319887
520,"NRU","Nauru",-9999,-9999,-9999,-9999,-9999,-9999,-9999,-9999,-9999,-9999,-9999,-9999,-9999,-9999,-0.104998835364913,-0.100838887257983,-0.078411657165516,-0.0677257991338537,-0.0364888996303334,-0.0324682939811264,-0.0301571965765451,-0.0229284488268396,-0.0199989846092958,-0.0270589538306922
524,"NPL","Nepal",-0.0220112843110286,-0.0214179994508275,-0.0225582973859195,-0.0243510295153991,-0.0246895677331632,-0.0275534393867738,-0.0263639453263437,-0.0262607859612696,-0.0261302186511977,-0.0253320424174717,-0.0216863643617048,-0.0197635891938786,-0.0178230629204712,-0.016517155623888,-0.0141645657132504,-0.0129343197650549,-0.0140021771172911,-0.0106580913436662,-0.00922091962354865,-0.00815798756330877,-0.0104655403086359,-0.00915759663634208,-0.00851321512023739,-0.0116608824376342
528,"NLD","Netherlands",-0.0360452884589744,-0.038641052080028,-0.0379699138854043,-0.0374533138607288,-0.0362446186371191,-0.0333971314744667,-0.0310986076346889,-0.0285671494242647,-0.0283826568480987,-0.028144970004382,-0.0294521653280723,-0.0268294625186538,-0.0284309086137005,-0.0275146166816523,-0.0238104393227699,-0.0196889720501418,-0.0156818602045703,-0.013971651975166,-0.0135853835736568,-0.0146891126274307,-0.0198809614720872,-0.0216263914052361,-0.0274311316163153,-0.0351347377684821
540,"NCL","New Caledonia",-8888,-8888,-8888,-8888,-8888,-8888,-8888,-8888,-8888,-8888,-8888,-8888,-8888,-8888,-8888,-8888,-8888,-8888,-8888,-8888,-8888,-8888,-8888,-8888
554,"NZL","New Zealand",-0.0243827361810973,-0.0264648973582654,-0.0252021439278064,-0.0223495401864494,-0.021484130027528,-0.0219878640809469,-0.0225957723547695,-0.0236227434496572,-0.0238747351902305,-0.0233088512516073,-0.023102287510441,-0.022673359627137,-0.0214271260909192,-0.0191335724087349,-0.0180973104179488,-0.0187863088538202,-0.0201949196112781,-0.0233809073217056,-0.0271487391717781,-0.029387969481686,-0.0311267953442443,-0.0318824116179095,-0.0336081291018286,-0.0339383145647576
558,"NIC","Nicaragua",-0.0135397127445006,-0.0103887226503593,-0.0157187129080609,-0.0136510289904351,-0.00438513025264153,0.0017362506898877,0.00176530638417915,-0.00342937590298886,-0.00807831109484947,-0.0155477390974049,-0.0161973854894255,-0.0176776061386902,-0.0174705692540983,-0.0175522376809073,-0.0144962804292664,-0.013688605597718,-0.0111591141188685,-0.0105008044932119,-0.0131683131613098,-0.0148533647840633,-0.00955933374381623,-0.00429594401011102,-0.00113542053057969,-0.00140339322066763
562,"NER","Niger",0.0202573905292183,0.0188574474779033,0.0157855491794252,0.0110928510156683,0.00896903038489949,0.00845031345440495,0.0053466376569189,0.00315770504920465,0.00337129827247917,-0.00136763056264166,-0.00220892925524618,-0.00565574256208123,-0.00896967517709701,-0.0138398130961294,-0.0157714586143866,-0.014783721477766,-0.0146290340540979,-0.0149457514850967,-0.0131417277810895,-0.0134475095707595,-0.0102981752884648,-0.00978277364501146,-0.00611640211777009,-0.00775111974210962
566,"NGA","Nigeria",0.0484095020606339,0.0360093713623932,0.0197642562079681,-0.0119818930549314,-0.0383600847852972,-0.0549350300707518,-0.0649256567447799,-0.0692473655492444,-0.0763788729515258,-0.083549087417135,-0.0912627300597381,-0.0836109183613518,-0.068528654767438,-0.0647749821594159,-0.0563478649002978,-0.0488212597373966,-0.0410847397545433,-0.0334393025710413,-0.0281715512222487,-0.0243733794735169,-0.0230008245634544,-0.0186196045768825,-0.0124532409186544,-0.00990750466601997
570,"NIU","Niue",-8888,-8888,-8888,-8888,-8888,-8888,-8888,-8888,-8888,-8888,-8888,-8888,-8888,-8888,-8888,-8888,-8888,-8888,-8888,-8888,-8888,-8888,-8888,-8888
408,"PRK","North Korea",-8888,-8888,-8888,-8888,-8888,-8888,-8888,-8888,-8888,-8888,-8888,-8888,-8888,-8888,-8888,-8888,-8888,-8888,-8888,-8888,-8888,-8888,-8888,-8888
807,"MKD","North Macedonia",0.00918804301914156,0.00717084781226007,-0.00693082010931256,-0.0189863564170498,-0.0265928640192389,-0.0312234312995899,-0.0341273510280135,-0.0306508947063928,-0.0306467603398364,-0.0263434620439895,-0.0290150820896484,-0.0333793268351412,-0.031744183224853,-0.032906780849716,-0.0348816557448594,-0.0377068252306481,-0.0409026049435297,-0.0447554764944148,-0.0420421732100233,-0.0427795771247084,-0.0403491178572389,-0.0358489520021709,-0.025028575400496,-0.0141696364661769
578,"NOR","Norway",-0.0167231974740112,-0.014728970549111,-0.0140192491883223,-0.0164861259519596,-0.0153377028247403,-0.0141788563311692,-0.0163866514929152,-0.0162983916861869,-0.0167631907217964,-0.0179733274675107,-0.0190074233810547,-0.0182749688622809,-0.0178743691949508,-0.0187151108358546,-0.0165005155270969,-0.0145297170991927,-0.014087284254804,-0.0146607619793497,-0.0157276326380187,-0.0166064135389777,-0.0196329859807156,-0.0189283511796136,-0.0199257583952884,-0.0221997130656758
512,"OMN","Oman",0.00270505227791773,0.00725785448327754,0.0150837721306487,0.0207911833707703,0.0320843927836549,0.0374818161641894,0.0431673588399486,0.0478579396552854,0.0487442611670583,0.0366746105573748,0.0225363585580947,0.0129282753976516,0.00296688254052402,-0.00297809289438211,0.00283072673565044,0.00149693389454519,-0.000562682597057385,-0.00161602307604625,0.000453053987209184,-0.00128133295918942,-0.0117433937059551,-0.0118278190565581,-0.00622255252914417,-0.00140967240954348
586,"PAK","Pakistan",-0.00251570377352284,0.000369532519629789,-0.000700667891699647,-0.00200720172342694,-0.00265808260439571,-0.00323005294513368,-0.00647590272971943,-0.0081100761302102,-0.00881822608375971,-0.00852020737759895,-0.00793440220289143,-0.00822482767950738,-0.00936911181580036,-0.00961756750480669,-0.0108348899595011,-0.0124058293373189,-0.0146000642769067,-0.0136734294224288,-0.0107866734356823,-0.0107103584640392,-0.00958527838775824,-0.00739188828053727,-0.00463438017168438,-0.00800613109542636
585,"PLW","Palau",-9999,-9999,-9999,-9999,-9999,-9999,-9999,-9999,-9999,-9999,-0.00648233096867512,0.00387215641861505,0.0116172824556282,0.0110819449506732,0.00550969684478653,-0.00740491833629153,-0.0209265992384111,-0.0287984074413866,-0.0305241217006802,-0.0367209942496611,-0.0319374368064433,-0.0214648915337473,-0.00137348225464584,-9999
591,"PAN","Panama",-0.00865199907966141,-0.0104760247378785,-0.00417955069998621,-0.000473726399160102,-0.00134493966502292,-0.00604027131144547,-0.0107214760725889,-0.0124883877227876,-0.0236734669804125,-0.0315486572596104,-0.0353478534836544,-0.0385128368936665,-0.031821503179318,-0.0332974136751626,-0.0318928889879814,-0.035011543748764,-0.034400180923616,-0.0342156770105994,-0.0374868882098078,-0.0444769450798319,-0.0369434506928105,-0.0248406696475719,-0.0154892970825513,-0.0143511530851078
598,"PNG","Papua New Guinea",0.000532651726970146,0.0222217390944215,0.0393636195164737,0.0543209196679979,0.0562186034265457,0.0542715591022871,0.0515925544762332,0.039019741079193,0.0274037866744825,0.0390583045232746,0.0118379353506646,-0.0149842490127658,-0.0357958403389901,-0.051269458833255,-0.061638636948885,-0.0575229028810619,-0.0473529689368756,-0.0343739029204644,-0.0212348659550025,-0.000671562739337883,0.00744723919421308,0.00371213108876001,0.00373244108013226,-0.00377013320528741
600,"PRY","Paraguay",-0.00415533167128612,-0.00311853851015975,-0.00244155050958528,-0.00201030853682438,0.00222304095787473,0.000846212813391922,0.00148815653089795,-0.00145670206271042,-0.00356466961697011,-0.00962632130340269,-0.0107621337295409,-0.0160075290003486,-0.0158226168599537,-0.0131649140613965,-0.00956168529223711,-0.0107196490235634,-0.0116487534808858,-0.0129658092066551,-0.0106010468677424,-0.0156875562267487,-0.0149856066019561,-0.0133373817601899,-0.0127843987565229,-0.00889643348989977
604,"PER","Peru",-0.0177427416731575,-0.0140416068308299,-0.0142896436534582,-0.0144886213367595,-0.0139597314390703,-0.0156946045922797,-0.0178940584209482,-0.0253060310801406,-0.0293802268422669,-0.0335450045828088,-0.0291027936209283,-0.0248234966245328,-0.0232957157829284,-0.0225317155560155,-0.0260370243924898,-0.0228430867559184,-0.0192268654925488,-0.0189643082435179,-0.0158620813079065,-0.0179060766557674,-0.0142569159148698,-0.0103888029675203,-0.00868622995829471,-0.00514959052141917
608,"PHL","Philippines",0.0047761093849783,0.000968190473171981,-0.00355737540900025,-0.00776807648545985,-0.0134345776076832,-0.0176239351944546,-0.0214018862575706,-0.0285129119937838,-0.0327394046789281,-0.0361980405805392,-0.035093331512383,-0.0327366947028791,-0.0302752450622491,-0.0279103666578432,-0.0253705439984048,-0.0228020690946018,-0.0202643665919788,-0.0208748662824273,-0.02040920041959,-0.0194036057605311,-0.0189813565817781,-0.0146827533935416,-0.010830223213923,-0.0098252206929238
616,"POL","Poland",-0.0574215136378026,-0.0680926846239712,-0.0702139907955772,-0.0703354495037477,-0.0661378946499325,-0.0609856728103428,-0.0548513526075534,-0.0456157180425023,-0.0390566529426158,-0.0377169581815729,-0.0397229500941937,-0.0405772772733077,-0.0416399027732184,-0.042379900928626,-0.0404404695618494,-0.0405038022369206,-0.0398532247176653,-0.0360947719031512,-0.033177079414409,-0.0334877364781023,-0.0392397082855226,-0.0406057177333943,-0.0398215125697333,-0.0403145656025815
620,"PRT","Portugal",0.00450346950275393,0.002553627911976,-0.00234202646392967,-0.00147272757185146,-0.00386763605902796,-0.00433287454843345,-0.00174426009917406,-0.00650339539334854,-0.013283097189513,-0.0194720356176837,-0.0202029244849111,-0.0261010861332143,-0.0311570725211765,-0.0299582174188807,-0.0302551682765069,-0.0273481163601208,-0.0177833165284943,-0.0124349871235623,-0.00588826671168019,-0.00535679754553153,-0.00814570740325349,-0.0139475004270651,-0.0224369896750352,-0.0291865183387825
634,"QAT","Qatar",-9999,-9999,-9999,-9999,-9999,-9999,-9999,-9999,-9999,-9999,-0.0720438056568341,-0.0758417308676803,-0.0726101595169447,-0.0638256061333428,-0.0519713114725373,-0.0422869208325982,-0.0341039557774222,-0.0273878944070459,-0.0186972289373141,-0.0152268638793461,-0.0116904825566433,-0.00721906292911056,-0.00148282109469422,0.00401033931808636
178,"COG","Republic of Congo",0.0722895835820925,0.0744639341401381,0.0638041761330237,0.0251579024963724,-0.00483694516814681,-0.0214233802199231,-0.0275686249104794,-0.0282132484876738,-0.0263988427480281,-0.024046912221791,-0.0169379597581945,-0.00641857832020376,0.000101802133964268,-0.0221338989707279,-0.035196734169845,-0.0468161766760042,-0.0453362587730604,-0.0328329539735067,-0.0158243343061119,0.00810326990813115,0.0309974159515436,0.0524050219843792,0.0653114749407533,0.0669466250758297
642,"ROU","Romania",-0.0454354493582693,-0.0463025826766574,-0.0469773541947943,-0.044189179322643,-0.0409393617461727,-0.0417499728403079,-0.0430358908806359,-0.0433929432252808,-0.0410787561117583,-0.0434902805422305,-0.0533716375093772,-0.0554702712618792,-0.0531299284204914,-0.0505161874695526,-0.0473975408994772,-0.0453359705702073,-0.0434118017089357,-0.0416550939513087,-0.0389032107483608,-0.0398941630339552,-0.0462077382879155,-0.046186396884709,-0.0424908402273922,-0.0403249966961894
643,"RUS","Russia",0.00315434065547593,-0.00594367068457091,-0.0153178579681216,-0.026175805129844,-0.0352800513680795,-0.0430154731961502,-0.0480238757696413,-0.0498866612820291,-0.0549956138725589,-0.053592663557935,-0.0482401257998407,-0.0431456268352888,-0.0361970826079405,-0.0295694748078501,-0.0247365529656292,-0.0203964860189713,-0.014942241634985,-0.0101992250788714,-0.00832433062046012,-0.00788315924002359,-0.00683023927446491,-0.00483632124507072,-0.00306787184099655,-0.00250375298322292
646,"RWA","Rwanda",0.000934065339689427,-0.0237994300446648,-0.0476298767357749,-0.079538217491353,-0.103910690392637,-0.0844978536973793,-0.0757863850683411,-0.0641869206664308,-0.0465653869240606,-0.0470348301108704,-0.0418198664149413,-0.040519770479034,-0.0412790148691585,-0.045725276013077,-0.0443530370308179,-0.0427074791790436,-0.0402325916893858,-0.0388196215983305,-0.0354048138362789,-0.0344600714673717,-0.0337662142388477,-0.0277651606969831,-0.0266491040169183,-0.0292394694027983
652,"BLM","Saint Barthelemy",-8888,-8888,-8888,-8888,-8888,-8888,-8888,-8888,-8888,-8888,-8888,-8888,-8888,-8888,-8888,-8888,-8888,-8888,-8888,-8888,-8888,-8888,-8888,-8888
659,"KNA","Saint Kitts and Nevis",-0.00559722788108641,-0.00471847060866204,-0.00364621278419308,0.00107682489448346,0.00599459455407025,0.010974076025503,0.00582495304022412,-0.00191061710981899,-0.00581359692956218,-0.0122429363482813,-0.0121393488919537,-0.013736692114268,-0.0155848369254815,-0.0165274871495498,-0.0153743112713415,-0.0127569998424755,-0.0158310873008695,-0.0201865061065507,-0.0188745382606335,-0.0220071103421643,-0.020303886552644,-0.0129506345525214,-0.00414628716635823,-0.00230411220755355
662,"LCA","Saint Lucia",0.0296646635333637,0.0297086273545526,0.0318680502032835,0.0296773348251176,0.0267842124066038,0.0221168012242154,0.0150793178135711,0.00713702682444772,0.000500611892242597,-0.00705650344709385,-0.0113285957256807,-0.00748488217385201,-0.00333252834492481,0.00162731808774352,0.00747841386306769,0.010987028102436,0.0122898012513069,0.00940445982424976,0.00641574850055648,-5.31789252696813e-05,-0.0053250055452787,0.00965528808065197,0.0123396970352854,0.00750983960765716
670,"VCT","Saint Vincent and the Grenadines",0.0283302931440716,0.0218911295240376,0.0217383447904218,0.0122519578031515,0.0049765868895828,0.00697745434178865,0.00526464370979629,-0.000853810770620522,-0.00679485819290593,-0.00866709523808695,0.00155834089419793,-0.00368859477622241,-0.00114784486369823,0.00135236709482633,-0.00160658716471762,0.00426083094813001,0.00377618416609904,-0.00215739218497624,-0.0118474766145038,-0.0201764163387125,-0.0173711361575711,-0.0152937268866403,-0.0145652823796726,-0.0125341370372785
882,"WSM","Samoa",-0.00165332359883963,-0.00585149125198658,-0.00641725348153477,-0.00783111774491907,-0.0117747270594698,-0.0136051392455805,-0.0172507662411473,-0.0213408765669892,-0.0240281000767445,-0.0264219830275022,-0.0253774331437208,-0.0223306605046897,-0.0169155370168406,-0.00888595650449819,-0.00146594788469079,0.00677678701688578,0.0142213211140361,0.014188681523355,0.0123412025961254,0.00289163177715324,-0.00539669448763624,-0.0116519068545925,-0.01036189892831,-0.00504375798226264
674,"SMR","San Marino",-8888,-8888,-8888,-8888,-8888,-8888,-8888,-8888,-8888,-8888,-8888,-8888,-8888,-8888,-8888,-8888,-8888,-8888,-8888,-8888,-8888,-8888,-8888,-8888
678,"STP","Sao Tome and Principe",-9999,-9999,-9999,-9999,-9999,-9999,-9999,-9999,-9999,-9999,-9999,-0.00758148684696969,-0.0132133563258569,-0.0127455371424942,-0.012963678309898,-0.00750629676450021,-0.00204013809253423,0.00407138718702371,0.00490211234871407,0.00176246413932857,0.000953536615875272,-0.000743608579520605,-0.00395986920961156,-0.0079533382547532
682,"SAU","Saudi Arabia",-0.0302264347747426,-0.0316495928197303,-0.023799642584887,-0.00710342638515982,0.0101798642429489,0.0318678616814381,0.0394809363577393,0.0460463739429875,0.0350477692162214,0.0190386074506621,0.00923949142338576,0.00954548228818553,0.00192316261546122,0.00384082868632629,-0.00238549345472772,-0.000213376062706883,0.00238306996675974,0.00772392198845973,0.00522716654843225,0.0029751848427948,0.00583957867994989,0.00750206685845445,0.00149901989053824,-0.00317312954352389
686,"SEN","Senegal",-0.00982490993588381,-0.0118022432128018,-0.0165857798165429,-0.0203074739812417,-0.0245889870332254,-0.0218120402835082,-0.0212324586060967,-0.0180696235679181,-0.0176689193085043,-0.0191658626793124,-0.0170590352755023,-0.00769245347672676,0.000356463475378099,0.0029461032180389,0.0027410054032706,0.00317738108929233,0.00280983596303241,-0.000132720411094023,-0.00631437904237298,-0.0150447355683976,-0.0201504428342306,-0.0219610492957131,-0.0209840419814575,-0.0231422934537209
688,"SRB","Serbia",-9999,-9999,-9999,-9999,-9999,-0.0125932140442362,-0.0237510050193667,-0.0234966120322855,-0.0244235843905389,-0.031648097823383,-0.049025612523264,-0.0568873501316197,-0.0574157008609185,-0.0574743328036277,-0.0525285119170217,-0.0498203306387008,-0.0462722655095213,-0.0335732945216364,-0.0210609816594201,-0.0201378159143308,-0.0223826897905641,-0.021041222018767,-0.0211619935618174,-0.0237114667831964
690,"SYC","Seychelles",0.0187974197021643,0.0183076326880043,0.0269340282238337,0.0278005897783817,0.026589428657626,0.0346192008314321,0.0338475291980658,0.0277249652405855,0.0179298926539679,0.0110745558938032,0.00856489253936132,0.00194472596571282,-0.00899055683973005,-0.0181952930366479,-0.0252013258806915,-0.0199629267834107,-0.0142034698755827,-0.00929203234842579,-0.00713560628909815,-0.00199023379104601,0.00534897772522736,0.0180412116054223,0.0209164159148971,0.0171960597329242
694,"SLE","Sierra Leone",0.0102698130691592,0.00188473232119901,0.000448769882003042,-0.00070945624565133,-0.000134479027149803,0.00123237249401353,0.00562820629350091,0.0113007689728757,0.00749147571166975,-0.00174224868106143,-0.00949414889394429,-0.0215135129953868,-0.0208114423783035,-0.0252638930473396,-0.0351426699164574,-0.040081686232167,-0.0308725814909451,-0.0122227643099949,-0.00626327238763424,-0.00169777296054618,-0.00558276122503432,-0.00795244958633345,-0.00332332222599407,-9.07625297275061e-06
702,"SGP","Singapore",-0.0477065357241836,-0.0481268226799504,-0.042125559437576,-0.0400951175298131,-0.0401462026473335,-0.0363849288656243,-0.058343002433626,-0.0726268601902245,-0.092189543242409,-0.0865759715671883,-0.0786479450282659,-0.0766622213985129,-0.076698269586118,-0.064161081896647,-0.0421956556326939,-0.0259762527998042,-0.00779353512303849,-0.0120193282635311,-0.035046391898826,-0.0277203317823977,-0.0334140058276374,-0.0200514993116239,-0.0255247521602624,-0.0193041816639145
534,"SXM","Sint Maarten",-9999,-9999,-9999,-9999,-9999,-9999,-9999,-9999,-9999,-9999,-9999,-9999,-9999,-9999,-9999,-9999,-9999,-9999,-9999,0.0280959944161812,0.033661161381175,0.0189356291773555,0.00572536395096757,-0.00216097622187861
703,"SVK","Slovakia",-9999,-9999,-0.0521321909826928,-0.0464162535900723,-0.041213801037324,-0.039155624048944,-0.0389468300590231,-0.0413940972283864,-0.0495087990272864,-0.0566907146511434,-0.0604689994333848,-0.0635844176395852,-0.0612860032881717,-0.060057198495178,-0.0554791047853187,-0.0510707340004365,-0.0453391041510982,-0.0390051131792325,-0.0359134483226684,-0.0337451689521929,-0.0334381747885634,-0.0332719086584902,-0.0280645306564459,-0.0258067312490462
705,"SVN","Slovenia",-9999,-9999,-9999,-9999,-9999,-0.0321064216271373,-0.0308373367502613,-0.0291944082606684,-0.0280217671356553,-0.0264976207121562,-0.0285921746180903,-0.03122151329026,-0.0300635329059693,-0.0266684239261749,-0.024872646476348,-0.0276084331482618,-0.028347158847389,-0.0270059429477462,-0.028709569391294,-0.0310451114220525,-0.0351591329818036,-0.0373812530822228,-0.040279915008769,-0.0427996562751917
90,"SLB","Solomon Islands",-0.0106434665482198,0.0060597284479964,0.0277765076410759,0.0442991743840413,0.0556746090781286,0.0593122867452571,0.0524879338619069,0.0417104954250314,0.0292768244570418,0.0131132303179704,-0.0047495871184251,-0.0164307364999913,-0.0223966288125564,-0.0226102476176688,-0.0212645778468653,-0.0228427586780222,-0.0280412234919559,-0.0335000537572069,-0.036373874264595,-0.0369339638907897,-0.034636323490203,-0.0304471349315768,-0.0236327686646501,-0.0126839468978976
706,"SOM","Somalia",-9999,-9999,-9999,-9999,-9999,-9999,-9999,-9999,-9999,-9999,-9999,-9999,-9999,-9999,-9999,-9999,-9999,-9999,-9999,-9999,-9999,-9999,-9999,-0.0523337857824675
710,"ZAF","South Africa",0.0052687777229472,-0.000272967653521139,-0.00515938351727185,-0.0149923885747564,-0.0168950733658579,-0.0148518331071114,-0.0164033315354615,-0.0178761781549678,-0.0165102312226917,-0.01286978205821,-0.00992062716691344,-0.010561643638922,-0.013409457325009,-0.0203439387215782,-0.0224673424364539,-0.0186919330212459,-0.0223491285164904,-0.0231360720612244,-0.0246924718777722,-0.0235562799950527,-0.0174173347112084,-0.0122625633203518,-0.0108467246481498,-0.0129005426806624
410,"KOR","South Korea",-0.012045401743338,-0.0174691210321758,-0.0229953055461138,-0.0273737790620872,-0.0293394547827737,-0.0312737410602479,-0.0326164306277509,-0.0320569191979,-0.0284944895739976,-0.0282246238811888,-0.026318632731205,-0.021498864701484,-0.0156537812180054,-0.0111044324927237,-0.00733064238376913,-0.00625443271899162,-0.00655993717186631,-0.00939817247374786,-0.0123880131259391,-0.0154021601488604,-0.0201867499396714,-0.0243728593452253,-0.0258773062206492,-0.0278350511959871
728,"SSD","South Sudan",-9999,-9999,-9999,-9999,-9999,-9999,-9999,-9999,-9999,-9999,-9999,-9999,-9999,-9999,-9999,-9999,-9999,-9999,-9999,-9999,-9999,0.0593635423996017,0.0271799893142219,0.0440254793454884
724,"ESP","Spain",-0.00283011202033956,-0.00379815974670872,-0.00580186992578857,-0.00476687550967891,-0.00531472088953144,-0.00379259710872282,-0.0010094749146119,-0.00414617754910418,-0.00660012739469018,-0.0136302851422325,-0.0203569277152241,-0.0272695422433551,-0.0328253485184423,-0.0334710942679525,-0.035712258071947,-0.0338569256034371,-0.0287231196297616,-0.0269007318309804,-0.0214314408072982,-0.0204096316363349,-0.0244701728424991,-0.0279741998844963,-0.0282546322256053,-0.0256972689772089
144,"LKA","Sri Lanka",-0.025779098759967,-0.0230269539507555,-0.0207650417083266,-0.0147500807199217,-0.0131717155284065,-0.0111391306188103,-0.0112185231956647,-0.0142084234425361,-0.0196818921844127,-0.0281623029341033,-0.0337515865259893,-0.0380630880849865,-0.0387939967867953,-0.0383548431148321,-0.0406789456979004,-0.0381757262236789,-0.0304248843134148,-0.0228128302552258,-0.0217162754083458,-0.0231069192771524,-0.0198647496625879,-0.0136704381525548,-0.0101378864651124,-0.00848881343667451
275,"PSE","State of Palestine",-9999,-9999,-9999,-9999,0.0206610836706564,0.0428501203321137,0.0608091163600464,0.0666196096138569,0.0451422150505738,0.0320568304683964,0.00509729413803894,-0.00848905870569872,-0.025809150028433,-0.0469457209107916,-0.0645445033764696,-0.0516737257331316,-0.0267532507562567,-0.00927510341150495,0.0100896062890334,0.0127596986092162,0.0171811876804844,0.0232904440624619,0.0246545546928432,0.0169935336053524
729,"SDN","Sudan",-0.0120536120410843,-0.0150358764963086,-0.0214146899319393,-0.0255727323441876,-0.0285842769624105,-0.0249981439802719,-0.0223242711788245,-0.0201895200434349,-0.0232564912136686,-0.0263590204095361,-0.0236009804305595,-0.0213191959382463,-0.0187175284593287,-0.00227841147743901,0.0126073459997318,0.0232661931862068,0.0318174734645282,0.0333077865818345,0.0312776484756008,0.0276582415287898,0.0252601855854351,0.0194823071437666,0.0121799730047896,0.0162080593025182
740,"SUR","Suriname",-1.6930047270769e-06,-0.00997168116610392,-0.0136755554835907,-0.0336648003343406,-0.0475300320313877,-0.0606512083891249,-0.0695789684269262,-0.0705335569380113,-0.0720103854821188,-0.0658148741177513,-0.0527157173427443,-0.031615583007149,-0.00125024937872464,0.00440909612720031,0.0166017193527426,0.0247761034278886,0.0222879816851027,0.0259020889217474,0.0151988725328926,-0.00243413500543055,-0.00888343222320509,0.00184760828731445,0.0239690214940438,0.0328255383366525
752,"SWE","Sweden",-0.0181177953212148,-0.0281324702376734,-0.0351164556587079,-0.0387643049261793,-0.0381437662485936,-0.0367100203809929,-0.0355917322428623,-0.0297491803788174,-0.0271722623998859,-0.0261381816191103,-0.0272291227872022,-0.0272842543412256,-0.0301646165700928,-0.0323267119414612,-0.0335429125311889,-0.0364162509117598,-0.0388817825209278,-0.0390567576297921,-0.0396936935196017,-0.0409858445976911,-0.0421383351546479,-0.0391688335160982,-0.0378674971173364,-0.0371165611236784
756,"CHE","Switzerland",-0.0135819864076649,-0.0182375060986291,-0.0175041022253897,-0.016680666804616,-0.0156320087448584,-0.015921200584999,-0.0149705200276757,-0.0143269943208565,-0.0184248627148943,-0.0197298419581668,-0.0202196891621966,-0.0219842083715436,-0.0260733023929773,-0.0282600876363188,-0.0263823271926201,-0.0278948029680411,-0.0279537254892196,-0.0277374169334144,-0.0306668870733351,-0.0334446033088167,-0.033891006155872,-0.0323266303290207,-0.0330128444585436,-0.031155840620871
760,"SYR","Syria",-8888,-8888,-8888,-8888,-8888,-8888,-8888,-8888,-8888,-8888,-8888,-8888,-8888,-8888,-8888,-8888,-8888,-8888,-8888,-8888,-8888,-8888,-8888,-8888
158,"TWN","Taiwan",-0.00822394057766207,-0.00678641040482697,-0.00318731520997317,0.00723851447066859,0.0166228322906097,0.0213262407927193,0.0195294789807443,0.0116372804426756,0.00229491913386393,-0.00928100676127785,-0.0237461020727521,-0.0393044852797579,-0.0506051114776906,-0.0516988782777748,-0.0488219491218783,-0.0440056936097496,-0.0390527902440853,-0.0346096318781524,-0.029370295823851,-0.0256829023812813,-0.0247501009565692,-0.0269430280682857,-0.0267538027960805,-0.0295347350472941
762,"TJK","Tajikistan",0.0290335994564139,0.0179136450546433,-0.0011326482052072,-0.0133394500101011,-0.0370573124608111,-0.0527425881800535,-0.0630984892356852,-0.0600781153011439,-0.0541934060392778,-0.0557126292020853,-0.0563356630744148,-0.0554944392235255,-0.060850716629324,-0.0610171296610162,-0.0694466436708954,-0.0606002533477346,-0.0519767771908695,-0.040507948402622,-0.0198112339978691,-0.00732937678941903,0.00191372777307963,0.00739365903188061,0.00308916104627066,-0.00283192958138689
834,"TZA","Tanzania",-0.00415393969034272,-0.00897917936266845,-0.0143492546851421,-0.0173937919984892,-0.0171233579185688,-0.0200934347791782,-0.0179569246860182,-0.0233056988518602,-0.0289957395340392,-0.0301093323435812,-0.0305743421028981,-0.0324079063747328,-0.0346583003837161,-0.0327650610695561,-0.0272330814410215,-0.0259077828495252,-0.0223407854187255,-0.024368391085676,-0.0279334382555636,-0.0309793488849878,-0.0329844729380822,-0.0320035371016338,-0.0308481606079303,-0.0287822920500953
764,"THA","Thailand",0.00209699928207718,0.00295528492274832,0.00311518521412024,0.00167711967905526,-0.00124561201265005,-0.00448941233253486,-0.00917800749460651,-0.0143333047643115,-0.0146233201292414,-0.0143828133301463,-0.0108685626458341,-0.00989296522668692,-0.00834124466168906,-0.00747250880439609,-0.00823430603074193,-0.0077471383432064,-0.00845807875999882,-0.0104604445794418,-0.0137691284824775,-0.0181700983712796,-0.0207842426944719,-0.0195727471719108,-0.0173945828818698,-0.0154864950621995
626,"TLS","Timor-Leste",-9999,-9999,-9999,-9999,-9999,-9999,-9999,-9999,-9999,-9999,0.165784738438862,0.138625342585495,0.09914368279977,0.06419701260024,0.0181696666115596,-0.0276179151737118,-0.0677298578875059,-0.0742495426615285,-0.0733490002389395,-0.064295554888415,-0.070910406224646,-0.095870841671429,-0.110080141608744,-0.103601055050883
768,"TGO","Togo",0.00132893634951325,0.000536608036071806,-0.00503668727786599,-0.00674402179757949,0.00594882508793959,0.0100168385258752,0.021208056255074,0.022964659954783,0.0129620213598314,0.0129780765665377,0.0232191192473565,0.0249330668626571,0.0191316153178114,0.00787521464949559,-0.00500829239903688,-0.0236724684782654,-0.0257494279818397,-0.0307537510600759,-0.0381236011711406,-0.0422227119732799,-0.0348467283449166,-0.0256838592639276,-0.0163122987375209,-0.0121536972289268
776,"TON","Tonga",-0.0256990386525517,-0.0226170446097719,-0.0229507396976063,-0.0234461048308574,-0.0173698955697621,-0.0102472295650871,-0.00517196339228754,-0.00242264708355155,0.00176351217605442,0.00101675877629526,0.0101968858850616,0.0111402140241388,0.000200477691470136,-0.00808802444127832,-0.011497146435221,-0.0155011465157351,-0.0171719580541699,-0.0154506300179804,-0.0151881035505725,-0.0147677605610477,-0.00241223811077462,0.0105751646987136,0.0176459199811378,-9999
780,"TTO","Trinidad and Tobago",-0.0251588165746761,-0.0159125234132883,-0.00457706453935158,0.00755613265230948,0.0173805816740851,0.0174031247171362,0.0157949899463397,0.018808617953614,0.0172405798735797,0.0106847589264392,0.00796258625509161,0.00679921442196085,0.00666304183834954,0.00169486824093146,-0.00432415342657466,-0.0127748078195635,-0.0171695216267486,-0.0226140871999511,-0.0219082481816401,-0.0216141083651475,-0.0164193213549444,-0.0118369457473582,-0.0061284110440013,-0.00546626724883847
788,"TUN","Tunisia",-0.0201211997893813,-0.0223660567165764,-0.0171140823490179,-0.0160876642086999,-0.0130079281453106,-0.0130129550418859,-0.0124862710188488,-0.0130421239416272,-0.0148261652637872,-0.0152374880836945,-0.0160965696420681,-0.0142044454579404,-0.0128232023321998,-0.00997713437279424,-0.00940415960051655,-0.00868169880760628,-0.00579733033011676,-0.00526627231823318,-0.00584996370474677,-0.00697311086712038,-0.0106707670609441,-0.00872807508485451,-0.00114801741930504,0.00520762361313332
792,"TUR","Turkiye",-0.0029485436797646,-0.000867832110625799,0.00210497319615333,0.00169386396994242,-0.00100469497357392,-0.00667283569659116,-0.01249352653194,-0.0157602457297162,-0.0163412203847018,-0.0177495208345778,-0.0121038632499091,-0.00865886540051974,-0.00590392092308145,-0.00315749935288989,-0.00424377121598474,-0.00861897463343442,-0.0140174223719571,-0.0175210495728597,-0.0189239131260608,-0.0218265661415836,-0.0200109903047009,-0.0186077288950476,-0.0192464840277213,-0.0199596880982431
795,"TKM","Turkmenistan",0.0146520258480076,0.0160988919572178,0.0129213552708192,0.00604309408170267,0.00674515273838483,0.017221968786963,0.022501012485139,0.0175537668801045,0.00372176567119187,-0.0095524240641619,-0.0309770394081642,-0.0432141162751839,-0.0576085312117914,-0.0724194381045807,-0.0752663524590659,-0.0715940071094409,-0.0686591550407428,-0.0657190612802446,-0.0647344315845207,-0.0590033737429284,-0.0631610409211012,-0.0585816174859042,-9999,-9999
796,"TCA","Turks and Caicos Islands",-9999,-9999,-9999,-9999,-9999,-9999,-9999,-9999,-9999,-9999,-9999,-9999,-9999,-9999,-9999,-9999,-9999,-9999,-9999,-9999,-9999,0.0034086378995859,0.00974992819828513,0.0166780417408663
798,"TUV","Tuvalu",0.0186657912911448,0.0196724585692054,0.0336661135785667,0.0392699427027905,0.0415851213852347,0.0361665495883481,0.0324028533031027,0.0271662085795674,0.00900766045967893,0.00538461622084152,0.00792759145891009,-0.000747952844960098,-0.00164076709039152,-0.00552043971899152,-0.00892813269034387,-0.00963742294354408,-0.0114604211557775,-0.0148636344011178,-0.0206196419820976,-0.0281721752697321,-0.0359289654693477,-0.0356342156737708,-0.0352324248892412,-0.030649132829109
800,"UGA","Uganda",-0.0428702181686164,-0.0428144069752439,-0.0413754581743995,-0.0383425662728596,-0.033237036353078,-0.0309091325865433,-0.0286499741927625,-0.0339238847370233,-0.0347255375862648,-0.025732984459955,-0.0227347520846739,-0.0176870440140411,-0.0173873611464759,-0.0174887780759148,-0.0158843437804508,-0.0160256014393317,-0.013920557758317,-0.0215474799766321,-0.0277562216583531,-0.0270628100116839,-0.0281694308479002,-0.0258125352001067,-0.0263525146007283,-0.0261140095264285
804,"UKR","Ukraine",0.0207510296486182,0.0074776019858287,-0.00842823021019312,-0.0249712294936929,-0.0412105497875844,-0.054687601236261,-0.060537835043429,-0.0620114689805046,-0.0608178347406733,-0.0569185668089541,-0.0498276438668774,-0.042773361614321,-0.0332774433242184,-0.0242739692208496,-0.0161939902325823,-0.013118280032748,-0.0113613617157605,-0.00811083397565104,-0.0110244984302053,-0.0152350723912756,-0.02004855351738,-0.0228877568510755,-0.0249610060074185,-0.0222889265945151
784,"ARE","United Arab Emirates",-0.0036925019460744,-0.00268085344810576,-0.00342225461409817,-0.0136639482340902,-0.0100579092494633,-0.00647173536380419,-0.00632580234256075,-0.00729610024893679,-0.0116457686225411,-0.00811233109319831,-0.00155260977151828,0.0190903006376437,0.0336565502779034,0.0357150832670536,0.0396994679512006,0.0349925698063418,0.0276859280237713,0.0132103181693404,-0.00435953942711043,-0.0189107881068461,-0.0229109101065909,-0.0191174010541261,-0.0122637632120133,-0.00670435341591258
826,"GBR","United Kingdom",-0.0345108100545305,-0.0385018198881637,-0.0378385602626174,-0.0375459437005655,-0.0371289449121781,-0.0369250997455818,-0.0369414057749494,-0.0341493122941517,-0.0340301779546839,-0.0331882520295028,-0.0341448888375625,-0.0336514663418758,-0.0351220654277311,-0.0344308159718195,-0.0335021518993871,-0.0357263062178883,-0.0388064037759926,-0.0428485960269448,-0.0468706152325312,-0.049315438033904,-0.0518564273621515,-0.0479287960718068,-0.0455927427751126,-0.0436163513344803
840,"USA","United States of America",-0.019572469885471,-0.0215297098017349,-0.0232631695424036,-0.0240672817842972,-0.0238688919868668,-0.0237734088173424,-0.0237793292887017,-0.0232695986619634,-0.0220149747551389,-0.0219829535978642,-0.0239550955585863,-0.0236580992740357,-0.024314569668443,-0.0260902519488131,-0.0255419061593668,-0.0243215319476062,-0.0250132156573362,-0.0268818286136266,-0.027465819542762,-0.0265321852828933,-0.0274014656047282,-0.0287138626438876,-0.0285011958500965,-0.0293205347244326
858,"URY","Uruguay",-0.0278237019050188,-0.0301293242610245,-0.0263870779547479,-0.0163250427002177,-0.00525227962237562,0.00186803848274431,0.00701667505677372,0.0131737252242476,0.00862048605390164,0.00310992690889589,-0.00313382829204889,-0.0195644734397572,-0.0324991673334948,-0.0379810280924877,-0.0421380583716514,-0.0420248389123914,-0.0407863872237128,-0.0350850804928824,-0.0331212142892063,-0.0250041376186678,-0.0166161425783745,-0.0104741393344302,-0.0026186414342172,0.00192735910667285
860,"UZB","Uzbekistan",0.0237780694223486,0.0129207620070768,-0.000709756587974675,-0.00477019774005305,-0.00936710086356141,-0.0151513169816404,-0.0237147057953879,-0.030326921994413,-0.041356693908261,-0.0472933491092337,-0.0612697226739509,-0.0730085046341478,-0.0780428272815881,-0.0758885524482358,-0.0754890142653042,-0.0766996965915392,-0.0777634219093676,-0.0725285615225831,-0.0674407879279686,-0.0598306652013121,-0.0577291824263066,-0.0551334666050682,-0.0486203421427442,-0.0402046969344745
548,"VUT","Vanuatu",-0.0064523494710168,-0.0128740277385067,-0.0177864799447939,-0.0174377909451804,-0.0130993779751073,-0.0157372379028698,-0.0182786878432392,-0.0219997334788727,-0.0148992134806091,-0.0104709221278962,-0.00605634244710962,-0.0059691229521347,-0.00478967674861253,-0.00180283096935152,0.0014758129313277,0.00365489460892165,-0.00254510262582752,-0.0222307706370397,-0.0346442251058966,-0.0382938251015494,-0.0466507327401811,-0.0455243402226402,-0.04038624513682,-0.0366132644241726
862,"VEN","Venezuela",0.0135062189111956,0.023519051506816,0.0205850773188867,0.0227025616411916,0.0296798044020254,0.0221079947069911,0.0106970656647376,-0.00576776240257748,-0.0250989914334852,-0.0323177545562139,-0.0389392720547932,-0.0363027618158586,-0.0441626941041212,-0.0356063016111492,-0.0158910907426464,-0.00744604714197739,-4.33838619676719e-05,0.0113407853408085,0.0217201709537742,0.0270142176142698,0.0422247960942805,0.0706452507529298,0.0873005882416349,0.0921371145214509
704,"VNM","Viet Nam",-0.0203612293040579,-0.0174555938180263,-0.01424459618707,-0.0118754612272685,-0.010140525917231,-0.00630806194909073,-0.00521590630485735,-0.00651188280257586,-0.0089378471411099,-0.0108817942340689,-0.0107370009317234,-0.0110234845529085,-0.0126648194453534,-0.0171878858328415,-0.020556889160866,-0.0176193784047211,-0.0121806948874692,-0.0102113446015428,-0.0122325291509654,-0.0128844848657595,-0.00401669388383774,0.00512454814984786,0.0109797336884392,0.00629445261879247
876,"WLF","Wallis and Futuna Islands",-8888,-8888,-8888,-8888,-8888,-8888,-8888,-8888,-8888,-8888,-8888,-8888,-8888,-8888,-8888,-8888,-8888,-8888,-8888,-8888,-8888,-8888,-8888,-8888
732,"ESH","Western Sahara",-8888,-8888,-8888,-8888,-8888,-8888,-8888,-8888,-8888,-8888,-8888,-8888,-8888,-8888,-8888,-8888,-8888,-8888,-8888,-8888,-8888,-8888,-8888,-8888
887,"YEM","Yemen",-0.0114000219694572,-0.000388064232142327,0.00681454172573659,0.00890247816422907,0.0117937698045798,0.0158531795824433,0.019478396284391,0.0251591516029408,0.0278143777511948,0.0232977002273618,0.0222947062609073,0.0181247315614876,0.0162455288806136,0.00362012260509315,0.0028194776478494,-0.000499900885707949,-0.00827779249341165,-0.0128168181063664,-0.0106860256099039,-0.00595961958844882,0.0022045983818908,0.00995797999172954,0.0220355712335754,0.0249901690039034
894,"ZMB","Zambia",-0.0151457470775066,-0.0227361218315452,-0.0289623456841085,-0.0284137293821146,-0.0290115415613076,-0.0261578303980639,-0.0237587769961632,-0.0330406516901156,-0.0410659546528729,-0.0431746900862366,-0.0518264351685759,-0.0599831969451522,-0.0683317605549678,-0.0660220786342456,-0.0586708966467739,-0.0519210544451901,-0.0410508830434216,-0.0346336823991947,-0.0290253239367239,-0.0239840790426892,-0.0209588218056423,-0.0161047170012525,-0.0159046104660335,-0.0139199744507746
716,"ZWE","Zimbabwe",-0.0271500406680174,-0.024860954054017,-0.0274973171890801,-0.0181141788617645,-0.00502552040903403,0.00864199496463214,0.0230302559701898,0.0338062521300246,0.0391067357395349,0.0473242302945258,0.0521041502805903,0.041314110501812,0.0228564688045374,-0.00438249774790478,-0.0245557896586536,-0.042951668766256,-0.05045280578078,-0.059818020228159,-0.0655397967159446,-0.0572363392355719,-0.0444032895399117,-0.0355162557550476,-0.0275344127571556,-0.0249340433625639
