"code","iso","country","NDA.raw.1999","NDA.raw.2000","NDA.raw.2001","NDA.raw.2002","NDA.raw.2003","NDA.raw.2004","NDA.raw.2005","NDA.raw.2006","NDA.raw.2007","NDA.raw.2008","NDA.raw.2009","NDA.raw.2010","NDA.raw.2011","NDA.raw.2012","NDA.raw.2013","NDA.raw.2014","NDA.raw.2015","NDA.raw.2016","NDA.raw.2017","NDA.raw.2018","NDA.raw.2019","NDA.raw.2020","NDA.raw.2021","NDA.raw.2022"
4,"AFG","Afghanistan",-9999,-9999,-9999,-9999,-9999,-9999,-9999,-9999,-9999,-9999,-9999,-9999,0.043301303316652,0.0468287175618776,0.0542975229034415,0.0458915879025894,0.0446660540257107,0.031195704980624,0.023027137853135,-0.0108672829746833,-0.0251116190173692,-0.0370584494054283,-0.0597155686401633,-9999
8,"ALB","Albania",-0.00257020311589416,0.0103076148319392,0.0100538344224328,0.0096256818661038,0.0100364796521988,0.018036782569244,0.0258974765724771,0.0240598877301887,0.014922306737035,0.00403219647347663,-0.0076630847099041,-0.0183152491829652,-0.0275271759714041,-0.0212257627740893,-0.0111840497170632,-0.00172862389793651,0.0055284169751777,0.0110337904591749,0.0137836572107819,0.0130174330254813,0.0112385729660449,0.00331653514663799,-0.00192888262914935,-0.00379342523139895
12,"DZA","Algeria",-9.320152335112e-05,0.00478649251137364,0.0123369025542821,0.0175205947504802,0.0269619561811132,0.0371732287506457,0.0330712087038312,0.0259474297209179,0.0239665459968441,0.0246979111852499,0.0295043375337543,0.0329821577866982,0.0379664555971753,0.0396174359729005,0.0405445139467671,0.0473439747333357,0.0446300467406471,0.036052525709579,0.0330094085220214,0.0249738559462029,0.0205952462179764,0.0154913791441478,0.0110457685999632,0.012106342096226
20,"AND","Andorra",-9999,-9999,-9999,-9999,-9999,-9999,-9999,-9999,-9999,-9999,-9999,-9999,-9999,-9999,-9999,-9999,-9999,-9999,-9999,-9999,-0.0239283593993245,-0.0204190704417799,-0.0188013298195805,-0.0208117480801751
24,"AGO","Angola",-0.0180462853243065,-0.0174267223650746,-0.0137002645739155,-0.00137828421548213,0.0130965990992413,0.0257805491731691,0.0354952547842764,0.0319381569611987,0.0287601730076747,0.0261422546852355,0.0173590528394685,0.0109958532733025,0.00527717354724344,-0.000895472253372814,0.00275409481149014,0.00511380073040479,0.00894793591580645,0.0073822306597342,0.0100725941880462,0.00291072170168594,0.00243765226979131,0.00120031567836354,0.00277112637060006,0.00189006012287884
660,"AIA","Anguilla",-8888,-8888,-8888,-8888,-8888,-8888,-8888,-8888,-8888,-8888,-8888,-8888,-8888,-8888,-8888,-8888,-8888,-8888,-8888,-8888,-8888,-8888,-8888,-8888
28,"ATG","Antigua and Barbuda",0.0395012077326087,0.0383355810258232,0.0366006258734788,0.0341218676596255,0.0330264906558912,0.0317594632096883,0.0289909854206225,0.0262731639786307,0.0225958910462503,0.0210284387993234,0.0266683903659537,0.0169445926058882,0.0116147254292069,0.00594191163749835,0.00529341564688601,0.00703443172876339,0.00783213907814573,0.00895672786522006,-0.00123824055015263,-0.00951160052862649,-0.00769314008757508,-0.0199038470001852,-0.0193813141500548,-0.0176422891313382
32,"ARG","Argentina",0.00317563520194697,0.00543436214683202,0.0113050110281663,0.0126061941919513,0.0157992719841293,0.0151649803103981,0.0146445046845778,0.013868885968259,0.0118080496252524,0.00556356588780793,-0.00356595938189791,-0.0100585574167678,-0.00907661977582593,-0.0142885725229378,-0.0109416456877027,-0.00719852746777032,-0.00473702601060881,0.00225773559341813,0.0114782447804531,0.0160011185776854,0.0177054530109917,0.0195155047296149,0.0212458911608828,0.0189031287893258
51,"ARM","Armenia",0.0396587119394167,0.0495585109836683,0.054528578622703,0.0728672110855215,0.0673602118420615,0.057947330585127,0.0442457497422712,0.0507585228859138,0.0453624532949932,0.0329651089688767,0.0232323938541277,0.0133227427470048,0.00643041725255356,0.0163849784966403,0.0270834189959275,0.0352436110909737,0.0430042754697277,0.0899558783130208,0.105672360480506,0.104232569617759,0.0931135925213871,0.0686454265773035,0.0426455763876763,0.033605156266181
533,"ABW","Aruba",0.115905936095166,0.117668250045235,0.117627598958565,0.110833246209386,0.106739246848341,0.102314217072332,0.0951650303153782,0.0498865731681948,0.0301735247555399,0.016812726309779,0.0228684432436961,0.0175914862857822,0.00967803860860261,0.00606321739847782,0.00687736386635973,0.0137676787768324,0.020363967755376,0.0243681128760422,0.0211008590637982,0.0115560332532214,0.00750358598708489,-0.00378037618293501,-0.0150903309676844,-9999
36,"AUS","Australia",0.0163132153325363,0.0224995439744742,0.0258674208492649,0.0272543681222499,0.0240914130550289,0.0255083799841371,0.0209579775048079,0.0180610236109378,0.0112803951123526,0.00492362829094839,0.000695231775029503,-0.00161422854580678,-0.000754011206467228,0.00203119287543552,-0.0036761805489761,-0.00150739663631402,-0.000921985459382044,9.46590520654045e-05,0.00121449726880329,-0.000929223080723377,-0.00406017400409699,-0.0108445085625822,-0.00209908098764711,0.00147844721210233
40,"AUT","Austria",-0.00201055454313206,-0.000365394773116788,-8.11211453554093e-05,-0.00224613454112807,-0.00570189481280156,-0.025339432486171,-0.0407768593502403,-0.0504874222707976,-0.0525677317045616,-0.0427625155847347,-0.0376966882177145,-0.0335073649121382,-0.0275916942696801,-0.01905641454948,-0.00893081826120003,-0.00867665340148479,-0.00668631706223016,-0.0020041594938291,-0.000245942263384632,0.00398589598615029,0.00488741649918722,0.00196400140557751,0.00141127756705384,0.000183097331383886
31,"AZE","Azerbaijan",-0.026962416994141,-0.0402050069302284,-0.051964331254456,-0.0491606724795604,-0.03294525525697,-0.00898861204603252,0.00584738729161338,0.0162209733002914,0.0255590177849256,0.0342655581215965,0.0388497745471135,0.0357622781868978,0.0177724104492396,0.00679311106374714,-0.0170762068366391,-0.000757854514852316,0.00942448159191711,-0.0129460547886406,-0.0299940344043893,-0.0371724118468597,-0.0400009267829313,-0.0339655366243558,-0.037945996442672,-0.0475054075685375
44,"BHS","Bahamas",0.0682999786833973,0.0703826913721466,0.0709243360474527,0.0590404046492576,0.0302760166473606,0.014008212053074,-0.000731119155316988,-0.00271719313726243,-0.00213436776502301,0.00675496926854913,0.00140719895014829,0.00135250671268139,0.00446387157303763,0.00749395191152558,-0.000967540939677465,0.000289239924176954,-0.00221212211751953,-0.00388394898456678,-0.0124546939639348,-0.020502095335849,-0.0280388331565385,-0.0233642765819228,-0.0208601234590373,-0.0194470056452197
48,"BHR","Bahrain",0.0491758163674922,0.0408321042405047,0.029756865990092,0.0297789061709053,0.0300234155704575,0.0294883396590735,0.0313757130547956,0.0365853106282041,0.0398280596591476,0.046310525807066,0.0462050399518443,0.0404038606081487,0.0292246267384657,0.0241821284317623,0.0212771822545545,0.0175039689101824,0.018559756004324,0.0255980432418925,0.0316873907259894,0.0384458073690668,0.0393155961432901,0.0401874871388981,0.0377344013005247,0.0338055731426481
50,"BGD","Bangladesh",0.0288088255644658,0.0280940968292227,0.0277741198088868,0.0283738096688559,0.0285805832088397,0.0291648359048113,0.0328535265872145,0.0328255097402879,0.0298677387011836,0.0258538350731805,0.0198541461971666,0.0133333415527144,0.0074509211709175,0.00124080407651017,-0.00442766220141495,-0.00675001641829194,-0.00112217312894353,0.00132532804468011,0.00404233079539762,0.00900751356173668,0.0113104463899054,0.0142325678582411,0.0171489386486632,0.0148605421260908
52,"BRB","Barbados",0.0120707462058918,0.011525270303518,0.00936936662713528,-0.000227582939250961,-0.01108854378552,-0.00696774166686829,-0.00825139577991552,-0.0149094691244203,-0.0200914281124363,-0.00886468449514206,0.000732271390505357,0.00805901699236955,0.0191934046273743,0.0173723132158174,0.0154439807266888,0.0184938709559364,0.01604356464433,0.0129486201832274,0.00167952751781941,-0.00879781104397871,-0.01962341568106,-0.0221135709159777,-0.0153162586205059,-0.00876078811428636
112,"BLR","Belarus",-0.00846726995290724,-0.0156091209381749,-0.0251219703629512,-0.0297404818809169,-0.0167265095577085,-0.0123998172045603,-0.0101313811106215,-0.00199301997293,0.00447442633238126,0.0148851312603875,0.0202606166117951,0.0234497454825762,0.0252421110175898,0.0195972569540948,0.0152740379061214,0.00826482867735168,0.00225298275161201,-0.00110655748838529,-0.0055195074028534,-0.0073865526431664,-0.00511530441389884,-0.00166532386440527,0.00305010359445435,0.00454208643395604
56,"BEL","Belgium",0.0150629467413084,0.0109609889967266,0.00360861007255342,-0.00974678839995335,-0.0361900250923516,-0.0556228531446124,-0.0691516420351953,-0.0814712350008033,-0.0946987347151406,-0.099246246533734,-0.0914283296870207,-0.0702527592294284,-0.0699859410631284,-0.0646770886570924,-0.0655024893050009,-0.0559922966571354,-0.0445677008282141,-0.0466164058064776,-0.0481750221980053,-0.0513934197339099,-0.0484544131237975,-0.0326821102024675,-0.0344952032910893,-0.0377188913906062
84,"BLZ","Belize",-0.0246747687015285,-0.026398096644056,-0.00614490673015807,0.0212302711808507,0.0459352821668486,0.058916080610649,0.0643725840923792,0.0706201939455253,0.0556266005905905,0.0334748716089879,0.0135726748819192,-0.0109142184085513,-0.0280637423806429,-0.0308776872832753,-0.00525640834022711,0.0127843758223682,0.0275245809142486,0.0428071184447627,0.0472049441403863,0.0417496086692328,0.0374375910029681,0.0262515368095717,0.021142587250355,0.0163622362667604
204,"BEN","Benin",0.0487819954397322,0.0507340810994064,0.0390319619087889,0.0343339221587435,0.0205482524919915,0.00639955166406181,-0.00150821932450057,-0.00570438068171148,-0.00354402204379072,-0.00396370711632576,-0.00137534076259055,0.00663981075147912,0.00391892692344697,0.0105874508830002,0.0129518339038723,0.010811982486282,0.0172671581732458,0.0226900240745707,0.0264390566133983,0.0298200743924562,0.0369462449850497,0.0391272275128862,0.0402058563321201,0.0385488582897278
60,"BMU","Bermuda",-8888,-8888,-8888,-8888,-8888,-8888,-8888,-8888,-8888,-8888,-8888,-8888,-8888,-8888,-8888,-8888,-8888,-8888,-8888,-8888,-8888,-8888,-8888,-8888
64,"BTN","Bhutan",0.00862977538655652,0.00958814904846794,0.00595664669109808,-4.45050633468006e-05,-0.00433151614384496,-0.0154877426713342,-0.00244715820988817,0.00235090912255287,0.00424393971436299,0.0103897681017093,0.0133790647989886,0.0143124379246269,0.0101450456085519,0.00486995922030431,-7.55494756701521e-05,-0.00498703767675143,0.00555825571668334,0.00606658430771256,0.00731747249944625,0.0083013682135904,0.00556968320745432,0.00193196606355683,-0.00118104876369382,-9999
68,"BOL","Bolivia",0.0400344257646292,0.0289256527719113,0.0271504712501272,0.0368102446952236,0.0456324967602646,0.0615552157856414,0.0667469264492859,0.0497789859944395,0.0313731064052205,0.0133784009314548,-0.00217086001259804,-0.0122179755550891,-0.025266060447945,-0.0154640332675983,-0.00618560608960991,0.00789078893085082,0.0211752128008578,0.0220725595576361,0.0202601595996403,0.0162933897420716,0.0146013112710472,0.0224462502613969,0.0251811881898236,0.0260610320799244
70,"BIH","Bosnia and Herzegovina",-9999,-9999,-9999,-9999,0.0841806491301034,0.0834706566144285,0.0842811678093454,0.0814949267985245,0.0683219848654866,0.0541823886474908,0.038382276574896,0.020686920112553,0.00951192669518708,-0.000806225156309849,-0.00538060866136994,-0.0206487287536187,-0.0169647234795376,-0.0225790928922922,-0.0384499997979722,-0.0499676395965628,-0.0590493425353858,-0.0530342958860335,-0.0404458890634065,-0.0491854727383612
72,"BWA","Botswana",0.015354700166039,0.011829215172285,0.0185759533594712,0.02246976327545,-0.0331997629013141,-0.100134925373875,-0.139531005540177,-0.111631013842519,-0.108753117517501,-0.0173011802639722,-0.0223898501088499,0.03853859022052,0.124595497700878,0.153572795237883,0.100158716144616,0.0251456378713257,-0.0486709383501179,-0.13582005668799,-0.178801973594619,-0.167044570385796,-0.298145797199579,-0.197092894500026,-0.0633687278995166,-0.0541791530537686
76,"BRA","Brazil",0.0127977502856531,0.0130403674721848,0.0140599234455228,0.0173027212331243,0.0231489142036323,0.0309606640073563,0.0369292511419208,0.0363869669583161,0.0330507726504827,0.0293533914192037,0.0234975632633043,0.0199922309305547,0.0171346437465723,0.0143186381162275,0.0147970109256088,0.0175985909504428,0.0182245403446224,0.0200349685255559,0.0216483315006042,0.0196752798577828,0.0180571762028461,0.0192240188407631,0.0228622083910506,0.022677018924671
92,"VGB","British Virgin Islands",-8888,-8888,-8888,-8888,-8888,-8888,-8888,-8888,-8888,-8888,-8888,-8888,-8888,-8888,-8888,-8888,-8888,-8888,-8888,-8888,-8888,-8888,-8888,-8888
96,"BRN","Brunei Darussalam",0.0464859390615375,0.049474093163631,0.049941924213398,0.0471028134352804,0.0445544433265428,0.0409332594656522,0.0320443099263386,0.0282499027549012,0.0274690549980487,0.025974946396947,0.0241264246155912,0.0220058835725505,0.0174312629901157,0.0138231145717487,0.0126480202165091,0.0092083721433176,0.000105990917123266,-0.00138744417143773,-0.00187077030111153,-0.0010027245040361,-0.00282207413635586,-0.00177929965874883,-0.00115198957999115,-0.000701947367077283
100,"BGR","Bulgaria",-0.0247444974397229,-0.0204494361479831,-0.0154113620513705,-0.0168319183484464,-0.0238210794824125,-0.0126621906100972,-0.00483648593586438,-0.00317769767034862,0.0017108151493479,-0.0013965476644884,-0.0108391855640578,-0.00669132670439356,-0.00923204141848205,-0.00954921177613829,-0.00670198727642664,0.0108803399290085,0.0253906125999137,0.033798977167947,0.0384690303601571,0.0426442737051718,0.0370844690611565,0.0343792567434407,0.0240842299663042,0.0165334163341269
854,"BFA","Burkina Faso",0.233588586869878,0.257926341636749,0.261167540581675,0.247953284288523,0.22482650632939,0.182062242812326,0.158262630792505,0.139157316446692,0.12500182948033,0.112656063054364,0.0973146725345257,0.0855535643593146,0.0668521452049506,0.0492186021748873,0.0411022254250186,0.0393836446444509,0.0353746756377591,0.0363655521561481,0.0347077530718465,0.0336553808306252,0.0298689439933038,0.0278403442412389,0.0245172284123691,0.0227189290442111
108,"BDI","Burundi",-0.00177891466876524,-0.00090996414921297,0.00323451047656853,0.00689420557645071,0.00967179674364904,0.0101959003135639,0.0129511023271438,0.0162109538900503,0.0195261739707338,0.0216357489196692,0.0215350685071185,0.0253420259220112,0.0320209721212437,0.0333367025745932,0.0376294449565604,0.0396254259900009,0.0381704056866268,0.0395723695781063,0.0432936539534787,0.0451558667168088,0.0399886403424234,0.0330140973824744,0.028517910799938,0.0245277692217412
132,"CPV","Cabo Verde",0.0256380219066166,0.0206110923227794,0.0125887874804023,0.0148238663613778,0.0159795658468467,0.0118383297516567,0.0145800388224322,0.00328501705968787,-0.00537302627964295,-0.00690035005081239,0.00351545175058887,0.0150482862888972,0.0217578389711113,0.0267925598863092,0.028590245059902,0.0319885611103854,0.0329590482149735,0.0307788833865961,0.0168011598346127,0.00131198467500337,-0.00974119737894417,-0.0121477473973176,-0.0162410131876973,-0.0123334360277705
116,"KHM","Cambodia",-9999,-9999,-9999,0.00934575597353193,0.00782321493649274,0.00520828194266421,0.00441895457096586,0.0112028981473151,0.0174581865765699,0.0206698572414339,0.0316751491539178,0.0338228874427513,0.0323688854901241,0.027705742639774,0.0229196595706422,0.0178783415228898,0.0129631969445412,0.00833124056039924,0.0106559428407276,0.0110454017241355,0.0132177423746704,0.0129070762098169,0.0144817074781558,0.0139995885558319
120,"CMR","Cameroon",0.0223542805462151,0.0323135688513845,0.0347119627608024,0.0336032300365174,0.0357602993104293,0.0283968974876923,0.025004838483998,0.0159011451093565,0.00527250064521168,-0.00210837547219756,-0.0161107050559845,-0.0139659020565598,-0.0179454237971285,-0.0235353198283406,-0.0114922616861761,-0.0124038789901191,-0.00070664344178677,0.00470499870905838,0.00735417263734606,0.00799927048771787,0.00659010691353346,0.00859111394907242,0.00966024287598621,0.00827070223509274
124,"CAN","Canada",0.0017004117363173,-0.00823932819046053,-0.0258778066580088,-0.0421019546106394,-0.0482139906520806,-0.0381991054811925,-0.0266156761014193,-0.0179578066405575,-0.0048669215158202,0.000933248927778463,-0.00386611278129709,-0.0119320574167338,-0.0246392144370944,-0.0322469137851334,-0.0265240856936948,-0.0186051808792186,-0.00863644573222267,-0.00383846200975457,2.24324084669991e-05,0.0072692604526734,0.00886691055616717,0.00996094408406756,0.00653130463957163,0.00517007904218958
136,"CYM","Cayman Islands",-8888,-8888,-8888,-8888,-8888,-8888,-8888,-8888,-8888,-8888,-8888,-8888,-8888,-8888,-8888,-8888,-8888,-8888,-8888,-8888,-8888,-8888,-8888,-8888
140,"CAF","Central African Republic",0.0259407664034852,0.0319136829256566,0.0234829076113781,0.00637680893490655,0.00723920378662335,-0.00304167991984508,-0.0150699989952075,-0.0140764282508244,-0.00994132311169878,0.00507424055531325,-0.00686762879242972,0.00355367281219987,0.00432430853270138,-0.0209770414268455,-0.0111439863721881,-0.0163761180915321,-0.0155858063656425,-0.00871821075731407,-0.00615698454736229,0.00388015902706851,-0.00736702342086349,-0.0076568301272192,0.000572068697864081,-0.00726486957706551
148,"TCD","Chad",0.0590717198395414,0.0351803787036344,0.0307901131697732,0.0182338657709218,0.00369541429722342,-0.0124605461438103,-0.0350752983694143,-0.0420422854695226,-0.0427716168346624,-0.0389197816555935,-0.0424882533810582,-0.040453812750143,-0.0175235963781367,-0.00223531085750728,0.00522202986314335,0.0127490136708839,0.023641275966461,0.0343779364370262,0.0432654360707008,0.0503313204045437,0.0514766163781697,0.052195151003509,0.0529308239373252,0.0497526324943245
152,"CHL","Chile",0.0230490937655945,0.020588171334462,0.0168252634481285,0.0142664137369903,0.0113876363264933,0.0122383208196466,0.0131505528561524,0.0141282745983284,0.0177708388753384,0.0145233523136996,0.0113885114682166,0.00625748903344636,-0.00175298383640346,-0.0081151513524304,-0.0157694208480025,-0.0161621186635579,-0.015937364659099,-0.0116346775194094,-0.00130690996524946,-0.000485033960079331,0.00581313817061058,0.00531980869916127,0.00179390435935778,-2.36524567743627e-05
156,"CHN","China",0.047250718490832,0.0475300620096804,0.046090072938773,0.0453853388652905,0.0398914069029965,0.0348823036236929,0.0365165225363728,0.0412600717114073,0.0398262574011998,0.0382998317293095,0.03703144563064,0.0327948727977756,0.0303508511130011,0.0319836077868623,0.0305185368662364,0.027993274586851,0.024976554760058,0.0217119839005369,0.0173033757396901,0.012586396600698,0.00659950511131413,0.0009596107293246,0.000235015879375133,0.0046713218551282
170,"COL","Colombia",0.0129789417262933,0.0121813866929534,0.011307198518768,0.0104578692345925,0.0113055603636341,0.0124795163795437,0.0156076993020027,0.0181084437115839,0.0181028120974176,0.0172117690704421,0.0174948725867179,0.0163943073921873,0.0163491484099538,0.0117156655159234,0.0112788082710356,0.0066546244411978,0.0104297266998414,0.0144784796987212,0.0140301893378876,0.0150235678424822,0.0183699035687155,0.0215661932242384,0.0272767024387881,0.0253597103098937
174,"COM","Comoros",0.0233300518005271,0.0247977077151909,0.0255596056792291,0.0255300388775217,0.0206743645132608,0.0157687656159946,0.0133010351918177,0.0110579684550198,0.00732630347059615,0.0072684345304852,0.0104126350137348,0.0113443939442017,0.0135641188292346,0.0169456130162891,0.0164886911575592,0.0148214573507057,0.0149683569878145,0.0162424601427238,0.0164828408236273,0.0169970730237534,0.0164803556332722,0.0153151190085992,0.0144187198106787,0.0141037771807289
184,"COK","Cook Islands",-8888,-8888,-8888,-8888,-8888,-8888,-8888,-8888,-8888,-8888,-8888,-8888,-8888,-8888,-8888,-8888,-8888,-8888,-8888,-8888,-8888,-8888,-8888,-8888
188,"CRI","Costa Rica",0.0053930149706285,-0.00953922233800472,-0.037312200862292,-0.0539741380097382,-0.0575011914927108,-0.0611675062589997,-0.0632097552698692,-0.0490619344057775,-0.0177083405758385,0.00499010516572507,0.0159218988989913,0.0187381811061647,0.0179602856904013,0.0109076469280691,0.00822619631103749,0.000128090376020351,-0.00648417613365795,-0.0114052619360972,-0.0100700072615282,-0.0043689139414104,-0.00712945486404056,-0.00876779562377047,-0.000583565712271113,-0.000185699600556666
384,"CIV","Cote d'Ivoire",0.0177403436429144,0.0167433217490471,0.0182956222721524,0.0237171479844911,0.025043977466664,0.0174449234749623,0.0221781887315895,0.0191445496728595,0.0196358502632925,0.0149819129574049,0.00593297855797181,-0.00166817266771183,-0.00271597769470267,0.00365741258270957,0.0107959205419794,0.0016182854130109,0.00487672180044907,0.0140846303350544,0.0171386027585443,0.0156462455540574,0.0128951713074483,0.0115210423230012,0.0123175340726782,0.012061069295926
191,"HRV","Croatia",-9999,-9999,-9999,-9999,-9999,0.0060837253069217,0.00631797896091979,0.00599191448852943,0.0113133762601643,0.0123056009875597,0.00292257004286656,0.00346204419665086,0.00451239278190529,-0.00129445211349697,-0.0164911463948959,-0.0114510495932256,-0.00735893762185835,-0.0276335125319929,-0.0480579603351694,-0.067445022182605,-0.0733634222372126,-0.057191007702984,-0.0314142347990047,-0.0176200109193442
192,"CUB","Cuba",-8888,-8888,-8888,-8888,-8888,-8888,-8888,-8888,-8888,-8888,-8888,-8888,-8888,-8888,-8888,-8888,-8888,-8888,-8888,-8888,-8888,-8888,-8888,-8888
531,"CUW","Curacao",-8888,-8888,-8888,-8888,-8888,-8888,-8888,-8888,-8888,-8888,-8888,-8888,-8888,-8888,-8888,-8888,-8888,-8888,-8888,-8888,-8888,-8888,-8888,-8888
196,"CYP","Cyprus",0.0296020564615065,0.0246159748623198,0.0219560795776654,0.022620775008336,0.0240563244761409,0.0152067160131579,0.00608782122582263,-0.0036516317482637,-0.0202829184591459,-0.037084135193542,-0.0537580229511724,-0.0609766618230285,-0.056183576658407,-0.0447402009723112,-0.0318609006127745,-0.0234960007312113,-0.0137501930061237,-0.0071786881854517,-0.00449270341928411,-0.00430593308054765,-0.0026005662820281,0.00176203741757508,0.0101927055557245,0.0119562685117069
203,"CZE","Czech Republic",-0.0465158170802534,-0.0225316624025259,-0.0025747509333347,0.00189578695580006,-0.00414327036423446,-0.00306536146773277,3.68814933722206e-05,-0.000255439484612357,0.000171519844860857,-7.70352922524846e-05,-0.016364009822215,-0.0232675679066322,-0.0127044374197748,-0.0110787591984751,-0.0209177643513198,-0.0137661820830274,-0.00350190757287254,0.00346890808463218,0.00955212489024571,0.013005636120426,0.00625101199550837,-0.0057185901938684,-0.00711232695440486,-0.00819949625905858
180,"COD","Dem. Rep. Congo",0.157392480070987,0.156144954160356,0.140033183778716,0.113179084903509,0.0750529183401822,0.03194773581385,0.00298620771133828,-0.0111395366611361,-0.0243183796960548,-0.0239785094239895,-0.00484036867988887,0.00053708352691717,0.000246947013698762,-0.000823751891541456,-0.000170739219200328,0.00355441187181982,0.00808736370819996,0.0131194342853138,0.0132742302862521,0.0117813358524583,0.0113986450875037,0.0129514942994162,0.012045680576227,0.00957780211369341
208,"DNK","Denmark",-0.0376975075882865,-0.0308269932006554,-0.0268311570577367,-0.0241549935981716,-0.0243639521305519,-0.0271059730324273,-0.0360782479085491,-0.049031285564681,-0.0518837322238634,-0.0478355636536674,-0.04383880358499,-0.0376102418178402,-0.0288280335290226,-0.0203479725643763,-0.0111450846751517,-0.00427603230039982,-0.00369138919748292,-0.00258820389898876,-9.75998730890301e-05,0.00152539340136992,0.00355994858537412,0.00440268083451945,0.00271172537100806,0.00102361670433848
262,"DJI","Djibouti",-9999,-9999,-9999,-9999,-9999,-9999,-9999,-9999,-9999,-9999,-9999,-9999,-9999,-9999,-9999,-9999,-9999,-9999,-9999,-9999,-9999,-9999,-9999,0.00205819936047491
212,"DMA","Dominica",0.087671394775144,0.114273457708802,0.130478993198911,0.126188546448041,0.114133992619132,0.0728039909465417,0.048197027565571,0.01322257785852,-0.00149835069299626,-0.0266859789307932,-0.0439160704830878,-0.0355458218066463,-0.0217514705345932,-0.0145957777305062,0.00164634293505506,-0.0100219398162035,0.00444789984827154,-0.00323257204823122,0.00504040831721975,0.000713861111280467,0.000426540457275859,-0.001552521869528,-3.65155258724842e-05,-0.00187553736921585
214,"DOM","Dominican Republic",0.155903963986429,0.174021241994533,0.179804577995668,0.171983315852327,0.138782075924501,0.0936420844157635,0.0619272452263178,0.0428620392209864,0.0309826692898547,0.0224768278505689,0.0126162089185029,0.00544321389152924,-0.0106905696016061,-0.0363591849382577,-0.0990401658394676,-0.184123017082641,-0.285197088541925,-0.331503012359716,-0.343638004767078,-0.323137822469013,-0.280335042941965,-0.211753246051755,-0.128958675273046,-0.160175190683787
218,"ECU","Ecuador",0.0304261498141996,0.0185793896259514,0.0210756454157961,0.0159827836447679,0.0087625265432596,0.00387998391164479,-0.00333294916822795,-0.00666437184568392,-0.00852695158818038,-0.00569723609521897,-0.00660431220347155,-0.0108666105605026,0.0045379533980805,0.00985036226404246,0.0139185467437659,0.0201870955881178,0.0156931062585908,0.0146779023371455,0.00800865584029831,0.00374060660862052,0.00170217945680173,0.00110664127104099,0.00353164709205323,0.00497073409071591
818,"EGY","Egypt",0.0382963125015776,0.0340208237996507,0.0301512127906263,0.0275730435784096,0.0273257357241476,0.0275142354447109,0.0298045994994376,0.0318469435602546,0.031760140404713,0.0330737924875939,0.0315127922031921,0.0316728918621576,0.0318314271870979,0.0304276563031409,0.0287714928177947,0.0296630047463076,0.0299265852910602,0.0282316744821387,0.0243200813898046,0.0194849216813535,0.0067369769802692,-0.00400587177867457,-0.0138004194932416,-0.0131771818490701
222,"SLV","El Salvador",-0.0760543782174645,-0.113848648084738,-0.135174145993287,-0.153793636238114,-0.169418158836256,-0.175295590946302,-0.188460242009685,-0.177857957977707,-0.151215812688228,-0.134504356826193,-0.117961212191652,-0.117680713614317,-0.118652097024059,-0.132577643566326,-0.162277004522923,-0.197714626231531,-0.211027475554084,-0.217490744530064,-0.213082476463596,-0.188606681740491,-0.168579958934989,-0.12763989012859,-0.0853199767469145,-0.119129435649028
226,"GNQ","Equatorial Guinea",0.0624820330057645,0.0751645555255014,0.0844600222807488,0.0929408676005796,0.0948020190922039,0.102085240997719,0.107760199192779,0.107467822691258,0.095951294281001,0.0894929030859746,0.0757460643402561,0.0653160169316944,0.0522331166191148,0.0391705212329669,0.0244387990820714,0.00771052268918626,-0.00521450426328795,-0.0126834369242455,-0.0234833729365337,-0.0175010736487305,-0.0127557195503352,-0.00938369658004063,-0.0107668273184141,-0.0107369432545152
232,"ERI","Eritrea",-9999,-9999,0.0466778928738327,0.0482267518554269,0.0353801490689098,0.0221427585832945,0.00796434245750954,-0.00191381111379164,-0.000838024333547253,0.000203244453807816,0.00311303490127424,0.00777862790299721,0.00940712781570241,0.00904416433196831,0.00961420849948968,0.00902462186743835,0.0095526600228848,0.00727313788609862,0.00868157781073431,0.00920443794749293,0.00931182897087957,-9999,-9999,-9999
233,"EST","Estonia",-9999,-9999,-9999,-9999,-9999,-0.0155229691387562,-0.00267746088833982,0.000845062567516708,0.00938193503569695,0.0239254010118097,0.024329880725618,0.0276835589830597,0.0274026051614029,0.0250992823987135,0.0232006025305136,0.0234375311022472,0.0247960228609614,0.0203058185067371,0.0202118860039222,0.0220122859811234,0.0220615468983529,0.0212271299951778,0.0191066059152423,0.0194301559253878
748,"SWZ","Eswatini",-0.0105721874706972,-0.00925380027981453,-0.0120741870959052,-0.005138533703828,-0.00779618327502778,-0.00710693657868515,-0.000350656263483862,0.00029955618829991,0.00557018888702987,0.00964676051092095,0.00906421815969338,0.0133262157865828,0.00845276735167588,0.00561428987506707,0.00516108673858828,0.00374030120709801,0.00225844493628258,-0.00542292538982336,-0.00468381233739181,-0.0040160223294768,-0.00328851221601185,-0.001519516785845,-0.00214100217169318,-0.00129393032163532
231,"ETH","Ethiopia",0.207362730548901,0.171022484196536,0.138997236338099,0.103815970998693,0.052066783902839,0.0529194079656492,0.0260372707799228,0.0146872511552438,0.0141041199519449,0.0239146541768436,0.0324392728965339,0.0367426751372613,0.0304857683874042,0.0380938309192278,0.0409241942365035,0.0478642506045894,0.0337149608123151,0.0319674944064317,0.0237732174467515,0.0238472365174507,0.0273528199061943,0.0332375579959934,0.0281089993822352,0.0289919612043485
234,"FRO","Faeroe Islands",-8888,-8888,-8888,-8888,-8888,-8888,-8888,-8888,-8888,-8888,-8888,-8888,-8888,-8888,-8888,-8888,-8888,-8888,-8888,-8888,-8888,-8888,-8888,-8888
238,"FLK","Falkland Islands",-8888,-8888,-8888,-8888,-8888,-8888,-8888,-8888,-8888,-8888,-8888,-8888,-8888,-8888,-8888,-8888,-8888,-8888,-8888,-8888,-8888,-8888,-8888,-8888
242,"FJI","Fiji",0.0293776927474423,0.0242605559593576,0.0166626554156908,0.00752783264785406,0.000749677916219049,0.000584463680824765,0.000275707380333889,0.000920595119925594,0.00047697978003236,-0.00186104031722236,-0.00709861801367737,-0.0125927454818913,-0.00945001970103257,-0.0137589245467362,-0.0172561694264835,-0.0463917363420518,-0.0661038419975048,-0.083400607299132,-0.0839138267183705,-0.077359697829785,-0.072506831578202,-0.0597352847124777,-0.0384275256606148,-0.025336262659419
246,"FIN","Finland",-0.00410328023656634,-0.0005180410791613,0.000318895986367362,-0.00430508566287715,-0.0039073943925155,-0.000984343032082157,0.00152618234290425,0.00264910839390509,0.00481134242282466,0.0066251260710033,-0.00103679934820342,-0.00980977558949706,-0.0233245750900386,-0.0361159521043785,-0.0423345709821736,-0.0384187127832523,-0.0286279250415527,-0.021126797896709,-0.0198358601719029,-0.00668327506032186,0.00280684273717768,0.00410831387269806,0.00359417710598975,-0.000153782024240283
250,"FRA","France",-0.0149341994941658,-0.0320822320126843,-0.0480279613438851,-0.0637636326756463,-0.0809186957554775,-0.09462766310444,-0.096954723004159,-0.0888147913001038,-0.0714499504733992,-0.0583947535485942,-0.0555958293371195,-0.0579479237954319,-0.0569499956589959,-0.0539581922003072,-0.0526786205534022,-0.0427686515484541,-0.0317515528882533,-0.0275354022880754,-0.0151290865646079,-0.00783867625031427,-0.00403074816997415,-0.00841081205441095,-0.014980606577218,-0.0190077689802819
258,"PYF","French Polynesia",-8888,-8888,-8888,-8888,-8888,-8888,-8888,-8888,-8888,-8888,-8888,-8888,-8888,-8888,-8888,-8888,-8888,-8888,-8888,-8888,-8888,-8888,-8888,-8888
266,"GAB","Gabon",0.00234710078013411,0.0038254690410513,0.002186738434381,0.00635844898763227,0.0135034966614047,0.0255507114288893,0.0303699452709274,0.0289932935647992,0.0289250275284356,0.0342494680666916,0.0302685196433434,0.0267742810066347,0.0138971553583676,0.00302629006311217,-0.000649946984128122,0.00166833801302424,-0.0029490393392019,-0.00231874556604376,-0.00228705539312122,-0.00147909185348872,-0.00146591292258244,-0.0049105192311457,-0.0124358153228954,-0.0212784795889151
270,"GMB","Gambia",0.00989106825939778,0.0109239502148542,0.00715966438571658,0.00224112733125503,0.00347731013670893,0.00782195481577763,0.0130840855581884,0.0225510344491402,0.0259965670544313,0.0318467064360777,0.034757949592473,0.0408157769516386,0.0325363494890403,0.0146310850559377,0.00460014533960229,-0.000302888013416343,-0.00264793546775031,-0.00197073370859633,-0.00159985346373892,-0.000474703665252206,0.00436546902458046,0.0129322854221368,0.0167017722811844,0.0118056556328288
268,"GEO","Georgia",-0.00119425939180995,0.0096050406054935,0.0253349368275329,0.0329296404994059,0.0345015202106924,0.0161554598984153,0.000648992344833621,0.0038248728991741,0.00687820848462639,-0.00561809126542301,0.00227784443820589,0.00269425032197823,-0.000102499450485993,0.00467736490949955,0.0165751954284008,0.0209567095083427,0.0260547557794224,0.0317079800445947,0.026470579261767,0.013463751229819,0.0125014758674187,0.0143495100676989,0.01369522555398,0.0124192399930583
276,"DEU","Germany",-0.0686225004677258,-0.090044633397412,-0.105299193385251,-0.104208954022183,-0.0991306866892072,-0.0742465366785551,-0.0535918797895082,-0.0316450496995849,-0.00133399878794648,0.00412965873749482,0.00375097490068965,-0.00878514584206039,-0.0214204348832007,-0.035525442397322,-0.0452698007809953,-0.0415417573745005,-0.0381947468380327,-0.031442859283404,-0.0228965352260322,-0.0171229923732157,-0.00700262069448063,-0.0152549618855686,-0.0232923939833058,-0.0259805111827545
288,"GHA","Ghana",0.0318271734237596,0.0270941195506427,0.028333933973596,0.0293387281087374,0.0287792156647317,0.0178346993737235,0.0176796422387497,0.0196367602193768,0.0218708722585979,0.0242817654960501,0.0276329259756289,0.030212889914792,0.0339869611769894,0.0389719977007057,0.0447777394250868,0.0357663277379718,0.0362473568624353,0.0371585225600124,0.040270286005242,0.0404608994837408,0.0410824256940401,0.0460959149870741,0.04966954571035,0.0488034212107902
300,"GRC","Greece",-0.0187204252686085,-0.0159646177038042,-0.0143707307451196,-0.0123609055781791,-0.0182376931632639,-0.026304972238542,-0.0307747141934774,-0.0317412228635566,-0.0290432632601126,-0.0289837985718076,-0.032622943219612,-0.0285826342485826,-0.0209719063242766,-0.0157224385896759,-0.0102521978580886,-0.00576735873712109,-0.00228184210747901,-0.0028042174187889,-0.00367720812963672,-0.00747650505920257,-0.0132772947532515,-0.0112382506356842,-0.0125685176775766,-0.0150847985494126
304,"GRL","Greenland",-8888,-8888,-8888,-8888,-8888,-8888,-8888,-8888,-8888,-8888,-8888,-8888,-8888,-8888,-8888,-8888,-8888,-8888,-8888,-8888,-8888,-8888,-8888,-8888
308,"GRD","Grenada",0.0461875607941216,0.0490362907046897,0.0485158712808278,0.0440765616298111,0.0362465492808728,0.024368547645145,0.0150823601837444,0.0061442479434699,0.00163365141364213,-0.00172887269767651,0.00542067067776064,0.00504310149572484,0.00242010805284099,0.00427816058271135,0.0117915718579944,0.00910929817165118,0.00894097540242611,0.0115157622509796,0.0104710846666576,0.00992040548765427,0.00716126912713699,0.000976567127120243,-0.00469529333839478,-0.0068378543729281
320,"GTM","Guatemala",-0.0407468118246907,-0.00225469865500169,0.019740407443064,0.033272507136169,0.040593522755892,0.0311903622384289,0.0240286145035566,0.00985726078442517,-0.00722861932171151,-0.0400966545142566,-0.0732861925961276,-0.101161865873845,-0.11591783359453,-0.123144301002796,-0.108755300491731,-0.0847962976439802,-0.046942962215992,-0.0165696467252113,0.00094196509464961,0.011166173673427,0.0166340520736139,0.0153312772484315,0.0171336597947427,0.0129525659118874
831,"GGY","Guernsey",-8888,-8888,-8888,-8888,-8888,-8888,-8888,-8888,-8888,-8888,-8888,-8888,-8888,-8888,-8888,-8888,-8888,-8888,-8888,-8888,-8888,-8888,-8888,-8888
324,"GIN","Guinea",0.00844670806305303,0.00974736642106633,0.0179202698858845,0.0301511618989885,0.0383683106174018,0.0438859853419529,0.0576838195997462,0.0584335410006891,0.0518336121354805,0.0497815922420528,0.0391527582516398,0.0289787448166252,0.0263531956800158,0.0334112336145094,0.0350211494825381,0.0311456415871023,0.0314705885223523,0.0397413344337245,0.0411004545488693,0.0376169815873426,0.0348897157668322,0.0315562896597343,0.0306796898092603,0.0323562449601156
624,"GNB","Guinea-Bissau",0.00103467439300076,0.00149349996347703,0.0146006287798461,0.0271021388022683,0.0375308331834576,0.041736806921536,0.0401317293216366,0.0394642658849962,0.0325638230038658,0.0166088112009728,0.0079340569763553,-0.00183515566234663,0.00142718344180248,0.0109141703838735,0.0163504406492105,0.0189527298303225,0.0170098942028158,0.0175245754155202,0.0178357316678088,0.013599943074124,0.0110629623212126,0.00980317797590713,0.00790669820916179,0.0115612381212009
328,"GUY","Guyana",0.0151100977087808,0.0162927577207184,0.0148912235988601,0.0134148348400012,0.00752730849613159,0.00402657429146802,-0.00292259799737264,-0.0156690518299241,-0.0242921679436536,-0.0223139081597365,-0.0236502083788293,-0.0155751112164228,-0.00836892107044271,0.00330312208973282,0.0109269973816446,0.0184871257090136,0.0229518933340336,0.019325929908065,0.0143960066802555,0.0144529704373595,0.00974343170972314,0.00740055028203179,0.00430032485261012,0.00606878191922378
332,"HTI","Haiti",0.0437525804907404,0.0402227426190065,0.035704085693975,0.0346427161081091,0.0278938676279543,0.014660478091544,0.0122641909524777,0.0110385750919513,0.0107945609975912,0.0108243784668063,0.0105401365260123,0.0111158111705851,0.0112350346162911,0.0108999031661607,0.0100389629891944,0.00878354130911241,0.00969023920300538,0.0109156856400383,0.011090701487418,0.00831066282763837,0.00671544781566702,0.00564988178891923,0.00488947809077822,0.00435877021574438
336,"VAT","Holy See",-8888,-8888,-8888,-8888,-8888,-8888,-8888,-8888,-8888,-8888,-8888,-8888,-8888,-8888,-8888,-8888,-8888,-8888,-8888,-8888,-8888,-8888,-8888,-8888
340,"HND","Honduras",0.0761990944606967,0.0935226260633939,0.104464897189311,0.10141384983903,0.101824556870339,0.0873458813182548,0.0846236827356397,0.0736220835815553,0.0659923325995986,0.0563203609085259,0.0430644085551566,0.035022456544199,0.0298924263603957,0.0128953020658134,0.00724172155584535,-0.00329742645972227,-0.00331903025684692,0.000114216977213921,0.00342021291600925,0.00757650211569549,0.00606655811240864,0.00568241056371366,0.0104436876085936,0.0102000595422382
344,"HKG","Hong Kong",0.0281801656046785,0.00953018709977971,-0.00197331196168388,-0.0189111866891032,-0.020420504761405,-0.0390758651394043,-0.0490940653298073,-0.0771919860490089,-0.0984151946330963,-0.0776505693399578,-0.0219548404945511,-0.00460477930313519,0.00732970487747941,0.0117118700845229,0.0183678369263787,0.0157088465753077,0.0111829929157583,0.0079198155400324,0.00808780607990056,0.00487223119401925,0.0101173336127516,0.0017396685539095,-0.00133831463655273,-0.000891927817728362
348,"HUN","Hungary",-9999,0.00675710149630304,0.0212256183432706,0.0116380247458188,0.00194321187262991,0.0116977358240358,0.0070095400326835,0.00554788386350813,-0.00170964473304068,-0.0230255093249473,-0.053532602161652,-0.066585372077789,-0.0569596923617114,-0.0514400841600357,-0.0394285126319635,-0.0124989576449271,-0.00266402427199067,0.0112039762565326,0.0279355532553083,0.0344554131399739,0.0335903773614155,0.0302142234529308,0.0267111454494107,0.0199986616263292
352,"ISL","Iceland",-9999,-9999,-9999,-9999,-9999,-0.0305216820983585,-0.0401899685589553,-0.0327473730124191,-0.0211002397805971,-0.00729227225231035,-0.000755964283795315,-0.000223357001391693,0.000139398371235,-0.00116739183004601,-0.00474332978352759,-0.00263033544812255,-0.00438584940733091,-0.00479538331433218,-0.00159002681683476,0.00159811154913392,-0.000250622734570545,-0.00400784030176246,-0.00898060819591593,-0.0130377197270684
356,"IND","India",0.0530919503094189,0.0551937975094743,0.0550796511509508,0.0506138032889771,0.0456998240196822,0.0407690399550484,0.0378484460289954,0.0374189232290203,0.0395351697218962,0.0427902225389154,0.0473092117446821,0.0469933314064208,0.0464768570889278,0.0428445497763978,0.0385271304154045,0.0351131716408364,0.0335393738306842,0.0330618913651615,0.0332511390296639,0.0339393891617246,0.0357230942238904,0.033022106721279,0.0306302123609412,0.0290999980413613
360,"IDN","Indonesia",0.061292963101784,0.0683879283755684,0.0693693222618479,0.0664199373138452,0.0593264888980416,0.046585231240917,0.0368828124546829,0.0295273527604767,0.0240954162443752,0.0227533501871415,0.0232901524736857,0.0252412120605512,0.0261334949891503,0.0257205270507754,0.0233064874140392,0.0226178523723428,0.0208830007168943,0.0171941764166146,0.0177171367332813,0.0201587554441285,0.0215065847194011,0.0223484893238617,0.0234386726628766,0.0247668327292216
364,"IRN","Iran",0.0749401509879031,0.0805694654817015,0.0778005934962491,0.0731087557125345,0.0571780243581173,0.0528753249344023,0.0410388198372813,0.0289132808071768,0.0217299228589369,0.00517965150394728,-0.0157700003115291,-0.0423551714772934,-0.0807562721876281,-0.112927437637961,-0.139302212623908,-0.124943759905614,-0.107774918846588,-0.0821793170344284,-0.0459376161225523,-0.0215658364497795,-0.00338167915785544,0.00822620847350697,0.013656169788518,0.0116421368844204
368,"IRQ","Iraq",0.0324489433895345,0.0339483739198514,0.0282691971824367,0.0285482828113925,0.00884089553972456,-0.00110528390837006,-0.00468842481149277,-0.0119678266546055,-0.0125215136602974,-0.00757896730693937,-0.00353213408352811,-0.00151331187143149,0.0215257605649106,0.0534888983501778,0.0511363165314331,0.0457714974111458,0.034549920278772,0.0246187000587246,0.0145017180271378,0.0070941090035932,0.0126023320017983,0.015993380656109,0.0215742321517274,0.0280752901053953
372,"IRL","Ireland",0.0165022810147575,0.0152450780527733,0.00784062834771215,-0.00314870676174127,-0.0185684861444439,-0.0348802427854319,-0.0454258775168319,-0.0510992826037367,-0.057358634235506,-0.0521621779614675,-0.0457161467412489,-0.0331591870624811,-0.0307933889356255,-0.0246190068841898,-0.0123290144174156,-0.0064626799365146,-0.00162891095019006,0.00256188094683729,0.00820055121080654,0.0147258915274715,0.0143168170499799,0.0158882200754908,0.013331562674898,0.0111239486253178
833,"IMN","Isle of Man",-8888,-8888,-8888,-8888,-8888,-8888,-8888,-8888,-8888,-8888,-8888,-8888,-8888,-8888,-8888,-8888,-8888,-8888,-8888,-8888,-8888,-8888,-8888,-8888
376,"ISR","Israel",-9999,-9999,-9999,-9999,-9999,0.0264600492900207,0.00941181401401159,-0.0049005202682193,-0.00992217126512618,-0.0141614941312737,-0.0233473424527422,-0.0327553536016147,-0.0478538121345501,-0.0478202887376833,-0.0407703263414563,-0.0211804096231851,-0.0214924101865302,-0.018716079026674,-0.0104341382459772,-0.00446952026806322,-0.00111345553438338,0.00133912416245319,0.000402351099096698,-0.000359806932303608
380,"ITA","Italy",0.0155523955918833,0.0127711443597727,0.0115291236881256,0.00758702511887299,0.00377461461443906,0.000128515050570543,-0.00538085594467428,-0.0315936465421954,-0.0505672233537812,-0.0688979294279704,-0.0626312637473278,-0.0606156396807579,-0.0599731806169432,-0.0396539303275905,-0.0201556583418233,-0.00774203990333995,-0.00442022047700105,-0.00352949816749463,-0.00498418561290742,-0.0075905655149433,-0.00803898168103383,-0.00463344686049611,-0.00307236430036822,-0.00278918749797926
388,"JAM","Jamaica",0.0084499015673829,0.0103153094947657,0.00883175695372285,0.00513728228066967,0.00679101313234964,0.00758094803380671,0.00837209513354709,-0.00187646164189522,0.00149634436686141,0.0215336557482668,0.0370638952366982,0.0483528009004339,0.0535885799275202,0.053645456260847,0.0516173267376501,0.0453097034477199,0.0334254575051682,0.00613655532790092,-0.0118186785437689,-0.0102746435775012,-0.00490675029390486,-0.00162315611885681,-0.00168581303652902,0.00131797575598203
392,"JPN","Japan",-0.000367264607008065,-0.00439077760893574,-0.0180596506748887,-0.0359697682438085,-0.0539847132761328,-0.0652201985548749,-0.0686748368983055,-0.0639573607151689,-0.0494200897394717,-0.0366583928655825,-0.036067717464572,-0.0264177748444851,-0.0243624682572579,-0.0223413705374327,-0.0232568706112116,-0.02393964233139,-0.0262568473603378,-0.0286265081941014,-0.0267127017056209,-0.0274447738363292,-0.0281655592580095,-0.0256718533438632,-0.0231306511959007,-0.0216436759225605
832,"JEY","Jersey",-8888,-8888,-8888,-8888,-8888,-8888,-8888,-8888,-8888,-8888,-8888,-8888,-8888,-8888,-8888,-8888,-8888,-8888,-8888,-8888,-8888,-8888,-8888,-8888
400,"JOR","Jordan",0.0497364438363921,0.0375572468536303,0.0513570581693119,0.0699693360901841,0.0895749300712156,0.106078574689876,0.130271981137801,0.144067068246002,0.149135734858207,0.146041638542159,0.124284949749706,0.0768847001083621,0.0393827621199663,0.0116587632280858,-0.00564779142033958,-0.0311367854028983,-0.0296608335964827,-0.0323149691407129,-0.0141660766549072,0.000355960167908398,0.005576996968361,0.00711601129417172,0.00794793148847583,0.00488782036816193
398,"KAZ","Kazakhstan",0.112378046032982,0.109041729187786,0.0955802534320227,0.0778258820663162,0.0509516844736779,0.013258173322213,-0.0397061377845905,-0.126744765501131,-0.203126021862045,-0.257338187420765,-0.274141305029512,-0.24892336736114,-0.213497503919866,-0.174395844135722,-0.133710023426063,-0.0872762266558402,-0.0496800748147388,-0.0324830585460481,-0.0109782487268512,0.00296424026596176,0.0134428916995566,0.0230121200896842,0.0303157505984375,0.0268316910367676
404,"KEN","Kenya",-0.0042720304691938,-0.00320217686976776,-0.003348712734127,-0.000366980325603834,0.00480728418679632,0.0125089750023619,0.0180434074420239,0.0141036510628565,0.0292199515537286,0.0382543741907366,0.0420492950289939,0.0369063460716033,0.0309803204661787,0.0243786730079079,0.0187430425681843,0.0144708092269921,0.00825741548377801,-0.00155144226578676,0.005442581550968,0.0113214884493056,0.0193707167413741,0.0248020034388567,0.0307302131591434,0.0296851928685391
296,"KIR","Kiribati",0.0192234129109163,0.0250612455255108,0.0299503823373688,0.0402443659564942,0.0472516397634584,0.0510004788211391,0.0553557314603581,0.0571767395725022,0.0558895924362706,0.0528677580285983,0.0412105105852891,0.0347631222802498,0.0261153453142997,0.0227319361713889,0.0174010084358778,0.0115058406850099,0.00955405477301685,0.0089581110285124,0.0103224267772972,0.0139868055581769,0.0132729274898276,0.0130138650394342,0.0134152758820132,0.0131816678371113
689,"XKX","Kosovo",-8888,-8888,-8888,-8888,-8888,-8888,-8888,-8888,-8888,-8888,-8888,-8888,-8888,-8888,-8888,-8888,-8888,-8888,-8888,-8888,-8888,-8888,-8888,-8888
414,"KWT","Kuwait",-9999,-9999,0.0724215584583672,0.0584634723727515,0.047797796026203,0.0392071180728848,0.0331526107802393,0.0293739988170325,0.0267037897131004,0.029201129219,0.0405394519744111,0.0391530708371344,0.0353134765435326,0.0326112469928643,0.0327776031517171,0.0286520936309995,0.0295099244662069,0.0294044494734469,0.027438324427127,0.0255631857299587,0.0279121371991389,0.024241148206734,0.0222519427950432,0.0196932508222829
417,"KGZ","Kyrgyzstan",-0.0103403313052691,-0.0112934469376664,-0.0093861729879919,0.00155578960969494,0.018505609579389,0.0205225260093407,0.0142509298034512,0.00648405123989848,0.0127556465351808,0.0193913024254146,0.0268168564229927,0.0302604721319688,0.034795892697133,0.0381795942919061,0.0380028587343471,0.0389398302718429,0.0370444638166958,0.0333838621430123,0.0308199890441958,0.030833371237601,0.0304209335589201,0.0269841970347278,0.0239136637833661,0.0234148685393856
418,"LAO","Laos",0.00870048213326013,0.00416881962485194,0.00166728767623536,0.00398911472168595,0.00710095698270541,0.0162414963270228,0.0259058840732436,0.0314414330499808,0.0422003591744962,0.0433943545165045,0.0401220138269613,0.0420595137437465,0.0371215660176769,0.0362858994405217,0.0352881348753655,0.0361287410680049,0.0368446424053293,0.0362953972741802,0.0365612676728899,0.0317773144026556,0.0290631138927209,0.0330398096903473,0.0302010531974981,0.0290763168637407
428,"LVA","Latvia",-9999,-9999,-9999,-9999,-9999,-0.00238640713900336,0.00265391669538251,0.00716468905335121,0.0140480153982279,0.0161799438204171,0.0143606520090727,0.0128992691529395,0.0143616444374364,0.0152281511371541,0.0180080570140158,0.0197961997371887,0.0230024668164603,0.0239250460127602,0.0254398638104474,0.0211795557911973,0.019775061515122,0.0188322180208469,0.0154015199548234,0.0146480755898242
422,"LBN","Lebanon",0.0249047709516372,0.0132652965963904,0.00462368818107883,-0.00908676618499301,-0.014256754704102,-0.0316849091276273,-0.0357142022408537,-0.0464135571889657,-0.0514885057922492,-0.0454984362341971,-0.035018790057454,-0.0244155850537818,-0.00206970640888443,0.00792627442348626,0.0213744966765785,0.0343334201207908,0.0395338476207245,0.0374821854723306,0.0322545163612606,0.0206768438139224,0.0117631782511725,0.00229739344078816,-0.000700491801545742,-9999
426,"LSO","Lesotho",0.232042552941514,0.266855339858096,0.271425965700242,0.246168222176685,0.198825441299766,0.127083856540583,0.0829388966203097,0.0504380205690302,0.0304478846986993,0.00252511277839829,0.00459957088307883,0.00991754099273146,-0.0120800595165929,-0.0539018640265644,-0.10484105873194,-0.155539891805695,-0.187409119971399,-0.198724938301051,-0.159246752501139,-0.127603650902819,-0.0804062407624768,-0.0190898753472889,-0.00826255034194929,-0.0151803530435737
430,"LBR","Liberia",-9999,-9999,-9999,-9999,-9999,-9999,-9999,-9999,-9999,-9999,0.0577895682685292,0.0605453302779226,0.0609081690630029,0.0591780855633943,0.0552481917779764,0.0519920202169331,0.0504158910479753,0.0411998428741589,0.0312976944091805,0.0208706247501675,0.0315954439554367,0.0279991939723954,0.0244939558676267,0.0233481451928856
434,"LBY","Libya",-9999,-9999,-9999,-9999,-9999,-9999,-9999,-9999,-9999,0.0319593707620909,0.0401661982403214,0.0427798140877689,0.0337908096428479,0.0303473704020194,0.0254075171030832,0.0191538404460292,0.0101805053686899,0.00472707547763873,0.00136364833434444,-0.000920968312592162,-0.000763427836536557,-0.00025694219247443,-0.000246734454721618,0.00233931684446098
438,"LIE","Liechtenstein",-8888,-8888,-8888,-8888,-8888,-8888,-8888,-8888,-8888,-8888,-8888,-8888,-8888,-8888,-8888,-8888,-8888,-8888,-8888,-8888,-8888,-8888,-8888,-8888
440,"LTU","Lithuania",-9999,-9999,-9999,-9999,-9999,0.0453051770091064,0.0404934552945033,0.0387321864641545,0.0439166562295072,0.0449738898179253,0.0112126219225188,-0.00854979413353872,-0.0218780099644101,-0.034070924752125,-0.0562392552760562,-0.0693520162720831,-0.0625808716190401,-0.0607154443005683,-0.0318662909708074,-0.00559629668404495,-0.00634097031117708,-0.00529354843911714,7.19207169139757e-05,0.00181588908720598
442,"LUX","Luxembourg",0.000962557069144943,-0.00202792009350176,-0.00722514565847753,-0.0092289226426422,-0.0167284066275876,-0.016574980351125,-0.0193872517891371,-0.018236191335337,-0.0147952446572063,-0.00801722038647488,-0.00186137207976632,0.0036655987363019,0.00697045382723038,0.00845315315432305,0.00616790609114859,0.00836113818290518,0.00721935234018933,0.00689473574529753,0.00735890507068482,0.00921538924492515,0.00988105540756368,0.00776662216998059,0.00750518881753259,0.00692939017110428
446,"MAC","Macao",0.0587966066464602,0.0423078620883282,0.0275572114197742,0.0158767585405453,0.00733637033763612,0.00713438449869552,0.00353275995907953,0.00644407166771499,0.0126134506334306,0.0164275385051025,0.0246678360713977,0.0150010866568899,0.0162917518132815,0.0177307135633054,0.00858065480819881,0.0053791707795694,0.017508269820883,0.0284980762202092,0.0398483479274176,0.0401031731785966,0.0393647279145166,0.027422247596947,0.0267447927874542,0.0290150773572344
450,"MDG","Madagascar",0.0659415649388893,0.0700371270830162,0.061246040191747,0.0430172002204157,0.0172688484535688,-0.0157841040870472,-0.0579298853853156,-0.0844650445607751,-0.0918936541124366,-0.0821202049495539,-0.057212849586248,-0.0272484947770453,-0.00681771307993663,0.00536973758125114,0.0103614487186645,0.00978868902852659,0.00812724057704295,0.0109739440967609,0.010564120471789,0.00573476370422332,0.00276084172243851,0.00113233538200519,-0.001654554632694,-0.000406205681118137
454,"MWI","Malawi",0.00889417869504672,0.0120355936486745,0.0130491111246482,0.0236848797499096,0.0363178614344273,0.0322586258860162,0.0324843020645729,0.0382829896454839,0.0454839500808963,0.0552419111038609,0.0574062440509395,0.0656386636247923,0.0613095986376859,0.061312126915595,0.0606144102294999,0.0614503683542165,0.0575396068253295,0.0502003758876126,0.0478723489359771,0.0553469767945196,0.0617137831472603,0.0691084734822418,0.0748722850596342,0.0715249398635744
458,"MYS","Malaysia",0.0553949152380393,0.0564331260309954,0.0457815105488513,0.0414088835066604,0.0378354923170547,0.0433451928329718,0.0426098196568956,0.0313023862319566,0.0372649684331947,0.0448392800861523,0.037448927377403,0.0346076219663558,0.0201783767645685,0.0193671092818086,0.0138553138339612,0.0161713029543933,0.018226258571429,0.0143969490240596,0.0182467658607985,0.0222589591036555,0.0108107095739276,0.0027182260256664,-0.0090510587844239,-0.00539321349151944
462,"MDV","Maldives",-9999,-9999,-9999,-9999,-9999,0.0897736331109096,0.0867165656049269,0.0885489888970565,0.0839984761756774,0.0782485050701083,0.065902081418926,0.079650775219319,0.0879041556095448,0.107854827137642,0.10847540315535,0.122149153760258,0.104443951932421,0.0882928927329065,0.0711642594458923,0.054333162479653,0.0435445812438795,0.031754447083215,0.0245938858246078,0.0297563837216477
466,"MLI","Mali",0.102937797032617,0.128849405834369,0.205027945344073,0.288720889874887,0.362630190328465,0.419492540825437,0.442318010872003,0.446648160958772,0.427287147760064,0.385688047471685,0.314463372846313,0.222995794456147,0.173604228423152,0.136594795420258,0.106152235425587,0.0845648659286888,0.0672647437093192,0.0575280657428949,0.0475644519189191,0.0421074674365716,0.0374508561846643,0.0408709415124426,0.0424807910343039,0.0419979445837084
470,"MLT","Malta",0.0108320084910083,0.00634592062804096,0.00169260353067502,-0.00557172077490819,-0.00515496278033991,-0.00413934180632369,-0.00569807684198339,-0.0114145888513776,-0.00835348541776032,-0.0101401957379781,-0.0146804695888332,-0.017460292822261,-0.025993951002331,-0.0358679093711732,-0.0428458037829916,-0.0424484825918961,-0.0475293741038249,-0.0495893202560705,-0.0485899380663856,-0.0506380603299977,-0.0385197219920444,-0.0199617129336341,-0.010394606994337,-0.0105675695364422
584,"MHL","Marshall Islands",-0.00416612899429956,0.00731824363049705,0.0139473539773487,0.0176266309210431,0.019822341743104,0.0208552947591114,0.021443349993544,0.022007469166581,0.0227752640894194,0.0244895475727511,0.0265112279144084,0.0396611942285574,0.0421654717644873,0.0424805663588446,0.040533242053739,0.0364356655008498,0.0311296616891084,0.0248433813934328,0.0193522476748431,0.0164824715414438,0.0171236923864146,0.022513694224821,0.0223190229194814,0.0221513338620591
478,"MRT","Mauritania",0.0382282973679802,0.0367055426122251,0.0358813981449477,0.0325319052784336,0.0305348425976857,0.0266122443164327,0.0234155026483871,0.0252950853857268,0.0258108060584561,0.0209446040761827,0.0217186218670053,0.0254926228545478,0.0279231478314546,0.0302337680258244,0.0325376996612885,0.0324904028685522,0.0345230788060988,0.039027772383051,0.0440182018017863,0.0416570503763241,0.0411024671541962,0.0407476811210523,0.0376926996039777,0.0364669514268376
480,"MUS","Mauritius",0.0160336472710685,0.0138746722097451,0.0110471767089408,0.00847122074331796,0.00600873588667961,0.00503508597491797,0.0092386527745183,0.0144603257212634,0.0163446275665111,0.0153228485178103,0.012790706613234,0.0130155025142995,0.0110626156503713,0.00736641865867016,0.0053587906153576,0.00301464276839036,0.00551820242020296,0.00826659167920085,0.0103717094481111,0.00880188206559973,0.0051291852323887,0.00131110564305392,-0.000239436277523151,-0.00104123584685149
484,"MEX","Mexico",0.00209268171235166,0.00274121003594807,0.00361420697074255,0.000794620818821201,-0.000733442304717915,-0.00103864322892458,-0.000583518348412173,0.000194652337249801,0.0027492606966748,0.00499254221323087,0.00565483075632645,0.00803979713691971,0.0103076112803937,0.0100008475029649,0.00996608858949788,0.00968725568355278,0.0104766845614301,0.0141305468182191,0.0187913070693746,0.0201140057831366,0.0203037065993532,0.0204106259071279,0.019415830400725,0.018662131484541
583,"FSM","Micronesia",0.331195681301369,0.320466270652511,0.278344984957796,0.206659422332768,0.111543078514375,0.000252280582343944,0.000239001070368117,0.00019916359223715,0.000990764287263968,0.00147835176586786,0.00454646017588711,0.00682098201917913,0.0116304704704753,0.0150751974959438,0.0185976236890286,0.0202512990346504,0.0210637411603494,0.0206825771440562,0.0186743920943901,0.0151745007735942,0.0141532795414436,0.0123039756892369,0.0132763861011278,0.0135708237251637
498,"MDA","Moldova",-9999,-9999,-9999,-9999,-9999,-0.0360183816133051,-0.0248948233479921,-0.0144492693351361,-0.0190606246325918,-0.0141156521118802,-0.0156652487420292,-0.0172753524990739,-0.0116820855575103,-0.00586275738247211,-0.000545945340441851,0.0141582342354183,0.0176020487852955,0.0266710282134983,0.0265905557617783,0.0300324303789217,0.0312265856321767,0.0251801017598239,0.0243092422897799,0.0181014719543069
492,"MCO","Monaco",-8888,-8888,-8888,-8888,-8888,-8888,-8888,-8888,-8888,-8888,-8888,-8888,-8888,-8888,-8888,-8888,-8888,-8888,-8888,-8888,-8888,-8888,-8888,-8888
496,"MNG","Mongolia",0.0332693154509409,0.030394843410771,0.0140144850170882,-0.00852766418275429,-0.0393741187824853,-0.0654932320929874,-0.0710269369558321,-0.0553154390540211,-0.0165050924044295,0.0144416366537137,0.0432888345775879,0.0502640761056274,0.0491146716658315,0.0439578683495268,0.0397755906869561,0.0402141752478038,0.0416268524602166,0.0461418450871469,0.0565029106755166,0.0654898692394033,0.0752937574781356,0.0597986475618237,0.0464543917009714,0.0374291703689211
499,"MNE","Montenegro",-9999,-9999,-9999,-9999,-9999,-9999,-9999,-0.00340573099674044,-0.0114523644622779,-0.00912111185762555,-0.0104992436644168,-0.00435200122291906,-0.00250326861233358,0.00200438473783349,0.00682388533786726,0.000489737136863511,-0.000805956774832539,0.000434779683147202,-0.000584822654358344,0.00302103773998486,0.00177901850545248,0.000944444888247187,-0.00263632751783763,-0.00233675506501357
504,"MAR","Morocco",0.00802490974088377,0.0177965441767824,0.0261738789478247,0.0299326849662145,0.0279646743503066,0.030369387578147,0.0274709081454996,0.0302295657432305,0.0263131373116119,0.0222874503374162,0.0182718824681214,0.0144846232770874,0.0130792563502038,0.00978552506776231,0.00789912655315761,0.00390612630852227,0.00783932503969265,0.0089817465968205,0.0154776535462231,0.0194960021636317,0.0192485693105529,0.0169359552714075,0.0193070462703451,0.0181397069873364
508,"MOZ","Mozambique",0.000707587198242265,-0.00543186892354842,-0.00258864225331575,0.00337254292298028,0.00989466174240183,0.0135992792717021,0.0208262633062211,0.021813905610143,0.0170671513260121,0.0230311365644429,0.0165758495125805,0.0101020193824231,0.00504062835135533,0.00570509189823998,0.00783921791353692,0.00772604551698874,0.00767300080133504,-0.000412973575009243,-0.00863949658072027,-0.000526360606496177,-0.0035509069392119,-0.000188891363282193,0.00031518358371363,0.00125522617805274
104,"MMR","Myanmar",0.0218062147799425,0.0230251949637836,0.0232002704781931,0.0229310416243618,0.0237208285156307,0.026475727397655,0.0310946977465187,0.0353928390124356,0.0388813407555091,0.0386767112302411,0.0389909965128832,0.0386443108318619,0.0367771787898512,0.0338579553756977,0.0321593857721156,0.031616183142742,0.0307050193744216,0.0300062245544128,0.0345602635686997,0.0356176402882538,0.0370705762408161,0.037836496645038,0.0379899918080682,0.0362217826749884
516,"NAM","Namibia",-0.00130195403691026,0.00634747839560612,0.0156994473220127,0.0208313494887709,0.0212213490196014,0.0210395757087831,0.0174808026632034,0.0132851921537089,0.00943360714767838,0.00487638942839741,0.0022501009416811,0.000468347120706758,0.00782997237510363,0.0165254517061972,0.0162370035128181,0.0201472805433265,0.017863297040734,0.0246800735875643,0.0287780641547259,0.022421107835888,0.0062440771527108,0.013045292590107,0.0248384902578629,0.0315754480244874
520,"NRU","Nauru",-9999,-9999,-9999,-9999,-9999,-9999,-9999,-9999,-9999,-9999,-9999,-9999,-9999,-9999,-0.00960328021560789,0.00842058196947182,0.0218972031748588,0.0276023358560737,0.014722788355195,0.00133190725744581,-0.00579290904243207,-0.00947121343327357,-0.00694753505371683,-0.00441910221889503
524,"NPL","Nepal",0.0197296936632232,0.0189312300820801,0.0178245140866908,0.0135279500254859,0.00859464002998789,0.00581801526549275,0.00455943439277484,0.0047872548246104,0.00547763205554164,0.00908642616394739,0.0141528898806855,0.0194923807631271,0.0256954838247176,0.0283198261521316,0.0308837613546247,0.0335142257040115,0.0334673279502706,0.033527996466854,0.0306197411114406,0.0288834524119534,0.0277751410266422,0.0265990601510433,0.0249624246672928,0.0235615307187995
528,"NLD","Netherlands",-0.0118308155604445,-0.0251394349566557,-0.041380287654963,-0.0562532207335183,-0.0634645231612767,-0.0633377581949504,-0.0589465901397118,-0.0467516425966443,-0.046068338502534,-0.0742454088281976,-0.0933172055180752,-0.104698532843217,-0.11367374227786,-0.125626210060916,-0.123551145398372,-0.0994861545807762,-0.061758853149982,-0.0288305829164814,-0.00243712041417648,-0.00023546508396834,0.00108805797429867,-5.22111031069347e-05,-0.00614434804619312,-0.0187211319026942
540,"NCL","New Caledonia",-8888,-8888,-8888,-8888,-8888,-8888,-8888,-8888,-8888,-8888,-8888,-8888,-8888,-8888,-8888,-8888,-8888,-8888,-8888,-8888,-8888,-8888,-8888,-8888
554,"NZL","New Zealand",0.0188939924086644,0.0187724323289507,0.0198859902323956,0.0190220657458566,0.0195211158283808,0.0204264461425077,0.0217627339315611,0.0198745226585715,0.0159069499917326,0.00991138187014018,0.00277054198792803,-0.00150358333113608,-0.00245946489940488,-0.00258560691264922,-0.000343692626979026,0.00425867480161535,0.00837344905781889,0.0101894926584838,0.0104433442620273,0.0102863319284303,0.00886370657786717,0.00813184810007805,0.00614176811347544,0.00609606926513218
558,"NIC","Nicaragua",0.00401495327110646,0.0176526907109258,0.0161072858621591,0.0153856425806194,0.0166965463918676,0.00768440521498293,-0.00340701446181043,-0.00661298757084707,0.00176690657720902,0.0135899745971511,0.035707051191662,0.06168715015285,0.0829230520030124,0.0992375476579253,0.105621262294056,0.0987217595933261,0.0812953492746256,0.0663075419519323,0.0522886086144745,0.0380857547321143,0.027288805552752,0.0212127611927784,0.0188647705623926,0.0216641304985741
562,"NER","Niger",0.186152882211654,0.154662711159861,0.124049935946054,0.0919558210031923,0.0585181247172091,0.0244372256406074,-0.0086367925778386,-0.0600566375535263,-0.118938719450027,-0.160418765237286,-0.170006065476721,-0.152798841080118,-0.124374679843077,-0.0827824200425875,-0.0409130817785176,-0.00786676159124871,0.0133514882857018,0.030645473708899,0.0421624917490486,0.045295878512557,0.0477408441770959,0.0480579965114007,0.0457059164219353,0.0420870901102881
566,"NGA","Nigeria",0.0302513792628927,0.030170861302645,0.0307640138917875,0.0305002003520916,0.0308269346260139,0.0292854165703083,0.0280128090103557,0.0277209866175996,0.0274648447590125,0.0293855063200346,0.0305465116752821,0.0316553080371977,0.0314803942055055,0.0304762312310265,0.0313364359621673,0.0298068437911745,0.0285470812086017,0.0280454407052426,0.0279800225268678,0.0276876116198439,0.0271266322621861,0.0271343227776846,0.0249909334747891,0.0234389192794033
570,"NIU","Niue",-8888,-8888,-8888,-8888,-8888,-8888,-8888,-8888,-8888,-8888,-8888,-8888,-8888,-8888,-8888,-8888,-8888,-8888,-8888,-8888,-8888,-8888,-8888,-8888
408,"PRK","North Korea",-8888,-8888,-8888,-8888,-8888,-8888,-8888,-8888,-8888,-8888,-8888,-8888,-8888,-8888,-8888,-8888,-8888,-8888,-8888,-8888,-8888,-8888,-8888,-8888
807,"MKD","North Macedonia",0.00368074378858685,0.0136396153332887,0.014983686789537,-0.00481726277331742,-0.0255422026401503,-0.00663017552052549,0.00147180617961951,0.00977954361803746,0.0165869867701893,0.0211555407274624,0.0209410991999848,0.0225141870604459,0.0176540435216128,0.00472648648177354,-0.00440064445144388,-0.00484279257052693,-0.00318657093323305,0.00088009134677236,0.0460169007321771,0.0809370744075888,0.0896632397370107,0.0957553297332154,0.0950675768496272,0.0883128264401349
578,"NOR","Norway",0.000992579962533213,0.00651093630424926,0.00935125600408693,0.00693875317055181,0.00499901511628376,0.00541027538725558,0.00620487410428305,0.00217985297055545,-0.00611029421166678,-0.0244091146823482,-0.0473763715561623,-0.0746272633310462,-0.0998047079737598,-0.108717675130596,-0.112440591715414,-0.101929953507208,-0.0763478092254066,-0.0542715946956136,-0.0324324533996256,-0.0169399085497726,-0.0149487625392727,-0.0161408127318195,-0.0161049832344979,-0.0232070526743854
512,"OMN","Oman",-0.195590235670605,-0.413389634663965,-0.562954022071963,-0.626736793595119,-0.623734431572029,-0.556230832203454,-0.445784678325106,-0.285685999380348,-0.125523403415862,-0.0103990419083695,0.0678361488367805,0.0650587799832911,0.0651656205691669,0.0678979715299677,0.0736812731067447,0.0767051200378233,0.0731015015700522,0.0687045381925386,0.0657171392064542,0.059980681985293,0.0503470731616393,0.0401207651351805,0.0335445367396456,0.0305308384015088
586,"PAK","Pakistan",0.0347667755218035,0.0335664733094692,0.029526443932919,0.0271672661757754,0.0247401234481197,0.0231226693923889,0.0260888018888394,0.028835180908811,0.0299247230006008,0.0303268745581802,0.0344556766790867,0.0350284719679157,0.0336179342354967,0.0287951010309,0.0260050441334228,0.0222814663282904,0.0200489443034595,0.0209680898421976,0.0239709312461511,0.0263419616553673,0.0321000543161869,0.0353221856242503,0.0379773412102591,0.0352614396312438
585,"PLW","Palau",-9999,-9999,-9999,-9999,-9999,-9999,-9999,-9999,-9999,-9999,-0.0313683028538935,-0.00841800759032426,0.0259615866869201,0.0476676840905053,0.0379782511333775,0.0171907592102041,0.00218062484094883,-0.0206710545909282,-0.0534761168586942,-0.0846115318666571,-0.087940449135366,-0.0827105336471681,-0.0595494106304777,-9999
591,"PAN","Panama",0.0117943587319864,0.00483591010597717,0.00650561369057634,0.00624211825774568,0.00932687727913328,0.00788411945074863,0.00620362658357632,0.00974510522402272,0.0112230297670681,0.0162833902437407,0.0210036891735939,0.0216242759431329,0.0318720402067698,0.0326193690714007,0.0306708520519055,0.0241219533137025,0.0162016745127398,0.00804325047244503,0.00137510693006582,-0.0123912572546607,-0.016450880192192,-0.0133177624801718,-0.00244380726736261,0.00263512342709427
598,"PNG","Papua New Guinea",0.0326881817379165,0.0350173748280012,0.036539115987096,0.0373802854314631,0.035027643130104,0.0310272047670286,0.0299862236626189,0.027999966502545,0.0256020079599055,0.020108278771549,0.0154276848188579,0.011082708730674,0.00616187998385076,0.00468482904336698,0.00459070955679564,0.00781014523441415,0.00988984709928786,0.0122236479446141,0.015468485503646,0.0179985507011251,0.0192513392399427,0.019278033811613,0.0167623001236681,0.0153804928979797
600,"PRY","Paraguay",0.0107752976631514,0.00428541167240759,0.00621120558572197,0.0106338175145757,0.0253824711633865,0.0353165907340633,0.0522858719481307,0.0610441537538493,0.0733021249913828,0.073911942703142,0.0717253957133632,0.0609013865702959,0.0598711218539829,0.0565959421754225,0.0453341893722183,0.0134905456480023,-0.0329934526220107,-0.0959014266848368,-0.133099756262063,-0.180870304396477,-0.207757234179221,-0.184503334947745,-0.122704934110387,-0.0967612021133878
604,"PER","Peru",0.0334849284995529,0.0383237928787956,0.0373117749350169,0.0336627941114764,0.0291899446320036,0.0242404723842102,0.0204085485499899,0.0172601139719426,0.0158137596476113,0.01338999989173,0.0156050025671923,0.016412340474586,0.0164510275609091,0.0167064460850685,0.0165377850975346,0.0147973310098899,0.0120203403219807,0.00845106305672605,0.00854497537137933,0.00354205580210643,0.00573403188247457,0.00511846970930896,0.00593691077181702,0.00658735385761999
608,"PHL","Philippines",0.0311466172139958,0.0321901932242585,0.0273300559086571,0.0205910773889497,0.018818178113527,0.0182156810868375,0.014095938748991,0.0106424268716603,0.0129842445519046,0.00623895784579664,0.00356057826472611,0.00474311546566697,0.00313347136407471,-0.0020280164572455,4.69082067837689e-05,0.0068756460108117,0.00975239540988926,0.011971206413264,0.0197355166516204,0.0193861597089922,0.0196415891868316,0.0238487306950173,0.0240746797480649,0.0210006666048712
616,"POL","Poland",-0.00926488461363597,0.000740027276037836,0.0028032684871846,-0.00380878471310829,-0.011986010633173,-0.018609704665566,-0.0161255307931813,-0.0117666278445672,-0.00283293458432354,0.000942316019841405,-0.00505608539400778,-0.0114950292961822,-0.0141341548915312,-0.0217987373489904,-0.0273121130250638,-0.0309882003710116,-0.0347401132763876,-0.0305777912321071,-0.0107533394615256,0.00241797296668156,0.00240810930072066,0.00307628845952745,0.00455226220449756,0.00389912712474438
620,"PRT","Portugal",0.013543993331772,0.0190856508390918,0.0204666079309828,0.0187106469286342,0.0120935854806814,0.00827003850147778,-0.00138740125036653,-0.012222805057209,-0.0206209862862259,-0.0300364929103305,-0.0382741357801592,-0.0343176989053218,-0.0384148966095627,-0.0286424406741922,-0.0178148192330355,-0.00686805905178568,-0.00338036427099905,-0.00566102674627431,-0.00571756885621535,-0.00441522334549865,-0.000951828836242767,0.00378524142227321,0.00313712876421524,0.00177389341523315
634,"QAT","Qatar",-9999,-9999,-9999,-9999,-9999,-9999,-9999,-9999,-9999,-9999,0.0797292745022149,0.0893602037347869,0.0878968361636143,0.0892511681260493,0.0888764169587761,0.0859046846489042,0.0800592136966789,0.0733132894124511,0.0690378655380748,0.0631446456758831,0.0558819299304818,0.0453994582896566,0.0361068041255923,0.031211173344269
178,"COG","Republic of Congo",-0.106779177684953,-0.130700923595053,-0.12536009173505,-0.0788454615399757,-0.00957067678956271,0.0359056025209143,0.0896467452153324,0.105074947785155,0.107050319545563,0.103352695361796,0.0895400886649269,0.0673922387774633,0.0417325863190947,0.0217699401328042,0.0196801132040494,0.0114832331522587,0.0155986491023816,0.0204485345553154,0.0173662750979469,0.0146415544905132,0.0077387952877368,0.0023043452783349,0.000234074070670331,0.00175543592092664
642,"ROU","Romania",-0.0283696573951678,-0.032443286893341,-0.0427668967304909,-0.051368504785544,-0.0417624580356322,-0.0310923824217479,-0.0142338420256204,-0.00514486034273165,0.000384419952499382,-0.00292545335000772,-0.0127279193349134,-0.0222189874159955,-0.0299033591297712,-0.0470701859598963,-0.04958708992994,-0.0445214337890563,-0.0314001066321712,-0.0200480665977833,-0.00431223217522552,0.00480014967721254,0.00751613669778095,0.00652831037764257,0.0114722236262053,0.00971136854587162
643,"RUS","Russia",-0.00640536584632639,-0.015183524879116,-0.023488168456566,-0.0285962188550771,-0.0354151530939718,-0.0296264381524396,-0.0228342324631312,-0.0146791472763541,-0.00345826797296439,0.000510726205678713,0.00184749920638105,0.00233861174260497,0.0056151733120402,0.00639895140532531,0.00652043681204839,0.00664546957869061,0.0069754934959132,0.00864998082246937,0.0113246908473559,0.014184614719694,0.0168546262731808,0.0171690278276813,0.0203946734537508,0.0186003250529383
646,"RWA","Rwanda",-0.000603660028620067,0.00372981366886571,0.0129736964277789,0.0223640718701712,0.0309803409359855,0.0394881907211486,0.0374455015317279,0.033767464710992,0.0365448457494886,0.0397788707415199,0.0477056197783925,0.0489926287722113,0.0448662517192098,0.0397012627899924,0.0358124450449,0.0337088873663494,0.0350021302604562,0.0313752404381344,0.0309803954103496,0.0390265330127253,0.0479418734763499,0.0546293597966017,0.0550223227955928,0.0518560135957733
652,"BLM","Saint Barthelemy",-8888,-8888,-8888,-8888,-8888,-8888,-8888,-8888,-8888,-8888,-8888,-8888,-8888,-8888,-8888,-8888,-8888,-8888,-8888,-8888,-8888,-8888,-8888,-8888
659,"KNA","Saint Kitts and Nevis",0.0423989193379666,0.0434373497253828,0.0445025315670013,0.0228096537533118,0.0161190110372957,0.011009355017106,-4.05082960324572e-05,-0.0205995819977193,-0.0306053355178417,-0.0294056493129587,-0.0195946684707378,-0.000391864622671889,0.0210065254737994,0.0126716691446604,0.00613614387712924,0.00312981738901108,-0.000464554118309987,-0.0103357072692734,-0.048449050859053,-0.0753842117564185,-0.0778521934024443,-0.0685881715816807,-0.0420070584713342,-0.0361084674621426
662,"LCA","Saint Lucia",0.00317086785290144,0.0160036657352465,0.0315843731782111,0.0447751571341948,0.0574824005511441,0.0605801409160762,0.0609850802578906,0.0571997647703539,0.0518262615271812,0.0459338510642986,0.0409562002686041,0.0447119397920921,0.0470265601617419,0.0402713998945163,0.0342908469182652,0.0311582549293601,0.0280893142937817,0.0214488497281213,0.0153345504984754,0.00823591011065838,0.0107993660818648,0.0110199938043349,0.0180904949416136,0.0221784726925083
670,"VCT","Saint Vincent and the Grenadines",0.0236919507764193,0.0235118801533103,0.020875794324293,0.0179878661420687,0.011541765432117,0.0111642865491968,0.012771902425551,0.011393887020607,0.010747424039391,0.0134743543675615,0.0237872454226185,0.0240508407356026,0.0231894703661095,0.0217868090171476,0.0133055005392089,0.00736703429508689,0.00193798852891458,-0.00830479821167132,-0.0326606309285106,-0.0561683110143887,-0.0498679158391859,-0.0436072658417751,-0.0312250231019234,-0.0204898476733606
882,"WSM","Samoa",0.0462383607820507,0.065708723242466,0.0838729084006813,0.094766065854256,0.100968233475235,0.0975037797332381,0.0982836004978587,0.0883944066151432,0.0678954963410145,0.0472141838251694,0.0386255359627925,0.0366746490964203,0.0386761253609158,0.0412620817388993,0.0438270347388068,0.0411603833649519,0.0468729946619562,0.040968048416784,0.0284834090922788,0.0167741735542994,-0.00879884669086231,-0.0234107084438821,-0.0279120938554062,-0.0236218085670408
674,"SMR","San Marino",-9999,-9999,-9999,-9999,-9999,-9999,-9999,-0.0197157101486462,-0.0501472687242769,-0.0711366531738094,-0.0827868501166923,-0.0805850912324342,-0.0556091050455544,-0.0338720268570141,-0.018674852175008,-0.0118534199793706,-0.00503414388463319,-0.00249873415349334,0.00194131587206559,0.00427785329064667,0.0038930416656926,0.00233083860712591,0.000228001169460645,-9999
678,"STP","Sao Tome and Principe",-9999,-9999,-9999,-9999,-9999,-9999,-9999,-9999,-9999,-9999,-9999,-0.0110254480809356,-0.0182801208382033,-0.0171309531515806,-0.00491715478340251,0.00117452995541756,0.00484617311893021,0.00643714027803277,0.0126353096085583,0.0167112790859385,0.0205232946896012,0.0234673222429513,0.024325647074529,0.0209586719427584
682,"SAU","Saudi Arabia",0.0114498636223588,0.012469384026722,0.0152482770923779,0.0196228266103187,0.0222377160772582,0.0227178281084701,0.0150004093370166,0.00826472189064309,0.00796174571604902,0.00438456030770862,-0.00296681598321884,-0.00843231280293841,-0.0034540418055009,0.000937549117849379,0.0043110720596089,0.00812098634673308,0.0115772514835704,0.0140771903326053,0.0165237737973825,0.0135342570470831,0.0095974058559356,0.00832258586738188,0.011905297955709,0.0146881346663039
686,"SEN","Senegal",0.0211346955581979,0.0259315777861138,0.0245538772759357,0.0176950312474358,0.00588975916218737,0.00290000724092132,0.000436230647270053,0.00425864762294603,0.00131840363623326,-0.000207034774204844,0.00272400600742673,0.0153081193115734,0.023640734459879,0.0217749552986721,0.0142153122508881,0.0120663017161404,0.0080347274567798,0.0135697898395739,0.0143000361983427,0.0139249325409858,0.0151298373497939,0.0216274140257768,0.0291245386548593,0.0283785362182927
688,"SRB","Serbia",-9999,-9999,-9999,-9999,-9999,-0.00299661787987599,0.00291008085205635,0.0067485006653647,0.0204019647150502,0.0205132202990672,0.0218720097917433,0.0070929404829787,0.00287752994022994,0.00364239192160953,-0.000224797979635736,0.0017140303962595,-0.000985474709539175,-0.00259349012664817,-0.00200073759165045,-0.020823856768964,-0.0135697689059357,-0.0182448763594356,-0.0210912376910359,-0.0127416850225634
690,"SYC","Seychelles",0.0167900350754278,0.0258804232430403,0.0395829525463023,0.0387089148934363,0.035984121370233,0.0443660547520655,0.0483647542569348,0.04747643987565,0.0365768935038866,0.0221960760589,0.00715279649530998,0.00107861588391223,-0.0152064244040943,-0.0364195147738875,-0.0715002220099735,-0.0516852371320258,-0.0288579206642035,0.00287514916207621,0.0144109970136723,0.0240302888609079,0.0313133949526383,0.0304350274380609,0.0249359949412469,0.0208314771144047
694,"SLE","Sierra Leone",-0.0170402042061246,-0.0220206113252475,-0.0196561457506456,-0.0168181737915125,-0.00395798281921185,0.0212966647456347,0.0527422772205728,0.0827624625277112,0.0997584837619883,0.0947608411886924,0.0882469168259534,0.0664422441341206,0.0469542309182933,0.0350905651461033,0.0318101261481338,0.0326057119747523,0.0292307535247767,0.0393397049221613,0.0435921558068042,0.0314284615648874,0.0208395646296229,0.00404016106392358,-0.011137103688805,-0.00520448143735724
702,"SGP","Singapore",0.025209745498916,0.025384248193236,0.0255664412205092,0.0203618488139665,0.0126419290152007,0.00690002125036027,-0.0010369270924556,-0.0119120819850905,-0.0241829240263024,-0.0343441564800825,-0.0252764511749711,-0.00693343175894373,0.00671478302325879,0.014824638190208,0.0170952839922052,0.0206316996221192,0.0217301581970637,0.0208611074336575,0.0243714287087282,0.031784024738895,0.028265508483174,0.026788280364834,0.0282115622029779,0.0273818078787094
534,"SXM","Sint Maarten",-8888,-8888,-8888,-8888,-8888,-8888,-8888,-8888,-8888,-8888,-8888,-8888,-8888,-8888,-8888,-8888,-8888,-8888,-8888,-8888,-8888,-8888,-8888,-8888
703,"SVK","Slovakia",-9999,-9999,0.00262087106877096,0.00607834370641958,-0.00442675276017097,-0.00036692626053351,0.00439494312468169,0.0153784104379779,0.0245191716867272,0.0272877765512909,0.00880320793593237,-0.00437897836937907,-0.0277017592008781,-0.0654344562883327,-0.100569770161972,-0.108633271776175,-0.121820692429843,-0.100969356670575,-0.0894305684838959,-0.0586333088069688,-0.0342522484056065,-0.00911759038530448,-0.00529199590511794,-0.0128905514081533
705,"SVN","Slovenia",-9999,-9999,-9999,-9999,-9999,-0.00207792275611818,-0.00862851997107812,-0.0139379386969357,-0.0161395493784801,-0.0216123416454057,-0.0241335115200825,-0.020742060810376,-0.0132940739177005,-0.00876166264987957,-0.00839743183590716,-0.00807344818942266,-0.00416415407281373,-0.000675501451544816,5.60104180908905e-05,0.00104654753178668,0.00412381010586205,0.00557025883034368,0.00587076738937808,0.00619785687577035
90,"SLB","Solomon Islands",0.0120963700480059,0.0111688778338082,0.0101316979798998,0.00945866337516721,0.00903301569488413,0.00919452188202752,0.0111173877429629,0.013173814547307,0.0152587131381599,0.0158120354790143,0.0143972139317023,0.012578679429597,0.0103619122712673,0.00875117882573218,0.00814565380078913,0.00817180881084245,0.00845939190574874,0.00869360778392503,0.0110423025637152,0.01298691202267,0.012655379280285,0.0122556787790533,0.0113185936053746,0.0107417748569281
706,"SOM","Somalia",-9999,-9999,-9999,-9999,-9999,-9999,-9999,-9999,-9999,-9999,-9999,-9999,-9999,-9999,-9999,-9999,-9999,-9999,-9999,-9999,-9999,-9999,-9999,0.00290793471849282
710,"ZAF","South Africa",0.0173594845877896,0.0107820747446987,0.00436569700323863,0.00151378046495942,-0.00458312315626106,-0.0141288303231341,-0.0223588093683004,-0.0163396826554036,-0.0135658648757997,-0.00838428630193651,-0.00569057366412202,-0.00862358663934783,-0.00704861817456844,-0.00194758492596959,-0.00439317228904923,-0.00679218477715218,-0.0121565329247397,-0.0187673024737993,-0.019477652199268,-0.0230339099974577,-0.0275988825363625,-0.0262553522566883,-0.0236573289684886,-0.01955904206794
410,"KOR","South Korea",0.0732404450812725,0.062525425433031,0.048088200596546,0.0410963100838535,0.0403384707756511,0.0433030600002431,0.0413017613407487,0.0370251578425809,0.00593845530664172,-0.0249752310548866,-0.0629391482470794,-0.0905640130845114,-0.108370853932828,-0.109607595168271,-0.0841356300966413,-0.0415657552971338,-0.0097541199627944,0.0115619322770779,0.0151608181948482,0.0159701843689724,0.015513693524454,0.015312188273569,0.0141328560968967,0.0141945149178178
728,"SSD","South Sudan",-9999,-9999,-9999,-9999,-9999,-9999,-9999,-9999,-9999,-9999,-9999,-9999,-9999,-9999,-9999,-9999,-9999,-9999,-9999,-9999,-9999,0.00393229453200661,0.0063293887899718,0.00719833690767291
724,"ESP","Spain",0.0242408476630196,0.02779135508135,0.0260225546834758,0.0194750194317719,0.00971237138801428,0.00293310444548567,-0.00687586200311915,-0.0103166632265556,-0.0176936799928021,-0.0325807397206433,-0.040303326583698,-0.0408076899911513,-0.0444056352348505,-0.0464390794732633,-0.0320331082297724,-0.017557177975766,-0.00596810665830406,-0.00598728946353117,-0.00249414347613621,-0.000695858888409036,0.00124566987171781,0.00579881054821585,0.00560927439334846,0.00101378828828436
144,"LKA","Sri Lanka",0.017364469322654,0.0184729129307348,0.0147138901845911,0.0161952282265507,0.0141714985164803,0.0148732202989748,0.017198304307229,0.0168529460897224,0.0139116455429948,0.015296573737325,0.0152585539394745,0.0144729710461708,0.0165681753076001,0.0178903173744995,0.00764923368813153,0.00968215068591993,0.00750080869297687,-0.000994428165233338,-0.0183894730714244,-0.0302398743215168,-0.0299056550156349,-0.00794708153485038,0.0104130405143701,0.0148850545315908
275,"PSE","State of Palestine",-8888,-8888,-8888,-8888,-8888,-8888,-8888,-8888,-8888,-8888,-8888,-8888,-8888,-8888,-8888,-8888,-8888,-8888,-8888,-8888,-8888,-8888,-8888,-8888
729,"SDN","Sudan",0.05374983104134,0.0483641517715836,0.0398427082189639,0.0339135368252061,0.0302495499045339,0.0278948851215293,0.0253513136075891,0.0217880973137936,0.018934035677685,0.0157969662921784,0.0133645328681229,0.0111797708589769,0.00629272649576817,0.00540023484951124,0.00699779943928447,0.00759486090074191,0.00950422263953277,0.012184783098887,0.0139318664407617,0.0150068643876133,0.0146013609613211,0.0133863597248587,0.00864633919851121,0.00777620228540998
740,"SUR","Suriname",0.0322612648835032,0.0299783560579079,0.023732364357254,0.0173076086728956,0.0117290219749804,0.014745597461963,0.0121542304744031,0.0188397355214556,0.019491517524477,0.0295055430250841,0.0352501582847167,0.0387644661571414,0.0363597839430243,0.0293040874144355,0.0159453472593916,0.0178592756063782,0.0100848657285297,0.0141523768592731,0.0108834738807386,0.00852487794021672,0.00664947965591689,0.00590749361920717,0.0057929189851722,0.00779234808019069
752,"SWE","Sweden",-0.00525629760048112,-0.00896852868574524,-0.0162800030423368,-0.0276478734949944,-0.0326366282812284,-0.0335159889687871,-0.038378679461678,-0.0394786845335736,-0.0400278913716261,-0.0322455983101618,-0.030318534486027,-0.0235658397995437,-0.0259192016590415,-0.0283611371149512,-0.0283453076577618,-0.0226947908916991,-0.0175956632929704,-0.0124125798047158,-0.00725862495165823,-0.0053740094557711,-0.0037420758141475,0.000806174286610783,-0.000631794185421255,-0.00320080945752821
756,"CHE","Switzerland",-0.0185358468306236,-0.0198107454575772,-0.0205195218727105,-0.0195333205925491,-0.021052910975194,-0.0251123725824915,-0.0258598418454068,-0.0251206067419876,-0.0234472943752933,-0.025935138802477,-0.0297895065259943,-0.0272979400071085,-0.0266962610023159,-0.0228665934358888,-0.0217476613772604,-0.0218862397558685,-0.0207996143818673,-0.0202652469860901,-0.00995522712974704,-0.00938330957150574,-0.00981941566988816,-0.00963220618766039,-0.0142113452688467,-0.0160735453880727
760,"SYR","Syria",-8888,-8888,-8888,-8888,-8888,-8888,-8888,-8888,-8888,-8888,-8888,-8888,-8888,-8888,-8888,-8888,-8888,-8888,-8888,-8888,-8888,-8888,-8888,-8888
158,"TWN","Taiwan",0.0164344999899126,0.0177516475272985,0.0213663203430956,0.0246637427461911,0.0259295723255852,0.02779581563916,0.0292774051441391,0.0332628802290802,0.0324071433530491,0.0230760860766326,0.0122077023273663,0.0121150540037813,0.0108719794537364,0.00936001754776927,0.00444691225282501,0.00120236047537725,-0.00274521982857777,0.000757546274199772,0.00638617046894163,0.00650156782671751,0.00376053106925456,0.00510173419252702,0.00696769761033567,0.0079405241082362
762,"TJK","Tajikistan",-0.00653934510534371,-0.0151767188735941,-0.0224473606017912,-0.0232538485839158,-0.0123573355655118,0.00422581078657558,0.0156738890707935,0.0189978093738035,0.0222734741632857,0.0189034573761773,0.0267784900738397,0.0295014044198962,0.0164610959891565,-0.00202202716377318,-0.0475902751476009,-0.114286833143029,-0.163358054826783,-0.211109864558341,-0.232661226896448,-0.237855943597532,-0.169277012754429,-0.0892620698564757,-0.0258924390038388,-0.0268528109233409
834,"TZA","Tanzania",0.0157058198516944,0.0129765596775606,0.0116198742377001,0.0150059223384145,0.0220344229226914,0.0244753230414048,0.0318634460205591,0.0279466391269658,0.0255686451108967,0.0260718688188311,0.0271723418744065,0.0222553503210379,0.017008951789262,0.0176605006251391,0.0238587016398295,0.0261368129462618,0.0309287684149757,0.0280236051777429,0.0244275963813128,0.0199761181798945,0.0162651602613477,0.0136289262176958,0.0111158223720793,0.0115476585183711
764,"THA","Thailand",0.0202649573552072,0.0173108927631185,0.0146975504267752,0.0130428268299527,0.0176859864149956,0.0217888415563856,0.0219619541603544,0.0237812560849733,0.0252060059220838,0.0255851613827549,0.0280056918135245,0.0278113692598416,0.026528221768287,0.0245811957674662,0.0207558613622822,0.0153107257750409,0.00483627272277176,-0.00417638421670236,-0.00743967169801487,-0.00634297698880495,-0.00514827217627124,0.000974677872560115,0.00535870411581163,0.0101358824415927
626,"TLS","Timor-Leste",-9999,-9999,-9999,-9999,-9999,-9999,-9999,-9999,-9999,-9999,0.0185898914621987,0.0109571999615292,0.011570841072309,0.0168021575669386,0.0177921679584996,0.0179152523158452,0.0240821661413424,0.0277749678976789,0.0296380265223832,0.0316516366066935,0.0365793829034111,0.0301471248795255,0.0222171736248644,0.0201436567842901
768,"TGO","Togo",0.00975820186180942,0.0172666843779326,0.0242915728396924,0.0280908728015064,0.0281750202786337,0.0271333509272802,0.0162739671803058,0.00905229856550216,0.0171529256091372,0.0136471276628336,0.0202908057680253,0.0281627307196486,0.0301743731003963,0.0441272232507259,0.0451195219756528,0.0533920998280499,0.055612497917451,0.0792575204747299,0.11321418862526,0.149410793291986,0.169687803265459,0.1902068086357,0.187927126219133,0.182130920382384
776,"TON","Tonga",0.0281042854098454,0.0315115065708689,0.0296771387554189,0.0239894622172734,0.0149129859964574,0.00438732531839259,-0.00938344853283235,-0.027215717938396,-0.0452717890163163,-0.0528373414323929,-0.0429810701000396,-0.033602673502581,-0.0267143782489399,-0.0212093979471279,-0.017148936614941,-0.00948455580994164,-0.003942827543734,-0.000878733920218982,-0.000310522096898991,0.000553162732845447,0.00161321582064233,0.00110179358877693,0.000511623137565032,-9999
780,"TTO","Trinidad and Tobago",0.00867707482714342,0.00959836798589953,0.00973863367467609,0.0116512758521039,0.0113777591122195,0.0112985588353649,0.0110817347564842,0.0119768392872328,0.0126578289456154,0.0129610253341159,0.0128893692020191,0.013093751541509,0.0149155909657799,0.0153496290862132,0.00129136562312615,-0.000747256564114883,0.00132578660794391,-0.00183978306266254,-0.00258987122628123,-0.00182383387819719,-0.00161776125762724,-0.000320266917009461,0.00503590519265384,0.00985936379587882
788,"TUN","Tunisia",0.0164026376720605,0.0196268219498672,0.0260193612340496,0.0262646405888662,0.0271159412819437,0.0193976091797956,0.0129735496044887,0.013784030147711,0.00971118595543752,0.00638410520385158,0.00907278145701573,0.0110677751380395,0.0117893889132983,0.00892918467828463,0.0032309408305331,0.00275944328720046,0.00238145917829025,0.00413722394659888,0.00479037746512945,0.00354312088245656,0.0071299219029477,0.00687183430782268,0.00908188939954635,0.010601868049932
792,"TUR","Turkiye",-7.17344755757859e-06,0.000353793929495971,-0.00473236649546873,-0.00845734933248532,-0.00309937579926364,-0.00288317531665733,-0.000118066370879951,0.00628795105142577,0.00911155784878837,0.0112324920672757,0.0165982891742957,0.0210632023626256,0.0201422763363637,0.0185072102456689,0.0212030072196123,0.022673990230127,0.0253131143590923,0.032111233466583,0.0367785771389599,0.0342868596078627,0.0330182189717763,0.0350993485870821,0.0345215633830906,0.0331459231698414
795,"TKM","Turkmenistan",0.0109036625591565,0.0329498618326731,0.046531677695528,0.0538702674709981,0.0729431661104922,0.0840099597483857,0.0864430953268769,0.0928659802072682,0.07649797802296,0.0579351571396205,0.0381052597968967,0.0259192558767689,0.00413459322184684,-0.00627935382681235,-0.0101589469282726,-0.00907472320454348,-0.00316611739224778,0.00677081467809937,0.00812121441701796,0.0096718521846062,0.0113056048730156,0.0050986271913569,-9999,-9999
796,"TCA","Turks and Caicos Islands",-9999,-9999,-9999,-9999,-9999,-9999,-9999,-9999,-9999,-9999,-9999,-9999,-9999,-9999,-9999,-9999,-9999,-9999,-9999,-9999,-9999,-0.00463374957303657,-0.00397094818236077,-0.00160120410250736
798,"TUV","Tuvalu",0.0126970247057745,0.00795927948488173,0.00873065599269407,0.0117637670975417,0.011997269687833,0.0109389341661845,0.0104367890635799,0.00898096743746324,0.00657559151835185,0.00322746355196002,0.00512945267739462,0.00613085601411845,0.00622897714882287,0.00712199276619541,0.00741984072397117,0.00712199276619541,0.00622897714882287,0.0060327734324217,0.00495526379692945,0.00299927944473843,0.0046875438471401,0.00581133416288826,0.00661772963151352,0.00704947983915405
800,"UGA","Uganda",0.0212052261260187,0.0202816310578553,0.0198032251879541,0.0196216886457097,0.0238775091262597,0.0235704904842251,0.0264232721169593,0.0204212095485903,0.023033431713366,0.0395576418470276,0.0475637954849775,0.0543405847902898,0.0550231446618026,0.0549367689855047,0.05488550771622,0.049408789595325,0.0464685733429424,0.0304662016218253,0.0183855009718952,0.0174266006684201,0.0144190178351038,0.0157243447098867,0.0157957809056812,0.0180840880756936
804,"UKR","Ukraine",-0.00105345797598417,-0.00863582619005994,-0.0150601444713924,-0.0224454233051839,-0.0361448168379146,-0.0322279838681173,-0.0166485079783412,-0.00478221031399767,0.00488295520217852,0.0190419515544891,0.0177221565402963,0.0161557223154973,0.0275137913827685,0.0340523906449246,0.0361783970534595,0.0394159601918846,0.035955286220466,0.0355268398264481,0.0275936244653729,0.0341402384818712,0.0309611268099943,0.0203311293713484,0.0269909349060382,0.0256900972614946
784,"ARE","United Arab Emirates",0.108008971842429,0.0984746455373446,0.0864735725402266,0.0723335554088596,0.0547999592632065,0.0344162975059599,0.0179358029400201,0.000309190626797351,-0.02306291670609,-0.0510868696029032,-0.0656076120126417,-0.0985223933506908,-0.14406091690479,-0.181003948034558,-0.216577910606013,-0.262046324472695,-0.275862933351941,-0.268302031189199,-0.249241781347642,-0.213263648653055,-0.149635062700602,-0.0873088762995955,-0.0349471633068498,-0.0070448231054233
826,"GBR","United Kingdom",-0.0738974559910476,-0.0845262152150229,-0.0875393832214238,-0.0974876197145909,-0.110577478881523,-0.107178617771833,-0.107877574919513,-0.101253737687633,-0.0799675935495628,-0.0495623173483901,-0.0472570356790238,-0.0395808845815008,-0.0362020325617922,-0.0384804856878711,-0.0380418321587193,-0.0263753862455774,-0.0189360073457193,-0.0172407821795661,-0.00956104333230849,-0.00384091397358772,-0.00259930628711889,-0.00274806639135101,-0.0032766163736102,-0.00461515453370295
840,"USA","United States of America",0.00639857017871659,0.00450376211433157,0.00187716902263801,-0.00161440073581917,-0.0041188315652543,-0.00267641709917426,-0.00369461823096178,-0.00227598402086963,-0.000373452246660818,-0.000795348964125027,-0.00296773885643669,-0.00571752754085761,-0.00663342925304548,-0.0113251743700588,-0.00604725254025275,-0.000238122055682915,0.000927677628804968,0.00040040227653626,0.00237991944015303,0.00427643480062989,0.00217383063437437,-0.00206870578126627,-0.00583208493388378,-0.0134897044464838
858,"URY","Uruguay",0.00737592778792662,0.000700903943845477,-0.00430260113008864,-0.00714924396847037,-0.00444851563604741,-0.00125396962597735,-7.8860857571027e-05,0.00545675225607001,0.00920758477140637,0.0127176368013338,0.0148190934901167,0.0138671213294428,0.0140312382883883,0.0167531263453182,0.0187949460401893,0.0199864244357157,0.0154213190773467,0.012766172793931,0.00777781195630545,-0.000240689577400137,-0.0123176807812551,-0.0249671776865583,-0.0367091503299741,-0.0244253643346071
860,"UZB","Uzbekistan",-0.000991262598271429,0.0146624023502684,0.0371267858017736,0.0488317036882282,0.0505088839311201,0.0420011625534091,0.0331359784946208,0.0264550945057955,0.0384625358181618,0.048798734958756,0.058339186320324,0.057574969780694,0.0539318292184119,0.0487662219163552,0.0428554017815512,0.0352201726045127,0.0316110586688598,0.027333834946188,0.0234898445060132,0.0233957398432771,0.0265668767441565,0.0236005749214288,0.0217543539749561,0.019843047103556
548,"VUT","Vanuatu",0.0156555644779781,0.00885089122335025,-1.36966617038044e-07,-0.00516444214002368,-0.00579609059448355,-0.00253665360917252,0.00041655084510972,0.00433870425524585,0.00185119781746246,0.000927156196782519,-0.0183930721547628,-0.0212917225029639,-0.0221215095083489,-0.0224156155205566,-0.113434451246297,-0.066642202326401,-0.0257852419075232,-0.0112445304321951,-0.00255782386768282,0.0113743595867764,0.00213785686980228,0.00864786094660319,0.0199101287786618,0.0341567831594709
862,"VEN","Venezuela",0.00751099684093193,0.0086243712842875,0.0131954447094009,0.0155817272083913,0.0176237015318168,0.0189916175274862,0.0229486757922166,0.0220830089666013,0.0220072420264046,0.0239738418934996,0.0222456839093932,0.0145759367726959,0.00750696981009003,0.00562929140637602,0.00517503733346203,0.00370182151671106,0.0029618103537461,-0.000385858005277303,-0.002181237052704,-0.00235235257302434,-0.0016692348972393,-0.00268129155859381,-0.00299520392839793,-0.00444696156245934
704,"VNM","Viet Nam",0.0759694467265901,0.0775062449925366,0.0715391229292903,0.0610867456919908,0.0501638142018348,0.0438729210370186,0.0314993834589208,0.0214082184451869,0.0129094377433381,0.00366558325120203,0.0093341605037156,0.0125653096092955,0.00620751674007858,0.00401178637817501,0.00979827030575731,0.0143163111915863,0.0209160182566999,0.0227874291878893,0.0263683659639615,0.0217025848371051,0.0264261661327474,0.0284533512653946,0.024636607586412,0.0206066917988512
876,"WLF","Wallis and Futuna Islands",-8888,-8888,-8888,-8888,-8888,-8888,-8888,-8888,-8888,-8888,-8888,-8888,-8888,-8888,-8888,-8888,-8888,-8888,-8888,-8888,-8888,-8888,-8888,-8888
732,"ESH","Western Sahara",-8888,-8888,-8888,-8888,-8888,-8888,-8888,-8888,-8888,-8888,-8888,-8888,-8888,-8888,-8888,-8888,-8888,-8888,-8888,-8888,-8888,-8888,-8888,-8888
887,"YEM","Yemen",-0.00404607193216052,-0.0102878269481609,-0.0185361163543249,-0.0234648396041769,-0.0155615521307957,-0.00479578534682029,0.00241283370169643,0.0074723218089312,0.016087118536882,0.0223261164321298,0.0240951794960695,0.0230165208602373,0.0306788983073445,0.0415869146456009,0.0534789229342605,0.0613833571234239,0.05905339707863,0.0531491222181404,0.0463022051197652,0.0324861438019446,0.0216601486209314,0.00683973266977356,-0.00116448044113142,0.00284012406828693
894,"ZMB","Zambia",-0.00253770797457106,-0.00640749259817086,-0.0110595524310623,-0.0155153364555502,-0.0172973800609886,-0.0207835610317452,-0.0249314751066507,-0.0350345495327852,-0.0338690951260457,-0.0175853429592192,-0.0116830226790194,-0.00306566247629261,0.00216697000512567,0.0123655165296945,0.0226392372015223,0.0273910252315979,0.0285001669045049,0.0278171104566469,0.0260063469434029,0.0239095979615602,0.0173609017720322,0.011001705573106,0.0037034778199696,0.00588605315976065
716,"ZWE","Zimbabwe",0.00718999861853464,0.0132273744030189,0.0138692434976961,0.00767335431527938,-0.00136471761461473,-0.00306208766154391,-0.00521509582387123,-0.00123802062039189,-0.00153999146569659,-0.00374936822633659,-0.00595483021918274,0.000357390023165927,0.0158488392062759,0.0174244026653572,0.0136230052128359,0.00400844257261923,-0.00418663041042205,-0.0295879460595804,-0.0519431685467694,-0.0690226853944168,-0.0686619648337608,-0.0538946733458029,-0.0348228020465137,-0.026772529486973
