"code","iso","country","NDG.raw.2000","NDG.raw.2001","NDG.raw.2002","NDG.raw.2003","NDG.raw.2004","NDG.raw.2005","NDG.raw.2006","NDG.raw.2007","NDG.raw.2008","NDG.raw.2009","NDG.raw.2010","NDG.raw.2011","NDG.raw.2012","NDG.raw.2013","NDG.raw.2014","NDG.raw.2015","NDG.raw.2016","NDG.raw.2017","NDG.raw.2018","NDG.raw.2019","NDG.raw.2020","NDG.raw.2021","NDG.raw.2022"
4,"AFG","Afghanistan",NA,NA,4.42542801542097e-10,4.23713484794369e-10,4.14435828986452e-10,3.90769868984544e-10,3.53648167801258e-10,3.05639146087305e-10,3.2083192197234e-10,2.86322104426866e-10,2.76625688941348e-10,2.85911464729728e-10,2.53574869399114e-10,2.40126023940597e-10,2.48010695716652e-10,2.43057813214992e-10,2.34937569061515e-10,2.39586926740349e-10,2.32802945278212e-10,2.13855802343027e-10,2.1509402581934e-10,2.63021469131248e-10,NA
8,"ALB","Albania",2.30190114935865e-10,2.06474021813625e-10,2.21778352227544e-10,2.12458737845453e-10,1.92202208947804e-10,1.84201609882719e-10,1.68474992216674e-10,1.55284059846046e-10,1.36577352584612e-10,1.30488882257843e-10,1.25185936888701e-10,1.26749914962371e-10,1.24364518079277e-10,1.20698514717262e-10,1.20386477167083e-10,1.21572549689472e-10,1.20783266501463e-10,1.1363358916667e-10,9.95497442440197e-11,9.95668590719872e-11,9.44747945774811e-11,6.82279153850741e-11,6.39134418606052e-11
12,"DZA","Algeria",6.58304283945723e-11,6.75036573478469e-11,6.12037512220523e-11,6.02648877080196e-11,6.50789017991857e-11,5.57098786065214e-11,5.44962775649322e-11,6.17159515826025e-11,5.81360509065445e-11,6.27325912311852e-11,6.308627977157e-11,6.30318655442222e-11,6.52454483463319e-11,6.43948800032673e-11,6.47153324770839e-11,6.34822700788596e-11,6.13053061462771e-11,6.03127193453595e-11,6.08179763796054e-11,6.08199902867241e-11,6.17541545072595e-11,6.01340248411972e-11,5.87240504370545e-11
20,"AND","Andorra",NA,NA,NA,NA,NA,NA,NA,NA,NA,NA,3.75647078671815e-11,3.42419465111244e-11,3.67675146127428e-11,3.84901158921993e-11,3.73404248542259e-11,3.71449196593271e-11,3.55249304269868e-11,3.596428651706e-11,3.51138315039667e-11,3.4594089904714e-11,3.63514234103662e-11,3.43146600368535e-11,2.89490280011236e-11
24,"AGO","Angola",6.32117265081717e-10,6.32600823510463e-10,6.00110276379261e-10,6.65173673483277e-10,5.96666195618748e-10,5.12904641750637e-10,4.24143205253068e-10,3.98735480718544e-10,3.38745623430343e-10,3.3585725107113e-10,3.37848378623831e-10,3.38345750853689e-10,2.95859939655574e-10,2.93225612184504e-10,2.71176489209903e-10,2.79797878112885e-10,2.90414639071574e-10,2.91760098054704e-10,2.66830530799209e-10,3.01019959655028e-10,3.05114809077119e-10,3.04930897160643e-10,2.98297741755488e-10
660,"AIA","Anguilla",NA,NA,NA,NA,NA,NA,NA,NA,NA,NA,NA,NA,NA,NA,NA,NA,NA,NA,NA,NA,NA,NA,NA
28,"ATG","Antigua and Barbuda",4.90682526724772e-11,5.2158861966262e-11,5.28949078060001e-11,5.45704046278113e-11,5.27901602403219e-11,5.00169652983017e-11,4.48200847081856e-11,4.16081292924118e-11,4.20697258247718e-11,5.02014398156953e-11,4.56744521855402e-11,4.72233424605299e-11,4.7098567138326e-11,4.86839996441872e-11,4.69633381797828e-11,4.54629428568202e-11,4.33666869763207e-11,3.42272121209193e-11,3.17441482886642e-11,3.53508408513938e-11,4.20464714848445e-11,4.14544721531541e-11,3.89669652649602e-11
32,"ARG","Argentina",1.9804026623131e-10,2.04127566531295e-10,2.32504403605368e-10,2.35617101100994e-10,2.17544538233571e-10,1.98530592997797e-10,1.89869215969326e-10,1.83169636108924e-10,1.70628153679856e-10,1.59552747614937e-10,1.49052077302637e-10,1.44543070075597e-10,1.44055108795954e-10,1.45522245171193e-10,1.50268051558071e-10,1.45304403404233e-10,1.5828419378683e-10,1.61642504668757e-10,1.6302298932734e-10,1.73408784899878e-10,1.97033002023048e-10,1.79488813162511e-10,1.72474044445221e-10
51,"ARM","Armenia",1.42437581283807e-10,1.32164030636597e-10,1.34914204814063e-10,1.15500942884963e-10,1.13794032400193e-10,9.80986935075788e-11,1.28192345899274e-10,9.90479990330993e-11,9.03548744236108e-11,1.10158551525926e-10,1.01050530386828e-10,1.01161343166842e-10,1.13707142356622e-10,1.18144669037662e-10,1.09677098500486e-10,1.1774926338866e-10,1.70244981357051e-10,1.20807716754507e-10,1.10573170655575e-10,1.0177268137246e-10,1.10469340149756e-10,1.04512147730536e-10,9.50591436441841e-11
533,"ABW","Aruba",7.95608947814516e-12,7.72246771310811e-12,7.50511856214578e-12,8.54821247580077e-12,8.34492376497505e-12,8.83656293909924e-12,8.73705609723527e-12,8.60420198550395e-12,8.04209539047502e-12,9.71114881539936e-12,9.92471833769347e-12,7.2799118405709e-12,1.04259328215331e-11,9.22462679317171e-12,9.30816689797911e-12,8.98960846606016e-12,8.7260466158577e-12,7.19879759036434e-12,6.7696510490181e-12,7.7636179038272e-12,9.11187102311189e-12,8.30776889025818e-12,NA
36,"AUS","Australia",4.64156486903672e-10,5.00357745818075e-10,4.52840350883844e-10,2.71989583729472e-10,3.55561875997648e-10,2.57647944441835e-10,3.2307064001761e-10,2.94982193872827e-10,2.30167448409409e-10,2.3935328433191e-10,1.95827796878772e-10,3.64763113492234e-10,3.52962193648097e-10,2.13668159551195e-10,2.47069910939712e-10,2.31270683847462e-10,1.83879562524168e-10,2.42782589883719e-10,2.30263443738066e-10,1.83013042610308e-10,1.50323007698413e-10,1.70498023678338e-10,1.7058381141864e-10
40,"AUT","Austria",4.45881341663431e-11,4.4295439663517e-11,4.40976278683545e-11,4.21353396425895e-11,3.64844634138984e-11,3.54376034538463e-11,3.4254440739952e-11,3.23355271704792e-11,3.3904349837736e-11,3.19424420560151e-11,3.20581171061685e-11,3.24922384591688e-11,3.07146511518049e-11,3.11518458349459e-11,3.13893032640871e-11,3.1730550619151e-11,3.11116047916369e-11,3.00047990876806e-11,2.86797337150837e-11,2.76456756663544e-11,2.99844490597178e-11,2.80587091337708e-11,2.63303677464622e-11
31,"AZE","Azerbaijan",2.29006504811365e-10,2.22514015464142e-10,2.13398273896225e-10,2.00664394364771e-10,1.94396388906943e-10,1.56948219282268e-10,1.20928869748514e-10,9.81393880196598e-11,9.54498328743662e-11,8.7331206276471e-11,8.23495441792492e-11,8.54012682858024e-11,8.6658887345271e-11,8.33501927606174e-11,8.25297742645247e-11,9.07074317254571e-11,9.21691771574562e-11,8.98293035156304e-11,9.62899332266064e-11,9.87766172334682e-11,1.11154460473186e-10,1.05926909676059e-10,1.05172015913871e-10
44,"BHS","Bahamas",2.06773382576647e-11,2.07194179106484e-11,1.96972373808013e-11,1.5927426665238e-11,2.0412844118508e-11,1.75060748493431e-11,1.7903774981739e-11,1.95764307024169e-11,2.15604523038666e-11,1.82218382152743e-11,1.88820637971672e-11,1.98526416365211e-11,2.02361190494781e-11,2.17619542686484e-11,1.92381170084682e-11,1.9123533453335e-11,2.02664571095865e-11,1.81701122904542e-11,1.67364908544339e-11,1.76648895007263e-11,2.32846851638903e-11,1.99040490540329e-11,1.73320410342231e-11
48,"BHR","Bahrain",1.48617755522043e-11,1.48868595608718e-11,1.66183848941294e-11,1.61479195943222e-11,1.53976004713295e-11,1.55580784502854e-11,1.57918830438656e-11,1.42948819461064e-11,1.40732423937737e-11,1.32344857517063e-11,1.3588161375881e-11,1.29518037696698e-11,1.27083555313097e-11,1.27358804557057e-11,1.24688928557311e-11,1.22725682806847e-11,1.16168063264166e-11,1.15035921636637e-11,1.15130544397704e-11,1.14167828030446e-11,1.2015186639116e-11,1.20736191338204e-11,1.18021187380103e-11
50,"BGD","Bangladesh",2.42069569824676e-10,2.36546479120067e-10,2.34072711620259e-10,2.18999128815723e-10,2.10650942199184e-10,2.05455473857082e-10,2.01848091872918e-10,1.8993986943875e-10,1.95673102651335e-10,1.83760880194852e-10,1.79222834492128e-10,1.75984030458085e-10,1.61884732871378e-10,1.53362178325798e-10,1.5004572552349e-10,1.44616409422913e-10,1.31193805571835e-10,1.26920697242468e-10,1.21602544292052e-10,1.12718200835988e-10,1.11097684986655e-10,1.08883820891695e-10,1.02598441364823e-10
52,"BRB","Barbados",5.50289165481143e-11,5.28706826947642e-11,4.40446142761586e-11,4.45598727334693e-11,5.58797362085315e-11,4.80106384713777e-11,4.43790130694426e-11,4.24153559300534e-11,4.69923248628975e-11,4.52595005912102e-11,4.86282415666317e-11,5.12530973786545e-11,5.23950336344041e-11,5.50299633082649e-11,4.9010107899584e-11,4.82830153981921e-11,4.84229504503668e-11,4.44440548041205e-11,4.22243815304093e-11,4.74249949087004e-11,5.44490117813395e-11,5.63620551784374e-11,5.2178859595226e-11
112,"BLR","Belarus",6.55737481609573e-10,6.24961838737939e-10,5.81372363414793e-10,5.52629290109303e-10,5.03439931734522e-10,4.71448990813556e-10,4.43559148304371e-10,4.05531974817457e-10,3.80504275259153e-10,3.80401801392067e-10,3.51054630799305e-10,6.24630391355107e-10,6.14266876591618e-10,6.02532977590221e-10,5.86772896100549e-10,6.04383140685484e-10,6.08234047474054e-10,5.9897542861071e-10,5.80685915645856e-10,5.72407717056315e-10,5.81826773775255e-10,5.78793197537493e-10,6.01645930307654e-10
56,"BEL","Belgium",7.34608565919986e-11,7.10919982791724e-11,7.71754467754724e-11,6.9617291863283e-11,6.70061300132827e-11,6.61035135473887e-11,6.40567024412257e-11,6.41091420103917e-11,6.30526089486964e-11,6.10074483487239e-11,6.69614064850292e-11,6.54693820975639e-11,6.38684728578153e-11,6.39482951461329e-11,6.24055147914879e-11,6.13363654086916e-11,5.84439111569318e-11,5.69896103831907e-11,5.59858153972522e-11,5.47476596695274e-11,5.76729998008393e-11,5.59266023686684e-11,5.09430893324452e-11
84,"BLZ","Belize",1.39099152087225e-10,1.31967333018011e-10,2.18193780715098e-10,2.80349321990232e-10,1.1050699337538e-10,1.28496745563596e-10,1.12240892286211e-10,1.17938708482264e-10,1.13144351166893e-10,1.48280635777779e-10,1.29171862895182e-10,1.71834970261455e-10,1.56130080423059e-10,2.20066483360395e-10,2.13867981368601e-10,2.12524237152776e-10,2.09623154054618e-10,1.93988841193241e-10,2.05852981009654e-10,2.07232396991909e-10,2.40292710322281e-10,2.09119800417503e-10,1.88535191645706e-10
204,"BEN","Benin",4.82506563037501e-10,3.66572958287546e-10,4.09492512145467e-10,3.58748798812057e-10,3.34647005905369e-10,3.95006723733448e-10,3.48273617179173e-10,3.41376418964588e-10,2.96046285268914e-10,3.0493114590997e-10,3.03441069033239e-10,3.03294170613922e-10,2.97192705615164e-10,2.93236225879379e-10,2.77340959124112e-10,2.68644048569508e-10,2.85119789866123e-10,2.61293340912959e-10,2.80978757686156e-10,2.86126453340863e-10,2.68075631423967e-10,2.50174514974927e-10,2.41991486721788e-10
60,"BMU","Bermuda",NA,NA,NA,NA,NA,NA,NA,NA,NA,NA,NA,NA,NA,NA,NA,NA,NA,NA,NA,NA,NA,NA,NA
64,"BTN","Bhutan",2.3204438995089e-10,2.0532054578141e-10,1.89143323430331e-10,1.77989961328706e-10,1.70325776600256e-10,1.68361276949927e-10,1.58139389922348e-10,1.35169208446559e-10,1.34299828551029e-10,1.22220897557558e-10,1.0882233184784e-10,1.04241354776391e-10,9.97932895954812e-11,1.00794624893095e-10,9.79048609977617e-11,9.30327450750334e-11,8.7173992774454e-11,8.49842993602263e-11,8.39833652137941e-11,8.0296605417834e-11,8.677337426073e-11,8.34836167972205e-11,NA
68,"BOL","Bolivia",4.54053302514131e-10,4.42220213980655e-10,4.92535892090248e-10,4.61090474220741e-10,4.97700124769505e-10,5.10536586071011e-10,4.69190488521425e-10,4.46990461506075e-10,4.227187992041e-10,4.08989038908969e-10,4.83074368526103e-10,4.11973058738756e-10,3.94620436501546e-10,3.69508590465658e-10,3.33461355618662e-10,3.38754876882337e-10,3.42583046447184e-10,3.2242597203839e-10,3.07324517525334e-10,3.27539953918631e-10,3.63263770804838e-10,3.50584806505966e-10,3.4612716114322e-10
70,"BIH","Bosnia and Herzegovina",1.19530591447297e-10,1.08831092590719e-10,1.02969867663138e-10,9.50577503700956e-11,1.09466777800318e-10,1.07916603965536e-10,1.02374068254661e-10,9.28921745855629e-11,1.00164351932247e-10,1.14215748669969e-10,1.11015199728008e-10,1.22422266943399e-10,1.29596231599956e-10,1.20843447748361e-10,1.25176473628437e-10,1.241052472746e-10,1.11810934873818e-10,1.07655568851338e-10,9.85335245845538e-11,8.31461730069123e-11,9.56469255762141e-11,7.34823202659369e-11,7.1096548643646e-11
72,"BWA","Botswana",7.27462319309648e-10,9.97760561004617e-10,9.73922403291685e-10,2.94697198143074e-10,3.16555067883059e-10,3.91980389983218e-10,5.11177101610783e-10,3.63682079262674e-10,9.2879432845909e-10,3.74887995269246e-10,1.17506588171226e-09,1.4287468629154e-09,5.52638797117337e-10,4.20887091627063e-10,2.57021086269209e-10,2.37785932341631e-10,1.78336423144502e-10,3.40877873127251e-10,2.21657643055285e-10,1.26222293811987e-10,2.9282516893739e-10,6.45314385664435e-10,5.48790785014324e-10
76,"BRA","Brazil",2.17484179430436e-10,2.24717232204385e-10,2.26554688053808e-10,2.33332541427757e-10,2.33862118584307e-10,2.26178340158032e-10,2.14679840999524e-10,2.1829164706894e-10,2.00700702589518e-10,1.95412528278004e-10,2.02000096836058e-10,1.93617829957015e-10,1.91264917701614e-10,1.86314842724125e-10,1.92582893593782e-10,1.96415907785336e-10,2.02396955071368e-10,2.09692498156906e-10,2.00810425038004e-10,2.06748512679881e-10,2.23725580667115e-10,2.21327092063276e-10,2.1847318333117e-10
92,"VGB","British Virgin Islands",NA,NA,NA,NA,NA,NA,NA,NA,NA,NA,NA,NA,NA,NA,NA,NA,NA,NA,NA,NA,NA,NA,NA
96,"BRN","Brunei Darussalam",1.40893597438983e-11,1.45172289847331e-11,1.35685969271052e-11,1.44527837170393e-11,1.51288229879348e-11,1.42855060914763e-11,1.58641090076157e-11,1.66278515562695e-11,1.70333186384627e-11,1.64430890159153e-11,1.63303852249738e-11,1.52283481463209e-11,1.64690627116682e-11,1.73086302169141e-11,1.66514677433485e-11,1.62972278710681e-11,1.6633047481711e-11,1.60287236275053e-11,1.6638007186965e-11,1.55722601539163e-11,1.71984032739967e-11,1.85220087379125e-11,1.87526790056945e-11
100,"BGR","Bulgaria",1.49155489268276e-10,1.52641161656378e-10,1.60076975505339e-10,1.56140125904609e-10,1.41867188769264e-10,1.21031620639981e-10,9.59521009916121e-11,9.85548796675033e-11,9.72624281376671e-11,1.01308387398415e-10,9.75364704639394e-11,1.11572277956277e-10,8.75757635106955e-11,9.60756950301529e-11,9.73182931146337e-11,9.75776586202704e-11,1.00110345248092e-10,9.67612138473554e-11,9.29492693967802e-11,9.11899767890179e-11,9.36655374440376e-11,8.88098837609706e-11,8.64984903617892e-11
854,"BFA","Burkina Faso",1.44161268200337e-09,1.23379280581672e-09,1.25398271343268e-09,1.40140598596297e-09,1.38905041483245e-09,1.32711462023757e-09,1.22146012011526e-09,1.19968812624853e-09,1.15893377186342e-09,1.1498876245979e-09,1.10513187562402e-09,1.03999135087567e-09,9.83530649097243e-10,9.63880457592148e-10,9.29865209165691e-10,9.06250406132031e-10,8.98598229440605e-10,8.51206939431443e-10,8.0803387888937e-10,7.66807611736909e-10,7.81134774395672e-10,7.41050929630666e-10,7.44566956264268e-10
108,"BDI","Burundi",5.07411594200541e-10,5.12031822351859e-10,4.84904869894625e-10,4.96306941652104e-10,4.9572220311052e-10,5.13400521047729e-10,5.11223872397233e-10,5.05077705038425e-10,5.05446441553163e-10,5.1552300566313e-10,5.29898405671615e-10,5.42093125802752e-10,5.22775064948728e-10,5.62761128721421e-10,5.39867247149707e-10,5.53427411925522e-10,6.14364717393677e-10,6.96079418806958e-10,7.06201336161074e-10,6.35922632017188e-10,6.43051840071277e-10,6.49379383869594e-10,6.55118595245822e-10
132,"CPV","Cabo Verde",1.52292094378565e-10,1.3943773402617e-10,1.3009852884933e-10,1.2076606244363e-10,1.14157280891032e-10,1.09106073694747e-10,9.8881920843386e-11,8.46080196942202e-11,7.78773942567719e-11,8.350814616465e-11,8.46193341095442e-11,8.36621357479282e-11,8.11044101921769e-11,8.16952121942782e-11,8.27689963698278e-11,8.38958638766335e-11,8.27876471606276e-11,7.02476489346578e-11,6.79760266110771e-11,6.44877988496219e-11,8.32200849925717e-11,8.02351931826478e-11,6.81610256181988e-11
116,"KHM","Cambodia",6.49642847222596e-10,5.85293374367162e-10,5.73250343126915e-10,5.5051063256151e-10,5.10990335498835e-10,4.40546856297644e-10,4.39404584786395e-10,4.10328785250551e-10,3.87321031575551e-10,4.11512778595273e-10,3.8321109925816e-10,3.72320930113785e-10,3.33517239004472e-10,3.0857783055527e-10,2.89952735598208e-10,2.89263163610257e-10,2.55196221693355e-10,2.7189916966935e-10,2.60399740551927e-10,2.36330980566497e-10,2.41029154372749e-10,2.39486201501352e-10,2.25097030722237e-10
120,"CMR","Cameroon",5.09709509231591e-10,4.49668342988581e-10,4.32468480139543e-10,4.55235987189379e-10,3.81267580468614e-10,4.21369787802272e-10,3.69633953092315e-10,3.44367571141359e-10,3.25173983572853e-10,3.10720627488482e-10,3.15692294699157e-10,3.00947395686251e-10,2.84821164561644e-10,2.79327321363498e-10,2.60403930647805e-10,2.50044798679077e-10,2.48395210673121e-10,2.37678634935792e-10,2.30771722252944e-10,2.23021588294363e-10,2.30682028596665e-10,2.19578118322556e-10,2.13987983489771e-10
124,"CAN","Canada",1.11942661055587e-10,1.06101824182707e-10,1.05248761021405e-10,1.04863185446487e-10,1.00290296952237e-10,9.99530383259064e-11,9.13008321277784e-11,9.80611094980881e-11,9.4462136210654e-11,9.32548081953327e-11,9.30816966540071e-11,9.59621743689126e-11,9.80486419775743e-11,9.52066488486621e-11,9.13638746248321e-11,9.07655689939465e-11,8.81150295750255e-11,8.66481170826869e-11,8.81640583664035e-11,8.38261072153315e-11,9.28649137535274e-11,8.5177639678949e-11,8.55281278714454e-11
136,"CYM","Cayman Islands",NA,NA,NA,NA,NA,NA,NA,NA,NA,NA,NA,NA,NA,NA,NA,NA,NA,NA,NA,NA,NA,NA,NA
140,"CAF","Central African Republic",9.50767203196114e-09,7.40746466045027e-09,6.24615616146004e-09,8.94951841823549e-09,7.22672844635975e-09,7.59572679909306e-09,7.36490784593915e-09,7.06251532763126e-09,7.48088979407055e-09,5.30098001772018e-09,5.78742162465681e-09,5.86402589387348e-09,4.64582873233275e-09,7.87615668963694e-09,7.6246970724188e-09,7.49044484078393e-09,7.89822734534483e-09,6.74570215628847e-09,6.66017346336829e-09,5.79164888616929e-09,6.22568036117486e-09,6.19202898063658e-09,6.25766886382354e-09
148,"TCD","Chad",5.86829307411948e-09,4.44336193590795e-09,4.44790561983618e-09,4.08825849925077e-09,3.18148989720397e-09,2.88901882507164e-09,2.9312248338808e-09,3.00325207591952e-09,2.97714504636171e-09,2.89504105785277e-09,2.72823469970014e-09,2.86106828966489e-09,2.7694604057998e-09,2.69976534091024e-09,2.63531041795243e-09,2.75895278951735e-09,3.16694045006039e-09,3.34423108355808e-09,3.48391098879715e-09,3.4735853245117e-09,3.78826578749343e-09,3.97719440867841e-09,4.07393665660905e-09
152,"CHL","Chile",1.01411495381912e-10,9.87203683828486e-11,9.80381711912257e-11,9.21003815843164e-11,9.45098725442923e-11,8.66118944832745e-11,8.3886692410166e-11,8.66872280251747e-11,9.13524523931233e-11,8.06538814048551e-11,7.7580571317647e-11,7.04265602109134e-11,6.9045787455362e-11,6.54074880426235e-11,6.19190425431417e-11,6.24445263561866e-11,5.91207710433089e-11,5.65545816546965e-11,5.41713462957933e-11,5.54653507526834e-11,5.75180800764348e-11,5.28891770657905e-11,5.26145063060653e-11
156,"CHN","China",3.07463173671852e-10,2.83805872541476e-10,2.73638428675742e-10,2.52203555092543e-10,2.3864942334144e-10,2.21427081193976e-10,2.01540549946252e-10,1.79782650302652e-10,1.65996213561673e-10,1.45218823066989e-10,1.32941153203296e-10,1.22887202163042e-10,1.160643431476e-10,1.08360922448154e-10,1.01485580431897e-10,9.59589251699206e-11,8.98081767066095e-11,8.34714724006236e-11,7.72514910801297e-11,6.84669102938337e-11,6.69677446751895e-11,6.29542633948334e-11,6.03474247034166e-11
170,"COL","Colombia",1.71893987988372e-10,1.73448477823038e-10,1.7135337318372e-10,1.71333549973654e-10,1.64860313024065e-10,1.52832976162834e-10,1.44088098901665e-10,1.44210041804175e-10,1.35857211012323e-10,1.3314978116536e-10,1.31738799618395e-10,1.18793596181521e-10,1.0857928388542e-10,1.00546549631372e-10,1.00060246411722e-10,9.40524003325631e-11,9.35916792404914e-11,9.75304208228177e-11,1.00156023331978e-10,9.99255796233154e-11,1.127365947024e-10,1.0234407640552e-10,9.61928634176178e-11
174,"COM","Comoros",1.22330553686853e-10,1.23356917993415e-10,1.22418340287572e-10,1.13201190701845e-10,1.12860479102863e-10,1.15553059641214e-10,1.14270379497954e-10,1.12241013957379e-10,1.11199612112477e-10,1.0770904134169e-10,1.07314948854208e-10,1.04980383826028e-10,1.02694172665568e-10,1.00099188019935e-10,9.89131766424571e-11,9.9095051173845e-11,9.75930362270195e-11,9.68423781836222e-11,9.42208270661011e-11,9.45114766055052e-11,9.46966623938996e-11,9.42457901120425e-11,9.27843641328697e-11
184,"COK","Cook Islands",NA,NA,NA,NA,NA,NA,NA,NA,NA,NA,NA,NA,NA,NA,NA,NA,NA,NA,NA,NA,NA,NA,NA
188,"CRI","Costa Rica",1.02956293254576e-10,8.88587510203538e-11,8.46153506950191e-11,8.8633993620424e-11,7.8534010890935e-11,7.93234304200308e-11,7.57522562431681e-11,7.48292297878688e-11,7.48332721935359e-11,6.53722735673124e-11,6.7498148277963e-11,7.34788507926269e-11,6.78059007883483e-11,6.76590099364079e-11,6.19934413109788e-11,6.18566831490643e-11,6.43249390836392e-11,6.09629526283227e-11,6.16342871157306e-11,6.07462813217922e-11,6.00038977317397e-11,5.21926497065824e-11,5.13552872588122e-11
384,"CIV","Cote d'Ivoire",1.50117255678249e-10,1.59322829937985e-10,1.85028028681703e-10,1.86246682486947e-10,1.55814305497724e-10,1.90937623093853e-10,1.75309149315486e-10,1.80746705091852e-10,1.61277459636643e-10,1.50253685416224e-10,1.43157465096849e-10,1.593146559764e-10,1.51765812047945e-10,1.47130134579881e-10,1.21173092082061e-10,1.14955857492529e-10,1.26926934129827e-10,1.04022589149067e-10,9.92173480664497e-11,9.68716688483393e-11,9.81469147408792e-11,9.24106115960109e-11,8.97808064021025e-11
191,"HRV","Croatia",1.08414154751465e-10,9.70902725665069e-11,9.84610372651841e-11,8.97470822175349e-11,9.81451459368167e-11,8.88258467597116e-11,9.8509155971365e-11,9.91656209536688e-11,1.06767756283744e-10,7.73502748597084e-11,8.78722856989935e-11,9.17393431324571e-11,8.28675197559285e-11,7.76454445268083e-11,7.75888920938055e-11,8.19787362485181e-11,7.51984447097071e-11,7.71726990253583e-11,7.54169697869954e-11,7.27546566161827e-11,8.18753070293624e-11,7.04636925623292e-11,6.48953994411718e-11
192,"CUB","Cuba",2.20683139589511e-10,2.19285738178549e-10,1.98855400472159e-10,1.81302276096021e-10,1.76273664178296e-10,1.48678127030748e-10,1.4535203004042e-10,1.34601563182917e-10,1.29279354466193e-10,1.15375771503425e-10,1.1688683056556e-10,1.15336577587292e-10,1.11167013076813e-10,1.11285529393062e-10,1.13191031305092e-10,1.06183826089138e-10,1.03456350591395e-10,1.01617289251467e-10,9.79834424603166e-11,9.81435019728346e-11,1.02338366121859e-10,1.0340365588956e-10,1.00836484420656e-10
531,"CUW","Curacao",NA,NA,NA,NA,NA,NA,NA,NA,NA,NA,NA,NA,NA,NA,NA,NA,NA,NA,NA,NA,NA,NA,NA
196,"CYP","Cyprus",5.68583705470199e-11,5.7220911850866e-11,5.80065473199931e-11,5.73143093777006e-11,5.23132394493316e-11,4.80973042258896e-11,4.59321417608294e-11,4.37040779503383e-11,4.09076533993081e-11,4.2712443976151e-11,4.30147671931654e-11,4.18982426599893e-11,4.27465317495266e-11,4.12542633235466e-11,4.12943271768801e-11,4.23181044620489e-11,3.9707875424561e-11,3.84632675619953e-11,3.66937187339141e-11,3.50427259200031e-11,3.72131598023423e-11,3.51627972923078e-11,3.37923327487058e-11
203,"CZE","Czech Republic",9.29195150653923e-11,9.43432708799482e-11,7.98289692206504e-11,7.77873770980831e-11,7.55888400342977e-11,6.99408553569408e-11,6.430045452845e-11,6.14795930052138e-11,5.73649692570875e-11,5.92909320986398e-11,5.73113106441168e-11,5.85614654408246e-11,6.21313818510076e-11,6.15948253944813e-11,6.10611935774248e-11,6.16095654672028e-11,6.11077611574065e-11,5.51871190157673e-11,5.18167680185701e-11,4.86927222698172e-11,4.86253052816648e-11,4.92932234733353e-11,4.6969262002107e-11
180,"COD","Dem. Rep. Congo",9.7167587626012e-10,1.05888090849504e-09,1.27799446597402e-09,1.32196748523539e-09,1.32306895957357e-09,1.22549994027083e-09,1.19473339042469e-09,1.00500975236689e-09,9.95382545453705e-10,9.65836247800653e-10,9.37524090299722e-10,8.33692129282823e-10,7.59759756155566e-10,7.46469841626015e-10,6.75310668423938e-10,6.55019903466538e-10,6.43278800180289e-10,6.37553373884229e-10,5.68524072607671e-10,5.61434565613678e-10,5.60109579690746e-10,5.36150977546444e-10,5.01139889478423e-10
208,"DNK","Denmark",8.88396490556373e-11,8.58355143154395e-11,8.24127607697415e-11,8.4351979777159e-11,7.44572977095652e-11,7.16819925087088e-11,6.44988190599122e-11,6.39176548598684e-11,6.56208672521619e-11,6.6838964444572e-11,6.52567251935572e-11,6.54458282575912e-11,6.66946757208081e-11,6.50400697497393e-11,6.60462674885202e-11,6.619774831203e-11,6.4760940057655e-11,6.32970577089442e-11,5.92971527899496e-11,5.9635461484522e-11,6.1466921510296e-11,5.65584552885439e-11,5.47616725821531e-11
262,"DJI","Djibouti",NA,NA,NA,NA,NA,NA,NA,NA,NA,NA,NA,NA,NA,2.7157097394498e-10,2.55494957579152e-10,2.37368063435042e-10,2.22494628496885e-10,2.13570542536612e-10,2.03838445375672e-10,1.93129180111863e-10,1.918000869556e-10,1.84120070571905e-10,1.78757350069811e-10
212,"DMA","Dominica",9.86024338235346e-11,9.95651112384146e-11,7.43780855578111e-11,7.47231001132707e-11,7.80021389631421e-11,7.88926924084076e-11,6.81631071180021e-11,7.92973966596377e-11,6.27636943880616e-11,6.25568306936785e-11,6.47328955679028e-11,6.71232506318655e-11,6.64084191074847e-11,7.09398427051471e-11,6.28833698842577e-11,7.19903920901322e-11,6.44085103368966e-11,6.73698443876267e-11,6.39892787643354e-11,6.75416134261684e-11,7.84166593463722e-11,7.38677451065427e-11,7.06835238940208e-11
214,"DOM","Dominican Republic",9.39587841683102e-11,9.78827952565652e-11,1.06090790267822e-10,1.00944193080863e-10,1.06245907013404e-10,9.80531622189723e-11,9.55856835797212e-11,9.47246142251263e-11,9.00139843642994e-11,9.09187321669866e-11,8.71477852823637e-11,8.29352259587605e-11,7.92177720679724e-11,7.55352726104146e-11,7.19173662152063e-11,7.04309309989386e-11,6.84132099122709e-11,6.64996620289574e-11,6.9065963418271e-11,6.42272641915244e-11,6.99387699242432e-11,6.08453513286768e-11,5.89472997266531e-11
218,"ECU","Ecuador",1.37917426143572e-10,1.71536376202269e-10,1.48752300868141e-10,1.42207955650796e-10,1.3702653034726e-10,1.24051960780149e-10,1.21735524668455e-10,1.12706581299249e-10,1.14018283618261e-10,1.18711360032726e-10,1.21111012645909e-10,1.13471342540189e-10,1.04584629457028e-10,9.9655174997711e-11,9.49791852753023e-11,8.65893810334023e-11,9.39637286038718e-11,9.2302583679844e-11,9.1127681829375e-11,9.26352629326797e-11,1.00458582637619e-10,9.74300818914651e-11,9.66866754521047e-11
818,"EGY","Egypt",1.12705680098801e-10,1.1006109345773e-10,1.10682983050738e-10,1.10512922263488e-10,1.14455513444318e-10,1.10604100626345e-10,1.03099159227949e-10,9.70601832176504e-11,9.44844891597864e-11,9.08489382795373e-11,8.95072217490947e-11,9.04619665396401e-11,8.75324073727781e-11,8.45126275905134e-11,8.28277980288708e-11,8.13009147982629e-11,7.94036601517873e-11,7.56807553565668e-11,7.1511019089765e-11,6.12397648151044e-11,6.03819793428907e-11,5.90594367324611e-11,5.61846127461292e-11
222,"SLV","El Salvador",1.05869672528246e-10,1.12369596895421e-10,1.07353441328263e-10,1.05946958407688e-10,1.12144996652445e-10,1.2044520019659e-10,1.12213416631872e-10,1.1737523273934e-10,1.20000196671215e-10,1.15798214257238e-10,1.13407706955043e-10,1.06273090838703e-10,1.00875209081436e-10,8.93685355764412e-11,8.28972830677464e-11,8.40605411076717e-11,7.7056512980639e-11,6.8141165515135e-11,7.03329136263583e-11,5.71765732822343e-11,6.93457955941304e-11,6.71981373499373e-11,6.65027244594939e-11
226,"GNQ","Equatorial Guinea",1.5793398352296e-11,1.12024995848447e-11,9.9067620908758e-12,9.29082188347256e-12,7.7424229987065e-12,7.29075038613536e-12,7.22811801067762e-12,5.57327894920132e-12,5.57602462472777e-12,5.47432321900753e-12,6.16328810356628e-12,5.9290387779337e-12,5.18310426897581e-12,5.32381487708139e-12,5.1095152697287e-12,5.41008241885094e-12,5.76744479497424e-12,5.93826531444245e-12,6.18334147183809e-12,6.97809100003221e-12,7.28717517388414e-12,7.56572224145129e-12,7.01078065990469e-12
232,"ERI","Eritrea",1.41134188431038e-09,1.18477165053501e-09,1.13006305170014e-09,1.19307753792299e-09,1.16920520149484e-09,1.17078556022012e-09,1.14209699572813e-09,1.20959978238112e-09,1.48503007245953e-09,1.33110000547041e-09,1.17444236049831e-09,9.77907607275294e-10,9.63230971474995e-10,1.0852848763602e-09,8.33261188020355e-10,1.05709646128967e-09,9.94632024127153e-10,1.11104401862068e-09,9.98120256307031e-10,9.6124625160847e-10,NA,NA,NA
233,"EST","Estonia",2.19198143446585e-10,2.05643183310061e-10,1.9260143172844e-10,1.83629261462186e-10,1.74719130082327e-10,1.58390985730536e-10,1.44041638399231e-10,1.38923644506507e-10,1.5098354492838e-10,1.7123672338525e-10,1.70326689525228e-10,1.59869956576156e-10,1.5773839953519e-10,1.57269804067947e-10,1.54917462598862e-10,1.53813518851918e-10,1.43884769997107e-10,1.38924819374854e-10,1.33426812251941e-10,1.3153529094551e-10,1.32054457371857e-10,1.22839583630972e-10,1.27193923864784e-10
748,"SWZ","Eswatini",2.81667920785156e-10,2.55794679600937e-10,2.70411889475837e-10,2.68445983499226e-10,2.59057945749707e-10,2.48840693075135e-10,2.24990523336056e-10,2.31492444012241e-10,2.24297049644445e-10,2.16920532902007e-10,2.22840752946016e-10,2.15480437808739e-10,2.05615448201486e-10,2.00221025522298e-10,1.96160338908046e-10,1.84254278793351e-10,1.76922967284992e-10,1.8081029540207e-10,1.76606882970919e-10,1.80022679780893e-10,1.73680048128033e-10,1.63829786135702e-10,1.58569510648512e-10
231,"ETH","Ethiopia",1.76777386730852e-09,1.6878324335717e-09,1.88534078418632e-09,1.85176213259275e-09,1.68990957384669e-09,1.59483217843246e-09,1.50744862383119e-09,1.50004940023859e-09,1.39836810187526e-09,1.33623601362121e-09,1.24160904393449e-09,1.10046961140791e-09,1.07290023415362e-09,9.8379770225303e-10,9.29194511119011e-10,8.64016355065646e-10,8.20098316948662e-10,7.62456834454206e-10,7.18155426230805e-10,7.18955750889366e-10,7.19536832601427e-10,6.56018117276201e-10,6.43320917066087e-10
234,"FRO","Faeroe Islands",NA,NA,NA,NA,NA,NA,NA,NA,NA,NA,NA,NA,NA,NA,NA,NA,NA,NA,NA,NA,NA,NA,NA
238,"FLK","Falkland Islands",NA,NA,NA,NA,NA,NA,NA,NA,NA,NA,NA,NA,NA,NA,NA,NA,NA,NA,NA,NA,NA,NA,NA
242,"FJI","Fiji",1.62243014294771e-10,1.67898543963265e-10,1.66362142092885e-10,1.47759038053324e-10,1.58724855670445e-10,1.49626210797838e-10,1.42419179211318e-10,1.43641068148519e-10,1.43292186758262e-10,1.33954139552915e-10,1.31212446164192e-10,1.32050785926034e-10,1.28095784446852e-10,1.2432714997524e-10,6.52780045100507e-11,6.97021016081483e-11,6.33890030281192e-11,6.67873187699428e-11,6.13917744060581e-11,6.83291499338823e-11,7.84609048542578e-11,6.9532728250873e-11,6.12261544902642e-11
246,"FIN","Finland",1.28328870019035e-10,1.30727963805763e-10,1.31317825555509e-10,1.32832337426889e-10,1.26420788350511e-10,1.19171032182314e-10,1.17830405677738e-10,1.14231684439514e-10,1.09873394156938e-10,1.09878500228494e-10,1.16240337271466e-10,1.08992784228506e-10,1.08929778100282e-10,1.09515318794785e-10,1.11544804050674e-10,1.08917176661546e-10,1.06332577714446e-10,1.02661381522839e-10,1.03391217312349e-10,1.03258579599278e-10,1.00785983879872e-10,9.74358528071053e-11,9.54469528659876e-11
250,"FRA","France",6.94159614378684e-11,6.68502676207013e-11,6.40966641349675e-11,6.31760197816465e-11,6.10510912803908e-11,5.77718229074037e-11,5.49066697573074e-11,5.43312619803355e-11,5.23866622353116e-11,5.17045729245532e-11,5.14456232784726e-11,4.85566093165714e-11,4.94727944808237e-11,5.02509430459877e-11,4.97750029039031e-11,4.99204880112788e-11,4.76649847916777e-11,4.82734061104575e-11,4.54149945350504e-11,4.39468776402117e-11,4.69559245905764e-11,4.26471726611679e-11,4.0622108835663e-11
258,"PYF","French Polynesia",NA,NA,NA,NA,NA,NA,NA,NA,NA,NA,NA,NA,NA,NA,NA,NA,NA,NA,NA,NA,NA,NA,NA
266,"GAB","Gabon",5.25784955010956e-11,5.05170626781493e-11,5.93248691672535e-11,6.5568387273827e-11,7.63629919561605e-11,7.39163553766302e-11,8.54397653093798e-11,8.36972867284361e-11,9.80109817612774e-11,9.10224225905036e-11,9.18301538945229e-11,8.05642173822327e-11,7.08607723329238e-11,8.50138289760125e-11,7.39321058375214e-11,7.44817367965691e-11,7.4577148540833e-11,7.61626626169444e-11,6.94489981591967e-11,7.39120035458994e-11,6.93348453905477e-11,6.64766032379946e-11,6.57175727742686e-11
270,"GMB","Gambia",3.84379072651684e-10,3.19078542356931e-10,3.33062259787302e-10,3.42205879859624e-10,3.3964852624816e-10,3.56597297484966e-10,3.82103621864693e-10,3.67966232668578e-10,3.46301912180338e-10,3.49828423397549e-10,3.35065151557253e-10,3.44025134489744e-10,2.94939176418278e-10,3.03427199811789e-10,3.19875017563704e-10,3.07400479242207e-10,3.01540463531084e-10,2.78950190462014e-10,2.74355928458021e-10,2.52545608061161e-10,2.58668513897699e-10,2.46262243027407e-10,2.34705961055619e-10
268,"GEO","Georgia",3.37548908794604e-10,2.56896341179718e-10,2.82804916549863e-10,2.61548724048796e-10,2.49142810778099e-10,2.36449389385032e-10,2.13212593555204e-10,1.84839495077682e-10,1.74088563966739e-10,1.78955437326814e-10,1.72226580352222e-10,1.61622621390013e-10,1.59542478736639e-10,1.63131562836187e-10,1.56427912706251e-10,1.4119112476515e-10,1.37203392167685e-10,1.25931449811111e-10,1.18043467363831e-10,1.10647928825453e-10,1.28671992595245e-10,1.06905357683689e-10,9.8197625463995e-11
276,"DEU","Germany",4.64695796141629e-11,4.45864678299902e-11,4.41164760615402e-11,4.38651468683116e-11,4.33556794250096e-11,4.24889427433278e-11,4.01297090314724e-11,3.92278687807034e-11,3.75767866263946e-11,3.93034096487843e-11,3.7986669496236e-11,3.55505126943669e-11,3.56516670486696e-11,3.62410165828827e-11,3.6186146385304e-11,3.4936339985899e-11,3.3706113695241e-11,3.16864913257997e-11,3.04756131952466e-11,3.01569734382935e-11,3.0386768095449e-11,2.89308774434653e-11,2.77572846785286e-11
288,"GHA","Ghana",2.95624561454032e-10,2.30956688351532e-10,2.15910927820577e-10,2.26247192124759e-10,1.97415366522211e-10,2.32659689659035e-10,2.14590792742266e-10,1.95238760410981e-10,1.80064786246763e-10,1.68332494273425e-10,1.64441169329303e-10,1.5712690030306e-10,1.41229877551057e-10,1.43427056506123e-10,1.35613310903146e-10,1.38799130562502e-10,1.34269591868593e-10,1.31558904194373e-10,1.21350220651764e-10,1.16902623201754e-10,1.29883626733038e-10,1.13193594691777e-10,1.13440990140107e-10
300,"GRC","Greece",7.56000335144387e-11,6.98550681621742e-11,6.66311266512095e-11,6.24267316535456e-11,5.94195146494914e-11,5.72280302541028e-11,5.24270298881155e-11,5.2449259239228e-11,5.02116253970297e-11,4.96933829538679e-11,5.36409539075858e-11,5.70269665206325e-11,5.6581493653647e-11,5.80418243416202e-11,5.64615593459827e-11,5.49374479101031e-11,5.45491797088806e-11,5.46099763651194e-11,5.14757249476119e-11,5.02098743062907e-11,5.31089577537778e-11,4.92959877534373e-11,4.68438195357467e-11
304,"GRL","Greenland",NA,NA,NA,NA,NA,NA,NA,NA,NA,NA,NA,NA,NA,NA,NA,NA,NA,NA,NA,NA,NA,NA,NA
308,"GRD","Grenada",2.863628968666e-11,3.01679082470359e-11,3.41226907558057e-11,3.14744438603922e-11,2.94004486791306e-11,2.64911896616338e-11,3.02482250522918e-11,2.77129482668759e-11,2.99307479291611e-11,3.28882431959572e-11,3.55838799136869e-11,3.3084929762273e-11,3.59377900064526e-11,3.82104073482425e-11,3.30313047737195e-11,3.1453054420868e-11,3.02611522796019e-11,2.52488867530194e-11,2.4353563462864e-11,2.80539505395179e-11,3.24060667690563e-11,3.08378013117489e-11,2.97568034334585e-11
320,"GTM","Guatemala",1.40710279840525e-10,1.40097315999835e-10,1.37415919104865e-10,1.44947827941994e-10,1.45261828467314e-10,1.46371607568242e-10,1.37851117720885e-10,1.33718201744075e-10,1.19572554642818e-10,1.32774198039373e-10,1.35743699655337e-10,1.39494686280656e-10,1.35464997395836e-10,1.33216538422588e-10,1.25902534918162e-10,1.26486728618842e-10,1.25497772228822e-10,1.23241953065478e-10,1.22070837871578e-10,1.15966785492451e-10,1.25860558373045e-10,1.14570883424668e-10,1.13183438519678e-10
831,"GGY","Guernsey",NA,NA,NA,NA,NA,NA,NA,NA,NA,NA,NA,NA,NA,NA,NA,NA,NA,NA,NA,NA,NA,NA,NA
324,"GIN","Guinea",7.75795567797219e-10,8.3767653474568e-10,9.07531495977202e-10,8.89891298442288e-10,8.44338828656684e-10,9.54356942640364e-10,9.37091608318065e-10,8.82942978154068e-10,8.8594592607057e-10,8.9050789102007e-10,8.7059105700254e-10,8.78953000981335e-10,9.14257125774395e-10,8.79552727392974e-10,8.52548351540382e-10,8.16943102545872e-10,8.88391628678013e-10,7.71158375688901e-10,6.92831062898055e-10,7.04802433967097e-10,7.06646649931489e-10,6.66127618292732e-10,6.62957185943824e-10
624,"GNB","Guinea-Bissau",9.567264065611e-10,1.15847029411638e-09,1.22730280770225e-09,1.23461041378355e-09,1.15060409197887e-09,1.03704905385683e-09,1.13926257578985e-09,1.07389914691975e-09,9.51140512480519e-10,9.90921277593741e-10,9.96109894998803e-10,9.14645047067295e-10,1.00842642724744e-09,9.21800085488123e-10,9.46933993024274e-10,9.27381931313576e-10,8.39621511913872e-10,8.2111238079812e-10,8.33146724984622e-10,7.91900774541022e-10,8.16874583345364e-10,7.5252322920586e-10,7.37315731669596e-10
328,"GUY","Guyana",2.60044347977034e-10,2.59299992485517e-10,2.7470998120577e-10,2.89861833121697e-10,3.1839424843083e-10,2.70888410227677e-10,2.5286957855984e-10,2.43370437325223e-10,2.68518736720151e-10,2.32251943578153e-10,2.48860245034142e-10,2.1976224909438e-10,2.34534533069196e-10,2.39298958623687e-10,2.29506179244555e-10,2.48765968197936e-10,2.11775455368891e-10,1.98779256092477e-10,2.10902688349855e-10,2.10929165601279e-10,1.4156509821353e-10,1.17345064079185e-10,7.40038129931966e-11
332,"HTI","Haiti",2.15506599107817e-10,2.16247783809403e-10,2.12408817795379e-10,2.04880357992124e-10,2.05672471143921e-10,2.08217936487821e-10,2.07193642533149e-10,1.99650294274244e-10,1.97584347434525e-10,1.85616367004414e-10,1.99496051350363e-10,1.91132313373859e-10,1.95078283024727e-10,1.88244185563281e-10,1.88742977599436e-10,1.85836837710053e-10,1.85772207439435e-10,1.82085984700655e-10,1.72874344594394e-10,1.85981776697545e-10,1.85193829163945e-10,1.89797806123434e-10,1.93044788531846e-10
336,"VAT","Holy See",NA,NA,NA,NA,NA,NA,NA,NA,NA,NA,NA,NA,NA,NA,NA,NA,NA,NA,NA,NA,NA,NA,NA
340,"HND","Honduras",2.83565259001938e-10,2.63795159437569e-10,2.1951618992081e-10,2.53158617895009e-10,2.17665895463044e-10,2.35621437236082e-10,2.24698574966271e-10,2.16815754394485e-10,2.05013262643011e-10,2.12172641129841e-10,2.0627014267601e-10,2.21013576011988e-10,2.03568485791291e-10,2.04041293156589e-10,2.03378495029373e-10,1.92534276259435e-10,1.95515416104744e-10,1.88962977457926e-10,1.92799897740303e-10,1.76011349311977e-10,2.20066560568334e-10,1.78095144150353e-10,1.7292761568456e-10
344,"HKG","Hong Kong",1.11135002719028e-11,1.00655137848446e-11,9.052778516299e-12,9.25489228981127e-12,7.21538590502499e-12,7.02133160434132e-12,6.55999173217664e-12,6.48594848960041e-12,6.20647598561812e-12,7.16201175758026e-12,6.1536499719596e-12,6.26766579415162e-12,6.08486606125734e-12,5.85137515979845e-12,5.914973856926e-12,5.53731660488707e-12,5.65402847138921e-12,5.6054641633174e-12,5.40634447613762e-12,5.6994570911857e-12,5.6681088077914e-12,5.25767564999462e-12,5.14441955157832e-12
348,"HUN","Hungary",1.29172930467232e-10,1.32358421759833e-10,1.81450051542027e-10,1.48995292497015e-10,1.52906705614928e-10,1.19806633595244e-10,1.06272205127152e-10,1.10264135439269e-10,1.06082123988224e-10,9.82946038414949e-11,9.43877342754265e-11,9.38613108798295e-11,9.70806216411424e-11,1.00548744209827e-10,9.68488985801891e-11,9.37558740505931e-11,9.82377758042638e-11,9.42130182600498e-11,9.00755939071462e-11,8.52703647916096e-11,9.19486965703027e-11,8.63857021226191e-11,8.11395486582867e-11
352,"ISL","Iceland",1.1645242293863e-10,1.05373132323669e-10,1.07242771342769e-10,1.03390148428724e-10,9.51636279698259e-11,8.96717371584029e-11,8.9615232678187e-11,8.38441944108218e-11,8.4409437418573e-11,8.11150151807665e-11,8.34798103065609e-11,8.26174134860457e-11,8.23915971125547e-11,7.6957102500362e-11,7.99183065701935e-11,7.82623925436208e-11,7.25308329276255e-11,7.17042545738885e-11,6.63659534232638e-11,6.37187509613055e-11,6.81650310434984e-11,6.58403165353508e-11,6.32814908089413e-11
356,"IND","India",2.44817650907366e-10,2.3740288817594e-10,2.21282035596817e-10,2.1203622344449e-10,2.03714497735004e-10,1.968134820852e-10,1.9033196559264e-10,1.85097122759834e-10,1.83584716394596e-10,1.74354810989201e-10,1.65864588844045e-10,1.6323927215177e-10,1.54620780355994e-10,1.45501288696957e-10,1.37424208180978e-10,1.29064899263805e-10,1.18963544352487e-10,1.13931072926571e-10,1.09974727214061e-10,1.09262963797849e-10,1.19509516205037e-10,1.09591207375139e-10,1.04407579764693e-10
360,"IDN","Indonesia",1.35454380052265e-10,1.31494432973499e-10,1.31970801807143e-10,1.26682197269729e-10,1.25494591802043e-10,1.20054772620331e-10,1.16921201725738e-10,1.12296925138066e-10,1.09254344771844e-10,1.10251443866911e-10,1.02294611365136e-10,1.01520024097149e-10,9.92926291567334e-11,9.07057084312867e-11,9.07799305025249e-11,8.61777157437731e-11,8.27742644033948e-11,8.63818785292855e-11,8.60744649415094e-11,8.0083664483183e-11,8.49669347146166e-11,8.31649874578702e-11,8.10200883963264e-11
364,"IRN","Iran",1.17753027618056e-10,1.17164181014929e-10,1.13032559646871e-10,1.07957052342655e-10,1.48917245050617e-10,1.36830970240653e-10,1.33369732537564e-10,1.36491082803221e-10,1.10797558929761e-10,1.00396554996376e-10,9.66519311252324e-11,8.64566468541734e-11,9.33797726032661e-11,9.48229583102588e-11,8.77400850467091e-11,8.81357207456006e-11,8.1797804321458e-11,7.88215679759741e-11,8.4631095252552e-11,8.94028268282327e-11,8.89027374831867e-11,8.48958424177248e-11,8.55752315005062e-11
368,"IRQ","Iraq",8.92542241453415e-11,1.14976365554397e-10,1.28214723175936e-10,1.20356106692774e-10,8.66208652508778e-11,9.42172773940749e-11,8.7758693045752e-11,8.3806602527399e-11,8.38880846213503e-11,9.36299091227666e-11,8.87780995876344e-11,8.72760462397124e-11,8.17073601308997e-11,7.79918796983924e-11,7.36950291808505e-11,6.1045139171415e-11,5.76223877859277e-11,6.34969485927126e-11,6.30998714570247e-11,6.77450054112266e-11,7.72807305105666e-11,7.47689955934517e-11,7.15820055786307e-11
372,"IRL","Ireland",1.99920989163207e-10,1.87795583815177e-10,1.70550734543795e-10,1.65560994255244e-10,1.51072862907251e-10,1.39540005251769e-10,1.32910618357386e-10,1.22818099155911e-10,1.27400604147002e-10,1.36734891877861e-10,1.275233809127e-10,1.24847450094205e-10,1.31745682140985e-10,1.29076566606294e-10,1.19538942188804e-10,9.6708535979468e-11,9.68418192836763e-11,9.12424689824681e-11,8.13689949624523e-11,7.53050710048337e-11,7.11386187053998e-11,6.4368183600657e-11,5.74872062837357e-11
833,"IMN","Isle of Man",NA,NA,NA,NA,NA,NA,NA,NA,NA,NA,NA,NA,NA,NA,NA,NA,NA,NA,NA,NA,NA,NA,NA
376,"ISR","Israel",4.19479661009604e-11,4.13922939008688e-11,4.38343789194342e-11,4.47207457872162e-11,4.2776792369928e-11,4.05609732736994e-11,3.90848152179217e-11,3.86682371289304e-11,3.28507377242371e-11,3.13526391581397e-11,3.00526112174281e-11,2.95908006675321e-11,3.02548917167994e-11,2.80298922556838e-11,2.70702862508414e-11,2.6857615381233e-11,2.5635061629255e-11,2.50782990741215e-11,2.41254103697839e-11,2.33237738502613e-11,2.35463799542263e-11,2.19311486668272e-11,2.12616717843546e-11
380,"ITA","Italy",3.89136530722427e-11,3.66084759683031e-11,3.79125239852771e-11,3.7820187115808e-11,3.72107516817277e-11,3.55837582032022e-11,2.77977608353249e-11,2.70886218449512e-11,2.54089369162661e-11,2.46135746368108e-11,2.39221889543445e-11,2.35185892804777e-11,2.4848238154113e-11,2.5108148383112e-11,2.47794473456034e-11,2.47517250393049e-11,2.44356588982451e-11,2.37169770023232e-11,2.37355918737546e-11,2.3190547956632e-11,2.47896723276401e-11,2.33719190635352e-11,2.25823174797252e-11
388,"JAM","Jamaica",8.4653806995498e-11,8.27348547410897e-11,8.18947066313021e-11,8.27602026948944e-11,7.87088519497107e-11,7.54357317493514e-11,6.68733638782617e-11,6.45190346707199e-11,5.8648975372138e-11,5.83404576788831e-11,5.6940594329169e-11,5.59720669659778e-11,5.85554398894758e-11,5.6398649045541e-11,5.56437621897512e-11,5.25797345508146e-11,5.29470062454635e-11,5.27808994405891e-11,5.60020360857196e-11,5.16906646186291e-11,5.50601124810164e-11,5.37430399004424e-11,5.19300795714579e-11
392,"JPN","Japan",2.08363612219758e-11,2.02373152239867e-11,2.00991547366776e-11,1.99655543751166e-11,1.94134426238537e-11,1.83123997449038e-11,1.76406320893175e-11,1.74224557543195e-11,1.64302911139329e-11,1.63119400610164e-11,1.61825597186575e-11,1.55840529917805e-11,1.54536254529873e-11,1.52688335942753e-11,1.49074025815168e-11,1.44057867541578e-11,1.39502152711773e-11,1.37963668676648e-11,1.33494159807426e-11,1.34222780255152e-11,1.37449580292798e-11,1.36311608647507e-11,1.35883377784522e-11
832,"JEY","Jersey",NA,NA,NA,NA,NA,NA,NA,NA,NA,NA,NA,NA,NA,NA,NA,NA,NA,NA,NA,NA,NA,NA,NA
400,"JOR","Jordan",6.35728563324588e-11,6.58996041503059e-11,6.97079746200136e-11,7.1730544614849e-11,6.8195753398449e-11,7.01015340265376e-11,6.24285859080682e-11,6.06516439897409e-11,5.95719965289372e-11,5.48565570003798e-11,5.51959489988496e-11,5.60921456731518e-11,5.74190033039013e-11,6.04622189578667e-11,5.96810829518966e-11,6.04587613656712e-11,5.83390847863724e-11,5.69308444682694e-11,5.5759124152265e-11,5.57797665755654e-11,5.55946265482468e-11,5.70171972401624e-11,5.60998965313739e-11
398,"KAZ","Kazakhstan",1.62154461001345e-10,1.5669324070262e-10,2.20882400943019e-10,1.52646192678659e-10,1.54166838309167e-10,1.46124406494864e-10,1.43902039656855e-10,1.23199547887978e-10,1.24393468705924e-10,1.13097643556358e-10,1.19870316434751e-10,1.03363970102052e-10,9.67935504498437e-11,8.41381785375518e-11,9.09589092799125e-11,9.45738357462118e-11,8.70454489569179e-11,1.08813779291291e-10,8.61071858615478e-11,9.01882020020717e-11,9.12393465478193e-11,9.11059126667392e-11,9.25777822172038e-11
404,"KEN","Kenya",3.29693212928956e-10,3.20521489713106e-10,3.29122056701199e-10,3.39843889872603e-10,3.38985131738953e-10,3.17616979415669e-10,2.89059059740849e-10,4.09756791956368e-10,4.0952693435524e-10,3.86663956148331e-10,3.61696860962404e-10,3.55729555727771e-10,3.41360539966965e-10,3.27175326669928e-10,3.14764230782009e-10,2.99355048287541e-10,3.13812591273613e-10,2.856346293823e-10,2.78435167207174e-10,3.01571767496324e-10,3.4730699028048e-10,2.90206056693473e-10,2.87407648632347e-10
296,"KIR","Kiribati",8.40149992427303e-11,8.74837324931087e-11,9.6027987505575e-11,9.51852402202647e-11,9.83568144894939e-11,1.013149483168e-10,1.03899039391449e-10,1.05800648644807e-10,1.11611958799754e-10,1.06696759313675e-10,1.11468502858767e-10,1.10037988272716e-10,1.05613853665032e-10,1.02307717945934e-10,1.03903531398562e-10,9.62549830355684e-11,1.00096259595174e-10,1.03282901961621e-10,9.74562195497984e-11,1.00429783122902e-10,1.00871941305878e-10,9.54488587175934e-11,9.51218772644964e-11
689,"XKX","Kosovo",NA,NA,NA,NA,NA,NA,NA,NA,NA,NA,NA,NA,NA,NA,NA,NA,NA,NA,NA,NA,NA,NA,NA
414,"KWT","Kuwait",2.072013757224e-11,2.067602886714e-11,2.15354411551183e-11,1.87957382892272e-11,1.71163898086371e-11,1.69197804181934e-11,1.59611845945692e-11,1.51645947615027e-11,1.55710453231407e-11,1.81439126383115e-11,1.77887493831804e-11,1.66929790136318e-11,1.58015234315953e-11,1.6919805974208e-11,1.66919967129843e-11,1.75445157092986e-11,1.73691403421463e-11,1.84704606774012e-11,1.82208833864817e-11,1.88454995480293e-11,2.07808840786864e-11,2.10279592547493e-11,2.01529841523628e-11
417,"KGZ","Kyrgyzstan",2.98374276360488e-10,2.87705078882519e-10,2.66346468120348e-10,2.78854849344476e-10,2.57798336947428e-10,2.6596061155668e-10,2.5955869726031e-10,2.49954931179913e-10,2.35121313781981e-10,2.49260327527431e-10,2.50884584154978e-10,2.44311389326389e-10,2.54994703171787e-10,2.4009264746063e-10,2.36974281601314e-10,2.17302103754034e-10,2.10615635334875e-10,1.97567784088331e-10,2.055096747917e-10,2.00300054992245e-10,2.22844624094069e-10,2.09293054980703e-10,2.05182759514676e-10
418,"LAO","Laos",3.77480975144369e-10,3.73712424249227e-10,3.6924002671816e-10,3.54750451989428e-10,3.61599857272025e-10,3.38574521710838e-10,3.06795315150551e-10,3.12942005029702e-10,2.85612588349701e-10,2.81794516190404e-10,2.84398728817103e-10,2.4735816150919e-10,2.59510668046191e-10,2.42584342639507e-10,2.30531785584308e-10,2.2669603780051e-10,2.24529463502504e-10,2.04106736236526e-10,1.93969234816628e-10,1.94542171244801e-10,2.0412673992882e-10,1.95660333380674e-10,1.93844766186677e-10
428,"LVA","Latvia",2.02898891841207e-10,1.94195656917595e-10,1.8134190909224e-10,1.74102517033576e-10,1.60539775099062e-10,1.48730442765048e-10,1.34201850909852e-10,1.2599223540972e-10,1.32436777268345e-10,1.54678616996468e-10,1.63242790553315e-10,1.61341937848941e-10,1.55649054876168e-10,1.53791401777363e-10,1.53682576948659e-10,1.53062318333876e-10,1.48407690174675e-10,1.42931093642027e-10,1.33300453282559e-10,1.35684508543323e-10,1.40806573464547e-10,1.33818933864242e-10,1.34794230230288e-10
422,"LBN","Lebanon",5.15878302575639e-11,5.19624047531156e-11,4.80359302486108e-11,4.88362715471209e-11,4.70116120806172e-11,4.24796995714857e-11,4.00577395419997e-11,3.73219100623861e-11,3.50864454977896e-11,3.35166729672612e-11,3.22910802287322e-11,3.61441783538503e-11,3.95698643834219e-11,3.80140480351758e-11,3.84173817541282e-11,4.00301717141141e-11,4.07158644345491e-11,4.18221480346057e-11,4.04708172530553e-11,4.47855780821498e-11,5.56986065224975e-11,5.82395856013631e-11,NA
426,"LSO","Lesotho",8.25999587984951e-10,7.9195597220103e-10,6.85533284163582e-10,6.74370174582442e-10,6.36831874978442e-10,6.76539081927171e-10,6.417618086617e-10,6.37044366502565e-10,5.63756240151716e-10,5.79915211474601e-10,5.42361974245211e-10,5.24563157119387e-10,4.89473669335466e-10,4.50682962153053e-10,4.33833534782929e-10,4.18878866960919e-10,3.9215574007754e-10,4.37106551273123e-10,4.09127241165047e-10,3.77463391888663e-10,3.24221168137535e-10,3.80421628999762e-10,3.76282678489682e-10
430,"LBR","Liberia",1.92404683937195e-10,1.8966881525488e-10,1.93101633277489e-10,2.9253548119034e-10,2.82451863072367e-10,2.75735567052906e-10,2.89694375416037e-10,2.68673902412286e-10,2.70345963508596e-10,3.42316651896149e-10,2.82306846153117e-10,2.5928964468906e-10,2.61105221671297e-10,2.40235290545088e-10,2.60498771564435e-10,2.8934445776364e-10,2.70234377797807e-10,2.66477852448206e-10,2.6746053843345e-10,2.97652909332256e-10,3.01121748293168e-10,2.75995557559571e-10,2.67206713784822e-10
434,"LBY","Libya",3.58236190272358e-11,3.5738590496367e-11,3.85098430145702e-11,3.49850631051418e-11,3.56073439072123e-11,3.37765794431248e-11,3.30734069758649e-11,3.1428884868119e-11,3.23666551632801e-11,3.57115433316962e-11,3.58666468862084e-11,6.56027098041908e-11,3.82342822129331e-11,4.72064211792393e-11,5.94975550379364e-11,5.56930882904777e-11,5.81660283050305e-11,4.53908929939207e-11,4.1151617234148e-11,4.70151698659642e-11,6.58064188610826e-11,5.40460553849258e-11,5.46488182621627e-11
438,"LIE","Liechtenstein",NA,NA,NA,NA,NA,NA,NA,NA,NA,NA,NA,NA,NA,NA,NA,NA,NA,NA,NA,NA,NA,NA,NA
440,"LTU","Lithuania",3.63208867935203e-10,3.44832121645145e-10,3.35726638229052e-10,3.08567721273189e-10,2.98786854399029e-10,2.88778543270885e-10,2.67515055701681e-10,2.67124508788987e-10,2.49812542369486e-10,2.75520408501595e-10,2.73741769717015e-10,2.83585642131402e-10,2.79211550245515e-10,2.54265000695091e-10,2.55858897409271e-10,2.58618538518605e-10,2.43528000213908e-10,2.36668599428186e-10,2.22545630807924e-10,2.17520072145792e-10,2.1371733477773e-10,1.99839836358332e-10,1.83655711792543e-10
442,"LUX","Luxembourg",2.19964077060911e-11,2.16538292772943e-11,2.68994421738516e-11,2.64242227291856e-11,2.75823013175288e-11,2.61224689753576e-11,2.40799542676295e-11,2.17578586784874e-11,2.1996568558979e-11,2.21958788903815e-11,2.17364948308376e-11,2.16825758381502e-11,2.06588099392036e-11,2.00237001211798e-11,1.91946201055539e-11,1.84583880299908e-11,1.75830693529628e-11,1.73544783057524e-11,1.67131829463504e-11,1.63342407781562e-11,1.53299881958426e-11,1.49909163723512e-11,1.42303161830887e-11
446,"MAC","Macao",3.72457582696084e-12,3.5888400287278e-12,3.37697710922807e-12,3.09078327274636e-12,2.65478451117668e-12,2.4564179514893e-12,2.27252996452585e-12,2.08203862794286e-12,1.84626154533529e-12,1.95493420915021e-12,1.35944088131518e-12,1.33257359776515e-12,1.29089184523099e-12,9.9981591113354e-13,1.04692463633335e-12,1.7664875464458e-12,1.79256953503843e-12,1.70625552969645e-12,1.50696899043747e-12,1.5703349716104e-12,3.05606268825614e-12,2.62980028673435e-12,3.6521109979181e-12
450,"MDG","Madagascar",9.74319754991894e-10,8.82270794506477e-10,9.09910800333713e-10,9.63735350007807e-10,8.20379493902651e-10,9.75422381424998e-10,8.52485835089939e-10,8.84880787318705e-10,7.6452760556061e-10,8.32954320331788e-10,8.21741108658915e-10,8.14964460334362e-10,8.11502274960276e-10,7.73351997292198e-10,7.48362648438628e-10,7.30969181390974e-10,7.51642636981152e-10,6.86173330769953e-10,6.05136867051642e-10,5.91024625496673e-10,6.38919386342126e-10,5.78575787023354e-10,5.48424598109721e-10
454,"MWI","Malawi",4.50647247688571e-10,4.28914897382746e-10,5.02627874913844e-10,5.03605929170712e-10,4.86599241830199e-10,4.79803439341676e-10,5.04159984677043e-10,5.0374998525821e-10,5.14447547270678e-10,4.67929534189715e-10,5.06541760739009e-10,4.92289284797785e-10,4.92490971573134e-10,4.85011701789625e-10,5.18158943171938e-10,5.20437393486703e-10,4.91751867866151e-10,5.1896890370299e-10,5.96563476085538e-10,6.35585440597865e-10,7.72586100210692e-10,7.51898349408965e-10,7.98472825209062e-10
458,"MYS","Malaysia",5.98617110470607e-11,5.87450002670151e-11,6.26436455729487e-11,6.59834668455555e-11,6.72241058293745e-11,6.63997065608351e-11,6.26840144372153e-11,6.12671614240374e-11,6.26439281916568e-11,5.52617393230951e-11,6.09366037953463e-11,5.90204853273415e-11,5.68902958020712e-11,5.09249468664003e-11,5.02802592266821e-11,4.651154453315e-11,4.37644947782982e-11,4.06368290349178e-11,3.62293602345828e-11,3.24950173749526e-11,3.59146756791343e-11,3.81175942847195e-11,3.57970371380747e-11
462,"MDV","Maldives",1.77107806608915e-11,1.67642668908877e-11,1.7968689092598e-11,1.42421251592061e-11,1.60404131204761e-11,1.76456500003929e-11,1.65701134775336e-11,1.69546859039093e-11,1.66872906428081e-11,1.97863430801308e-11,2.04585156657324e-11,2.1315553056559e-11,2.59148351571092e-11,2.41560176422006e-11,2.81329797939621e-11,2.14938306526942e-11,2.08106981866086e-11,2.00805209556801e-11,1.95004965324032e-11,2.08093455248474e-11,2.96954451320472e-11,2.15630593182388e-11,1.95653946289655e-11
466,"MLI","Mali",1.54900520644547e-09,1.26960295097161e-09,1.27381378049473e-09,1.18465583286252e-09,1.31971648499078e-09,1.26274198920882e-09,1.22176509317279e-09,1.19896783103178e-09,1.21476783559222e-09,1.13218294507897e-09,1.1356666283326e-09,1.12194747849312e-09,1.15634916766892e-09,1.17610931743864e-09,1.12390634383563e-09,1.09877230235314e-09,1.15954879486321e-09,1.09872467387486e-09,1.06500391093904e-09,1.08457314654472e-09,1.15803867580839e-09,1.14526287484711e-09,1.15436195565387e-09
470,"MLT","Malta",2.07737972133075e-11,2.21519095626464e-11,2.00355107221718e-11,2.02224970897675e-11,1.98415670536991e-11,2.03864197777425e-11,1.99703642196757e-11,1.85042529166291e-11,1.76694569037525e-11,1.61698732867352e-11,1.55404794700886e-11,1.46657726195745e-11,1.42958664737895e-11,1.30225144983754e-11,1.19755255417358e-11,1.01373066344639e-11,9.2609978731666e-12,8.00508119129466e-12,7.26436698121417e-12,7.48039668846534e-12,7.80684628975016e-12,6.98249920219774e-12,6.57440420694403e-12
584,"MHL","Marshall Islands",3.82081283112971e-11,3.48369507354144e-11,3.34751170726533e-11,3.41320826124748e-11,3.38964438013947e-11,3.41892358513185e-11,3.53646474025142e-11,3.59597872568832e-11,4.19238870884272e-11,4.36337214909237e-11,4.52156673111851e-11,4.17166464538426e-11,4.337384000384e-11,4.29058936801398e-11,4.45246693413337e-11,4.46653013000014e-11,4.43499794399091e-11,4.38932275738091e-11,4.30918344209264e-11,3.95904153910836e-11,4.15431856746173e-11,4.18829405229836e-11,4.20499626145996e-11
478,"MRT","Mauritania",8.04228085660019e-10,8.16090475572177e-10,7.81086221245315e-10,7.37922221851406e-10,7.01416794658845e-10,6.54803086671996e-10,5.83482475064376e-10,5.99594908558801e-10,5.44951911537181e-10,5.8591057827587e-10,6.05256398887241e-10,5.72190993399844e-10,5.68535910780974e-10,5.56687009818321e-10,5.28682057924305e-10,5.31220771723113e-10,5.24605966696844e-10,4.93651334216426e-10,4.75529105295404e-10,4.64038619451407e-10,4.72617412154049e-10,4.69501286601586e-10,4.50174816074099e-10
480,"MUS","Mauritius",5.28042191017318e-11,4.43079326610245e-11,4.69427945119382e-11,4.49967206975356e-11,4.31884604666898e-11,4.18520873098897e-11,3.9188633201539e-11,3.7958385947957e-11,3.43741243097658e-11,3.30782834577031e-11,3.13215241176286e-11,3.28464094394361e-11,3.40098963169799e-11,3.02901046477966e-11,3.17712910406904e-11,2.80582064622449e-11,2.90928287585398e-11,2.77406490899776e-11,2.61227425484757e-11,2.55888569441174e-11,2.78921910592387e-11,2.80708328604212e-11,2.61391703491912e-11
484,"MEX","Mexico",1.56025635614287e-10,1.62948385687236e-10,1.65301243997606e-10,1.69710303035982e-10,1.66020429363028e-10,1.70230103350902e-10,1.64429791678974e-10,1.68188337581033e-10,1.71191921050622e-10,1.92139385137671e-10,1.83276950213293e-10,1.82028704060208e-10,1.75631633250115e-10,1.75094959411814e-10,1.69803502846222e-10,1.62260491743547e-10,1.62251226187038e-10,1.59706354230272e-10,1.55480803804659e-10,1.56189344329665e-10,1.77976340270179e-10,1.73675182019775e-10,1.72928101806491e-10
583,"FSM","Micronesia",1.23915062979141e-10,1.21286063310823e-10,1.20626240582414e-10,1.18759209161228e-10,1.22533426223218e-10,1.20081521074421e-10,1.20178932460752e-10,1.24302165705634e-10,1.27369859325122e-10,1.32509495210641e-10,1.29316202078734e-10,1.33040206129563e-10,1.36095526611801e-10,1.45378515108289e-10,1.48809733858227e-10,1.44899352976937e-10,1.45982479229996e-10,1.40626712609722e-10,1.42125509434149e-10,1.43264426704217e-10,1.48678437291272e-10,1.56507535662847e-10,1.5936125686887e-10
498,"MDA","Moldova",1.88563352170692e-10,2.13137965706498e-10,1.83380198559211e-10,1.65302291606727e-10,1.6069534438617e-10,1.46086676526256e-10,1.34301489479132e-10,1.29940175323555e-10,1.23874893334792e-10,1.15364540318791e-10,1.20559797480797e-10,1.22935960270423e-10,1.19333033867317e-10,1.20993383542985e-10,1.21767762307676e-10,1.13897562959737e-10,1.2236344888729e-10,1.22207833133815e-10,1.28373471493329e-10,1.13981600707833e-10,1.14977903742188e-10,1.16381026216392e-10,1.1955671325035e-10
492,"MCO","Monaco",NA,NA,NA,NA,NA,NA,NA,NA,NA,NA,NA,NA,NA,NA,NA,NA,NA,NA,NA,NA,NA,NA,NA
496,"MNG","Mongolia",3.23659475413624e-09,2.87507022228515e-09,2.54845068396068e-09,2.39761052410827e-09,2.13842594588413e-09,2.09483947829119e-09,2.05382569445706e-09,2.01487371596041e-09,1.86570364350716e-09,1.89491061361268e-09,1.56989800024674e-09,1.46434131139611e-09,1.39337919393673e-09,1.2848049533332e-09,1.29014146892287e-09,1.33285299469405e-09,1.36104375758407e-09,1.33927584515986e-09,1.24038410085063e-09,1.23914591061083e-09,1.25408877474543e-09,1.25181239778886e-09,1.23546207992564e-09
499,"MNE","Montenegro",8.57194868334236e-11,9.26863738091348e-11,8.87583065305773e-11,8.57256520493758e-11,9.53718313155289e-11,8.73730514511409e-11,8.45348584791798e-11,8.47410761886625e-11,7.12972215761629e-11,7.291303093182e-11,7.12613074506113e-11,6.67937271459262e-11,7.02942808639279e-11,6.65884771897832e-11,6.47846263555328e-11,6.66204722275559e-11,6.55667830755162e-11,6.440959100296e-11,5.95101396404108e-11,5.57682079587938e-11,6.39081185915373e-11,5.5364440632814e-11,5.30664282025103e-11
504,"MAR","Morocco",1.7086798521939e-10,1.61319561858274e-10,1.62676169388117e-10,1.53833642821791e-10,1.5414183022916e-10,1.56756935321715e-10,1.52803711894709e-10,1.38042304954404e-10,1.32063260527509e-10,1.25436758020411e-10,1.24337558266815e-10,1.23783185151868e-10,1.13914165349798e-10,1.20106881086459e-10,1.15769644834181e-10,1.16496825813601e-10,1.00440434717122e-10,1.12414481383274e-10,1.08051410068535e-10,1.0138283063034e-10,1.10300960107617e-10,1.0977943506786e-10,1.07628080712837e-10
508,"MOZ","Mozambique",2.34537118227566e-09,2.29212042545711e-09,2.31648872560607e-09,2.20158935516552e-09,1.95138822823574e-09,1.97236301675881e-09,1.67890493736348e-09,1.62882259716285e-09,1.64423660210457e-09,1.37468813839946e-09,1.43141804146077e-09,1.23244002306328e-09,1.18135449997364e-09,1.144728988395e-09,1.07212186781491e-09,9.54791348268985e-10,8.66025334885543e-10,8.07601117883927e-10,8.93747537624813e-10,8.55545738053908e-10,8.52922392551144e-10,8.5131055040576e-10,8.56441418515937e-10
104,"MMR","Myanmar",9.56531741915598e-10,8.3043556646524e-10,7.39839989005868e-10,6.92948872207751e-10,6.47221939317852e-10,5.699034665099e-10,5.24700162014768e-10,4.88607562619261e-10,4.407620239701e-10,4.14165725373218e-10,3.87722985664087e-10,3.70585113950992e-10,3.61134602649977e-10,3.49753535970926e-10,3.42514718039285e-10,3.32163956315204e-10,3.12771700658423e-10,3.28135105947653e-10,2.02116035873203e-10,1.98313824370079e-10,2.05834826911706e-10,2.34618938305096e-10,2.36282026913818e-10
516,"NAM","Namibia",1.03178063006205e-09,9.38834292179884e-10,7.87801557526137e-10,8.07624742532021e-10,7.72159474795903e-10,7.8529555570276e-10,9.07756932127741e-10,7.81590992723781e-10,5.72450639521931e-10,8.64454086421061e-10,7.47285792548662e-10,1.1536438386123e-09,1.19745702870431e-09,5.51213794217045e-10,4.43526428294464e-10,4.2133587017853e-10,4.5359303245923e-10,4.66484877804015e-10,4.13003601745642e-10,3.37282256173891e-10,6.17617162284462e-10,6.22341487006284e-10,6.03408314546413e-10
520,"NRU","Nauru",NA,NA,NA,NA,3.40499604853823e-11,3.57686434161746e-11,4.01700238927624e-11,4.71084825651486e-11,2.74309642981851e-11,3.00946030302341e-11,3.04365316476852e-11,2.81244672030738e-11,2.15179120451325e-11,2.06827523623628e-11,1.80382091953122e-11,1.92128713206881e-11,1.77896956673038e-11,1.81995496611621e-11,1.686380289704e-11,1.55775806421811e-11,1.5019442871082e-11,1.45463895523077e-11,1.41396501213644e-11
524,"NPL","Nepal",3.28422449706717e-10,3.17225682411757e-10,3.09163923477193e-10,2.97430190164061e-10,2.91184734271089e-10,2.84805352357883e-10,2.82134304919925e-10,2.74422136527087e-10,2.6765559361647e-10,2.71871938812141e-10,2.6761342196005e-10,2.6937493904118e-10,2.59891573976207e-10,2.64512504557093e-10,2.58754294001387e-10,2.49970487353211e-10,2.58848199785849e-10,2.39555051391272e-10,2.3390657762878e-10,2.21960086682207e-10,2.33687721061489e-10,2.24631257468423e-10,2.15146564348175e-10
528,"NLD","Netherlands",6.713249673891e-11,6.34060748400432e-11,6.21065323698516e-11,6.78113692015442e-11,6.76292361526629e-11,6.67655956517888e-11,7.3511571750115e-11,6.62240164239535e-11,4.06519470198874e-11,4.19649073154546e-11,4.11775592072325e-11,4.03207730821978e-11,5.27095185595758e-11,5.23172775863247e-11,5.21511421023622e-11,5.23748396090113e-11,5.05972771699724e-11,4.83184085533215e-11,4.57547185839713e-11,4.47755751601976e-11,4.74310405301782e-11,4.47276515103074e-11,4.16534544071768e-11
540,"NCL","New Caledonia",NA,NA,NA,NA,NA,NA,NA,NA,NA,NA,NA,NA,NA,NA,NA,NA,NA,NA,NA,NA,NA,NA,NA
554,"NZL","New Zealand",3.92853054516941e-10,3.8372486650137e-10,3.73764907371639e-10,3.65270438777998e-10,3.51592391199076e-10,3.42132540219634e-10,3.28397987439346e-10,3.15567789887026e-10,3.10131290532249e-10,3.04890610985209e-10,3.04767144662121e-10,2.99939691646373e-10,2.96200373992339e-10,2.88231014191144e-10,2.82039944182661e-10,2.68707576685504e-10,2.57846955459347e-10,2.49560974376439e-10,2.42013998979261e-10,2.348433612829e-10,2.35454816159095e-10,2.2166371257132e-10,2.16113750955287e-10
558,"NIC","Nicaragua",3.62835358027894e-10,3.50953082539738e-10,3.78991177843277e-10,3.99115675783523e-10,3.56794704044962e-10,3.6895248292823e-10,3.53831599734112e-10,3.36736492493013e-10,3.22166090341171e-10,3.43633812866341e-10,3.34330397340406e-10,3.45280286501689e-10,3.41975502588151e-10,3.22784361628045e-10,3.28976931708979e-10,3.25348828669774e-10,3.19341208787638e-10,3.07814471489073e-10,3.13128368184557e-10,3.33588241773532e-10,3.56565522540972e-10,3.20566907695663e-10,3.11448683401134e-10
562,"NER","Niger",1.7693777977104e-09,1.73769864925725e-09,1.71508817909994e-09,1.75270934306291e-09,1.8037480556927e-09,1.77219900649046e-09,1.74508502952028e-09,1.76881800681666e-09,1.72624289945542e-09,1.75666296576099e-09,1.60615488021085e-09,1.60924592663177e-09,1.54893319168234e-09,1.53962539083123e-09,1.522144311889e-09,1.5111169529543e-09,1.50846833922011e-09,1.50029072248035e-09,1.47362177869246e-09,1.44703781757844e-09,1.46509797679881e-09,1.50178741309112e-09,1.40675645846487e-09
566,"NGA","Nigeria",2.5985862555637e-10,2.45599512871856e-10,2.15878624536478e-10,2.09482480923348e-10,1.93662448195522e-10,1.94557952169169e-10,1.83442392421571e-10,1.70505605049807e-10,1.64180210393809e-10,1.49203724103905e-10,1.48377277520547e-10,1.45757061044357e-10,1.44503061830505e-10,1.39835552233803e-10,1.33591250671426e-10,1.30139060537819e-10,1.40417993038922e-10,1.43332978498561e-10,1.42609714096034e-10,1.424351698152e-10,1.45037509805427e-10,1.40885791891921e-10,1.40136716442215e-10
570,"NIU","Niue",NA,NA,NA,NA,NA,NA,NA,NA,NA,NA,NA,NA,NA,NA,NA,NA,NA,NA,NA,NA,NA,NA,NA
408,"PRK","North Korea",NA,NA,NA,NA,NA,NA,NA,NA,NA,NA,NA,NA,NA,NA,NA,NA,NA,NA,NA,NA,NA,NA,NA
807,"MKD","North Macedonia",1.07631446134681e-10,1.00082896460347e-10,9.37040232392037e-11,9.40662892371845e-11,9.67433682497857e-11,9.15036556929783e-11,8.66163361752403e-11,8.09590387487146e-11,7.41630882566335e-11,7.18249551277583e-11,7.16512677181082e-11,7.10685153109122e-11,6.71529638675634e-11,6.66179633951481e-11,6.56104455446289e-11,6.22173314886914e-11,6.3906829474939e-11,6.23021794992095e-11,5.81712423021091e-11,5.25370543084769e-11,5.84026776005456e-11,4.86890664219954e-11,4.76658444860002e-11
578,"NOR","Norway",6.78005041339628e-11,6.68069487977962e-11,6.55247234459252e-11,6.67659803828134e-11,6.41890302554523e-11,6.21632877736508e-11,5.72805130647698e-11,5.26945505744323e-11,4.88364478370697e-11,4.54575927852593e-11,4.87506172162818e-11,4.8873517923215e-11,4.78996355280266e-11,4.67855433227386e-11,4.61563195094761e-11,4.59229227348612e-11,4.50935815460522e-11,4.37159085950691e-11,4.3356512810015e-11,4.31624592914324e-11,4.3721292516203e-11,4.34835082533608e-11,4.0744178182632e-11
512,"OMN","Oman",2.54401009459047e-11,2.56588398648398e-11,2.63860717356348e-11,2.76766584512485e-11,2.8779346170186e-11,2.89541782357761e-11,2.92408311306618e-11,2.99797457302721e-11,2.84416718583687e-11,2.63710333323201e-11,2.75417573399862e-11,2.83366256685842e-11,2.76232396192757e-11,2.94241072829247e-11,2.95471094532221e-11,2.90168874825947e-11,2.78165365209737e-11,2.8311309593162e-11,2.89044377250541e-11,3.00696785914359e-11,3.14539909011819e-11,3.192961517572e-11,3.15993552336807e-11
586,"PAK","Pakistan",2.63449800558196e-10,2.56264094159766e-10,2.5723960096597e-10,2.50040842446639e-10,2.40456936594569e-10,2.37701165486705e-10,2.34342187491482e-10,2.24885578333149e-10,2.27743833451053e-10,2.40786950089935e-10,2.33177619543946e-10,2.31873863250981e-10,2.1805958274347e-10,2.21431834768056e-10,2.1263325235876e-10,2.07192382906514e-10,2.07194154583195e-10,2.15405532125698e-10,2.07372404059744e-10,2.13607400863854e-10,2.21641240687254e-10,2.1557261658472e-10,2.07676937165568e-10
585,"PLW","Palau",5.56443703012702e-10,5.83647565654196e-10,3.59520001396673e-10,4.60986846006473e-10,3.81701119552443e-10,4.16335487457597e-10,3.91698530159016e-10,3.10377244471432e-10,3.38327622068222e-10,4.98572414003137e-10,4.75548941892463e-10,5.62338448223193e-10,7.65554068779019e-10,3.63035567847995e-10,3.0245952438095e-10,2.63543422383094e-10,2.61012611982109e-10,2.8804311486536e-10,2.91869792889139e-10,2.88499412917114e-10,3.10430295743975e-10,3.73079797953324e-10,NA
591,"PAN","Panama",7.96671034734729e-11,8.81590428668195e-11,8.602324084276e-11,8.58290196738161e-11,7.71573843540329e-11,7.30474131397742e-11,6.88661062972075e-11,5.94513775943785e-11,5.65111344819144e-11,5.75246829700488e-11,5.55977959645268e-11,5.02814477351893e-11,4.81384741642135e-11,4.59796431131613e-11,4.10499037348971e-11,3.80544564718301e-11,3.56881381107026e-11,3.37212528914684e-11,3.34901464089872e-11,3.30744860693336e-11,4.15725934573092e-11,3.78537198399995e-11,3.41611193499243e-11
598,"PNG","Papua New Guinea",3.16276213698771e-10,3.26201839434934e-10,3.45237181882176e-10,3.44939883188057e-10,3.65967392386476e-10,3.15767325063712e-10,3.0666946257839e-10,2.71253985192751e-10,2.70643548052444e-10,2.5915984153005e-10,2.33317158811205e-10,2.22023423629067e-10,2.18974741698054e-10,2.12369735761041e-10,1.94763942224548e-10,1.91804101151931e-10,1.68365054309614e-10,1.67042127232688e-10,1.78325939211279e-10,1.63511877538669e-10,1.65296716961412e-10,1.65131585376036e-10,1.59440426158296e-10
600,"PRY","Paraguay",4.38248571484409e-10,5.15220175889096e-10,5.04224218931537e-10,5.32313121287582e-10,4.60401398278622e-10,4.80836228777565e-10,4.58782038526607e-10,4.95026119505623e-10,4.27370658346796e-10,4.37025254146534e-10,4.31794862969579e-10,4.34675949546685e-10,4.40743559553229e-10,4.38509303710388e-10,4.28145370276688e-10,4.09528230556754e-10,3.98826109284352e-10,4.10594369123304e-10,3.66466942870393e-10,3.79197708352009e-10,4.16367500850327e-10,3.82837656228602e-10,3.81459179889384e-10
604,"PER","Peru",1.56527236198395e-10,1.54396336570907e-10,1.50293859697545e-10,1.45881625891572e-10,1.40511999506182e-10,1.31725696482481e-10,1.25165699431907e-10,1.21066670915949e-10,1.09817110270338e-10,1.15300068475219e-10,1.05062794967309e-10,1.00741999365286e-10,9.49145097603274e-11,9.05261727502559e-11,8.75804430785337e-11,8.72607959061694e-11,8.4724360680771e-11,8.49312942056933e-11,7.8020121775564e-11,8.13338505506165e-11,9.01791291164937e-11,8.30603371923258e-11,8.22720947659119e-11
608,"PHL","Philippines",1.12276642616384e-10,1.11468703238596e-10,1.0478106966105e-10,1.07398600576818e-10,1.05829185631466e-10,9.6948639273396e-11,8.77021665265468e-11,8.60120111101211e-11,7.79274686465181e-11,7.85519614123779e-11,7.94777486461804e-11,7.27162792477621e-11,6.68909076602501e-11,6.52402246404541e-11,6.39139605714772e-11,5.88913683003032e-11,5.80918398997419e-11,5.88927121946762e-11,5.31787320387464e-11,5.14613667371786e-11,5.76775557844625e-11,5.40172770133802e-11,5.1829134081469e-11
616,"POL","Poland",1.52841205595422e-10,1.51579732400642e-10,1.46678860337055e-10,1.45195941463902e-10,1.38880114761379e-10,1.38346063635292e-10,1.30746915632469e-10,1.24815240718173e-10,1.17435609461843e-10,1.11346190183098e-10,1.10945375355889e-10,1.05197346020268e-10,1.06092852190379e-10,1.0240733470883e-10,9.753070057606e-11,9.41963411011531e-11,9.42666032191488e-11,9.14161612351051e-11,8.29675605884451e-11,7.94327732922934e-11,7.97733635724378e-11,7.58747688065276e-11,7.23484865146846e-11
620,"PRT","Portugal",4.60594554102557e-11,4.11024138982966e-11,4.10993281881914e-11,4.085679220452e-11,4.01388149002396e-11,3.92146952756113e-11,3.76832354010871e-11,3.85263373696678e-11,3.72311011382282e-11,3.63127046812966e-11,3.65848152286038e-11,3.419036493516e-11,3.72130558785282e-11,3.78778991784478e-11,3.88433922869054e-11,3.78493151934183e-11,3.67959853545408e-11,3.64308897279019e-11,3.39933217075104e-11,3.33833838313582e-11,3.57984502027804e-11,3.27810800816066e-11,3.09962980516596e-11
634,"QAT","Qatar",1.78990361844208e-11,1.63079275501569e-11,1.750880579752e-11,1.73872706869127e-11,1.52922989622126e-11,1.51484311291054e-11,1.33635806006069e-11,1.31846899552802e-11,1.22582729350069e-11,1.14193413098279e-11,1.06719160542711e-11,9.80925475947173e-12,9.88657708993864e-12,1.03072881024241e-11,1.06787493088016e-11,1.08440129693831e-11,1.0955085225608e-11,1.14016848639795e-11,1.13416419044678e-11,1.16465823677581e-11,1.24121532323105e-11,1.25782930796598e-11,1.26104327248269e-11
178,"COG","Republic of Congo",1.46073921739408e-10,1.53324835361054e-10,2.00162712252886e-10,2.97489969075626e-10,3.02254612171888e-10,3.2456975039223e-10,3.08838299993563e-10,3.00002615236114e-10,2.85538802806524e-10,2.47314239943314e-10,2.56657858324967e-10,2.65733745137439e-10,2.3726122264543e-10,2.53163561495783e-10,2.08716435150061e-10,2.43597690598274e-10,2.73923899385284e-10,2.79547985233729e-10,3.01425547020555e-10,3.00230242880049e-10,2.90675262704879e-10,2.90326666534298e-10,2.91639942651593e-10
642,"ROU","Romania",1.33563320546292e-10,1.23461654151769e-10,1.05614000090918e-10,1.09627764150595e-10,1.0946477070185e-10,1.05138986568307e-10,8.90858009656587e-11,8.37965405649645e-11,7.99562128173812e-11,7.69532495703501e-11,9.02381122131217e-11,8.61066736485038e-11,7.81216889213686e-11,8.24410864250869e-11,7.87433556800609e-11,7.33788898775681e-11,7.50303236440607e-11,7.21884092495411e-11,7.11214864275027e-11,6.81386001266244e-11,6.7345979522307e-11,6.90614439178151e-11,6.36473789591763e-11
643,"RUS","Russia",1.12364438384883e-10,1.11812005583428e-10,1.07643693035883e-10,1.01113401217903e-10,8.98835544495128e-11,8.51723366724916e-11,7.93600433329478e-11,7.49196629684004e-11,7.43127970144936e-11,8.02942562471249e-11,7.53758368175528e-11,7.59097046444941e-11,7.13575573881104e-11,7.0655797472587e-11,7.25036330824471e-11,7.42306905087469e-11,7.48895793253184e-11,7.4334770815912e-11,7.2815981584155e-11,7.32498517600181e-11,7.60170809318189e-11,7.39214327482523e-11,7.49871246950918e-11
646,"RWA","Rwanda",4.42926720968031e-10,4.33719736871021e-10,4.02093548627747e-10,4.28142974704193e-10,4.24312919534173e-10,4.06640387965241e-10,4.05641788967405e-10,4.00323878854939e-10,3.81224365519509e-10,3.69441791830068e-10,3.65997505700236e-10,3.29226126280927e-10,3.15994158503216e-10,3.1035801989574e-10,2.87769844451713e-10,3.039165676109e-10,2.77569815322085e-10,2.75085433686751e-10,2.47602233814109e-10,2.40421179955359e-10,2.43663206372146e-10,2.27063664804989e-10,2.10551852162795e-10
652,"BLM","Saint Barthelemy",NA,NA,NA,NA,NA,NA,NA,NA,NA,NA,NA,NA,NA,NA,NA,NA,NA,NA,NA,NA,NA,NA,NA
659,"KNA","Saint Kitts and Nevis",5.73351792831472e-11,5.44734442203014e-11,3.77848513602104e-11,4.07522512834474e-11,4.02368028114098e-11,3.67637134262737e-11,3.20211116985379e-11,3.33061114823733e-11,3.14510406466326e-11,3.36675663644876e-11,3.56272912420281e-11,3.54829162981908e-11,2.91308741469238e-11,2.72360265932295e-11,2.50179285758402e-11,2.5137167004853e-11,2.38298962890338e-11,1.79780924359622e-11,1.75466887342538e-11,2.05595237064479e-11,2.34259317996937e-11,2.52994128473142e-11,2.3428750788977e-11
662,"LCA","Saint Lucia",4.1410499510871e-11,3.39526782495387e-11,3.47202471144561e-11,3.8963083603729e-11,3.46086782959942e-11,3.62917376340499e-11,3.31079161215854e-11,3.23054422183208e-11,3.0182296403863e-11,3.24186125894057e-11,3.53052006317093e-11,3.36050376193165e-11,3.46651226438899e-11,3.43703035651943e-11,3.63370324905264e-11,3.70128727929589e-11,3.44080389814443e-11,2.87271616103373e-11,2.8138776172873e-11,3.25604307990954e-11,4.24273054573704e-11,3.84005787421234e-11,3.36088254155499e-11
670,"VCT","Saint Vincent and the Grenadines",6.60831265474961e-11,6.62367290081469e-11,3.92515116112336e-11,3.63486588523467e-11,3.66068934478441e-11,3.58833910449313e-11,3.39232120339553e-11,3.35053057294166e-11,3.40406609832906e-11,3.97278054556426e-11,3.89778697659199e-11,3.79429068927761e-11,3.89983254044646e-11,3.4761427542742e-11,3.49745923597439e-11,3.42483012927435e-11,3.20333255944668e-11,2.65898963732584e-11,2.5703911050056e-11,2.86931095983925e-11,2.96681233976791e-11,3.11783053813472e-11,3.00370003847903e-11
882,"WSM","Samoa",1.90075193102532e-10,1.87905684464643e-10,1.79000920226274e-10,1.73404321778679e-10,1.71385000461784e-10,1.60714816554462e-10,1.56388351293292e-10,1.53698690041658e-10,1.47487231288396e-10,1.5955305632757e-10,1.62726196041573e-10,1.64359311530304e-10,1.76038929500103e-10,1.7938493247325e-10,1.79086765956056e-10,1.90198825385526e-10,1.59696949543551e-10,1.52078499088858e-10,1.4446754847091e-10,1.226945097513e-10,1.39677561051699e-10,1.55283512930797e-10,1.59081591197509e-10
674,"SMR","San Marino",1.33636056956156e-11,1.32624807827777e-11,1.22935719172415e-11,1.22818098853817e-11,1.14911295503666e-11,1.09688162973058e-11,6.98924169939797e-12,6.37532691881473e-12,5.72899106941386e-12,6.09412828877331e-12,6.35809329567509e-12,6.8862033183486e-12,7.51240613274229e-12,7.46660324684859e-12,7.57237106036634e-12,8.28278258112934e-12,8.04246711951427e-12,7.97129845417839e-12,7.75455030272727e-12,7.50020242366866e-12,7.8256330791355e-12,5.91631696923567e-12,NA
678,"STP","Sao Tome and Principe",NA,9.88586342021126e-11,1.07018764253021e-10,1.04792370244425e-10,1.07436458233544e-10,1.02933309464908e-10,9.65367225556607e-11,9.73613128489706e-11,9.72454431617542e-11,1.00226219923516e-10,9.4452779414786e-11,9.36369805831354e-11,9.33915401564933e-11,9.4661187019676e-11,9.14510519858999e-11,9.10480736079855e-11,8.85494987596768e-11,9.1864197611165e-11,8.7218656408143e-11,8.64930677610332e-11,8.56441725080852e-11,8.82687621858259e-11,8.8334678222427e-11
682,"SAU","Saudi Arabia",2.94032860904577e-11,2.99961761262504e-11,3.14645375577415e-11,2.90375747536427e-11,2.79927966652048e-11,2.62318189143148e-11,2.61628080195036e-11,2.68600589864706e-11,2.41772860133208e-11,2.45123920835105e-11,2.49855705608351e-11,2.45909930161957e-11,2.45230138813484e-11,2.41174573489545e-11,2.3776463848355e-11,2.35920417929107e-11,2.32317935202665e-11,2.26329705394296e-11,2.22041458239363e-11,2.32673348165447e-11,2.50678946578811e-11,2.45398539943785e-11,2.28411289576351e-11
686,"SEN","Senegal",6.52870317980056e-10,5.54251249147197e-10,5.27495960864123e-10,4.53164398897078e-10,4.97844274536546e-10,4.93617638371118e-10,5.01541793670648e-10,4.56685415425003e-10,4.64343614396745e-10,4.57737724462672e-10,4.70924466413655e-10,4.78638527438079e-10,4.28107997701795e-10,4.41537487242027e-10,4.10746992942786e-10,3.67661332744374e-10,3.97868583008215e-10,3.825743150431e-10,3.46867082733294e-10,3.46144182220067e-10,3.6852547081124e-10,3.34093077066006e-10,3.28869023635479e-10
688,"SRB","Serbia",1.83856313400483e-10,1.84610288445688e-10,1.72223188218607e-10,1.61205825797413e-10,1.82510989656702e-10,1.63095070506363e-10,1.60376370983568e-10,1.6534970929555e-10,1.37978231743779e-10,1.62798096813041e-10,1.36098195712486e-10,1.38013490964372e-10,1.55747748580764e-10,1.51369187849734e-10,1.29866976458902e-10,1.22134893580083e-10,1.29570217351937e-10,1.1747172507646e-10,9.92892282783262e-11,9.75263612490631e-11,1.19050725170771e-10,8.56029465405487e-11,8.58831997789598e-11
690,"SYC","Seychelles",4.67713821884393e-11,4.63361113698859e-11,4.19307011526562e-11,4.50650065953557e-11,5.74412378321776e-11,4.84099306655916e-11,4.65651373819856e-11,3.6688046359121e-11,3.9174805218515e-11,4.21472784707441e-11,3.58321554130011e-11,3.12735222975897e-11,3.1959726326299e-11,2.84344226362178e-11,3.2092878459732e-11,3.2326521514266e-11,3.51110070980105e-11,3.43890169197409e-11,3.15396976964863e-11,2.85641349507851e-11,3.1307036223733e-11,3.07235440060151e-11,2.86405236936709e-11
694,"SLE","Sierra Leone",4.176513742473e-10,4.59327326107909e-10,3.98281491971914e-10,4.7806719271015e-10,4.7618938496651e-10,4.60669284879817e-10,6.30672672560713e-10,5.24902709616607e-10,4.36830745076818e-10,4.58714544076912e-10,4.17967208368058e-10,4.14142598289688e-10,4.43919790865738e-10,3.63637371987204e-10,3.63556787414091e-10,4.73486623985804e-10,4.26571920834452e-10,4.1032121439224e-10,3.89439986465154e-10,3.60244448467683e-10,3.79727482464484e-10,3.74315489074551e-10,3.6662852848536e-10
702,"SGP","Singapore",1.28662066259949e-10,1.41266392877161e-10,1.63551423796741e-11,1.93172002582678e-11,1.72703244472562e-11,1.43020369352776e-11,1.35052686456447e-11,1.24171335430528e-11,9.38801420592988e-12,7.73160809110185e-12,1.2091937257572e-11,1.03882686873589e-11,3.52008070970884e-12,3.37995704952843e-12,3.33535824767833e-12,3.29967161281043e-12,3.14588103043838e-12,3.36423857161766e-12,3.87968069889516e-12,3.20543209334925e-12,3.35408468410577e-12,3.21661995026323e-12,3.08701810882889e-12
534,"SXM","Sint Maarten",NA,NA,NA,NA,NA,NA,NA,NA,NA,NA,NA,NA,NA,NA,NA,NA,NA,NA,NA,NA,NA,NA,NA
703,"SVK","Slovakia",1.1477966586072e-10,1.19307718814142e-10,1.08122454314436e-10,1.06128286302769e-10,1.06736627429323e-10,9.54715929296159e-11,9.31238700679621e-11,7.86265838301197e-11,7.44747037407156e-11,7.16672054703758e-11,7.2366968589365e-11,7.75324233694974e-11,7.44362359805238e-11,7.81159595930608e-11,7.60643594433409e-11,7.36072129248496e-11,7.34593251826309e-11,6.95328304303544e-11,6.85978798632642e-11,6.63464607178294e-11,6.86363368491491e-11,6.77101823228446e-11,6.60438550528479e-11
705,"SVN","Slovenia",6.02722330801015e-11,5.95062220789911e-11,5.62371308408392e-11,5.49681294213454e-11,5.03384811147186e-11,4.80148395091656e-11,4.52537922465625e-11,4.25850070253612e-11,4.16895693072309e-11,4.34617481789871e-11,4.34709424994287e-11,4.29545958431914e-11,4.3224786339268e-11,4.33731163791016e-11,4.26444534701993e-11,4.17223553684012e-11,4.08486539536171e-11,3.88394458028848e-11,3.68024562892854e-11,3.55747436934882e-11,3.67968574261761e-11,3.45971259900687e-11,3.26076443585511e-11
90,"SLB","Solomon Islands",1.02291952956162e-10,1.1327397370633e-10,1.18126686069069e-10,1.12844168184614e-10,1.07670968466056e-10,1.0128465298891e-10,9.82132981938549e-11,9.93643955200445e-11,9.4406703605553e-11,9.09359381706053e-11,8.4423751520894e-11,7.92993392205726e-11,7.87807907801977e-11,7.61891498628379e-11,7.52937435104988e-11,7.59843198668273e-11,6.95455136342313e-11,7.04297941697703e-11,8.58283615836547e-11,7.01994798449812e-11,7.14841937153603e-11,7.07152166079026e-11,7.43238723558721e-11
706,"SOM","Somalia",NA,NA,NA,NA,NA,NA,NA,NA,NA,NA,NA,NA,NA,2.03885169652306e-09,1.8995475899319e-09,1.65106349954609e-09,1.5147636031448e-09,1.47363812444708e-09,1.36452432836293e-09,1.28632995343981e-09,1.26581339268613e-09,1.18562445221778e-09,1.13625306766475e-09
710,"ZAF","South Africa",1.48538612693941e-10,1.45026000537216e-10,1.50070142488456e-10,1.39521273815717e-10,1.33795139045248e-10,1.27756615639811e-10,1.14967953766885e-10,1.12120564763962e-10,1.06035233570014e-10,1.05918925105705e-10,1.05088128930172e-10,1.0130476189315e-10,1.01105464147921e-10,9.66671525115456e-11,9.59723734925924e-11,9.04675533603503e-11,8.6285746995615e-11,9.23851185154445e-11,9.06258300026474e-11,8.97302543292621e-11,9.64702529430766e-11,9.81501621679769e-11,9.55660073793294e-11
410,"KOR","South Korea",5.10432239311753e-11,5.08014337000433e-11,3.88749092297715e-11,3.62575172078093e-11,3.67336867209704e-11,3.56511442481657e-11,3.24226166365562e-11,3.05802617251111e-11,2.83594438521981e-11,2.78230838234647e-11,2.70478249462889e-11,2.61995410458319e-11,2.59164101502807e-11,2.49071363733496e-11,2.34076256980553e-11,2.35252998669289e-11,2.3734572655167e-11,2.31977613884461e-11,2.26347505882356e-11,2.18217223892932e-11,2.23416539093515e-11,2.20203688367076e-11,2.16836079778875e-11
728,"SSD","South Sudan",NA,NA,NA,NA,NA,NA,NA,NA,NA,NA,NA,5.9722011869787e-09,1.28059753442748e-08,9.78975196151226e-09,9.76636123419109e-09,9.91644553226541e-09,1.17634116709755e-08,1.17947426202575e-08,1.37167270714277e-08,1.08277547059306e-08,1.38322025241261e-08,1.23836010877103e-08,1.38679797763712e-08
724,"ESP","Spain",6.24110448328979e-11,5.90257363619507e-11,5.64602679354659e-11,5.75344293661933e-11,5.4478694795982e-11,4.92402964350945e-11,4.74736329663773e-11,4.68289484007384e-11,4.17033834554243e-11,4.27002153708973e-11,4.41265777341583e-11,4.27487754912183e-11,4.27372547296679e-11,4.52854811422129e-11,4.54991392411888e-11,4.46808843497494e-11,4.28606679294944e-11,4.22732871279971e-11,4.17005142884329e-11,3.94326689516561e-11,4.51729696569115e-11,4.31992115104089e-11,4.11240288568996e-11
144,"LKA","Sri Lanka",7.17328802452028e-11,7.16284199439174e-11,7.45607974688433e-11,6.55124806914156e-11,6.44754287528103e-11,6.5602300094354e-11,5.92761000954354e-11,5.43885878405279e-11,5.7940948322894e-11,5.2177145790789e-11,4.87755338640165e-11,4.9069649816274e-11,4.19376668607271e-11,3.65593172648805e-11,4.20090129353697e-11,3.55526211354626e-11,3.14668121294594e-11,2.77377810382454e-11,2.53331307170286e-11,3.0904095012055e-11,4.01946836188079e-11,3.0281255821127e-11,3.12256052767386e-11
275,"PSE","State of Palestine",NA,NA,NA,NA,NA,NA,NA,NA,NA,NA,NA,NA,NA,NA,NA,NA,NA,NA,NA,NA,NA,NA,NA
729,"SDN","Sudan",6.0853991813675e-10,5.70680115000272e-10,5.51194533759258e-10,5.38307113710669e-10,5.15012385256258e-10,5.0354019461981e-10,4.66215473546746e-10,4.50589857623409e-10,4.3340914764121e-10,4.51790096060293e-10,4.30156922336146e-10,4.30910529565922e-10,5.55421801575188e-10,5.58982156334957e-10,5.32954824926612e-10,5.26851417082576e-10,5.34412645436061e-10,5.24255622910806e-10,5.4143502030027e-10,5.48454625482406e-10,5.80726803315419e-10,5.91784416348437e-10,5.8911610891967e-10
740,"SUR","Suriname",1.00577518340097e-10,9.4028575769439e-11,8.70685517454489e-11,8.59038557469516e-11,9.21943793745127e-11,7.9666152968493e-11,8.61290263691355e-11,7.3791847560637e-11,9.18302394629595e-11,8.02820923364603e-11,8.2555657137425e-11,7.59086471781784e-11,7.65961947894661e-11,6.68823364240821e-11,7.53862191759047e-11,7.35119008127361e-11,9.09443257869355e-11,8.97327832226798e-11,7.0429463572611e-11,7.73809816511623e-11,1.05525494184312e-10,1.03404904503708e-10,1.0203121871417e-10
752,"SWE","Sweden",6.57543112103069e-11,6.12595779108369e-11,5.99426844509021e-11,5.83278209945913e-11,5.59033721589109e-11,1.08942967014689e-10,1.10376794696345e-10,1.04230586859083e-10,9.31692465653616e-11,8.74673087723427e-11,8.61235151037717e-11,7.95650249521487e-11,7.19887939595723e-11,7.13587014362301e-11,7.05580890021326e-11,6.75266285018654e-11,6.59604795774528e-11,6.5266051392685e-11,6.27035456122043e-11,6.25868590002202e-11,7.24425721150413e-11,6.80261426869169e-11,6.31439102084412e-11
756,"CHE","Switzerland",2.17524865411937e-11,2.16234203457413e-11,2.05966870253024e-11,2.03252515748889e-11,1.97228693410207e-11,1.94586106657796e-11,1.86758630795764e-11,1.76674011991849e-11,1.75799074300865e-11,1.76698057858657e-11,1.71342898543635e-11,1.64252591781367e-11,1.596769300242e-11,1.59853588766888e-11,1.55271176237427e-11,1.51322820700428e-11,1.49135201817354e-11,1.45915595840552e-11,1.39496343655669e-11,1.34419072803755e-11,1.38031648035173e-11,1.32440390130978e-11,1.31213599515367e-11
760,"SYR","Syria",NA,NA,NA,NA,NA,NA,NA,NA,NA,NA,NA,NA,NA,NA,NA,NA,NA,NA,NA,NA,NA,NA,NA
158,"TWN","Taiwan",2.3322041019977e-11,2.61003531484434e-11,3.2786155390386e-11,2.99730831171096e-11,2.84418198508454e-11,2.65942461109093e-11,2.73827939030329e-11,2.58610982596739e-11,2.39222208720035e-11,2.36093669413948e-11,2.26941464367086e-11,2.1684168295465e-11,2.15144436786946e-11,2.06984884946787e-11,1.94848670504829e-11,1.92036560454536e-11,1.92483218234044e-11,1.93314716075628e-11,1.90624225315514e-11,1.874358126101e-11,1.89283522299693e-11,1.76185995371834e-11,1.68466281293009e-11
762,"TJK","Tajikistan",4.23822669811816e-10,3.94524650584145e-10,3.73072470072593e-10,3.30694871516197e-10,3.15335736894919e-10,3.01659978497491e-10,3.12693691938182e-10,2.95378535467502e-10,3.08201827825986e-10,3.15579759471971e-10,2.99098753716233e-10,2.80561019170943e-10,2.79766502964495e-10,2.74389016909774e-10,2.65983434374717e-10,2.61583212367436e-10,2.45069738604296e-10,2.32977414579516e-10,2.18130391970857e-10,2.45937844091882e-10,2.4188519113857e-10,2.25298109593828e-10,2.16866308657018e-10
834,"TZA","Tanzania",1.11685596236262e-09,1.07144294873774e-09,1.11377495012678e-09,1.15931556393136e-09,1.04992787176477e-09,1.02830766913908e-09,8.89204671397705e-10,8.98584061660917e-10,8.54124367930338e-10,8.32303003961111e-10,8.07021466370869e-10,7.67798242201322e-10,7.75895653457865e-10,7.55529924720217e-10,7.1148426255823e-10,6.9315954411295e-10,6.5498498424078e-10,6.00020828248541e-10,5.80277578163418e-10,5.63831599126518e-10,5.75089612809299e-10,5.50011502981806e-10,5.35042141105316e-10
764,"THA","Thailand",9.74833087525022e-11,9.67421854918042e-11,9.60046686605274e-11,9.76828918489632e-11,9.20322502846083e-11,8.59726553661916e-11,8.32057675373996e-11,9.40712029237805e-11,9.01579552152875e-11,9.75632444859278e-11,9.49827352535988e-11,9.48063632510998e-11,9.06016199710076e-11,8.85096412759567e-11,8.50662286429553e-11,7.56003454781567e-11,7.78412904591821e-11,7.82857189751544e-11,7.05782914157153e-11,6.6389508666095e-11,7.38297386785738e-11,7.23356481068329e-11,7.09842082953615e-11
626,"TLS","Timor-Leste",2.99522446344714e-10,3.00977688179791e-10,3.31202229199396e-10,3.20526837569592e-10,3.15559080395131e-10,3.22979303823083e-10,3.47134297270794e-10,3.11859519788989e-10,2.90620490858937e-10,2.69725407789269e-10,2.40706998615136e-10,2.28965061864222e-10,2.3314054180326e-10,2.30536347953437e-10,2.2858686979725e-10,2.45043993899106e-10,2.33298660728519e-10,2.41425982426597e-10,2.48265468075768e-10,2.1938912022269e-10,1.53481864482132e-10,1.37795707434114e-10,1.67371919000212e-10
768,"TGO","Togo",4.87241915603931e-10,4.14563457337759e-10,4.449168495509e-10,4.41486861637911e-10,4.06986783943314e-10,5.89970407315086e-10,5.00828281316167e-10,4.52086690490568e-10,4.75200841343899e-10,4.88888765663335e-10,4.62700278077407e-10,5.20410668673419e-10,4.41125199434809e-10,4.6588778770568e-10,3.90974487150148e-10,4.25201875834382e-10,4.05503759937835e-10,3.84734889829755e-10,3.90490763620221e-10,3.59880547905951e-10,3.87338041337395e-10,3.43786462346771e-10,3.37187549164637e-10
776,"TON","Tonga",3.26485804911889e-10,3.14688371692677e-10,3.02001868564553e-10,2.98833083184834e-10,3.06215010303688e-10,3.09698379042269e-10,3.1389624551194e-10,3.0559407423558e-10,2.95293871365366e-10,3.09612061280209e-10,3.03421228031221e-10,2.82311004248736e-10,2.81734698805472e-10,2.80857558436623e-10,2.76989032076603e-10,2.73780629037989e-10,2.60032669200844e-10,2.5318715851092e-10,2.49552985395393e-10,2.49304135315191e-10,2.46597316918201e-10,2.53355593006955e-10,NA
780,"TTO","Trinidad and Tobago",2.05845553856842e-10,1.95382890642518e-10,1.88438238308279e-10,1.64659742167037e-10,1.55537206190512e-10,1.48330106964818e-10,1.32689899484888e-10,1.28522812966756e-10,1.24819262733356e-10,1.31625089851535e-10,1.2894830127651e-10,1.38696881271305e-10,1.26191934650298e-10,9.68406495833671e-11,1.10333003990047e-10,1.19883517921612e-10,1.18009627579846e-10,1.27708674287889e-10,1.29611541143475e-10,1.28948661171399e-10,1.39391635433052e-10,1.40837387771175e-10,1.37427868678098e-10
788,"TUN","Tunisia",1.343546940416e-10,1.2817174357864e-10,1.19484934911626e-10,1.19023090445924e-10,1.15977705331964e-10,1.15334506648263e-10,1.09587622329286e-10,1.04634818240141e-10,9.75925370549257e-11,1.01024088447094e-10,9.63571869292087e-11,9.92647473206423e-11,9.78227104827606e-11,8.96379134077437e-11,9.10139707017072e-11,9.01416669884582e-11,9.31252429210571e-11,8.87513051442704e-11,8.8757143177412e-11,8.73697011343375e-11,8.92671758176313e-11,9.72666993399983e-11,9.48741983802679e-11
792,"TUR","Turkiye",1.11677687618722e-10,1.07402782022003e-10,1.03143909361707e-10,9.94545900454731e-11,9.23401634595513e-11,8.23011066033029e-11,8.14810542283021e-11,7.61324020793018e-11,7.26672255017584e-11,8.1589373028214e-11,7.38674345426434e-11,6.64274829900246e-11,9.36068245206957e-11,9.06537032168192e-11,8.7427258943395e-11,8.29034120450371e-11,8.40352710937407e-11,7.77292492255808e-11,7.6337758535609e-11,7.82973950350321e-11,8.72430840927368e-11,8.05970832833499e-11,7.74129948043632e-11
795,"TKM","Turkmenistan",4.71881169053223e-10,4.68306028872732e-10,5.44955517493646e-10,5.98657752005296e-10,6.03934577411415e-10,5.86602999970818e-10,6.53172397948872e-10,5.48718672327285e-10,4.96896108500819e-10,4.55872559795122e-10,4.31153114607492e-10,3.69929742495596e-10,3.40130711934833e-10,3.49260211093234e-10,3.24009557279427e-10,3.30509109072025e-10,2.92983750422398e-10,2.65320704491202e-10,2.56738946315541e-10,2.52353625063743e-10,2.61235636711949e-10,NA,NA
796,"TCA","Turks and Caicos Islands",NA,NA,NA,NA,NA,NA,NA,NA,NA,NA,NA,5.93995556397687e-12,6.52041975884743e-12,6.84194201462358e-12,6.69935084709335e-12,6.03920586525117e-12,5.88331881705591e-12,6.71060188850422e-12,6.36350479329144e-12,6.53410101856743e-12,8.85092968247993e-12,8.54831223315138e-12,8.86181381479706e-12
798,"TUV","Tuvalu",1.30130820455425e-10,1.30130820455425e-10,1.24796634998492e-10,1.30469209316605e-10,1.36702804310047e-10,1.40625827184124e-10,1.37575375401388e-10,1.28403683707962e-10,1.25850201361497e-10,1.37297445350072e-10,1.37859622044779e-10,1.26665142535901e-10,1.32137613527815e-10,1.26892439053932e-10,1.2715299847704e-10,1.1515743258298e-10,1.0921162105727e-10,1.08781496545597e-10,1.07508088782682e-10,9.82309462389705e-11,1.0281502098839e-10,1.01186888090825e-10,1.01083746710835e-10
800,"UGA","Uganda",7.20932549857831e-10,6.85403552356222e-10,6.53811625599562e-10,6.80149186172968e-10,6.29066256886883e-10,6.52217658866613e-10,5.16502367071866e-10,5.53135857912578e-10,6.46243197665222e-10,5.99871754189497e-10,6.05715326716366e-10,5.44684629427835e-10,5.5933219297181e-10,5.3716644422278e-10,5.17724209724014e-10,5.07373319696749e-10,5.04750775744105e-10,4.85912278616423e-10,4.64807291928885e-10,4.28411457821615e-10,4.28191925444348e-10,4.16478272819178e-10,4.0446575706872e-10
804,"UKR","Ukraine",2.12929273494968e-10,1.98200136313678e-10,1.99276942931392e-10,1.75261217095291e-10,1.50970555556733e-10,1.47784870866365e-10,1.399981831451e-10,1.4000249584275e-10,1.44336378067604e-10,1.464995292245e-10,1.51621497032181e-10,1.62061634957367e-10,1.57930250975348e-10,1.59378015282371e-10,1.71421607099436e-10,1.75214602296003e-10,1.87493481761829e-10,1.84956767124201e-10,1.81215193624369e-10,1.80056567424783e-10,1.85146587230826e-10,1.85325091063651e-10,2.47964575415723e-10
784,"ARE","United Arab Emirates",1.45032731909325e-11,1.53603498968583e-11,1.64221341626708e-11,1.59586924557107e-11,1.50236601432622e-11,1.51294122320186e-11,1.42165774629057e-11,1.45277974068778e-11,1.53658454262589e-11,1.6763878905331e-11,1.72327254419406e-11,1.61564594908129e-11,1.57086705136994e-11,1.58689474915528e-11,1.52695153749445e-11,1.41672813091123e-11,1.38422335102636e-11,1.4004586646195e-11,1.35324378780449e-11,1.38831634731791e-11,1.47663730450524e-11,1.46233061576915e-11,1.40705209295651e-11
826,"GBR","United Kingdom",5.7248924742897e-11,5.39009764258802e-11,5.2122439303442e-11,5.01363132589522e-11,4.85892958258006e-11,4.53868566554193e-11,4.32878970687077e-11,4.18357361195831e-11,4.11588068914798e-11,4.11613849207106e-11,4.09430684168839e-11,4.05105731169485e-11,3.99321728609728e-11,3.88553168393901e-11,3.87062338646518e-11,3.78016025113548e-11,3.66640982471542e-11,3.61178997874347e-11,3.51895657502053e-11,3.46339306063883e-11,3.71423367916961e-11,3.55154726293141e-11,3.41161570379343e-11
840,"USA","United States of America",6.52379214451754e-11,6.36223012769991e-11,6.2497129598953e-11,6.2735980398945e-11,6.0641013956699e-11,5.85646116434175e-11,5.81402194991704e-11,5.74208261954039e-11,5.50625242455211e-11,5.56226301822307e-11,5.56398473740734e-11,5.47400999816901e-11,5.25071806020553e-11,5.25117563322113e-11,5.10224077572507e-11,4.92125783612866e-11,4.87794441230083e-11,4.700992904187e-11,4.61302532984623e-11,4.42726887197439e-11,4.49879386526528e-11,4.3369731017248e-11,4.25832321435272e-11
858,"URY","Uruguay",4.60877552189338e-10,4.87861540101899e-10,5.26425016786571e-10,5.54427046082505e-10,5.49913751748929e-10,5.13776255663802e-10,5.20967139763946e-10,4.81627342588523e-10,4.59670365947776e-10,4.40958325024643e-10,4.07513045796601e-10,3.83155263154303e-10,3.91088054246753e-10,3.72415397049761e-10,3.59434442131717e-10,3.4259314084446e-10,3.47070779639116e-10,3.37385045014632e-10,3.25630892651236e-10,3.3313197632944e-10,3.56711119913931e-10,3.60166320997358e-10,3.44467021545874e-10
860,"UZB","Uzbekistan",3.93697697475434e-10,3.67461161909917e-10,3.59729172191148e-10,3.48754324042607e-10,3.14433591297724e-10,3.14022074769553e-10,3.05975290373396e-10,2.89352502799146e-10,2.78536265782908e-10,2.72230358276959e-10,2.63609780424662e-10,2.57649164409605e-10,2.46086426109607e-10,2.40790652105773e-10,2.33866252425057e-10,2.23611069330025e-10,2.24282013882539e-10,2.17547296933263e-10,2.07171516231876e-10,2.09958742247767e-10,2.08611265647876e-10,2.12957126733127e-10,2.06049721933095e-10
548,"VUT","Vanuatu",6.74963200217027e-10,6.58567854184141e-10,6.96603829411586e-10,6.97482559413623e-10,6.83158682954927e-10,6.58851109455299e-10,6.19884856663173e-10,7.26389558202779e-10,6.96442843885536e-10,6.27336373554102e-10,6.346144559405e-10,6.36558301096599e-10,6.3413998010095e-10,6.35143714343079e-10,6.23444534649507e-10,5.5158690105568e-10,4.19330921921853e-10,3.5576874421769e-10,3.98762498574156e-10,3.50936029745799e-10,3.53611054451523e-10,3.43499881515084e-10,3.15292374298965e-10
862,"VEN","Venezuela",1.01512768294233e-10,1.03359561674886e-10,1.13673784234178e-10,1.28218343173151e-10,1.08891865512387e-10,1.0432836111683e-10,9.24994606998008e-11,8.82516439024397e-11,8.82955668637323e-11,8.9924950790576e-11,8.39752303595436e-11,7.82686124455316e-11,8.22774174023252e-11,8.16907224492073e-11,8.51760016277508e-11,8.78417146580954e-11,1.03410662393309e-10,1.16765945383286e-10,1.40355060208038e-10,1.97716620740473e-10,2.91603203095713e-10,2.73148705259047e-10,2.54117398149719e-10
704,"VNM","Viet Nam",2.24293065207048e-10,1.93773281714993e-10,1.9197355216376e-10,1.91802469683596e-10,1.86816099182268e-10,1.67563707011942e-10,1.54566850747174e-10,1.55213954622366e-10,1.29650790690038e-10,1.57854227119409e-10,1.35845679801396e-10,1.20689317385602e-10,1.20031596775182e-10,1.27453905193643e-10,1.13881912191975e-10,1.19180258428506e-10,1.09570916459508e-10,1.03635000054741e-10,9.94975189644094e-11,9.30845193498049e-11,9.13826180659067e-11,9.06448024804358e-11,8.2038296395541e-11
876,"WLF","Wallis and Futuna Islands",NA,NA,NA,NA,NA,NA,NA,NA,NA,NA,NA,NA,NA,NA,NA,NA,NA,NA,NA,NA,NA,NA,NA
732,"ESH","Western Sahara",NA,NA,NA,NA,NA,NA,NA,NA,NA,NA,NA,NA,NA,NA,NA,NA,NA,NA,NA,NA,NA,NA,NA
887,"YEM","Yemen",1.79661337607804e-10,1.81456939728159e-10,1.75930376909748e-10,1.82513793922669e-10,1.83009743385702e-10,1.74499475725758e-10,1.73710868672604e-10,1.80263480838334e-10,1.76050037946444e-10,1.66417905182001e-10,1.58330142922931e-10,1.80301268700859e-10,1.77157204107737e-10,1.79187691695196e-10,1.80539860057055e-10,2.32319924969504e-10,2.56353320802637e-10,2.68402831159433e-10,2.56590149865988e-10,2.76928493225749e-10,2.9740482976301e-10,3.02173378793185e-10,2.99452640303231e-10
894,"ZMB","Zambia",1.63478500088871e-09,1.5705693936113e-09,1.69563624110061e-09,1.72481865977221e-09,1.60383661885949e-09,1.55987054377163e-09,1.29675183916421e-09,1.24258622318088e-09,1.15578939701464e-09,9.93376219826929e-10,9.85281869821211e-10,9.15524507351724e-10,9.29548247550214e-10,9.10419640189641e-10,8.46981261815922e-10,8.44893373007901e-10,8.10621261789393e-10,7.47422444460817e-10,7.06981424299196e-10,7.34041849606806e-10,7.38476025663241e-10,7.02835497081272e-10,6.81599734417145e-10
716,"ZWE","Zimbabwe",6.35896359942158e-10,6.78354043253311e-10,6.38208760791058e-10,7.60871419128455e-10,8.46047210305461e-10,8.74747292823364e-10,8.82758916932797e-10,9.45318587158088e-10,1.16585651130617e-09,1.11960712447503e-09,9.73786342732867e-10,8.68455975674304e-10,6.98123033446126e-10,6.48046418920563e-10,5.70037523960798e-10,6.10634719979352e-10,5.53741802133171e-10,5.49477153119776e-10,5.3156815620479e-10,5.58637845969517e-10,5.5150052092812e-10,5.38006060582774e-10,5.20315339053484e-10
