"code","iso","country","PEP.raw.1999","PEP.raw.2000","PEP.raw.2001","PEP.raw.2002","PEP.raw.2003","PEP.raw.2004","PEP.raw.2005","PEP.raw.2006","PEP.raw.2007","PEP.raw.2008","PEP.raw.2009","PEP.raw.2010","PEP.raw.2011","PEP.raw.2012","PEP.raw.2013","PEP.raw.2014","PEP.raw.2015","PEP.raw.2016","PEP.raw.2017","PEP.raw.2018","PEP.raw.2019","PEP.raw.2020","PEP.raw.2021","PEP.raw.2022"
4,"AFG","Afghanistan",-9999,-9999,-9999,-9999,-9999,-9999,-9999,-9999,-9999,-9999,-9999,-9999,0.00119177382346824,0.00124696477196046,0.00121433571744427,0.00113723266480098,0.00100234003617555,0.000793796905388805,0.00058899964685453,0.000420079041982283,0.000312961950237912,0.000317112693423243,0.000429480662944117,-9999
8,"ALB","Albania",0.000187050941894362,0.0021579477389431,0.00412567959928919,0.0051229314136559,0.00626559310288024,0.00698553633167939,0.00765249186480442,0.00730194658822704,0.00611767982756589,0.00501163868038465,0.00435443090418532,0.00417550480548857,0.00430292619069114,0.00411517784044502,0.00491743140190147,0.00621017441852676,0.00575042175255508,0.00535316289446945,0.00582512520044527,0.00522722482309606,0.00448573983035659,0.00384163590901488,0.00346324224064908,0.00338738942416858
12,"DZA","Algeria",0.00495937999340011,0.0048148805425518,0.0038905169723243,0.00314600305578473,0.00297550300643943,0.00246931300232461,0.00325937062958392,0.00370538000257469,0.00397964422810462,0.0047424985115011,0.00524448089669755,0.00574751941381791,0.00566734327482265,0.00583222209510842,0.00637493251267866,0.0068812278885762,0.00777719884407256,0.00815622857064688,0.0084391726351658,0.0087992656827125,0.00887713818767248,0.00807309942582383,0.00729696325749319,0.00674689028962958
20,"AND","Andorra",-9999,-9999,-9999,-9999,-9999,-9999,-9999,-9999,-9999,-9999,-9999,-9999,-9999,-9999,-9999,-9999,-9999,-9999,-9999,-9999,0.0033940334227699,0.00180082773978481,0.00280192680055048,0.00233999650685529
24,"AGO","Angola",0.00317184448320487,0.00298395476264924,0.00264723472346737,0.00223471744766018,0.00191809374960098,0.00172044333697213,0.00166345996487207,0.00141831898677581,0.00127536332720163,0.00132148701981509,0.00137429274051505,0.00161902454764529,0.00164293030959316,0.00169643179103573,0.00184156407323298,0.00237980869126056,0.00248631032733023,0.00241989974532892,0.00229344913303208,0.00177657497719386,0.00141993707691107,0.00112761913630005,0.00109033186271856,0.00122167120263992
660,"AIA","Anguilla",-8888,-8888,-8888,-8888,-8888,-8888,-8888,-8888,-8888,-8888,-8888,-8888,-8888,-8888,-8888,-8888,-8888,-8888,-8888,-8888,-8888,-8888,-8888,-8888
28,"ATG","Antigua and Barbuda",0.00658537160150429,0.0072743286240166,0.00759399768665142,0.00835329758046995,0.00911668715020547,0.00956179009115693,0.00962422826875235,0.00964175901395048,0.0099372513808182,0.0100577716088482,0.0104763841994621,0.00993680229131667,0.00888531507134355,0.00851861473260322,0.00818473469013063,0.00779949652232717,0.00772841867937173,0.00769206790718454,0.00750293616565534,0.00767715817367862,0.008266606072846,0.00717201213590005,0.00625206064890039,0.00569276916392033
32,"ARG","Argentina",0.00845122625861313,0.00850873449944963,0.0081309391252596,0.00764416783574274,0.00818028003729916,0.00945464979792268,0.0101588399814891,0.0114395157336053,0.0121150809162352,0.0128131987751629,0.0120134017584061,0.0113627911757901,0.0102924233578283,0.00877675768287342,0.00775621225121248,0.00753964909247132,0.00724750920954239,0.00767711323944525,0.00820585009911554,0.00889582160826442,0.0084308712793468,0.00766734594177421,0.00857196085564647,0.00876129591470225
51,"ARM","Armenia",0.000310342519739721,0.00104452327731979,0.0016679572714236,0.00299246430690752,0.00312722025704172,0.00339155640234847,0.00451111466329237,0.00491437594249329,0.00590360519118515,0.00691584404919461,0.00589088002974884,0.00529912410864045,0.00540488226314844,0.00571913947643636,0.00533538386430886,0.00495992879309223,0.00447271476747922,0.00482411993875254,0.00509803606963351,0.00681395423185188,0.00652077985411603,0.00606468988368414,0.00617277008141774,0.00665460065661973
533,"ABW","Aruba",0.0209179688588385,0.0631551157956376,0.0827073188775797,0.0959608933675021,0.107712951776082,0.112687137397225,0.113680524628351,0.105213468528251,0.0935672889622456,0.0694111897249288,0.0396284855370073,0.0321692137299093,0.0270413540069066,0.0094471170961669,0,0,0,0,0,0,0,0,0.00452096548374284,-9999
36,"AUS","Australia",0.0255993292178486,0.0291921128913258,0.0322953004262345,0.0341093520252001,0.0279988322180585,0.0282407636162451,0.0233486552349069,0.0239003530743016,0.0220209392759304,0.0187616730169894,0.0193773082568258,0.018815087049532,0.0280758160003363,0.0330338724101895,0.0248697655725557,0.0232702281497827,0.019405680241012,0.0159593610938195,0.016844467995118,0.0147167902739381,0.0124351953492852,0.00530451490577973,0.00634323550872345,0.0107465411293068
40,"AUT","Austria",0.0108724570578686,0.0107913929395597,0.0124611034981721,0.0127814149074864,0.0141342758356163,0.0138682306510458,0.0142637570176386,0.0144008934707644,0.0134621957177243,0.0127707132167245,0.0093061612297213,0.0083570351860351,0.00663783676355308,0.0047552838414862,0.00479701396858465,0.00385820438546473,0.00477889186345816,0.00585810913310866,0.00744455629375055,0.00824384638446177,0.00838401324274432,0.00730375951281643,0.00791730362766399,0.00665136799961981
31,"AZE","Azerbaijan",0.000917963513095894,0,0,6.73040910257891e-05,0.0015392366190215,0.00320834254652536,0.00445366137483665,0.00452891210560202,0.00471545379429504,0.00639524955534405,0.00550663877594577,0.00513589202330023,0.00522716302204164,0.00573149611137325,0.00537715158175948,0.00545928243429185,0.00616441252843065,0.00635062469764237,0.0063672140963385,0.00782276370919562,0.0085058993206033,0.00751689670983491,0.00756051355333344,0.00792111180433746
44,"BHS","Bahamas",0.00577101578447443,0.00654938429285923,0.00680061924767789,0.00748963171352919,0.00764771358298661,0.00784047593157652,0.00677407627453452,0.00576171575841633,0.00414611987055017,0.0071983001924936,0.00439495699743623,0.00799844177363091,0.00604511702769722,0.00619955255411255,0.0116217258117934,0.0113734326566637,0.00948413826587651,0.00657810088009078,0.00531403537368388,0.00614284920775017,0.00421538762493171,0.00424048370472089,0.00265016650411821,0.00162478493148863
48,"BHR","Bahrain",0.0378039822479326,0.0383800301218557,0.029707653410434,0.0245149189376181,0.0228671098369092,0.0224550794717231,0.0246749298486298,0.0255377752325897,0.0364308694636233,0.0486950373605509,0.0560526970242489,0.0628235113576508,0.0626359990158918,0.061656568038283,0.0665737265672397,0.065105374790421,0.0638440756199569,0.0566165105494581,0.0556847410094404,0.0464754527511271,0.0410704634387899,0.0459524786247998,0.0246490099819578,0.0252606947033641
50,"BGD","Bangladesh",0.00102623987174532,0.0010571204505511,0.00111468811730816,0.00115432484338324,0.00116817467655785,0.00118324234543266,0.00125061071176422,0.00132978467071184,0.00136127402648207,0.00141635344652722,0.00146891499048048,0.00154064171953482,0.00160526505099667,0.00166096730149767,0.00166251238601025,0.00168473194804999,0.00174746983431091,0.00176750362992302,0.0018110960788509,0.00189129164001097,0.00202385680181241,0.00202279221759009,0.00216238681796655,0.00218293034020896
52,"BRB","Barbados",0.00524167787964009,0.00664362496610841,0.00911700510716074,0.0100156513225523,0.0119631444095759,0.0113550026909572,0.010821589624719,0.00968200962679205,0.00862621610219935,0.0107689878153275,0.0117297628698595,0.0110761217942189,0.0111870865057886,0.0101116612372247,0.00893650637704815,0.00615166271283795,0.00490963164109796,0.00422837359029247,0.00206665187144256,0.00120083141299925,0.00221279641833363,0.00139901697453118,0.00303040838014441,0.00438325456167558
112,"BLR","Belarus",0.000550762810566699,0,0,0.00142091646366112,0.00508486984158134,0.00779863652075469,0.0094558692102078,0.0121412073362037,0.0135304408340015,0.0159645107040345,0.0163328194173275,0.0169249588300613,0.0209918346450099,0.0221511946659773,0.0224830593987758,0.0225842039199337,0.0208193860532791,0.0193505828791477,0.0176914528100667,0.0176493961468245,0.0152832716625157,0.0113658076260424,0.0113312902965815,0.0129003424059995
56,"BEL","Belgium",0.0162238180331593,0.0156062209283971,0.014855242550997,0.0131089565733,0.0123873535928539,0.0115828447714441,0.0101729749369373,0.00963062828386482,0.00851561291859835,0.00894799832518148,0.00848850805153602,0.0105291896274939,0.00958300780785923,0.00783302013976456,0.00842709692863467,0.0080558106268122,0.00861438212230595,0.00835446838783034,0.00808006066661786,0.00942235130675873,0.00924253573152547,0.00789063851442759,0.00840595551774544,0.00710993537698203
84,"BLZ","Belize",0.00152828797591045,0.00162431792902955,0.00217387580480421,0.00268225153858015,0.0033629475975632,0.00300425187668143,0.00303992970507692,0.00297464594688435,0.00327036249833677,0.00312170558486853,0.00347988169154568,0.0035939077658355,0.00420269672326321,0.00381476493694006,0.0044060074051604,0.00390636703424777,0.0043834301465994,0.00429105312700381,0.00430156032729013,0.00394841575479987,0.004414205056515,0.00405156430329823,0.00462751056791455,0.00456432142926637
204,"BEN","Benin",0.000652541854638244,0.000689439194467309,0.000634334625558356,0.000687162490557079,0.000685622829113212,0.000691510815851288,0.000718770390518787,0.000789638047632823,0.000891479201860503,0.000900521892328783,0.000953100007160135,0.00105415074564825,0.00103823275044761,0.00102579437888323,0.00104550522775426,0.00102824563203636,0.00107458338473741,0.00118650108621592,0.00131638260643734,0.00141631140269101,0.00151478784810586,0.00156610606917915,0.00163258971726313,0.00162187902144833
60,"BMU","Bermuda",-8888,-8888,-8888,-8888,-8888,-8888,-8888,-8888,-8888,-8888,-8888,-8888,-8888,-8888,-8888,-8888,-8888,-8888,-8888,-8888,-8888,-8888,-8888,-8888
64,"BTN","Bhutan",0.00422788157177001,0.00425903373048842,0.00400269215313536,0.00379645369968122,0.00313880333298881,0.00226406966909613,0.00243013443019757,0.00239106352200643,0.00255385990053551,0.0025897586977711,0.00334825729865088,0.0040809565203467,0.00509939406694274,0.00580939433659754,0.00636269053382017,0.00658506424335034,0.00702162852645575,0.00766783253202879,0.00794542941695434,0.00824784667469531,0.00844539959549006,0.00742878732769389,0.00787059794254077,-9999
68,"BOL","Bolivia",0.00289629272679539,0.00257869136543338,0.00183703643814708,0.00212093250625366,0.00249907912459311,0.00349804881615528,0.00405489213228667,0.00456134422227659,0.00478850579793285,0.00502510326920174,0.00508216443885258,0.00576571168007385,0.00553604015952691,0.00594751550750682,0.00605554451610652,0.00615084759962737,0.00629507195310723,0.00671351892020899,0.00657715244325338,0.00602891293543965,0.0055545321397038,0.00556283703090292,0.00539165015045778,0.00560620011798692
70,"BIH","Bosnia and Herzegovina",-9999,-9999,-9999,-9999,0.025765660662095,0.0259244471982187,0.0238298688152124,0.0214116634229645,0.0199826670429135,0.020895418725221,0.0204365254331403,0.02153550907315,0.0235646834955937,0.0220443474339394,0.019645181031856,0.0162287938342599,0.0124330026657901,0.0127581778764847,0.0117481123432805,0.0114962218985638,0.0111467287797062,0.0107112515007889,0.0122612882304406,0.0131867920132551
72,"BWA","Botswana",0.00543101725853006,0.00562624837030226,0.00682401494602706,0.00726516171955082,0.00242734315781861,0.000273435074241742,0,0.000889765473419067,0.000157849077346051,0.00620761447499394,0.00250737167782562,0.010074112863786,0.0172338491537761,0.0150665276101066,0.0120012603380284,0.00772688962167294,0.00304539289198487,0,0,0,0,0,0.00324293279871836,0.00327122224325148
76,"BRA","Brazil",0.0064312618878294,0.00662181101219506,0.0068245004726643,0.0069753068615142,0.00710253703264336,0.00750323177879841,0.00766064127676806,0.00743923887284959,0.00746419620145485,0.00742131419814244,0.0067922443739935,0.00733249623419079,0.0074526350053198,0.00772254281623388,0.00812965511467424,0.00889100475478889,0.00891651208655607,0.00854968318201569,0.00833161066885781,0.00763139766141099,0.00662106114628914,0.00593769501419726,0.0062382387335868,0.00589181866588946
92,"VGB","British Virgin Islands",-8888,-8888,-8888,-8888,-8888,-8888,-8888,-8888,-8888,-8888,-8888,-8888,-8888,-8888,-8888,-8888,-8888,-8888,-8888,-8888,-8888,-8888,-8888,-8888
96,"BRN","Brunei Darussalam",0.0140766374193747,0.0240835416262701,0.0274769938713907,0.0239395371204566,0.026239513048186,0.0267713664141906,0.0262297433059297,0.0304331997167268,0.0501527922040137,0.0717876714830057,0.0668793956139337,0.0674624389217058,0.076925232840998,0.0737981996933173,0.058534395991222,0.0504811603503254,0.0269438342913294,0.0174128234860073,0.0216023681952164,0.0302723329254257,0.0340677333984179,0.024140752789743,0.0304966813647975,0.0357333592966058
100,"BGR","Bulgaria",0.00580162815728398,0.00598496054624765,0.00785388723067428,0.00370456087632609,0.00695309234729554,0.00704512874056935,0.00839073035885733,0.0106393475193181,0.01467050867906,0.016729254026741,0.0126396401677922,0.0110201440599281,0.0131056942196532,0.0101029883909262,0.00683821126755017,0.00648102693413915,0.00774083540124534,0.0071996060708737,0.0110104727143382,0.011877636336963,0.00983188199516188,0.00615710265105528,0.00973296471879408,0.0127257438665519
854,"BFA","Burkina Faso",0.000721644736885575,0.000769987623112423,0.000746844714673569,0.00075617948253675,0.000954654832797028,0.00107507069791786,0.0011934702820739,0.00125184146666257,0.00132570221541615,0.00138087841354377,0.0013830558729678,0.00142110783522996,0.0013590162323891,0.00127650509860336,0.00131341436481783,0.00133535262206175,0.00140488494181402,0.00148073236927811,0.00154204775383276,0.00155849041431259,0.00158575718196777,0.0016088456696176,0.00164944823637432,0.00165640265829977
108,"BDI","Burundi",0.000142674455576331,0.000130926625422767,0.000148255137278054,0.000157377770414025,0.000167396987883416,0.000185523255470962,0.000206192401061587,0.000240681077879204,0.000280684262663447,0.000320742481572872,0.000331197983991068,0.000366748669465906,0.000410134201063493,0.000393398416975671,0.000447199963512198,0.000456487124223407,0.000450048852580986,0.000478160713322074,0.000543442889583327,0.000573004526378424,0.000537294138546598,0.000501917635589781,0.000492632042060591,0.000488244540749284
132,"CPV","Cabo Verde",0.00118088943813861,0.00131452179170769,0.0014008980437915,0.00162299241662977,0.00173321610970154,0.00182107685231922,0.00223097274094843,0.00242596941833197,0.00256379408367405,0.00242843685147943,0.00250170016505402,0.00257532216108076,0.00268767533526193,0.00225287846025347,0.00186865750390495,0.00145786810433573,0.00128096263609208,0.00132350690643758,0.00140501258826878,0.00191257979176193,0.00230608850315884,0.00266967038060065,0.00327963057360342,0.0034917243760029
116,"KHM","Cambodia",-9999,-9999,-9999,0.00182620595053145,0.00193641028733927,0.0017436924362019,0.0019577386811065,0.00222808891928002,0.00245429769392504,0.00262736589534785,0.00294724351669422,0.00306825534722458,0.00316509126976372,0.00300970163038185,0.00287782940784913,0.00266805508945092,0.00272865305765527,0.00294282273187949,0.00340738277286683,0.00374395174307901,0.00421679523226805,0.00444981712107036,0.00471587841625656,0.00470242681030335
120,"CMR","Cameroon",0.000893540865487972,0.00102717435740301,0.00100267844920997,0.000979517824066802,0.00103314943585414,0.000902916613689094,0.000873569815294355,0.000784891609125281,0.00077782959514355,0.000745182290955695,0.000767565974718689,0.00081432613814561,0.000790296030762992,0.000749464178969814,0.000790926667762974,0.000917320427062711,0.00118023508309306,0.00133354344717703,0.00133645503316733,0.00136689004351831,0.00142688455441529,0.00136223470645295,0.00126000074174512,0.00121424331703125
124,"CAN","Canada",0.0232264934174605,0.0243128816815054,0.0233292069376989,0.0222159530717377,0.0224812663236905,0.0220429533266806,0.0217982136184478,0.0218841265083351,0.0220182495356652,0.0205680362398914,0.0174286074645947,0.0154189540720669,0.0134971380810526,0.0117145479091617,0.0114257021933518,0.0126490259889691,0.0142843902300066,0.0160594666459571,0.01948444478325,0.022448897858441,0.0223399129892811,0.0187664404934173,0.0171348922990795,0.0158686325063797
136,"CYM","Cayman Islands",-8888,-8888,-8888,-8888,-8888,-8888,-8888,-8888,-8888,-8888,-8888,-8888,-8888,-8888,-8888,-8888,-8888,-8888,-8888,-8888,-8888,-8888,-8888,-8888
140,"CAF","Central African Republic",0.00289860779710859,0.0034349244857027,0.00275506836508857,0.00189475750239767,0.00237421379585228,0.0017372256635556,0.00153469331277585,0.00154411742237664,0.00170250478793572,0.0023656125069695,0.00154721655750448,0.00213387458188416,0.00227616159967899,0.00125897229296108,0.00153559737205397,0.00125171317488843,0.00127066211847769,0.00165667271667377,0.00161072983145147,0.00207790665127225,0.00149291914369053,0.00162220651032667,0.00182859708140105,0.00158327287203251
148,"TCD","Chad",0.00219672917708119,0.002166444746064,0.00197959033679256,0.00200101026242327,0.00207460929260752,0.00220203367870333,0.00232191943426062,0.00246494925080689,0.0026274343223578,0.00271801663681486,0.00280157296451559,0.00307057340120816,0.00311072047185163,0.00318098712292452,0.00326595744658741,0.00344506846774497,0.00381591282568416,0.00419297792789396,0.00445950163542227,0.00479456524169364,0.00496556376735686,0.00526942402779184,0.00556853458457828,0.00553766338131572
152,"CHL","Chile",0.0107111864990797,0.0108095946079174,0.0096396202929559,0.00874563917320283,0.007591702526258,0.00694162097426983,0.00622556702543242,0.00612637818996514,0.00716718812281758,0.00785318538619396,0.00791241391015187,0.00831802642766971,0.00903738015861625,0.00942358590039133,0.00920080186024342,0.00842149357706074,0.00817633603515341,0.00807095928013476,0.00823191114307342,0.00839251816603039,0.00798192944694157,0.00641565159380312,0.00698365190857952,0.00676295253223424
156,"CHN","China",0.00689765163890578,0.00660572164883071,0.00630854086918152,0.00653325728922528,0.00794376877727483,0.0100720146362646,0.0129919206933748,0.0161936080330182,0.0188181058344454,0.0207079830046176,0.0218877602014685,0.0231621504466163,0.0244142208469683,0.0241777208899628,0.0235812232818329,0.0227976543043418,0.020961088811265,0.0189323371642956,0.0171836593687138,0.0159305080614809,0.0149471947009339,0.0147578914503406,0.0157860398728024,0.0161608123740045
170,"COL","Colombia",0.00324856522358012,0.00305297633160858,0.00282501124939357,0.00270190030319291,0.00277909401810578,0.0028690103830432,0.00307778048265229,0.00326506728890291,0.00360787747549451,0.00428232893239742,0.00463941088719112,0.00509583435360355,0.00516131338806378,0.00512197183976514,0.00549758468858029,0.00549664505917308,0.00508272936662589,0.00543969583653813,0.00506622604637945,0.00509451329121367,0.00537712795909331,0.00512280619383929,0.00526674586309085,0.00515301130234285
174,"COM","Comoros",0.000673571341849404,0.000670847688103569,0.000688995463592299,0.000703300991072764,0.000741977988918666,0.000772724075145744,0.000788978707292438,0.00086855859906148,0.000730192958118175,0.00072923393654797,0.000771980081814804,0.00084936773114034,0.000864153951173681,0.000905836884776502,0.00100268449978554,0.00103273089681511,0.00109032616814887,0.00122718554636735,0.00127139413654976,0.00130592314409754,0.00135701243368027,0.00131850996299535,0.00129412694729372,0.00133447698788111
184,"COK","Cook Islands",-8888,-8888,-8888,-8888,-8888,-8888,-8888,-8888,-8888,-8888,-8888,-8888,-8888,-8888,-8888,-8888,-8888,-8888,-8888,-8888,-8888,-8888,-8888,-8888
188,"CRI","Costa Rica",0.0030646257823322,0.00266685184779258,0.00241618214578789,0.00248546039878933,0.00264449578622335,0.0030492749450569,0.00296167537692301,0.00299285428185521,0.00352117720313423,0.00395844350183524,0.00401372510555863,0.00387532565916774,0.0036852588187609,0.00343020486007462,0.00344469894981397,0.00341339223334479,0.00305563048160617,0.00304247574539349,0.00341432539785339,0.00411388803976123,0.00486452547270062,0.00439363376112098,0.00478385944131873,0.00500528376783649
384,"CIV","Cote d'Ivoire",0.00074999149842884,0.000775485832297296,0.000822384989323176,0.000819969169871872,0.000691582117095447,0.000637905625416588,0.000711220769193936,0.000726517042023396,0.000742591614866198,0.000708790142288092,0.000567410459162791,0.000522432155160713,0.00057667127818924,0.000740181957713873,0.000845176852756007,0.000896333953046194,0.000995589425369626,0.00125080280774898,0.00132336574274824,0.001355640234929,0.00130888196821332,0.0012307582605227,0.0011439601670646,0.00116735894260293
191,"HRV","Croatia",-9999,-9999,-9999,-9999,-9999,0.0159043079045877,0.0160956931266109,0.0162903613411448,0.0181099634634889,0.0176542769686306,0.014557233086472,0.0115384813515759,0.00902851369581922,0.00654130143522982,0.00569569445328083,0.00664264178122728,0.00820954444885487,0.00605629188734951,0.00642511776368672,0.00514121076266876,0.00513531301688827,0.00522802443283694,0.0057102192618421,0.00580592926955546
192,"CUB","Cuba",-8888,-8888,-8888,-8888,-8888,-8888,-8888,-8888,-8888,-8888,-8888,-8888,-8888,-8888,-8888,-8888,-8888,-8888,-8888,-8888,-8888,-8888,-8888,-8888
531,"CUW","Curacao",-8888,-8888,-8888,-8888,-8888,-8888,-8888,-8888,-8888,-8888,-8888,-8888,-8888,-8888,-8888,-8888,-8888,-8888,-8888,-8888,-8888,-8888,-8888,-8888
196,"CYP","Cyprus",0.00970478778015721,0.0098300158473188,0.00912987270216872,0.0089270167011384,0.00982746952055576,0.0101129309745137,0.00947621538114177,0.00984434312117827,0.0100604026157384,0.0106953024462482,0.00990529049190263,0.00947727575913255,0.00840174743987476,0.00657175920044251,0.00517927246904755,0.00505360061084923,0.00477019373391035,0.00486928358672447,0.00540763049299518,0.00566057939409537,0.0059799386863306,0.00531462214956315,0.00561922699441669,0.00628740493595482
203,"CZE","Czech Republic",0,0.00540960704007909,0.00889112373647317,0.00974131827198747,0.0117264835121281,0.0112612704057891,0.0117757432362808,0.0130897378284744,0.0147409188192235,0.0138882649016944,0.011036289769021,0.0105826467224555,0.00952871367149452,0.00757689016254207,0.00633829316340323,0.00421380013898329,0.0041760478378,0.00541475115919238,0.00701455674462904,0.00789106371907829,0.00749431979658383,0.00583362688609816,0.00632365109473631,0.00674567280379954
180,"COD","Dem. Rep. Congo",0.000151171654694126,0.000154963974475547,0.000164536834039588,0.000188532845391322,0.000250614726144886,0.000341123222379217,0.000425306561977558,0.000468103275249916,0.000456693572987083,0.000468944644321011,0.000429168135535102,0.000400813311230249,0.000344705562880613,0.000381588644621994,0.000447809516119965,0.000514711888818879,0.000555774964600665,0.000584005756227541,0.000611588451963252,0.000595106052536805,0.000575273658966546,0.000552636609869413,0.000507984294057786,0.000515505122811469
208,"DNK","Denmark",0.0147330612254134,0.0100106223581843,0.00923131221443442,0.00636284681084951,0.00616599214798264,0.00420310112896525,0.00122510874028429,0.00663185751921517,0.00698420915639405,0.00693936591448906,0.00541379380161229,0.00465639889777508,0.00245934544428772,0,0.000607415678671996,0,0,0,0,0.000351072720998341,0.000263862139718229,9.65734922253543e-06,0.000930612857529383,0.00099306101941027
262,"DJI","Djibouti",-9999,-9999,-9999,-9999,-9999,-9999,-9999,-9999,-9999,-9999,-9999,-9999,-9999,-9999,-9999,-9999,-9999,-9999,-9999,-9999,-9999,-9999,-9999,0.00154622977625783
212,"DMA","Dominica",0.00437886511398723,0.00503638436027458,0.00522167531504455,0.00445408409849844,0.00476995716219457,0.00573688500194688,0.00624733569491619,0.00644572960284958,0.00792257431079982,0.00696715143964623,0.00629261132718096,0.00622873801310801,0.00541700107023012,0.00444730246098996,0.00376312210600893,0.00374459422327418,0.00356950217065419,0.00339364529863269,0.00337197474234027,0.0034386208738592,0.0034847782338874,0.00322614143821039,0.00315646838688798,0.00297874391412337
214,"DOM","Dominican Republic",0.00504272233383496,0.00496287929764083,0.00481268546265332,0.00489437191055842,0.00460707656656564,0.00359710567635159,0.00311029695100137,0.00307190781080115,0.00331504652704821,0.00347256312211013,0.00340564706622275,0.0035753553344857,0.00377297047215285,0.00415517607403676,0.00435357377948065,0.00426881514885535,0.0043717008047674,0.00459045262944132,0.00474157260473694,0.00502620330894451,0.00514715015387939,0.00481753568891191,0.00473177528766218,0.00461658559823726
218,"ECU","Ecuador",0.00356987754788607,0.00277761980267137,0.0025659792324047,0.0026742497820191,0.00324049135935486,0.00323748833326858,0.0037731982391514,0.00427692791176506,0.00481126661573175,0.0047058561726049,0.00502033475296477,0.00508809697444752,0.00535068046769355,0.00511669744060419,0.00522201100015815,0.00565228616037743,0.00535655008820101,0.00490359774930043,0.00459744987713048,0.00411053366823427,0.00361836922720711,0.00288232915509652,0.00350207625510897,0.00363121487318185
818,"EGY","Egypt",0.00249470776458256,0.00278439491445046,0.00268632654095163,0.00264460212714225,0.00297047206142235,0.00298330722363734,0.00330470795112379,0.00351256544738779,0.00371107734580614,0.00395645761327336,0.00410228660435132,0.00415469769139399,0.00413271166538584,0.00376061147998379,0.00345044759412565,0.0032548283576257,0.00299083653589044,0.00310167769275241,0.0034169764017343,0.00352571011499733,0.00342499527250005,0.00319942861183376,0.00333667814648646,0.00355779603422403
222,"SLV","El Salvador",0.00345372954917095,0.00298307301147274,0.00288971454538459,0.00277228521863285,0.00270466160349741,0.002677903498473,0.00268290761273521,0.00275310021612924,0.00296479752349988,0.00284443296523177,0.00265353658662536,0.00227871726848019,0.00198374949299408,0.0018551404421882,0.00147263056571774,0.00130241650363534,0.00139001773850664,0.00147467195825741,0.00140782610300457,0.00185494915622262,0.00221892189683044,0.00200701146365523,0.00232119983718828,0.0025932264310954
226,"GNQ","Equatorial Guinea",0.0170571160637076,0.0183320656246088,0.020152560118389,0.0199785304844934,0.0208563587386352,0.0199250484818318,0.0209969260813202,0.0212889459077922,0.019761580771107,0.0194409036175331,0.0160139304787315,0.0139173369605756,0.0127243421217163,0.0103784607782488,0.00814473006780532,0.00617152435818469,0.00323172320865085,0.00189958487022611,0.00174768714207514,0.00345231507640563,0.00390332790908708,0.0042997419107282,0.00380784808070394,0.00387673415241328
232,"ERI","Eritrea",-9999,-9999,0.00166919160036086,0.00166240170292269,0.00157603212105837,0.00145662101173525,0.00132389232639584,0.00113662579679249,0.001264074792168,0.00120503520573239,0.00124255167831071,0.00126031256530797,0.00133522586370992,0.00135168128612518,0.0014236405169254,0.00150187952562592,0.00159742031475582,0.00157920943645642,0.00162225995251231,0.00162012027344192,0.00159099558685476,-9999,-9999,-9999
233,"EST","Estonia",-9999,-9999,-9999,-9999,-9999,0.015452379664864,0.0180146676845684,0.0209149247448937,0.0295007695753236,0.0305255470652857,0.0240733907343791,0.0279158539010869,0.0296733748414898,0.0278561370343413,0.0337094018431405,0.0353637497564355,0.0326409496911561,0.03039033544607,0.0314970306555068,0.033518002826306,0.0175417986133147,0.00681904572557599,0.00190111999614646,0.000219291446621366
748,"SWZ","Eswatini",0.00245080435664568,0.00244469534617748,0.00218415399932401,0.00214293079332312,0.00165059022600435,0.00164263226163836,0.00167972917406222,0.00129176471635059,0.00147806683290554,0.00146344367791621,0.00155457878910364,0.00143294666747151,0.00122050342451389,0.00140598516710112,0.00195156758016392,0.00133600350339671,0.00125963395187458,0.00148860390011218,0.00135581181439944,0.00145858496512376,0.00132085510986993,0.000753222601522517,0.000558131344530648,0.00069920186921059
231,"ETH","Ethiopia",0.000594009990255065,0.000596764645899095,0.000653617045132488,0.00080347899515301,0.000805503096193617,0.000825903216606163,0.00084271417132664,0.000897732958575339,0.00102000309206647,0.00114279645611251,0.00123929361811554,0.00128686319621216,0.00126911384935412,0.00133603596667773,0.00135057333124042,0.00138065190781234,0.00136706349851985,0.00137656100742741,0.0014180800716846,0.00144031295485564,0.00154277773944904,0.0016379548653642,0.00166628158137527,0.00164232197586767
234,"FRO","Faeroe Islands",-8888,-8888,-8888,-8888,-8888,-8888,-8888,-8888,-8888,-8888,-8888,-8888,-8888,-8888,-8888,-8888,-8888,-8888,-8888,-8888,-8888,-8888,-8888,-8888
238,"FLK","Falkland Islands",-8888,-8888,-8888,-8888,-8888,-8888,-8888,-8888,-8888,-8888,-8888,-8888,-8888,-8888,-8888,-8888,-8888,-8888,-8888,-8888,-8888,-8888,-8888,-8888
242,"FJI","Fiji",0.00291503556882621,0.00293657962882309,0.00314578886710778,0.00271647529773531,0.00279966878017462,0.00361081637284325,0.00340800496469705,0.00373743359526608,0.00367907680297483,0.00294732586712291,0.00209097965749285,0.00236733801249101,0.00223296334854859,0.00186920433850447,0.00233457046414035,0.00246503112268831,0.00372111574298941,0.00424655201092331,0.00490861374272587,0.00521527841868373,0.00556813307794212,0.00590576608750554,0.00608630773976395,0.00539895650633596
246,"FIN","Finland",0.0189470834625575,0.0169928464171736,0.0185470757293991,0.0185687947204541,0.0221472257055343,0.026147722157403,0.0207084732591975,0.0265449741468932,0.025981556194953,0.0218182411842912,0.0166612717992715,0.0163486379011671,0.0120224846137553,0.00751976577379481,0.00722431587812964,0.00941774276877928,0.0041702450589637,0.00616452683257067,0.00459243637301046,0.00442369343225507,0.00180123379451125,0.00121821502095752,0.00100626155700561,0.000289056588142332
250,"FRA","France",0.00712005368651986,0.00686026855993751,0.00790455014276178,0.00804888199872101,0.00824284181414398,0.00780205454459651,0.00764225245534614,0.00778428729639988,0.00750650947603892,0.00752690965997863,0.00668374297717197,0.00620268263050726,0.0053159904645961,0.00480200707767767,0.00451428417303595,0.00351526333025101,0.00363473878398023,0.0037180073425779,0.0040587056953084,0.0040040310494082,0.00383543988788045,0.00216429174386102,0.00227158973111535,0.00215448790453797
258,"PYF","French Polynesia",-8888,-8888,-8888,-8888,-8888,-8888,-8888,-8888,-8888,-8888,-8888,-8888,-8888,-8888,-8888,-8888,-8888,-8888,-8888,-8888,-8888,-8888,-8888,-8888
266,"GAB","Gabon",0.0129451457831444,0.0133851082298554,0.0132886688615043,0.0123367855636109,0.0130719843774395,0.0107869060880397,0.00848348050421112,0.00541889494642516,0.000741831220406313,2.31442521088109e-05,0,0,0,0,0.0008237076272603,0.00324774192577387,0.00581318759112206,0.00692880642612627,0.00588593182427339,0.00498386016296802,0.00549073302711873,0.0055095301040631,0.00486569142067671,0.00460218095341636
270,"GMB","Gambia",0.000435325063159585,0.000472763939205718,0.0004557999872907,0.000429632329143706,0.000453554962977924,0.000514430951938534,0.000567090698358506,0.000650639385333612,0.000668941801165802,0.000761330797360591,0.000970908029401833,0.00115943199091502,0.00104128277070563,0.000988084464311549,0.000940714968709234,0.000951020186474511,0.000988099921392573,0.000895682552636305,0.000808564498875242,0.000707994090441522,0.000816528759873527,0.000942527337394151,0.000937441490912232,0.000937144642339386
268,"GEO","Georgia",0,0,0,0,0.00267966200139995,0.00409490712428237,0.00384340806216115,0.00492530858338854,0.00600212142774883,0.00584788826836131,0.0064213708545303,0.00653142343492045,0.00719576376362393,0.00755688098985657,0.00731291254158459,0.00776464378506615,0.00825808851809724,0.0090009905636984,0.00948050820737714,0.00770292185922854,0.00674482640125661,0.00516804850913578,0.00438244154149599,0.00402597084497723
276,"DEU","Germany",0.00579392400069471,0.00795679066150372,0.00946689515068634,0.00902601765873571,0.00848496691098184,0.00806281111154124,0.00741721854905421,0.00864766914982065,0.00836502531674579,0.00819773041343384,0.00554411312885953,0.00615720385277391,0.00598966362500628,0.00643685197518123,0.00757686003664586,0.00744169271949344,0.00790860820035811,0.00899604133203058,0.00950174759885863,0.00929086881864326,0.00651995277076005,0.0034232602991896,0.00258927915860825,0.00183491506795076
288,"GHA","Ghana",0.000675701621496983,0.00071129153764641,0.000693158529288771,0.000665970892720754,0.000660956507265034,0.000599438178507706,0.000614806470694796,0.000720563646341885,0.000773128295521413,0.000876896539437653,0.000799803971679488,0.000894123609239319,0.00111100483076627,0.00127513662070293,0.00142841961193948,0.00149166939539813,0.00161651043429868,0.0017022049742781,0.001707813680304,0.00185135928247522,0.00185296834566202,0.00226224067365969,0.00302677033870769,0.00291067196193299
300,"GRC","Greece",0.0163292938821689,0.0179280436126973,0.0187929875363819,0.0193746093645506,0.0195912224253859,0.0199032930738853,0.0199349743431581,0.0187679601827214,0.018047739808729,0.0171388984395039,0.0145490928052267,0.0116502734718352,0.0105453174095913,0.010175703882109,0.00886897545540836,0.00850706411164292,0.00919903153506161,0.00897290225700004,0.00885452109382154,0.00765200751859693,0.0047130581546659,0.00299722032918581,0,0.00135540646542974
304,"GRL","Greenland",-8888,-8888,-8888,-8888,-8888,-8888,-8888,-8888,-8888,-8888,-8888,-8888,-8888,-8888,-8888,-8888,-8888,-8888,-8888,-8888,-8888,-8888,-8888,-8888
308,"GRD","Grenada",0.00412290030422461,0.00410510953664852,0.00404636657430283,0.00406584063203279,0.00408877737471001,0.00387149323595655,0.00390495082565877,0.0040669984558583,0.0043190108908361,0.00473452287177885,0.00508291478708614,0.00538370267076688,0.0053006167047976,0.00567206686580602,0.0066150680830158,0.00536179970905282,0.0052620359362674,0.00516223803356902,0.00517366824505838,0.00536284987664437,0.00555109246190632,0.00521624396148965,0.00489164854863357,0.00491330446991548
320,"GTM","Guatemala",0.00178803481834711,0.00188207083679526,0.00192974460694312,0.00208403675486004,0.00206501098552444,0.0021557940693064,0.00228484279738506,0.00223776447705653,0.00220717090525908,0.00201926333543003,0.00201363610655936,0.00195800959834301,0.001914044575872,0.00194254929469392,0.00202392111839472,0.00217592120889396,0.00254524967681049,0.00286691217914735,0.0031861327930299,0.00304161894253789,0.00314883039835897,0.00288841156860152,0.00286071696639698,0.00277790612142949
831,"GGY","Guernsey",-8888,-8888,-8888,-8888,-8888,-8888,-8888,-8888,-8888,-8888,-8888,-8888,-8888,-8888,-8888,-8888,-8888,-8888,-8888,-8888,-8888,-8888,-8888,-8888
324,"GIN","Guinea",0.000893945334492204,0.000973552665024975,0.00109820574192947,0.00124885207289944,0.00132792458294148,0.00137214449687988,0.00156529781167998,0.00163445576349535,0.00161100650861402,0.00160823580124937,0.00159196141631142,0.00177130331133039,0.00193265324457521,0.00214585376021376,0.0022026446987365,0.00220241985129193,0.00222232819215575,0.00244853016558378,0.00245627862271292,0.00240200323047272,0.00239547023263416,0.00246915386739777,0.00258785432738039,0.00273731564049509
624,"GNB","Guinea-Bissau",0.00073395749876707,0.000725319669493003,0.000929316383952557,0.00106489974975666,0.0011947508612485,0.00121753274741776,0.00121681297668682,0.00128837671417757,0.00127661711661661,0.00112421788568434,0.00112235621312219,0.00108844721360711,0.00112246453846767,0.00129452759898218,0.00136416183303513,0.00135903083892237,0.00138079635259872,0.00138218020097131,0.00137918158723844,0.00141104500034157,0.0014138655052529,0.00142916126216337,0.00143083529158485,0.00152057249681223
328,"GUY","Guyana",0.0116020275173114,0.00989878124536831,0.00872155666176919,0.00668741710380819,0.00594876479975701,0.00531733091556295,0.00385341621870436,0.00273999574738354,0.00336376147304675,0.00375290367285779,0.00503924111142124,0.00553186562200999,0.00627047757931085,0.00669353387806274,0.00792622103577488,0.00953790128895108,0.0100839671738839,0.00953007615742238,0.00957895655579171,0.00981172771750708,0.0101038628116692,0.00896913970176096,0.00894128582265541,0.00927801400742614
332,"HTI","Haiti",0.00111333824045947,0.00117522238729276,0.00125639685426543,0.00136978956478901,0.00136678489402118,0.00133279549768767,0.00135208305415417,0.00134125204744776,0.00141649414599455,0.00142150308615493,0.00138474228429132,0.00133715514343623,0.00131996955300162,0.00132950932996679,0.0013109008215821,0.0013668258389595,0.00145771580107468,0.00151499571309348,0.0015787786759179,0.0015989418667839,0.00161504994615659,0.00154286692015331,0.00146141266745527,0.00140981931363863
336,"VAT","Holy See",-8888,-8888,-8888,-8888,-8888,-8888,-8888,-8888,-8888,-8888,-8888,-8888,-8888,-8888,-8888,-8888,-8888,-8888,-8888,-8888,-8888,-8888,-8888,-8888
340,"HND","Honduras",0.00140007058579069,0.00150028870066153,0.00163541506966762,0.00174292486197752,0.00204887797798097,0.00224052576586873,0.00254143481423014,0.00249593211253971,0.00277015889126548,0.00285159878596894,0.00268589706111624,0.00248733042141443,0.00245491130507157,0.00232287180285492,0.00235258960918283,0.00235836056629149,0.0025282929500397,0.00239122845650272,0.00247721454725438,0.00262107722466944,0.00272427826757976,0.00241695347563547,0.00254407371389941,0.00264201320719889
344,"HKG","Hong Kong",0.0121608846516542,0.0119905802800533,0.0108950688123575,0.0115756702949577,0.0136142707424637,0.0130190783354823,0.013028290497649,0.0106896653467203,0.0090766042508904,0.00862828242931235,0.00880229675765797,0.00794611320905588,0.00778447150191303,0.00716492774601414,0.00801718020340591,0.00858766709678868,0.00822213002339015,0.00825600797034854,0.00821276283055023,0.008312017161042,0.00714360939833958,0.00165681151611211,0,0
348,"HUN","Hungary",-9999,0.00612012400977353,0.00764477578421101,0.00793017861350307,0.00887545396615593,0.00878258982423746,0.00886045788274419,0.00937189368968857,0.0096774626268339,0.00898590236500521,0.00610809880293461,0.00471832668449075,0.00318439147863933,0.00157239117241738,0.00036408806481504,0,0.00114045428198823,0.00283743698119192,0.0054780124785147,0.0079910953441916,0.00954303038752995,0.0103388809878746,0.0116165263184109,0.0106474083051665
352,"ISL","Iceland",-9999,-9999,-9999,-9999,-9999,0.0173597984716672,0.0161590499361931,0.0169205264302895,0.0183036167549698,0.0206297831848394,0.0206873050506606,0.020569890869197,0.0191939378483425,0.0182463121475748,0.0169534286879108,0.0147903464936531,0.0131480037304293,0.0114234777912313,0.0115010459519643,0.0127621199581464,0.0135669416954206,0.0104033291864678,0.00994714800529457,0.010284205977849
356,"IND","India",0.00211013993712546,0.00211787455841107,0.00209157511328831,0.00201181599286878,0.00198761227394614,0.0020237854833047,0.00211210505389941,0.00228412927790458,0.00251722898019471,0.00281615500245824,0.00324300013254455,0.0034627218124384,0.00370521306896287,0.00394783346918553,0.00394291448600108,0.00414228742772245,0.00423389231517093,0.00422358886769122,0.00425986815730013,0.00433610580088316,0.00435813369737507,0.00389033591640546,0.00395071701693221,0.00406479221853553
360,"IDN","Indonesia",0.00319071296517657,0.00301103130943393,0.0030155751417737,0.00308372318897157,0.0031642980064479,0.0033462828915503,0.00340816713536118,0.0036564333506645,0.00416442274060067,0.00440606500307058,0.00477069834925133,0.00475415934899604,0.00565630774847342,0.00618180482241539,0.0053172831275781,0.00492052556269218,0.00502242546489768,0.00517449431299164,0.00497086141036643,0.00536343175792329,0.00593120461860908,0.00618282486056157,0.00696551040289512,0.00861835397603651
364,"IRN","Iran",0.0104345347282492,0.0105756936514224,0.011257078950752,0.0114693752318602,0.0123132375113009,0.0136096894096471,0.0146211849637148,0.0160392010433601,0.01610898155482,0.0159447672784161,0.0163790767093161,0.0165245015969349,0.0161960766802261,0.0152129772355359,0.0140144119148536,0.0138778517265239,0.0132504275939233,0.013974404357791,0.0153471599904993,0.0164948086489594,0.0168379398478372,0.0177530633390714,0.0193127519255768,0.0193512962894492
368,"IRQ","Iraq",0.00351289966445785,0.00506790260504391,0.00519879069359107,0.00510383061384939,0.0051190166674365,0.00571391224533821,0.00574868467852793,0.00474554432830697,0.00269521183577897,0.00268376694584443,0.00296950283383939,0.00350186955295259,0.00503750630103798,0.00669250133515677,0.00811246689822589,0.00953535448696003,0.0107579093647847,0.0128519777160437,0.0129726577428263,0.0129631710394489,0.0128140681046547,0.0110087962681344,0.0102167656618019,0.0105390036294515
372,"IRL","Ireland",0.0188255616437429,0.0208141305482004,0.0227260220789104,0.0224860362559785,0.0213069976068487,0.0203422292350903,0.0182609063057066,0.0163318618829159,0.014665907928412,0.012235368621011,0.00957307986059679,0.00786064676550677,0.00552611021021648,0.00503572265394078,0.00429082476045387,0.00426972087873289,0.00597666920928845,0.00850706584706737,0.0104115051100043,0.0114140765750666,0.0115712238556808,0.0102084054382889,0.00941796735122884,0.00937428852166598
833,"IMN","Isle of Man",-8888,-8888,-8888,-8888,-8888,-8888,-8888,-8888,-8888,-8888,-8888,-8888,-8888,-8888,-8888,-8888,-8888,-8888,-8888,-8888,-8888,-8888,-8888,-8888
376,"ISR","Israel",-9999,-9999,-9999,-9999,-9999,0.00851698475813346,0.0074312596225253,0.00756772513881313,0.00760195044562354,0.00862674852168537,0.00768729260108692,0.00856403500233113,0.00953568021373723,0.0107098915812555,0.00992374093257618,0.00876788141137268,0.00822076880479727,0.00771799112912876,0.00685259824722701,0.00691241243665727,0.00652226019499856,0.00550530380926322,0.0052270848044479,0.00658631158999917
380,"ITA","Italy",0.0123565321993701,0.0130847094185889,0.0131330494735279,0.0129998215769793,0.0132462781458267,0.0126036075515878,0.0126461644410478,0.0117996100909135,0.0111891654596131,0.00987499204501124,0.00695767544189002,0.0066892134035504,0.00457426561133585,0.00383197689728927,0.00536093119173085,0.00650936540513528,0.00736635811933432,0.00700271700119219,0.00595195767344276,0.00433553111751129,0.0033319869655015,0.00358051154244167,0.00429844273250999,0.00527938322418833
388,"JAM","Jamaica",0.00866563006907772,0.00880178242583591,0.00877291643708427,0.00790731774006607,0.00767789092076583,0.006779759964253,0.00623825423006681,0.00687512368590618,0.00624159662178158,0.00570807962009501,0.00265458365773495,0.00108801973613373,0.00140724417129513,0.000812268825917918,0.00259147543624065,0.00266941322719349,0.00251994856682525,0.00294798405030462,0.00274198072737698,0.00396767567244542,0.00409024443048428,0.00338648769346243,0.00335702559883123,0.00322724231902708
392,"JPN","Japan",0.0165712483012406,0.0159323172406829,0.0146652135434693,0.0139222981863304,0.0133199556374829,0.0139191922234812,0.0139053684987303,0.014451725535547,0.015059879887092,0.0135651864148484,0.0107640440213977,0.0107842286825799,0.0102291279779607,0.0106701304709522,0.0118782932293964,0.012229678125559,0.0113712662830634,0.0105822642484073,0.0110756218480853,0.0107000659959327,0.00783633333865533,0.00455807399729228,0.00366724134005447,0.00373336293689149
832,"JEY","Jersey",-8888,-8888,-8888,-8888,-8888,-8888,-8888,-8888,-8888,-8888,-8888,-8888,-8888,-8888,-8888,-8888,-8888,-8888,-8888,-8888,-8888,-8888,-8888,-8888
400,"JOR","Jordan",0.00240741670693405,0.00240397821183764,0.00227935950450719,0.00244248673767196,0.00251199620930743,0.0029172342413642,0.00340356657891213,0.00366573618469452,0.00394259126697845,0.0039307530223792,0.00384756966954258,0.00354340303273782,0.00334292731125626,0.00351354639331102,0.00341927396178176,0.00376132884887917,0.00394014622325756,0.00381969472200135,0.00405581456845739,0.0031817368625109,0.00259263625431199,0.00177845239812524,0.00129873314640495,0.00129954316497753
398,"KAZ","Kazakhstan",0.000220323108182441,0,0,0,0.00154941004697978,0.0107862683526669,0.0168636241036161,0.0224450752731034,0.0276561084412292,0.0308210849122539,0.0289772350122447,0.0306573885448163,0.0308105932686621,0.0280526445505836,0.0255872768583747,0.0215731746622385,0.0159517758850293,0.0133310742980569,0.0139377675183529,0.0144956483535988,0.0128463051518489,0.0114854973333003,0.0138987840281292,0.0158883114166256
404,"KEN","Kenya",0.000844235294573176,0.00085047625997762,0.000807427469446184,0.000760641333559437,0.000745783811725184,0.000798610173851395,0.000829237809095479,0.00086288365986899,0.00136056054080729,0.00164873430849426,0.00189798337811676,0.00202736052315017,0.00212110778575124,0.0020515027509261,0.00192046369232168,0.00179914002580126,0.0016668174479262,0.0015492237341248,0.00151475997356599,0.00157070149049,0.00178987738823738,0.00186117783607256,0.00203084233819858,0.00199428258673053
296,"KIR","Kiribati",0.000444286520076942,0.000475705946348997,0.000409563824060191,0.000544366635008941,0.000667755348467975,0.000788708114179928,0.00100645353787116,0.0012081502600915,0.00120521167768259,0.00128423030431589,0.00109912689926255,0.00102345688201954,0.00079247446410866,0.000605696754360169,0.000450777931513255,0.000415501810275422,0.000485400377000101,0.00065324362466474,0.000730823537919367,0.000892153361584234,0.000994160702319372,0.00107607269384731,0.00112154681566688,0.00108365936932029
689,"XKX","Kosovo",-8888,-8888,-8888,-8888,-8888,-8888,-8888,-8888,-8888,-8888,-8888,-8888,-8888,-8888,-8888,-8888,-8888,-8888,-8888,-8888,-8888,-8888,-8888,-8888
414,"KWT","Kuwait",-9999,-9999,0.0306632830745475,0.0232165237624687,0.02712769952896,0.032717081393375,0.0414489979001892,0.0454761936468999,0.049134691566551,0.051618424342866,0.0514987845493078,0.0504124900129997,0.0476348642299908,0.0512404689693028,0.0492587954873824,0.044299550807024,0.0455749319535587,0.0484916471041193,0.0487113734310096,0.0503086186970658,0.0449982936091039,0.0387703724490586,0.0332136396158809,0.037907699468065
417,"KGZ","Kyrgyzstan",0.000326199501429221,2.57887774727874e-05,0,0,0.000800802483057216,0.00133456264029163,0.00133660951877949,0.00143522792349688,0.00183555785533111,0.00245270331725135,0.00254566000523666,0.00252243626563096,0.00266934031108342,0.00337196771135949,0.00375244975629547,0.00422135891625808,0.00438264360886763,0.00410903094430607,0.00385945320830913,0.00441361277683706,0.00420274595323133,0.00378253822992732,0.00370470825951996,0.00377220796085864
418,"LAO","Laos",0.0013457310212004,0.00142248764462548,0.00146105679420116,0.00153560368113878,0.00159152258800135,0.00174545050569198,0.00181448318491607,0.00195820855079606,0.00217929583491303,0.00231278547407519,0.00250793380602275,0.00283120891172119,0.00288772008770327,0.00313826013625779,0.00340900261833157,0.00357249837516732,0.00483794984082988,0.00688580347579287,0.00882228701300402,0.00996433181657485,0.011011648850049,0.0116079821219799,0.0123672769113657,0.0120814455069012
428,"LVA","Latvia",-9999,-9999,-9999,-9999,-9999,0.00318861986954312,0.00544413054035356,0.00898591236447246,0.0121713187244656,0.0134820859066572,0.012553381563923,0.0127399207898484,0.011368997753872,0.00985562263874565,0.00857693101578254,0.00742589058190566,0.006501080457039,0.00597776249900971,0.00659622681224237,0.00657615899016218,0.00699545191331376,0.00623086518021821,0.00640551300899604,0.00601675370534104
422,"LBN","Lebanon",0.0106003863321386,0.00985771360761412,0.00942107759877683,0.00879285838446147,0.00916122237479566,0.00818900580444568,0.00721455329595433,0.00524032672937916,0.00378686369710068,0.00495161274197519,0.00713789370470955,0.0074327495317037,0.00815900657288754,0.00969119517025972,0.0111284509221539,0.0129185747251289,0.0145400441279936,0.0148459205197404,0.0144670260097473,0.00977872174835384,0.00760599204712686,0.00489401050523317,0.00467568361482032,-9999
426,"LSO","Lesotho",0.00208771234003425,0.00215002481489668,0.00216501642297736,0.00210431245986967,0.00214619743766654,0.00208573879539378,0.00214082032782136,0.00203074546304135,0.00202969967111179,0.00178118696788059,0.00196625657081934,0.00208555129182006,0.00223440052392266,0.00227051609182456,0.00218750886405005,0.00205652012625659,0.0018988857651885,0.00174113014469988,0.00191447881915866,0.00185953761643813,0.00163954454760905,0.00134238072512154,0.00147009633172809,0.00169534868079463
430,"LBR","Liberia",-9999,-9999,-9999,-9999,-9999,-9999,-9999,-9999,-9999,-9999,0.000657376494539238,0.000716333661561911,0.000776102363688852,0.000845255760956886,0.000840643955157772,0.000945804540052237,0.00103433504059911,0.00110248726367457,0.00107894474682602,0.00106979494064448,0.00109140086798224,0.00107628713831375,0.0010767989703916,0.00109778842788055
434,"LBY","Libya",-9999,-9999,-9999,-9999,-9999,-9999,-9999,-9999,-9999,0.0176660400308839,0.0172394702422129,0.019149466597039,0.00704686739665403,0.00994098249735147,0.00945803641422095,0.00813394897005936,0.00758930553274811,0.00713540842474507,0.00860744882483365,0.00970140518899082,0.00986371209041439,0.00759267075184921,0.011461075187543,0.0127948999416675
438,"LIE","Liechtenstein",-8888,-8888,-8888,-8888,-8888,-8888,-8888,-8888,-8888,-8888,-8888,-8888,-8888,-8888,-8888,-8888,-8888,-8888,-8888,-8888,-8888,-8888,-8888,-8888
440,"LTU","Lithuania",-9999,-9999,-9999,-9999,-9999,0.00582808809350303,0.00739001026001914,0.00949493796186563,0.0151536879308705,0.0191760614698349,0.0163285771297848,0.0143744773819932,0.0147343739688535,0.0144710063435046,0.0113809600613732,0.0107593189319959,0.0108351444913815,0.00965540933933796,0.0117435264230394,0.0138250519957687,0.0132520489629833,0.0125800794648252,0.0130003675701108,0.0130431483377064
442,"LUX","Luxembourg",0,0,0.000723015998318128,0.0073111224882954,0.0149697301897246,0.026023800389081,0.0310208924758312,0.0334947411582157,0.0327412700762927,0.0294941853771811,0.0238267892644619,0.0211238396430935,0.0169600133783845,0.0131992493083997,0.00871109175353715,0.00679401607891409,0.0053581689656772,0.00422461592361977,0.00419611042870077,0.00583097861846365,0.00649719045745356,0.00358731244250139,0.00534604622655664,0.00408580591346875
446,"MAC","Macao",0.00387646102842903,0.00404062933885017,0.00413003373709373,0.00343652182380066,0.0030479676210788,0.00322296647483287,0.00326062711303648,0.0027132805805868,0.0017517803347368,0.00061774815983707,0.00202107191144809,0.000719179301665051,0.000597913010279644,0,0,0,0.00191489481380601,0.00311713655188191,0.00417741152717146,0.00455033959331401,0.006586769646638,0.00696266130739126,0.00725757873678405,0.0067871367491668
450,"MDG","Madagascar",0.000752466347207444,0.000726219889346026,0.00063245818436093,0.000489558785639269,0.000527287736077907,0.000466047143043514,0.000627909779419099,0.000670359835205275,0.00079856881121821,0.000866185218011091,0.000966679938678157,0.00104007380686788,0.00103416449756808,0.000989935458342923,0.000928180621195744,0.000823317686937756,0.000829684317220263,0.000848841075111459,0.00083866415320442,0.000889939490194002,0.000958423844777828,0.00103033259153323,0.00106661277865259,0.00107606835485607
454,"MWI","Malawi",0.000219019542283513,0.000234861360943209,0.000233200909205893,0.000268455769749389,0.000309271846706835,0.000315225237060849,0.000326161098869249,0.000347684433824593,0.000379192475899627,0.000429580582992029,0.000454474541183009,0.000507270073668901,0.000530060469384515,0.000559914507310827,0.000590581386331037,0.000621185707497345,0.000640481527157971,0.000647322736369514,0.000679847046732215,0.000767345374366498,0.000863634104729605,0.000925489446787211,0.00100426639801171,0.00100894951131366
458,"MYS","Malaysia",0.00967815871484645,0.00995169301731869,0.010117504194053,0.0100302016094233,0.0112732666361606,0.0124693439957754,0.0135531209044939,0.0139701085635445,0.0146039128253851,0.0153412883871348,0.0138749718183943,0.0133456031690538,0.0123932709965841,0.0116357588139946,0.0125871890391947,0.0136096877759645,0.0136177280380457,0.0140598601820441,0.0133313360662624,0.0138632902977757,0.0135977614231516,0.012740236264057,0.011647659688071,0.0116500830482368
462,"MDV","Maldives",-9999,-9999,-9999,-9999,-9999,0.00370239417595483,0.00349144486065479,0.00404070559802823,0.0042528957557658,0.00434050840227177,0.00455462740808647,0.00477104874744224,0.00487828796059253,0.00560899129616493,0.00538326175518611,0.006400536417377,0.00626539791972104,0.00689143214730134,0.00719123187609378,0.00810083425865384,0.00942673893126055,0.00983784735011125,0.0100961351990432,0.010230361146971
466,"MLI","Mali",0.000787015977798048,0.0008754056139176,0.000884754819477229,0.000898900335616787,0.000916752525717336,0.00100687569301304,0.00105272936694113,0.00107147411787258,0.00109566601453941,0.00117742524739164,0.00121789603309615,0.00131965983357438,0.00133851707156123,0.00134389529422291,0.00135945234980176,0.00141220888099343,0.00148145064885696,0.00164226753447805,0.00171161850612916,0.00182149790591453,0.0019041982868514,0.00202543514882803,0.00210896077977269,0.0020896646825777
470,"MLT","Malta",0.00548205034658322,0.00420247799152867,0.00498178973005037,0.00379472124235195,0.00657953268297502,0.00787955090562664,0.00899159706271967,0.00894652781397502,0.0104983113893589,0.00957186985931318,0.00898355388197331,0.00806535229936002,0.00782833739147576,0.00728962859531939,0.00562688617341927,0.00474119099052654,0.000948707653460317,0,0,0,0.00102745784166123,0.00266063937491027,0.00421235088987678,0.00663426918776134
584,"MHL","Marshall Islands",0.00283033367594439,0.00322271011850556,0.00350987417476003,0.00385332875926869,0.00390443606280137,0.00442715757090539,0.00449699745379042,0.00481187011786649,0.00497559867642073,0.00510905868116639,0.0050122661348207,0.00520578539293464,0.00526000776230011,0.00514038980380043,0.00489803406701804,0.00496600708536223,0.00466448812192929,0.0044193253438093,0.00437679466355181,0.00448194242122462,0.00509238539778682,0.00548652317950157,0.00598217245939704,0.0060151086313724
478,"MRT","Mauritania",0.00184114559187642,0.00209983811469635,0.00228333386854221,0.00235756495006161,0.00241861004171029,0.00233042116138871,0.00220830319277945,0.00225157091963424,0.00217442636426485,0.00188122373352813,0.00191829869427152,0.00201512804516302,0.00207953720588722,0.00222898305190813,0.00225814350218913,0.00241553011433051,0.00264842209800595,0.00281700936572023,0.00321047142268605,0.00312298539450158,0.0032285547318415,0.00322777890501934,0.00326909864832344,0.00332630579773913
480,"MUS","Mauritius",0.00528222182976154,0.00611783132354727,0.00678805050688086,0.00715627772578311,0.00757613071137245,0.00731509905652366,0.00729856551703353,0.00857929987142018,0.00891931408428603,0.00913684549210168,0.00899108643120813,0.00940332923292797,0.00955257080095052,0.00937480640429438,0.00910075222454334,0.00875765387853528,0.00791185336408829,0.00816598690347626,0.00876465832104551,0.00885957494975377,0.00883137743612416,0.00802358164984939,0.00816478601975014,0.0082960939954409
484,"MEX","Mexico",0.0079804154008262,0.00811386600675009,0.00817835283846428,0.00788747846034179,0.00798882440089091,0.00771925293253327,0.00766924778984979,0.00776857058270086,0.00828851836078789,0.00962669862047911,0.00960417437766726,0.00896499974126189,0.0086459046574149,0.00792932525171277,0.00745377130483936,0.00664994788061443,0.00573863871742037,0.0054241517918109,0.00494467890753731,0.00505799263045961,0.00479110111407318,0.00361251961363371,0.00385570087936393,0.00465448333816972
583,"FSM","Micronesia",0.00367844718518523,0.00361300569542252,0.00364774267043482,0.00327079334356581,0.00294477439939008,0.00227883835214619,0.00181788006526056,0.00150172770918469,0.00148324477789105,0.00102495987527761,0.00137451122902441,0.00067570546041878,0.000870801401585337,0.00105501824347688,0.00157995116419591,0.00196312941980246,0.00219450179090714,0.00230325839285686,0.00248113779146284,0.00241392761786644,0.00297960862901589,0.00281794325874632,0.00280264541962439,0.00274135184127536
498,"MDA","Moldova",-9999,-9999,-9999,-9999,-9999,0,0,0.000796312678995312,0.00341519745488537,0.00544804440676656,0.0050343553718385,0.0047334999814799,0.00442563558892095,0.00378085616751757,0.0038133572643457,0.00378024442304277,0.00390136568698451,0.00437946138177131,0.00525105359717759,0.00756311786631487,0.00753010270626233,0.00772697491567543,0.00861181608187991,0.00858869727212741
492,"MCO","Monaco",-8888,-8888,-8888,-8888,-8888,-8888,-8888,-8888,-8888,-8888,-8888,-8888,-8888,-8888,-8888,-8888,-8888,-8888,-8888,-8888,-8888,-8888,-8888,-8888
496,"MNG","Mongolia",0.00584603845214824,0.00608321240793885,0.00612650890295055,0.00538921315162318,0.00450483351082528,0.0032489866971426,0.00400800556601051,0.00584552199078973,0.00999183935317284,0.0128064498330256,0.0171238195121629,0.0209278484857605,0.0293144674428459,0.0400304122024769,0.0494907294316004,0.0469864374630404,0.0417173074805041,0.040851981952418,0.0451138522267986,0.0445297805596385,0.0444959715199573,0.0397848185604069,0.0381754161860542,0.041034749690737
499,"MNE","Montenegro",-9999,-9999,-9999,-9999,-9999,-9999,-9999,0.00758625083906451,0.00843881046358591,0.0112227462447178,0.00542592740516169,0.00625912805773341,0.00623380722486902,0.0052517458318008,0.00463002787837403,0.0047200987810417,0.00548568334073037,0.00442585382931205,0.00464808293156421,0.00668226619317983,0.00523459006670075,0.00588211945354652,0.00635276210855358,0.00652311966670108
504,"MAR","Morocco",0.00215846931485678,0.00224162661294044,0.00246424372745129,0.00255369640105337,0.0025335627443773,0.00289037285530835,0.00312839106507569,0.00334788841111964,0.00351784120316559,0.0036487817933568,0.00358285788443416,0.00365036567783776,0.00368558024886996,0.00366060106089086,0.0034638905088742,0.00339361217899407,0.00340002369482895,0.00327302491454555,0.00339739511743501,0.00349207778913724,0.00374845682061424,0.00352727566305813,0.00387492650025108,0.0038717586505618
508,"MOZ","Mozambique",0.0004220818636697,0.000387802135140431,0.000466247469816774,0.000566762597996315,0.000665562483589964,0.000734435062443422,0.000860514939395131,0.000875234038221761,0.000875648473740025,0.000910153568826061,0.000786342902018438,0.000735170819833085,0.000808468419511457,0.00092913425605064,0.00108445961443853,0.00135512057700318,0.0013948643577596,0.00142197284927665,0.00150827606826027,0.00168172722946345,0.00152078558774515,0.00129860860116952,0.00119252746103112,0.0011933129764464
104,"MMR","Myanmar",0.00223745956926294,0.00238403694340604,0.0023138254276958,0.0023043659736816,0.0023951290255773,0.00265390965974965,0.0028703854741416,0.00314216479759438,0.00325640092441157,0.00309762499441091,0.00306655194642474,0.00317350648491629,0.00308466881980325,0.00275310131631267,0.00257755600759891,0.00269368928595463,0.0030094467921455,0.00343961150524853,0.00391443188514255,0.00413543204345662,0.00434644072779807,0.0044839534660382,0.00453983043776177,0.00432763511469808
516,"NAM","Namibia",0.00300896864669839,0.00354911922331744,0.00386599611820984,0.00315966824805419,0.00323410270548276,0.00354836945556957,0.00418495424471851,0.00525833593920995,0.00517799095433319,0.00484650436620823,0.0062433834743922,0.00657857673263298,0.00979486728323609,0.0118635587845925,0.00753584457267446,0.00556606591129032,0.0038632813374964,0.003304635741096,0.00228448325967373,0.000420760867235104,0,0,0.00247382169441642,0.00517429012048314
520,"NRU","Nauru",-9999,-9999,-9999,-9999,-9999,-9999,-9999,-9999,-9999,-9999,-9999,-9999,-9999,-9999,0.000279279350690861,0.00333157971087034,0.00630834646705228,0.00520938222648396,0.00549461667233753,0.00571690262818727,0.00594934427088167,0.0061086510027117,0.00583832008413498,0.00556360204151072
524,"NPL","Nepal",0.00133833026649906,0.00134450519912762,0.00133797122920595,0.00123507976489385,0.00118586457845573,0.00110486769667364,0.00111535485240696,0.00108830693340964,0.00108490017069503,0.00115600899981737,0.00131018614703047,0.00144943347129257,0.00160153214955787,0.00167850782013875,0.00180798011629854,0.00194799153518174,0.00191124001636158,0.00209201074815738,0.00224735251013303,0.00235994311810261,0.0024898773646687,0.00247224193636523,0.00246554299110028,0.0023942344933619
528,"NLD","Netherlands",0.013676486028344,0.0144662151871295,0.0156136837085403,0.015163091603827,0.0139587740451356,0.0135090407718845,0.0123921998184565,0.0119882487956277,0.0112801210296305,0.010360300211325,0.00842059343656215,0.00974870510168667,0.00808513190397034,0.00797527351437806,0.00789479955071704,0.00808763906895884,0.00854108197280227,0.00924435458207963,0.0108437410114883,0.0116068665907828,0.00979689665025632,0.00803991007746842,0.00751571997559486,0.00621866754238363
540,"NCL","New Caledonia",-8888,-8888,-8888,-8888,-8888,-8888,-8888,-8888,-8888,-8888,-8888,-8888,-8888,-8888,-8888,-8888,-8888,-8888,-8888,-8888,-8888,-8888,-8888,-8888
554,"NZL","New Zealand",0.021345595313747,0.021480217709612,0.021647199228137,0.0211241809943415,0.0206523465593121,0.0201599411315986,0.0192445628392343,0.0180869214517951,0.0176717977211705,0.0161794965555014,0.0149936531853609,0.0139483894991637,0.0133768756086754,0.0147001935782013,0.0150775760889223,0.0168408145917534,0.0173041497601568,0.0173971649152948,0.0176285632285458,0.0176158198821905,0.0174067183247519,0.014337498777087,0.0118482208923656,0.0107395595171534
558,"NIC","Nicaragua",0.00212237211302388,0.00250990204944302,0.00253347791264875,0.00268816559047679,0.00303864849773853,0.00312561856232398,0.00312127886381361,0.00297365067999269,0.00284944989898864,0.00253690777398969,0.00244652438394182,0.00239289638543815,0.00260519086309879,0.00270421379985969,0.00288273290264946,0.00313037365697674,0.00354742763881332,0.00382560479097726,0.0038745718361822,0.00384303802112861,0.0038693777550711,0.0035298571716658,0.00359003025667933,0.00370107687093372
562,"NER","Niger",0.000520477689612107,0.000532540947686683,0.000549416685220033,0.000564394226860821,0.00058825985940172,0.000610557289589538,0.000630281137259196,0.000652307880314093,0.00068375020334214,0.000725128032687016,0.000771903522816605,0.00076376390708729,0.000773086376718096,0.000821159734621568,0.000882447004955957,0.00094838345548036,0.000996433599077119,0.00105475403943039,0.00111061932277315,0.00118747248182591,0.00126040586722293,0.00130929387734304,0.0013436516298273,0.0013253567402537
566,"NGA","Nigeria",0.00171013028254353,0.00161874997069677,0.00147691646093541,0.0011342305521648,0.00108167933157388,0.00100368668686823,0.00101609681002922,0.00107807522068952,0.00102456525482503,0.000875271193850929,0.000532201453000021,0.000769343976278208,0.00108181199186878,0.00110567331790362,0.00119733660102187,0.0013956862046586,0.00148648607673643,0.0015349344121859,0.00162939097629278,0.00171526065154978,0.00163904109673573,0.00162751707857814,0.00175040207818949,0.00188458222957375
570,"NIU","Niue",-8888,-8888,-8888,-8888,-8888,-8888,-8888,-8888,-8888,-8888,-8888,-8888,-8888,-8888,-8888,-8888,-8888,-8888,-8888,-8888,-8888,-8888,-8888,-8888
408,"PRK","North Korea",-8888,-8888,-8888,-8888,-8888,-8888,-8888,-8888,-8888,-8888,-8888,-8888,-8888,-8888,-8888,-8888,-8888,-8888,-8888,-8888,-8888,-8888,-8888,-8888
807,"MKD","North Macedonia",0.00598003081290596,0.00936935152460274,0.0103575483691635,0.00902575709153718,0.0080093478179685,0.00736322369126158,0.00673957105069443,0.00631333904745785,0.00371585260797702,0.00371856553774003,0.00164531406971821,0.00154192261924948,0.00299800497959942,0.00219088855283885,0.00119913898812707,0.00115350942696128,0.0012502989939455,0.00132037611389718,0.00200772074028649,0.00217433738164253,0.00303402971351222,0.00196622133613669,0.00337440885840233,0.00473794057213343
578,"NOR","Norway",0.0181987111481497,0.019285688843391,0.0206514192878544,0.0187034586294359,0.0212877968750523,0.0208788186488967,0.0190794112266873,0.0178652040236001,0.0168362167435774,0.0205923247378488,0.0210903230317805,0.0190936420321233,0.0151631232192134,0.0123721905397966,0.0125651060923713,0.0118838621138806,0.0105770093182934,0.00708010219150713,0.00758574943716644,0.0103217807396501,0.0115356897394803,0.0113165662824679,0.011578562948672,0.0100029309161038
512,"OMN","Oman",0.0131307429050468,0.0148440800681909,0.0164770636002057,0.0191241953784927,0.0239720108384199,0.0237192845162028,0.024932654433929,0.0279414185661475,0.030126108081388,0.0284201418435722,0.0261576573466977,0.0265652323185657,0.028207062039228,0.0309090854986717,0.0359344066819845,0.0366154582935823,0.0369570303834875,0.0375284903531316,0.0391857681038588,0.0388536766771967,0.0356700987589197,0.0302081118616527,0.0288803144213902,0.0298892708676782
586,"PAK","Pakistan",0.00136158245702967,0.00141218408997225,0.00138864052867468,0.00142556943275952,0.00147810267051241,0.0015898649069645,0.00167201049373833,0.00183265429793468,0.00197421679412083,0.00204139495645095,0.00208807714167542,0.00202522652813602,0.00194374683471003,0.00182004557806313,0.0017154984604815,0.00166310981379383,0.0017063850710144,0.0019892323331982,0.00239904628675906,0.00272830479275591,0.00295679252080931,0.00319221256243945,0.00348614266798064,0.00332057446284953
585,"PLW","Palau",-9999,-9999,-9999,-9999,-9999,-9999,-9999,-9999,-9999,-9999,0.0199468701031527,0.0205166458763439,0.0243218098656891,0.025123364146589,0.0171707453499913,0.0142392866286449,0.0114500775572303,0.0113407368671434,0.0149941954145082,0.0146453399717106,0.0188305129308545,0.0213555261404263,0.0259496231413542,-9999
591,"PAN","Panama",0.00348417092951205,0.00332001990173985,0.00386454599799159,0.00374152484093714,0.00374585376149534,0.00347583737469551,0.0035159288961578,0.00372332462049781,0.00348043808699293,0.00369811821887258,0.00414555087916477,0.00448765754185914,0.00546448000048264,0.0056227047490593,0.00635981913931246,0.00601521377610516,0.00574969494879796,0.00534165551313098,0.00536993491320047,0.00477960101566471,0.00487863721737031,0.00391941725712613,0.00417380436160339,0.00427344850238858
598,"PNG","Papua New Guinea",0.00118835403819457,0.00131781561481873,0.0013263473631042,0.00141528614527693,0.00143836230527043,0.00153390876489842,0.00166219534468891,0.00172032229667987,0.00179602362014588,0.00203248697519684,0.00160843296163207,0.0012130414503064,0.000936371298105204,0.000659356037277267,0.000470846766455145,0.000791053804316453,0.00116456070390892,0.00150157930871849,0.00182729286639995,0.00212745231391007,0.0022588745192061,0.00240722766333098,0.00254653901346348,0.00225614776921858
600,"PRY","Paraguay",0.00581105805811884,0.00514832012092253,0.00489221341107964,0.00416616609710703,0.00440236691265861,0.0038902045230557,0.00423550999774484,0.00446063808949577,0.00537893592881053,0.00560439133544182,0.00623096238073438,0.00676990304968515,0.00741782073907856,0.00785393057096927,0.00860468862059275,0.00901543916779232,0.00889791139881056,0.00884762588676672,0.00945707998628297,0.00820884881811711,0.00761756542077432,0.00727153744081201,0.00714776628157154,0.00726028507475396
604,"PER","Peru",0.00264918158054465,0.00272041982142459,0.00247049168939715,0.00226424855739914,0.00209563575759529,0.00210547191569383,0.00224633534850948,0.00209876377193528,0.00250622548447617,0.00270492586750755,0.00326753195871479,0.00380897272017741,0.00401142251834429,0.0042540705713182,0.00406771673279558,0.00427467226434181,0.00424499358418843,0.00420694558883351,0.00411031206977784,0.0039121204755759,0.00385732270140344,0.00322757069064303,0.00328508184178689,0.00361742986440524
608,"PHL","Philippines",0.00177391841063939,0.00181693149371827,0.00174821278434401,0.00165900373681063,0.00153169025899258,0.00149625484398674,0.0014533956601055,0.00132179418153502,0.00139130038159589,0.00142041194215197,0.00146529043213137,0.00161769714072951,0.00169361810147792,0.00180967627927911,0.00197861585503674,0.00216685049567696,0.00240410283684106,0.00260519551477244,0.00292581757009363,0.00314662130212407,0.00330565289252458,0.00304295396734703,0.00295522714865003,0.00293746746759181
616,"POL","Poland",0.00718109047081563,0.00563216829850918,0.00492727105076642,0.00392910390519298,0.00448333535844967,0.00424141420696478,0.00560347280733583,0.00966786191237287,0.0130659154607392,0.0148052562127718,0.0140364403345408,0.0149901954573949,0.0152315397039898,0.0137452727041115,0.0132231115651186,0.0111173738156372,0.0098048805680941,0.0107301786053283,0.0123729753777835,0.0136763925286854,0.0116729986959204,0.010528370231072,0.0124794659262706,0.011775318259595
620,"PRT","Portugal",0.0148082137013446,0.0159597628092045,0.0157331646188614,0.0169008304548202,0.0155798344637981,0.0142430457403418,0.0142604597505893,0.0109947920601178,0.00828533936839321,0.00582394673814382,0.0048027907585406,0.00284666575858952,0.0008674527666149,0.000168333301367986,0.00176862455382971,0.00394231025003825,0.00646853895506469,0.00672848250087927,0.00763287563920193,0.00720327804267117,0.00730415920210288,0.00542921537662601,0.00359454524840152,0.00269538049672082
634,"QAT","Qatar",-9999,-9999,-9999,-9999,-9999,-9999,-9999,-9999,-9999,-9999,0.0891581995041695,0.101321225915438,0.119006005378629,0.133109366681722,0.141149547399073,0.158133880594518,0.158403878274367,0.152642353387311,0.142830768688284,0.130954259166614,0.119042053440498,0.0776335111333965,0.0597932111476039,0.0608439201940878
178,"COG","Republic of Congo",0.00440315846757056,0.00491854990837833,0.00486289072467034,0.00321017623684127,0.00268890324161262,0.00208779134133333,0.00236519381070409,0.00289208185119047,0.00251132954042103,0.00255605684785738,0.00309677136824664,0.00413411022097675,0.00455835108611373,0.00379541437659186,0.00313545346330691,0.00248436863073311,0.00238853666147105,0.00263303560025163,0.00271307216133263,0.00324919491181793,0.00373121200279018,0.00450973085589026,0.0043136837756241,0.00436150110158098
642,"ROU","Romania",0,0,0,0,0.0010989494113892,0.00275176757415075,0.00464839544728015,0.00876501706359385,0.0111305324539591,0.0108713272521411,0.00669871171583413,0.00384526828994584,0.0028106399654229,0.00131149203363696,0,0,0,0.000122418112304398,0.00301424449148222,0.00547181751178148,0.00580240194025596,0.00497134331667778,0.00682220839954732,0.0068587105667337
643,"RUS","Russia",0.014447165010203,0.0128320221696202,0.0113919833176681,0.0111096153483105,0.0136858181675046,0.0161406107799079,0.0181967710428781,0.0209953864242834,0.0218483151868734,0.0227967115246597,0.0199552035106317,0.0206461795983105,0.0221056795119785,0.0229196049423162,0.0221545827222662,0.0220395060800427,0.0213094336669296,0.0218546006868708,0.0236704993910362,0.0268148410162188,0.0265184596657651,0.0246229911172064,0.0276053388037704,0.0261433000425303
646,"RWA","Rwanda",0.000180369075454004,0.000204075517063863,0.000258428073667001,0.000307262531843151,0.000360813113706356,0.000398929586474674,0.000401127111000204,0.000418464638706665,0.000449652765729947,0.00047650428909129,0.000511749079810123,0.000533610294845421,0.000517356184493626,0.000508421705832776,0.00050132503978814,0.000482657949874646,0.000523721981855064,0.000522484025933565,0.000529328665481237,0.000534368548044767,0.000545670789973211,0.000547233746890319,0.000550267607065583,0.0005469401278239
652,"BLM","Saint Barthelemy",-8888,-8888,-8888,-8888,-8888,-8888,-8888,-8888,-8888,-8888,-8888,-8888,-8888,-8888,-8888,-8888,-8888,-8888,-8888,-8888,-8888,-8888,-8888,-8888
659,"KNA","Saint Kitts and Nevis",0.00884365585809893,0.00988483482062638,0.0103306062157344,0.0112753967601444,0.0113834302885517,0.0120131680570045,0.0110190190458831,0.0101399581541278,0.0100977769461175,0.0095307045283258,0.00928040170486056,0.00882479438383665,0.00885136712028781,0.00786264898462032,0.00736594038158989,0.00763934376830031,0.00732963367733045,0.00701160688407905,0.00701116753473905,0.0073772948330625,0.00805753152014148,0.00711090384239994,0.00706930099165797,0.00634503706921181
662,"LCA","Saint Lucia",0.00640898480691222,0.00661543232454992,0.00629634895645916,0.00457964192005517,0.00488084512360015,0.00457647302686819,0.00404157894503691,0.00417977461507846,0.00283852920851189,0.00196955203949931,0.00202690512310947,0.00270588262755296,0.00270777458372861,0.00226836747058567,0.00230825221220844,0.00323324106256883,0.00372595134504454,0.00401133728886563,0.0039860879281298,0.00386835059619222,0.00407841715327074,0.00402073697345895,0.0038874019908513,0.00382112943259511
670,"VCT","Saint Vincent and the Grenadines",0.00522408245656853,0.00475211019836385,0.0051073116508925,0.00501828580521562,0.00510239077204472,0.00566974019631068,0.00583403427435996,0.00564117995007453,0.00631526251094,0.00496357282593763,0.00735926028434923,0.00533473618683814,0.00409849117483952,0.00450054519290912,0.00312384433770398,0.00422454767458042,0.0029456170102953,0.00320383924909668,0.00382078890804973,0.00329754786559283,0.00493579440747863,0.00436524613631968,0.00354085820889964,0.00373135772272687
882,"WSM","Samoa",0.00147749730695283,0.00159377037966284,0.00178642245539238,0.00185789024942692,0.00195257150400056,0.00197270038770789,0.00201759264309512,0.00201163670983117,0.00193659080303561,0.00188859918746487,0.00189371754897104,0.00197309717847441,0.00221973647529745,0.00232793623576397,0.002426677662329,0.00252565326279141,0.00288325704926875,0.00289349373440419,0.00281245735061732,0.00279078070717676,0.00242758898039946,0.00241778270934938,0.00246067844335056,0.00247670711161412
674,"SMR","San Marino",-9999,-9999,-9999,-9999,-9999,-9999,-9999,0.0115915531485117,0.0108656642949278,0.00984719355583042,0.00749020541383697,0.00699898038440947,0.00634734979589015,0.00556038577580252,0.00505520814768125,0.00527556667158413,0.00574411909244623,0.00545788710048477,0.00480881225436238,0.00414628794911128,0.00271658060352965,0.00170713895585947,0.00231719947572088,-9999
678,"STP","Sao Tome and Principe",-9999,-9999,-9999,-9999,-9999,-9999,-9999,-9999,-9999,-9999,-9999,0.000979003555324811,0.000969188452215099,0.00101595092314559,0.00103173776365863,0.00104802997782044,0.00105246199734725,0.00110931217246057,0.00115016997773283,0.00109910697949955,0.0010620907465273,0.000951754383659537,0.000933627937932273,0.000865682203929477
682,"SAU","Saudi Arabia",0.0036850813591493,0.00419957720073527,0.00651542379397463,0.0108503182107268,0.0159664697018743,0.0236809479679752,0.026648320603444,0.0309082815176844,0.0290701336507309,0.0288953504475953,0.0279158009980078,0.0305327398664161,0.0297737017161979,0.032262445835061,0.0305343253860536,0.0336681662952727,0.0365816683850229,0.0341705439924667,0.0312447637693414,0.0277532043574191,0.0228551713844426,0.0198345688482548,0.0170524740041409,0.0184953915145247
686,"SEN","Senegal",0.000752823958087744,0.000827263105140155,0.000836624140920454,0.000798345848233683,0.00075564522166755,0.000840687668652366,0.000887716601198113,0.000890235309351145,0.000853706307839973,0.000824738995780375,0.000831773276563076,0.00110830194075009,0.00129022124722934,0.00128446617023714,0.00129427870372196,0.00136269029164922,0.00145592081545022,0.00154188189565908,0.00148300874207182,0.00146562067179627,0.00147218267269851,0.00157962862547523,0.00173282460479943,0.00173130301673767
688,"SRB","Serbia",-9999,-9999,-9999,-9999,-9999,0.0219985230145228,0.0175148070432921,0.0211350578138267,0.0233913361018489,0.0251487490917116,0.0181843283575743,0.0142108235482468,0.0130995233544266,0.00942304917547857,0.00819939059493368,0.00447895617873317,0.00419292704162281,0.00677381049360369,0.00887266832983975,0.0110285919697818,0.0119985406442183,0.0126295720930555,0.0138437173000478,0.0141900798739548
690,"SYC","Seychelles",0.0150744774049277,0.018317595610049,0.0214409629905981,0.020218060417843,0.0191487568677009,0.0216971017573696,0.0195445404858254,0.0179448918141038,0.0139629369224633,0.0126606315371999,0.00746376440200586,0.00298024729885367,0,0,0,0,0,0.0029995733678847,0.00689533386213511,0.0102437626710763,0.0120581242773789,0.0125349434563021,0.0110994361875185,0.00937187600830847
694,"SLE","Sierra Leone",0.000222409169127332,0.000233585673673417,0.000222845446621762,0.000289915389711703,0.00047173461266604,0.00069478331975762,0.000883305024288087,0.00115061226316559,0.00114280856065243,0.00108729089960928,0.00102684602098336,0.000911065388347699,0.000882640881954308,0.000962732923837216,0.000992483878218904,0.00107935474666432,0.0010396316669889,0.00116239188147283,0.00114264051341481,0.00120675429262874,0.000998521907835706,0.000838339558216091,0.000725218107279763,0.000820550762205294
702,"SGP","Singapore",0.0137867693412151,0.0144236999000954,0.015087125372559,0.0120159634886008,0.0128789638350495,0.0147757137546927,0.00704282584837008,0.00625150626740395,0.0090307726963637,0.0128653657933981,0.0288352209184532,0.0252411136241058,0.0158345823429602,0.016511892121746,0.0191939251756848,0.0201738334298493,0.020107322054873,0.00916999055341442,0.00385128310351428,0.000989766339296533,0.00900738509744114,0.00992597631699595,0.00380022468968137,0.00263449541981125
534,"SXM","Sint Maarten",-8888,-8888,-8888,-8888,-8888,-8888,-8888,-8888,-8888,-8888,-8888,-8888,-8888,-8888,-8888,-8888,-8888,-8888,-8888,-8888,-8888,-8888,-8888,-8888
703,"SVK","Slovakia",-9999,-9999,0.00636964567786143,0.00751156299976579,0.00846161219752941,0.00867097936899667,0.00942926858462972,0.0105287820360687,0.0102218908837959,0.0107706395605862,0.00848572553904254,0.00767244625344679,0.0067557740284411,0.00551394964713594,0.00512723702463921,0.00380211829593218,0.00423472242688975,0.00568221877001973,0.00726844181918491,0.00870066630266009,0.0075507531937182,0.00680835312360556,0.0086574522331855,0.0086415101412542
705,"SVN","Slovenia",-9999,-9999,-9999,-9999,-9999,0.0126172882278299,0.0131226418841499,0.0137416079634553,0.0148547965136532,0.0158210234900125,0.0129243205624851,0.0105302244002134,0.00901238034939778,0.00727364982674064,0.0054030931550405,0.0028976739455424,0.00230663560736597,0.00307308895360018,0.00201532483413424,0.00432606676769667,0.00437517843709121,0.0034262574201089,0.00440045838652415,0.00486276486881334
90,"SLB","Solomon Islands",0.000573584752583501,0.000568494212844212,0.000568779437560277,0.00057047015103034,0.000583694438589864,0.000623875795774568,0.000659590334748644,0.000692271845067381,0.000728167151687957,0.000763129855359622,0.000781662774206052,0.000798198816368518,0.000817512893118923,0.000817422006308802,0.000855582092193435,0.000777623513632366,0.000654775542602036,0.000558935439409111,0.000480411408642438,0.000441380858718282,0.00045560916050378,0.0004705035563818,0.000529711555821738,0.00059292414188869
706,"SOM","Somalia",-9999,-9999,-9999,-9999,-9999,-9999,-9999,-9999,-9999,-9999,-9999,-9999,-9999,-9999,-9999,-9999,-9999,-9999,-9999,-9999,-9999,-9999,-9999,0.00119131154392104
710,"ZAF","South Africa",0.0112374650365662,0.0123274802539023,0.0116199794577569,0.0100807692709842,0.0104016231856017,0.0117433172771283,0.0117498564235087,0.0128705528923988,0.0144001500338444,0.0159166185462779,0.0162228597490737,0.015041533426282,0.0134641537967672,0.0107269929551408,0.00881672077160466,0.00898463041418778,0.00694685653920998,0.0063035999738896,0.00648685248005744,0.00678790831540236,0.008343366066531,0.00689954540022608,0.00671859139608779,0.00541883766631878
410,"KOR","South Korea",0.0240440141877779,0.0248100178720857,0.0234926824213993,0.0223256641923039,0.0207834479794188,0.020282465355579,0.0188131561825354,0.0183333092491841,0.0202586415959313,0.0188568995991353,0.0177535728477677,0.0213999259115408,0.0241119359302229,0.0257765707937975,0.0266660531823645,0.0272831078515609,0.0264396828209342,0.0261307345672275,0.025338533619562,0.0246397888100911,0.0212443336402577,0.017377062682846,0.0165703649538368,0.0148849193332875
728,"SSD","South Sudan",-9999,-9999,-9999,-9999,-9999,-9999,-9999,-9999,-9999,-9999,-9999,-9999,-9999,-9999,-9999,-9999,-9999,-9999,-9999,-9999,-9999,0.00400060531622198,0.0043093650094548,0.00414134076512292
724,"ESP","Spain",0.0128096169204128,0.014395978569011,0.0154369308340525,0.0170727402230855,0.0174673504684912,0.0183886554408167,0.0189709360885489,0.0179293740465767,0.0177243751939136,0.0150411558615844,0.011148467838481,0.00789150866449355,0.00516123505216649,0.00298317453400653,0.00146973081818839,0.00300869064578328,0.00539697657295178,0.00468173294381487,0.00555842384652998,0.00627961527387571,0.00628213651392734,0.00441864724226694,0.00469556286317601,0.00535821347042854
144,"LKA","Sri Lanka",0.00158812373026695,0.0017524843570773,0.0017339268819254,0.00183911345919808,0.00185254058050706,0.00195457939887452,0.0020313219658832,0.00201408374742674,0.00197547608422079,0.00193564958800711,0.00190316048261562,0.00197882122179391,0.00218657351235504,0.00241015929622774,0.00231960283715281,0.00257388330612251,0.00301334043925042,0.00341997135882484,0.00341484637632598,0.00337998087737931,0.00345432336517342,0.00336173894004958,0.00315036977639258,0.00258454841972032
275,"PSE","State of Palestine",-8888,-8888,-8888,-8888,-8888,-8888,-8888,-8888,-8888,-8888,-8888,-8888,-8888,-8888,-8888,-8888,-8888,-8888,-8888,-8888,-8888,-8888,-8888,-8888
729,"SDN","Sudan",0.00192223749260223,0.00196951691767904,0.0019416435838119,0.00197340653848477,0.00201297563564323,0.00210245130424888,0.0021257680515084,0.00209735696555188,0.00211887371266026,0.0020665600193762,0.0020151987019631,0.00192768847417152,0.00173107781482144,0.00170793989984496,0.00174125650767599,0.00176643278216499,0.00189182879266156,0.00193531136879756,0.00204093588234422,0.00212732222541195,0.00215692764017432,0.00212504776597046,0.00201550260638315,0.00198871534940399
740,"SUR","Suriname",0.00547315180476655,0.00445805371427526,0.00482034294613842,0.00180675320116714,0.000603536436006713,0,0,6.24033779454885e-05,0.000544086546696539,0.00224767807805881,0.0040689169784162,0.00715465798005331,0.00939957358007498,0.0109032488550412,0.0117632292903634,0.0123367832941493,0.0115530227034549,0.00950297590519005,0.00822722574314303,0.00814499884659369,0.00782744706015467,0.00634188148780598,0.00686071552456472,0.0076106636975069
752,"SWE","Sweden",0.0070351870010725,0.0064602246858511,0.00625089281316761,0.00717150336101978,0.00688045944073501,0.00739039059602307,0.00786663596683966,0.00883895162190115,0.00855948404326273,0.00826261886689606,0.00595479857992924,0.00633161943335673,0.00570663572767903,0.00491530235511678,0.00379043715825065,0.00295071044598661,0.00109756054514875,0.00217148288211935,0.00182857537469236,0.00180031696192405,0.00136763556358026,0.0016490176106812,0.00215294721323638,0.00230062370292152
756,"CHE","Switzerland",0.00408116967342652,0.00391713976230058,0.0051020758779728,0.0052961818473777,0.0051760919656052,0.00530321392548766,0.00536627525599536,0.00547415925633418,0.00475638935101625,0.00523110353220282,0.00543371904749113,0.0045678753380592,0.00416296902308667,0.0039513443599789,0.0043155672943112,0.00325311363988172,0.00310927681791255,0.0028573763777261,0.0024310779713852,0.00218253784219136,0.0026350190989944,0.00160435299104158,0.00117019860202279,0.000951485965643472
760,"SYR","Syria",-8888,-8888,-8888,-8888,-8888,-8888,-8888,-8888,-8888,-8888,-8888,-8888,-8888,-8888,-8888,-8888,-8888,-8888,-8888,-8888,-8888,-8888,-8888,-8888
158,"TWN","Taiwan",-8888,-8888,-8888,-8888,-8888,-8888,-8888,-8888,-8888,-8888,-8888,-8888,-8888,-8888,-8888,-8888,-8888,-8888,-8888,-8888,-8888,-8888,-8888,-8888
762,"TJK","Tajikistan",0.000424973442334722,0.000492487742397614,0.000344736624463292,0.000474319709252357,0.000521021418671803,0.000912508808712144,0.00105262730742139,0.00128465585862588,0.00157800196720454,0.00143450348108032,0.001254582855222,0.00112310014629292,0.000846777658926528,0.000806248354211453,0.000565887725522931,0.000862920627710276,0.00112173984803943,0.00161211170157575,0.00237119023816626,0.00255165988731312,0.00267371688576954,0.00262449391226512,0.00246841120507078,0.00229612818832599
834,"TZA","Tanzania",0.0006364537024557,0.000619552286489301,0.000635541874813609,0.000714504887348398,0.00082141889866759,0.000844010332939575,0.000964755975324771,0.000940329205956361,0.000940267359857924,0.000975255249609156,0.000980989510334505,0.000994975129276491,0.00100214113254475,0.00105491537528244,0.00117050511754891,0.00121043371247571,0.0013164751709208,0.00131092192396285,0.00125668884282391,0.00120485456842608,0.00116244024451332,0.00114860216716117,0.00114303358345297,0.00117020047688711
764,"THA","Thailand",0.00908945617220207,0.00849844274332838,0.00830577546404574,0.00815995132671439,0.00835239700308236,0.00885900105140807,0.00949555849523459,0.0101946688526999,0.0112453327704119,0.0109365752507635,0.0111135298476999,0.0114482850498863,0.0110552541470951,0.0113171201775003,0.0116127575189091,0.0112329805596624,0.0107530229493536,0.0102318287419069,0.0098963227504741,0.00917260962135599,0.008323860627911,0.00762213486499019,0.00680579136932262,0.00677797138632671
626,"TLS","Timor-Leste",-9999,-9999,-9999,-9999,-9999,-9999,-9999,-9999,-9999,-9999,0.00876152022357376,0.00853373662261946,0.00804015405386417,0.00755647222131798,0.00647564279324168,0.00413427205074668,0.00222369763788782,0.00075852331666915,0,0,0,0,0,0
768,"TGO","Togo",0.000732142325382226,0.000773088628963963,0.00075112875529921,0.000789302882494622,0.000875823486276581,0.000835330203403469,0.000935544278242971,0.000851767886258039,0.000724597262116672,0.000727895119689153,0.000992260257038082,0.00105080006957435,0.00110821515135599,0.00104130678413862,0.00108032619196571,0.0010350119559465,0.00121397006137035,0.00126812077401897,0.00120614510162593,0.00121446599019432,0.00133727127311174,0.00143456990384705,0.00157439553244405,0.00159924175407231
776,"TON","Tonga",0.00226960263715455,0.00206684771125236,0.00204655293649007,0.00206915732289556,0.00241945397969021,0.00253726855909062,0.0027071581195841,0.00283248410952735,0.00269147009820053,0.00263991760623957,0.00297932110589607,0.00267044675753535,0.00201436237782666,0.00174551841909282,0.00178456696513622,0.00168558046842977,0.00179036819711691,0.00218102371014392,0.00284626003221393,0.00337345881755255,0.0041673661592107,0.00454092801514862,0.00461666981878222,-9999
780,"TTO","Trinidad and Tobago",0.0553393861572431,0.0623230915208488,0.0728203049742085,0.0834579969425165,0.0965991269014368,0.105951156780815,0.12549566712325,0.148382611997934,0.159074023823135,0.158104672336863,0.154218336057392,0.149169899391317,0.134533141403538,0.108946988881992,0.0836017237198915,0.0612554429809824,0.0453582467854708,0.0275458140057372,0.0218685433933568,0.015024166516645,0.0102871220896087,0.0111759644287927,0.0286858383301432,0.0341062141628442
788,"TUN","Tunisia",0.00360630909262832,0.00378454217079862,0.00416829426572955,0.00426856865103502,0.0044405427766315,0.00455538593485065,0.00449181960180251,0.00453632892937523,0.00452643845689855,0.00472967721120658,0.00473805463400231,0.00519942165871235,0.00495406563963336,0.00510490510738767,0.00478640336144283,0.00469221185090856,0.00466122582556484,0.00429228581633701,0.00396987289551642,0.00307027642630407,0.00240242792744477,0.00164562442856681,0.0019640729676991,0.00219900826658726
792,"TUR","Turkiye",0.00553806337770479,0.0061059256542348,0.00557662967229032,0.0053793657199615,0.00532697850562255,0.00492559536557101,0.0048399335789114,0.0055802068678896,0.00665998765378644,0.00722513684735306,0.007561062127115,0.00845151489341723,0.00911538507246698,0.00975990557175043,0.00987701385615351,0.0101854868633633,0.0100093280362025,0.0104953290355164,0.0117094175977028,0.0118214109768463,0.0111702417205148,0.0104221999810234,0.0108903304970711,0.0107728840480898
795,"TKM","Turkmenistan",0.00672264441371306,0.00796613038599166,0.011709624710837,0.016196849450106,0.0223044928718216,0.0264071866071364,0.029244402321501,0.0309011035964018,0.0309069147379181,0.030158240979737,0.0229125192690226,0.0213612399520131,0.0218503683643553,0.0221557899929547,0.0251848280735263,0.027140489495283,0.0291217936511954,0.0289528290615776,0.0292650495016274,0.0321356871709789,0.0282778446830431,0.0313765377984826,-9999,-9999
796,"TCA","Turks and Caicos Islands",-9999,-9999,-9999,-9999,-9999,-9999,-9999,-9999,-9999,-9999,-9999,-9999,-9999,-9999,-9999,-9999,-9999,-9999,-9999,-9999,-9999,0.00798314077309556,0.00723680950620363,0.00654254235918248
798,"TUV","Tuvalu",0.00141526060697812,0.00134321724550019,0.00136271449641369,0.00212461497879407,0.00246086039411602,0.00271461660737264,0.0028612409768719,0.00220098200994121,0.00253239178554144,0.00249307193500366,0.00237525010149944,0.00144264361883921,0.000930205246843827,0.00147743511201712,0.00166527719095428,0.00196439578588091,0.00225687088124451,0.00203111415418281,0.00222305319488122,0.00249360110835094,0.00290450262981033,0.00270504533641616,0.00243105255262488,0.00250918678878712
800,"UGA","Uganda",0.000420857621563001,0.000430724644590097,0.000440662495204661,0.000458867467713331,0.000513083226133376,0.000520466227450065,0.000575857889824218,0.000550151667128221,0.000612602764945848,0.000822589975402952,0.000914304874333854,0.00102115420385458,0.00105984733563802,0.00109705550203271,0.00109729107292861,0.00107676341897371,0.00106794041118609,0.000968401394787069,0.000885960282504174,0.000904833628118756,0.000897835143134338,0.000916179875626637,0.000937077430807133,0.00097715955106491
804,"UKR","Ukraine",0.0119700392472583,0.00750191502229895,0.00277565420191289,0,0.00358731288982541,0.00481578153549254,0.00936943843943506,0.0118929366835707,0.0118559049442695,0.0105070035163543,0.00508820089923449,0.00545134607344115,0.00407174486466032,0.00366487281724822,0.00371809044508829,0.00253175798053053,0.00452902977654048,0.00661885369953449,0.00604259405180871,0.00665611175008588,0.00313357294854909,0.00246624422984699,0.000157335882991246,0
784,"ARE","United Arab Emirates",0.0201321857233457,0.026578578097758,0.0267503691972875,0.0226717327998928,0.0262362159100731,0.028581683955159,0.0297422409323805,0.0317664468992022,0.0337797612208326,0.0383037784016397,0.0405365375687081,0.0431673773690795,0.0468021326844786,0.0550385639174548,0.0600731575522333,0.06045802503571,0.0647512805269397,0.061465335467411,0.0481610004038217,0.0391389617966285,0.0324711718916176,0.0205526047553823,0.0147310046292122,0.0184832857660966
826,"GBR","United Kingdom",0.00708992088668454,0.00705463098764121,0.0075534091113653,0.0071898883135417,0.00719850288465137,0.00713705722402127,0.00714951233634635,0.0074225925183457,0.00692333338448456,0.00649033258303807,0.0041644132061462,0.00388612699334213,0.00206618992513044,0.00181279337366467,0.00161689458398951,0.000753162056881944,0.000528551657314252,0.000128945417319006,0.000124123492044163,0.000533206419999627,0,0,0,0
840,"USA","United States of America",0.0250601039795515,0.0261328816833181,0.0248702771579177,0.0239864341480076,0.0232766899097819,0.023031225998195,0.0223742538176482,0.0212076406363231,0.0212331411231029,0.0196253799236332,0.0162784582808471,0.0156539444878822,0.013647850075647,0.011106632681527,0.0105070717146147,0.0110517938687902,0.0113218233077028,0.0110951134117061,0.0122965290708901,0.0147956957267704,0.0145757283799478,0.0111149622579046,0.011469896483766,0.011355858083724
858,"URY","Uruguay",0.014202004583507,0.0114148959154582,0.00982806968097978,0.00950104074857254,0.00976001236946625,0.0108568223922334,0.0116428889422279,0.014382129064692,0.0151404507788049,0.0190125039910069,0.0209327751676246,0.0190906583774495,0.0185558381689204,0.0177748390865898,0.0158128324025744,0.0151237684849985,0.0143566940892345,0.0143210906044573,0.0126998306391988,0.014927461049857,0.016312692238586,0.0150949529077763,0.0155466989766487,0.0165556144064766
860,"UZB","Uzbekistan",0.00392930964801738,0.00476063368603995,0.00580093829739162,0.00661955528134245,0.00683998159229648,0.00670361904990946,0.00615936203727537,0.00594322583520447,0.00526603254241465,0.00552844322734864,0.00416204202879979,0.00343722971835277,0.00350810933786868,0.00401319133045729,0.00400462891047618,0.0035488038590544,0.00326444299828936,0.00359738873247439,0.00401378934785545,0.00516354309416858,0.00523880389450183,0.0051158933959698,0.00551462966630123,0.00648411683588337
548,"VUT","Vanuatu",0.00155739243106964,0.00136664605670719,0.00112898419716299,0.000948665969960997,0.00092367282461788,0.000789514040200997,0.000766729994498946,0.000786354949802571,0.0013886502026873,0.00172400714597314,0.00198372173548324,0.00218688921651828,0.00234196041620281,0.00229263930093531,0.00221531558299919,0.00223534800270114,0.00174216478738927,0.000977496070652619,0.000762632074617377,0.000596302169974708,0.000354154556678723,0.0001886721377598,0.000233843166640923,0.000249159147697779
862,"VEN","Venezuela",0.0146188918999944,0.0140540306071517,0.0152936051100003,0.0158936904105074,0.0157825414063483,0.0124617370466681,0.0112972624861998,0.00882413297062726,0.0064143934235981,0.0074814994731091,0.00788829368336391,0.00760698321701003,0.00702472505872274,0.00974171689634499,0.0104940573050212,0.00977540181373212,0.00821755198162185,0.00659186941987518,0.00504721042391195,0.00411445440655463,0.00372251453832069,0.00415917759530004,0.00448084205717959,0.00489877343394086
704,"VNM","Viet Nam",0.00307496364839894,0.00325613529667462,0.00338970015352607,0.00358609998355319,0.00379062593939452,0.00427945237877857,0.00454741183638125,0.00471095754244459,0.00483175050278902,0.00498822750260644,0.00525747376580265,0.0054963923171718,0.0056425050760932,0.00533945534465613,0.00525789530644486,0.00559354506059904,0.00618968110071817,0.00616099585807464,0.00600649360671604,0.00665406446926494,0.00787779309678817,0.00847271592196167,0.00870884077547546,0.00826808755992551
876,"WLF","Wallis and Futuna Islands",-8888,-8888,-8888,-8888,-8888,-8888,-8888,-8888,-8888,-8888,-8888,-8888,-8888,-8888,-8888,-8888,-8888,-8888,-8888,-8888,-8888,-8888,-8888,-8888
732,"ESH","Western Sahara",-8888,-8888,-8888,-8888,-8888,-8888,-8888,-8888,-8888,-8888,-8888,-8888,-8888,-8888,-8888,-8888,-8888,-8888,-8888,-8888,-8888,-8888,-8888,-8888
887,"YEM","Yemen",0.00107922267140303,0.00126479933043374,0.00139713961832077,0.00143603869760392,0.0015691691129863,0.00168107341735227,0.00183693835880634,0.00207318308662862,0.00214623380982574,0.00208367936086689,0.00217922194841133,0.00217443460683813,0.00188637335548619,0.00139901460271305,0.00155027051460524,0.00139266774071568,0.000592453130528922,0.000444665987329877,0.000469638997668122,0.000548318688077542,0.00053611593982266,0.000461940478234928,0.000417524620140882,0.000281880270270966
894,"ZMB","Zambia",0.000706906835859157,0.000633616062742819,0.000647130539598686,0.000809970273646817,0.00106773517826006,0.0012256961972618,0.00141272288854612,0.00127190935117965,0.00123248064823917,0.00126431963847627,0.00113244621635568,0.0011216746577038,0.000979791854817198,0.0011526044543376,0.00134641268443585,0.00147159193264558,0.00165530914432949,0.00165976273205033,0.00165920802963058,0.00162963216249277,0.00154680447315261,0.0014226510393667,0.00128782725269766,0.00135608599830566
716,"ZWE","Zimbabwe",0.00140069885199267,0.00133506911110693,0.00121343626877663,0.00108838628914352,0.000846914020131801,0.000915156334337914,0.000912084401633506,0.000957116950894146,0.000947408469510075,0.000864172933918425,0.000815592406743991,0.000904374251470939,0.0010791287613653,0.000997215303082161,0.00135562130586676,0.00142444215181304,0.0017263038805845,0.00161616528389506,0.00158360507197883,0.00149312085016521,0.00121702726406329,0.000947068149276764,0.00105841821332566,0.000946693119781479
