"code","iso","country","PPD.raw.2001","PPD.raw.2002","PPD.raw.2003","PPD.raw.2004","PPD.raw.2005","PPD.raw.2006","PPD.raw.2007","PPD.raw.2008","PPD.raw.2009","PPD.raw.2010","PPD.raw.2011","PPD.raw.2012","PPD.raw.2013","PPD.raw.2014","PPD.raw.2015","PPD.raw.2016","PPD.raw.2017","PPD.raw.2018","PPD.raw.2019","PPD.raw.2020","PPD.raw.2021","PPD.raw.2022"
4,"AFG","Afghanistan",0,0,0,0,0,0,0,0,0,0,0,0,0,0,NA,NA,NA,0,0,0,0,0
8,"ALB","Albania",0.000311555380517925,0.00104502515179575,0.00662734549317026,0.000969279690979652,0.000501856211352153,0.00138795496507764,0.000300220349015073,6.37154854354406e-05,0.00208566997507903,0.00434140996761028,0.000391083831929683,0.00153942166278778,0.000339084653519552,0.00474927093232238,0.00552999968597647,0.00137668364715099,0.00419628236871339,0.00218325588426661,0.00302984791430651,0.0011954547554727,0.00151690702671174,0.00158024397947535
12,"DZA","Algeria",0.079794383671506,0.0501759233880035,0.00885199172642245,0.0138665369952841,0.00282038462363039,0.00718256521817558,0.00267889163039793,0.0123058773337285,0.0214096900655383,0.00524154660697287,0.00273390177395629,0.00339544549018174,0.00837977016556134,0.0052590345196499,0.00512180886428523,0.00384176953150201,0.0013001123506285,0.00439299227475093,0.0116678985013348,0.00391438746942752,0.0124151582708993,0.00414001074194212
20,"AND","Andorra",0,0,0,0,0,0,0,0,0,0,0,0,0,0,0,0,0,0,0,0,0,0
24,"AGO","Angola",0.000293247873678061,2.48077609672587e-05,8.67611030187769e-05,0.00016043468883154,4.14905466309282e-05,4.68824154454154e-05,0.000247405344197521,5.90983543337678e-05,4.36221486535959e-05,8.70050358427285e-05,0.00096688103728098,0.000394059776597356,0.0107638020650707,0.0253834003562602,0.0180664949274943,0.0020395033470978,0.00731979127960338,0.000575296192314345,3.97707381010166e-05,5.17199655996898e-05,0.000596350849113843,0.00158985408419791
660,"AIA","Anguilla",0,0,0,0,0,0,0,0,0,0,0,0,0,0,NA,NA,0,0,NA,0,0,0
28,"ATG","Antigua and Barbuda",0,0,0,0,0,0,0,0,0,0,0,0,0,0,0,0,0,0,0,0,0,0
32,"ARG","Argentina",0.342991569869446,0.387457760893011,0.486881145968321,0.548470774067682,0.502286830333596,0.437842217823376,0.537039274736064,0.522262661816387,0.481768212013446,0.549748422743893,0.586210110317647,0.520897315225752,0.439595198407754,0.470473010130674,0.479643939466547,0.45674492939134,0.436797378286102,0.504186496263481,0.494311831341823,0.457138410294187,0.461904125864497,0.474133709045687
51,"ARM","Armenia",0,0,0,0,0,0,0,0,0,0,0,0,0,0,0,0,0,0,0,0,0,0
533,"ABW","Aruba",NA,0,0,NA,NA,0,NA,NA,0,NA,NA,0,NA,NA,NA,NA,NA,0,NA,NA,NA,NA
36,"AUS","Australia",0.00112743453976862,0.00143142950249015,0.00162180895394433,0.0054817812377779,0.0040312226669481,0.00444851230723941,0.00358964338521419,0.00343000751679311,0.0027040966603367,0.00133920553443964,0.00276230337370084,0.00349785340848284,0.00188830576795045,0.00109879288454308,0.00110648211545633,0.011393155341916,0.00207435649818487,0.00103374498811678,0.000415694777218908,0.000232267598885361,0.000691842953963194,0.0038991594787749
40,"AUT","Austria",0.000895676179469087,0.00109564594590898,0.000525138458089506,0.000517079487170434,0.000582588168964266,0.000139692500010123,0.000457246998135276,0.00072840484061191,0.000898235249435945,0.000417579958268856,0.000214322822069385,0.000152941439088513,0.000649397656728451,0.000571177556662227,0.000755551643851437,0.000273409250705049,0.000410200794260569,0.000204440847941412,0.000342774312124317,0.000115618138613863,0.000164605574678457,0.000169182199744325
31,"AZE","Azerbaijan",0.00472432477115173,0.0830649642573362,0.0371945387520101,0.0895843738333492,0.0609898976280781,0.150138029180565,0.088468338663124,0.0979596530178092,0.11154273306912,0.0463990204667067,0.088921177714994,0.0287060012855616,0.0317287948076566,0.0343027719826465,0.0370657969067183,0.00919391111563608,0.0808777203662307,0.488524860497904,0.0390462756511059,0.248211912216477,0.282980416020467,0.0151961374120341
44,"BHS","Bahamas",0.0386048738332539,0.0119559948919846,0.0211716103453769,0.0337641324827471,0.0256197916197341,0.169429392383882,0.0678443742110445,0.0531809292316404,0.0538439395523282,0.031196597525345,0.266963067602428,0.134562304375579,0.177421990757191,0.298160988778077,0.377987313398184,0.128427538436115,0.336807345832128,0.419314764117364,0.110943969129204,0.067331446465436,0.203246023137331,0.243142784588356
48,"BHR","Bahrain",NA,NA,NA,NA,NA,NA,NA,NA,NA,NA,NA,NA,NA,NA,NA,NA,NA,NA,NA,NA,NA,NA
50,"BGD","Bangladesh",0.0368805289379944,0.0523952008612577,0.0604516248652065,0.0458151694316477,0.0810651791860716,0.059189293321551,0.0388934924781055,0.0498333559014429,0.0465402717941062,0.058957486050202,0.0588027822537497,0.0525832999264515,0.0618981504706835,0.0722642136465035,0.0893218595539488,0.0739252606306527,0.0702183395581488,0.0670607570210145,0.0775120951845453,0.0774481051250041,0.0723818637952122,0.0700379355988118
52,"BRB","Barbados",0.424294739792608,0.269794814695333,0.250111841881032,0.0630780343067056,0.204768052597946,0.254586511140917,0.14459115011753,0.25688586023602,0.158240996642309,0.180315230375043,0.0744012033611627,0.0591819885475959,0.154973442937624,0.0689821251542422,0,0.261859786448834,0,0,0.00139688722304812,0,0.126117832691724,0.0142885952295129
112,"BLR","Belarus",0.000279700279549273,0.0010020392847312,8.45795844449613e-05,0.000221030837490497,0.000544729530569613,0.00105630801426226,0.000561598235319204,0.000569165270341621,0.000610713847515787,0.00112638510713371,0.00051491830721994,0.000792357843455447,0.000322617997532209,0.000392064909289631,0.000741479707184033,0.00135948924838399,0.00166726298706172,0.000121970342439711,0.000207080479752271,0.000270809948244667,7.41523264531732e-05,0.000302638692535691
56,"BEL","Belgium",0.000201744831947827,0.000772156541003729,5.18300108315489e-05,0.00056253059506657,0.000938830539497791,0.00245272625717289,0.000810935496833048,0.000686387123805846,0.00149646767861522,0.00134823477588296,0.00101646601125805,0.000295765492891165,0.000355026602713963,0.000485705926986797,0.00186322061263766,0.00155347665112612,0.00148104782508197,0.00104758927664235,0.00257487373799365,0.00122346086032449,0.000750693762520679,8.11273926834334e-05
84,"BLZ","Belize",0.0764530402886999,0.106009113605596,0.103558092580434,0.199456267609919,0.075083483091027,0.125168832599716,0.0467105084848585,0.197980443720108,0.173755324685988,0.161327996799048,0.291479848969012,0.319412238915698,0.216894876524776,0.356476854436911,0.305180037893654,0.17828504249907,0.184601623075194,0.196843800918119,0.205814579610226,0.124084137806209,0.178495035887086,0.288565458039906
204,"BEN","Benin",0.0182511662055165,0.0372947902470704,0.0300219881090423,0.0424903678399675,0.0172004913053186,0.060998710085106,0.0327781123251186,0.145103655299312,0.0212771464109552,0.084219724959213,0.0635312969836782,0.0407135962023595,0.0561916024677342,0.0616788779008761,0.05174648542285,0.0488487238504087,0.023221380405614,0.0199664629973354,0.0339320519513404,0.0202802394497795,0.0121958824707465,0.0122835701634267
60,"BMU","Bermuda",0,0,0,0,0,0,NA,0,0,0,0,0,0,0,NA,NA,NA,NA,NA,NA,NA,NA
64,"BTN","Bhutan",0.305583303515477,0.221751378240182,0.134871606539923,0.261251810142872,0.120767392263966,0.195926314811419,0.217511235243634,0.279832993194999,0.274414943934765,0.128200262016656,0.316217602070061,0.330477575106517,0.363476688523378,0.387865620063922,0.336420447727858,0.211990041167418,0.252274537834333,0.18765458869605,0.253583935534004,0.270918852530101,0.208880609202954,0.273737909784987
68,"BOL","Bolivia",0.410878164803318,0.487194444297618,0.453162388402462,0.519280376459292,0.5035585169583,0.561243353144067,0.540768464888762,0.624929241111715,0.575426443671572,0.530285678460233,0.528860910333263,0.485509002378228,0.531419093281774,0.517594878813633,0.670852915017216,0.66279110903148,0.661156246215433,0.74442344054365,0.814685620055167,0.500030289158135,0.653942333225671,0.715108052093903
70,"BIH","Bosnia and Herzegovina",0.00078314488100291,0.000805521651661563,0.00072539529147839,0.000162503287721331,0.000972687415773705,0.00166545073761195,0.00176856512153286,0.00165385661846257,0.00159279178704552,0.0022666816755418,0.00045985597365458,0.00032099799664985,0.000130060811310662,0.000998007021541327,0.00672785723809787,0.00130581880407524,0.00166673369434487,0.00162758615335018,0.00181086709556318,0.00069729389322464,0,8.15092808878862e-05
72,"BWA","Botswana",0,0,0,0,0,0,0,0,0,0,0,0,0,0,0,0,0,0,0,0,0,0
76,"BRA","Brazil",0.428443564271059,0.478865663886492,0.531284035550151,0.560220151882179,0.492686846090443,0.460212053370668,0.462733796255218,0.439015443980006,0.421695737393852,0.43447363931763,0.466382422803057,0.456251590502532,0.392971847680872,0.42816591115272,0.466133783008509,0.406157729621759,0.479339417117363,0.470909361218111,0.503385599228305,0.567786822287436,0.564610291936371,0.602125061482039
92,"VGB","British Virgin Islands",0,0,0,0,0,0,0,0,0,0,0,0,0,0,NA,0,0,0,0,0,0,0
96,"BRN","Brunei Darussalam",0.707038046591632,0.65033177589161,0.750466810186271,0.739973333653504,0.704643019335862,0.735878715466512,0.740591606843852,0.813519995500752,0.877279628697134,0.691318107250334,0.796385368153078,0.717766045312322,0.839621152998807,0.707103448530584,0.649092455419075,0.786986930994821,0.771904245287082,0.646429342610518,0.732052024935741,0.783496162663375,0.829452957435248,0.813227834113057
100,"BGR","Bulgaria",0.00169981508876423,0.000111850162441031,0,1.41081953474992e-05,0,0,6.6356422869865e-05,0.00402194028825898,0,0,5.19196994416317e-05,0,0,0,0,0,3.74544486450481e-05,3.54583913063419e-05,0,0.000216359084331597,0.000129358726929795,0
854,"BFA","Burkina Faso",0.0482262642637732,0.0175291334933316,0,0.0262727702275025,0,0.0634972023177014,0,0.0475634921868085,0,0,0.00983553563600317,0,0,NA,NA,NA,NA,NA,0,NA,NA,NA
108,"BDI","Burundi",0.0666044056414522,0.0252910103196836,0.0545348890398494,0.0246471880688941,0.0980533908367859,0.0451599311653725,0.0465739677360041,0.04156092741531,0.0325375346905083,0.0409677643492078,0.0525295540909741,0.028652283863745,0.0715186717929598,0.0630985812239278,0.0772566979726779,0.127588478289471,0.0622988133234279,0.128240894741905,0.133172116498619,0.102121830932121,0.0846340725890651,0.0680273696860522
132,"CPV","Cabo Verde",0,0,0,0,0,0,0,0,0,0,0,0,0,0,NA,NA,NA,0,0,0,NA,NA
116,"KHM","Cambodia",0.847132543301081,0.928761570832022,0.918991530780111,0.925905771917628,0.934374649995504,0.895353239969643,0.908750067122712,0.932338739888891,0.919743209982165,0.944376452138607,0.957078231695085,0.946260629747135,0.973572670282581,0.958359708173012,0.946412676874006,0.940244591643329,0.910834210950225,0.931184504785863,0.928047605580531,0.920761076262748,0.911479151994747,0.904330063612631
120,"CMR","Cameroon",0.0297063815369858,0.00701248247054311,0.0314193027537579,0.00672657267145755,0.020797599634795,0.0198088755226707,0.023905831524841,0.01679591854635,0.0108516519371671,0.0253482885614472,0.0277530087043625,0.0198451570873436,0.0134582695341945,0.014624281020058,0.013314898820679,0.0115027991826771,0.0159835417733608,0.0185460270994599,0.00862536881706036,0.00671229250642362,0.0225732167404061,0.0260264123469297
124,"CAN","Canada",0.0035480586838431,0.00291199332085592,0.00315656891342475,0.00183530275978635,0.00185245138608662,0.00222426911217135,0.00137700877240218,0.00168541044532278,0.00237876614115157,0.00183185909230361,0.00124784371307016,0.00269530733076507,0.00164246291108627,0.00199816554613179,0.0012025448637336,0.00322093732422231,0.00220961063481129,0.00275579353130023,0.0030211350059595,0.00491655812101936,0.00396783066894912,0.00235713205138934
136,"CYM","Cayman Islands",0,0,0,0,0,0,0,0,0,0,0,0,0,0,0,0,0,0,0,0,0,0
140,"CAF","Central African Republic",0.00729350691828604,0.00274707534939495,0.00900422371112858,0.00702471566816861,0.00684572255647487,0.00184187440944653,0.0149962103506441,0.00136207720565054,0.00815817864228691,0.00492116439180425,0.00243180886700639,0.00328295511046921,0.00421432498936111,0.00497118672369157,0.00459301381831591,0.00438471056975514,0.00392741376363048,0.00213522930846679,0.00425255228110373,0.00337040797791196,0.00222727727157272,0.00317750955615898
148,"TCD","Chad",0,0,0,0,0,0,0,0,0,0,0,0,0,0,0,0,0,0,0,0,0,0
152,"CHL","Chile",0.00923258234144944,0.0103449321906252,0.014502864470506,0.0100936789118914,0.00877872669997263,0.0118737458270526,0.0212785159027201,0.069015627193344,0.0471491353051837,0.0333950748959456,0.0260199995718324,0.0618592394941793,0.00471061771965535,0.0143790792035431,0.0201164273169182,0.0110857872761631,0.00451578468603658,0.00911060754159651,0.0298870502839191,0.0251838734787589,0.00517587621512461,0.00415429942938631
156,"CHN","China",0.0113158384812707,0.0103029441587482,0.00999687912794238,0.0101149191733343,0.0127680955126228,0.0108535031836691,0.0120430089939911,0.0169048361620072,0.0179838151771708,0.0141090226148326,0.0142904327274059,0.017264634468236,0.0162636031799207,0.015231959646403,0.0129564287227676,0.0136464057707088,0.0139709406381371,0.0115041270840178,0.0201023241654999,0.0156662813044148,0.0132169128766863,0.0107700161095864
170,"COL","Colombia",0.132203651463703,0.19727177237991,0.121649928651921,0.18762889966048,0.178007360117024,0.163025432243538,0.239162898681846,0.239059911481641,0.157203331706387,0.177644434329316,0.253863229855102,0.162744729712365,0.272418202251116,0.278763738487401,0.237223158714546,0.200454307816546,0.25128700698367,0.37446165443681,0.270308621151616,0.35279490427672,0.335850401504591,0.339514980212926
174,"COM","Comoros",0,0,0,0,0,0,0,0,0,0,0,0,0,0,0,0,0,0,0,0,0,0
184,"COK","Cook Islands",NA,NA,NA,NA,NA,NA,NA,NA,NA,NA,NA,NA,NA,NA,NA,NA,NA,NA,NA,NA,NA,NA
188,"CRI","Costa Rica",0.00811374447810377,0.0410740629138694,0.00554265244426094,0.0131471759508333,0.00748276231482649,0.0138577244615374,0.00787972552231806,0.00641436995376749,0.00874327263443175,0.0028603969976125,0.00511336245495966,0.00962193678778402,0.00235629710316716,0.00268971378290533,0.00337730487622791,0.00158872250479878,0.000837075581280158,0.00592299432952515,0.0032338637401339,0.00224803618129138,0.00607562394417271,0.00308946865004512
384,"CIV","Cote d'Ivoire",0.0416668087996176,0.0361756209893227,0.052037818384164,0.0352174564233165,0.0270897119699025,0.0343864195925686,0.0329780855971937,0.038945899327652,0.039858596912308,0.0305411274442911,0.0371040916056329,0.0280605053593413,0.0270006757102711,0.0159833816459386,0.019123953661969,0.0174958867579836,0.017284689387262,0.0176368156144206,0.0189341055431702,0.0222628862441973,0.0223934995136562,0.0182608149584185
191,"HRV","Croatia",0,0,0,0,0,0,0,0,0,0,0,0,0,0,0,0,0,0,0,0,0,0
192,"CUB","Cuba",0.0170373750877783,0.300287254880328,0.00621877954431937,0.0139102117909882,0.0218998236380748,0.0279663942328451,0.09646870740006,0.00180016519903661,0.0105830768754125,0.00335977149210238,0.0124171304807174,0.00411523583119843,0.00812504523776842,0.0053487733851684,0.00694722944442328,0.000903250882986228,0.0217736084017591,0.0144550837084737,0.00448637330252545,0.0204062772423454,0.0120199983332931,0.00659616733344414
531,"CUW","Curacao",0,0,0,0,0,0,0,0,0,0,0,0,0,0,0,0,0,0,0,0,0,0
196,"CYP","Cyprus",0.0661076040632671,0.103787274370154,0.268742478442386,0.210643095901324,0.142695694828453,0.170906433228539,0.0132815858544309,0.309190573481606,0.236090280550247,0.17540901285517,0.373628378629288,0.406249999445808,0.267632293585238,0.443830916120576,0.269873965158938,0.192282546893498,0.0601823837089809,0.013677312095082,0.189711638558301,0.492182774942688,0.0142154356307212,0.0348339848500427
203,"CZE","Czech Republic",0,0,0,0,0,0,0,0,0,0,0,0,0,0,0,0,0,0,0,0,0,0
180,"COD","Dem. Rep. Congo",0.00340176757398632,0.00242117763512493,0.00448257352039807,0.00488717511774162,0.00373778570718574,0.00472674942778382,0.00533482359562653,0.002234856025023,0.00445279401271619,0.003026653476415,0.00415109663448883,0.00377687125536726,0.00337884726226178,0.00349094660817969,0.00316569530842668,0.00359853339917827,0.00281508811817335,0.00255121634705425,0.00323583266716704,0.00373067198138752,0.00272031539121616,0.00301806091806609
208,"DNK","Denmark",0,0,0,0,0,0,0,0,0,0,0,0,0,0,0,0,0,0,0,0,0,0
262,"DJI","Djibouti",NA,NA,NA,NA,NA,NA,NA,NA,NA,NA,NA,NA,NA,NA,NA,NA,NA,NA,NA,NA,NA,NA
212,"DMA","Dominica",0,0,0,0,0,0,0,0,0,0,0,0,0,0,0,0,0,0,0,0,0,0
214,"DOM","Dominican Republic",0.0109834739267032,0.006517949456517,0.00935361337875116,0.00628330476308473,0.00477582656603931,0.0164558062688823,0.0268607634946304,0.0122392564561776,0.011846021417811,0.0074384056679647,0.00685668562149337,0.0143215241106544,0.120063097615839,0.0444806968987272,0.114240762823419,0.0608855363615542,0.0145042160309039,0.0070707441707616,0.0177511168432182,0.094184476225223,0.01200345880984,0.109104880321327
218,"ECU","Ecuador",0.00241530152237082,0.0016975062397688,0.00490944290290073,0.0025689511066798,0.00528477267674137,0.0076095471688434,0.00483108690445754,0.00085535630456552,0.00361216687116947,0.000667347668178268,0.0018777032878499,0.000818929155256194,0.000976144896671709,0.0010378973856136,0.000171363572459173,8.03482383423291e-05,9.08798554195704e-05,0.000256372090801421,5.3951466880466e-05,4.71798608069975e-05,2.28689527674127e-05,1.46321751005754e-05
818,"EGY","Egypt",0.242358356012849,0.316348936299041,0.34813640782079,0.255673081048943,0.248044191901572,0.269833061661725,0.290593758886718,0.229882948597993,0.321033089370943,0.404292869526722,0.336646545305617,0.242295411731012,0.434515804110303,0.543752063728848,0.849903686741194,0.674967946352355,0.733317561075598,0.656781649350242,0.674857131273331,0.563465241260744,0.484814710274814,0.833972782611118
222,"SLV","El Salvador",0.0164777255017673,0.0181415044202587,0.0185095999968011,0.0179310802257097,0.0213032744684738,0.0216721765023881,0.0429075264029085,0.0164442720200686,0.0276551946738689,0.00971073366098032,0.0276793491033887,0.0441841921773706,0.0312507447514073,0.0207640321765961,0.0308100483161747,0.0382285909929064,0.0520371277142035,0.0417418482608924,0.0324894839732363,0.0343743053486839,0.034513803043717,0.0354146224819695
226,"GNQ","Equatorial Guinea",0,0,0,0,0,0,0,0,0,0,0,0,0,0,0,0,0,0,0,0,0,0
232,"ERI","Eritrea",0,0,NA,NA,0,NA,NA,NA,NA,NA,NA,0,0,0,0,0,0,NA,NA,NA,0,0
233,"EST","Estonia",0,0,0,0,0,0,0,0,0,0,0,0,0,0,0,0,0,0,0,0,0,0
748,"SWZ","Eswatini",0,0,0,0,0,0,0,0,0,0,0,0,0,0,0,0,0,0,0,0,0,0
231,"ETH","Ethiopia",0.00175857226634737,0.00340873926706206,0.00118514739688408,0.00153224148469061,0.00365879836894743,0.00144244456504824,0.00350159380936592,0.00254290325039606,0.00279450576722747,0.00281495743312764,0.00219628191156297,0.00218038729615935,0.00141226747304622,0.00129277346747808,0.00214002577255098,0.00312623568563048,0.00291141244312357,0.00382166044422221,0.00355527102875274,0.00425874895611325,0.00243334881408127,0.00475673922127452
234,"FRO","Faeroe Islands",NA,NA,NA,NA,NA,NA,NA,NA,NA,NA,NA,NA,NA,NA,NA,NA,NA,NA,NA,NA,NA,NA
238,"FLK","Falkland Islands",NA,NA,NA,NA,NA,NA,NA,NA,NA,NA,NA,NA,NA,NA,NA,NA,NA,NA,NA,NA,NA,NA
242,"FJI","Fiji",0,0,0,0,0,0,0,0,0,0,0,0,0,0,0,0,0,0,0,0,0,0
246,"FIN","Finland",0.000433721189400943,0.000332935626120065,0.000871229160327826,0.000492052656725715,0.000246974471812764,0.000833072132319691,0.000440721868656942,0.000620205049498519,0.0002545970236005,0.00055515257181972,0.000295945311566888,0.000511068096275666,0.000389886025427002,0.000390733016831146,0.000393610169372347,0.000361833186006254,0.000394553115910476,0.000210953367273515,0.000218125627312815,0.000352689899160776,0.000154098600781184,0.000248518104266545
250,"FRA","France",0.00363978347433725,0.00119494106399214,0.00360569184229701,0.00148153140090544,0.00363488154119618,0.00189562655273895,0.00213155462372892,0.0026630536905544,0.00346687914895955,0.000596870091352757,0.00155222028648106,0.000867408474184201,0.00162404406028637,0.00155285285217403,0.000897823487129039,0.00241455636762043,0.00169044961744034,0.00139129283364157,0.0013775465931398,0.000870031126267848,0.00113763128033029,0.00162232854062157
258,"PYF","French Polynesia",NA,NA,NA,NA,NA,NA,NA,NA,NA,NA,NA,NA,NA,NA,NA,NA,NA,NA,NA,NA,NA,NA
266,"GAB","Gabon",0.00489146117500677,0.000599809236439467,0.0011645576769003,0.00290560516554207,0.00889311514511652,0.00116786194226854,0.00268998596862306,0.0022945534141566,0.00206106223729912,0.00305582965383317,0.007036143233753,0.00341597846521604,0.00277786504369224,0.0011787517715173,0.00114160625789688,0.00150507739774073,0.00284677345189793,0.00215673378037837,0.00144104628858049,0.000716124844995125,0.00106254775362842,0.00108388598980735
270,"GMB","Gambia",0.159071094296802,0.457103629771204,0.418406629170953,0,0,0.476155651569798,0.481802932247286,0.441187776677933,0.483296096489986,0.672892477037873,0.411277274033998,0.506415606792234,0.190163068995609,0.223108966531628,0,0.362237406134309,0.425876814301192,0.463285241585493,0.48499912957582,0.242413803625667,0.350363322076413,0.302586434964067
268,"GEO","Georgia",0,0.000758053753840593,0.011336813865151,0.00212598195007105,0.0115340783038046,0.0319205538346528,0.00854459196581324,0.000311570218723609,0,0.0031221914740368,0.000753456226039252,0.00331571762652165,0.000667206543966612,0,0,0.00110608737628146,0,0,0,0,0,0
276,"DEU","Germany",0.000649673513172445,0.00112183943865303,0.00103835621312866,0.00029714083878391,0.00024123305627453,0.00027435151197647,0.000804684255375083,0.000800398930062667,0.000413090377107048,0.000849078111412917,0.00054118867214508,0.000451782172030158,0.00029890870299712,0.000161748125717774,0.000370604840266873,0.000261291490334088,0.000459272140567609,0.000159226752643973,0.000548987366946182,0.00019981474699893,8.51367490972972e-05,0.000197365165234841
288,"GHA","Ghana",0.0249627135540064,0.033586447526649,0.0317756463678376,0.0326778684310802,0.0406176451904394,0.0250223025413004,0.0665643891247453,0.0277947267094229,0.03785039777104,0.0166158885988384,0.0299335719459466,0.0458880757196469,0.0533393860397069,0.0255995828809449,0.0358067025341963,0.0335998936565024,0.0258705360486321,0.0319428579114313,0.0334573931619006,0.0278592385288464,0.0263609648244286,0.026995376232989
300,"GRC","Greece",1.93157711786151e-05,0.000190098322903396,4.75428168352132e-05,8.94246985059185e-06,0,1.65944682869563e-05,5.82153326401387e-05,0.00205584500947375,0.000120589215682468,0.000273735679711757,0,4.60139336462874e-06,0,0,0,0,0,0,0.000176347233183537,0.000101078810664321,0,2.48773686195647e-05
304,"GRL","Greenland",NA,NA,NA,NA,NA,NA,NA,NA,NA,NA,NA,NA,NA,NA,NA,NA,NA,NA,NA,NA,NA,NA
308,"GRD","Grenada",0,0,0,0,0,0,0,0,0,0,0,0,0,0,0,0,0,0,0,0,0,0
320,"GTM","Guatemala",0.0463297133710004,0.0281078974273999,0.0855461851964897,0.0482440152114133,0.0752945974970461,0.0710341593031981,0.0843908746601038,0.0991669094748395,0.111083084606706,0.0482304515454317,0.0554197680180085,0.0458262274875872,0.0550842825694127,0.0652658727602896,0.109635617581751,0.0894523288245555,0.0445306225822713,0.0397053318897784,0.0630809080784916,0.175548308235497,0.0614002640515161,0.0668944424354577
831,"GGY","Guernsey",0,0,NA,0,NA,0,NA,0,0,0,0,0,0,0,NA,NA,NA,0,0,0,0,0
324,"GIN","Guinea",0.00144792129389967,0.000537699998786174,0.00095754872748084,0.00125003456757727,0.000782189481022094,0.00121392410933827,0.00119035849111252,0.000154714739161553,0.000901021080339374,0.000724946508733886,0.000879943798858347,0.0197609473349207,0.0175798432868281,0.020262371770736,0.0251338005804251,0.0205371556173467,0.0191155081393781,0.0184629444101968,0.0141372932032045,0.0134553376901293,0.0125613124886501,0.00991284258603766
624,"GNB","Guinea-Bissau",0.00251930070522353,0.00105409823326378,0.00029483829419952,0.00114942519731232,0.000134225916011191,0.002575340207264,0.000510965152450918,0.00234215419463642,0.0101206923230936,0.00553364997321802,0.00193424155031273,0.00124413649305076,0.00123692061288872,0.00083182584710002,0.000309365408648603,0.000406535690206538,0.00097617207828968,0.000947203224694655,0.000978797187448331,0.000647255731542657,0.00128253308412925,0.00207173783552144
328,"GUY","Guyana",0.045038816006711,0.0898177710498597,0.0992962162699782,0.0559839457196342,0.0312529003917617,0.0588155026987803,0.0475482551062876,0.0406779781396093,0.0404729291691758,0.0359158635294136,0.0345309848130375,0.0530086564310525,0.0293098904517321,0.048008964147207,0.0594371952248328,0.0742841167342207,0.025729755347606,0.081073808137448,0.0732351160297667,0.035691859819069,0.0210209577640618,0.0141036265498084
332,"HTI","Haiti",0.00168892270931954,0.00062095884355902,0.00888530571192433,0.0197081874750587,0.00967759753939931,0.0074852971427501,0.002289201376101,0.0136176038268455,0.00264154429163236,0.000666804684857877,0.00111255106388331,0.00130127728064186,9.19747366831225e-05,0.000663473983804241,0.00132670197843798,0.00024996016606073,0.00168980992292316,5.31316507319412e-05,0.000133152014621932,0.00125065467398749,0.0140043479347628,0.000793318568345007
336,"VAT","Holy See",NA,NA,NA,NA,NA,NA,NA,NA,NA,NA,NA,NA,NA,NA,NA,NA,NA,NA,NA,NA,NA,NA
340,"HND","Honduras",0.0128856938093201,0.0248361035228387,0.0266826415754354,0.0305996623673654,0.0565363011839866,0.04822411343447,0.0252132861863816,0.0385518131497147,0.0560176370568915,0.0547353232181432,0.0491644344314376,0.0357748696873937,0.057196166897517,0.0558933768975536,0.0512781804098103,0.0409738911898308,0.0671922435749315,0.100303515209765,0.0921112920286897,0.113500511736798,0.129156591333693,0.142965482019554
344,"HKG","Hong Kong",0,0,0,0,0,0,0,0,0,0,0,0,0,0,0,0,0,0,0,0,0,0
348,"HUN","Hungary",6.94887724387604e-05,5.42739248723506e-05,0.000309968269315711,0.00054875808225087,0.000316654219129758,0.00117705893113095,0.000206549541095679,1.75922431377471e-05,8.82557529800339e-05,4.17691002929277e-05,3.81309968323287e-05,0.00011834403541782,0.000642366112820211,0.000852653716878078,0.000185180376175696,0.000346567873182634,0.000296264675988539,0.000113675419050936,0.000337556661140328,0.000265280510924462,0.000391469631831681,0
352,"ISL","Iceland",NA,NA,NA,NA,NA,NA,NA,NA,NA,NA,NA,NA,NA,NA,NA,NA,NA,NA,NA,NA,NA,NA
356,"IND","India",0.0154544082609097,0.0231162018972977,0.0215373516716603,0.0288208082644837,0.0288151318038653,0.0260124372738017,0.0318568448585057,0.0249391450153242,0.0316152656611069,0.0234754544235775,0.0246079376538174,0.0268091483428277,0.0333848518901662,0.0318691231860486,0.0407034012390841,0.0353803478009828,0.0408456066467358,0.0331291258258464,0.034686472058346,0.030789223701932,0.0324242407529115,0.0344060247734577
360,"IDN","Indonesia",0.943956451204291,0.94500716132424,0.948870916606507,0.954983094007439,0.965176938825608,0.959077252607219,0.968638059948259,0.968168947550246,0.958371477966116,0.967583580024312,0.961381752112508,0.965436913232245,0.971742841826877,0.954601385144289,0.951788632584491,0.962027109300121,0.940950099564241,0.942406288388919,0.935117613118072,0.943004485436754,0.936353918528947,0.933248883794907
364,"IRN","Iran",0.00260291465428313,0.00243390097790065,0.0056645358446553,0.0129641745720655,0.0924010149416895,0.0688138931473066,0.0706171763131332,0.00231118891390394,0.0761288519261688,0.0759726970579118,0.00413734983482196,0.00090885889751796,0.00341921380376357,0.0230570246880306,NA,0.461579368382964,0.10768969330237,0,0,0,0.584274832303963,0.694623562492768
368,"IRQ","Iraq",0,0,0,0,0,0,0,0,0,0,0,0,0,0,NA,0,0,NA,0,NA,NA,NA
372,"IRL","Ireland",0,0,0,0,0,0,0,0,0,0,0,0,0,0,0,0,0,0,0,0,0,0
833,"IMN","Isle of Man",0,0,0,0,0,0,0,NA,0,0,0,0,0,0,0,0,0,0,0,0,0,0
376,"ISR","Israel",0,0,0,0,0,0,0,0,0,0,0,0,0,0,0,0,0,0,0,0,0,0
380,"ITA","Italy",0.000183991618262559,0.000474065094254443,0.000318664775843314,0.000355681599464713,0.000192649380828444,0.000246777425167766,0.000198217060066372,0.000222397652074031,0.000303563221603444,0.000270243524092723,0.000200626253610157,0.0014223121490988,0.00138992128138841,0.000759805631775046,0.000344097092248654,0.00179900307033506,0.00187952064634056,0.00376914397153902,0.000469494077068129,0.000908656577839849,0.000893044685144493,0.000616621661791651
388,"JAM","Jamaica",0.0047614472763432,0.00506913064429328,0.000213548197247334,0.00101403732946522,2.89253483638217e-05,0.000523701849535977,0.000173059389285561,0.000469872267368344,4.14105762891212e-05,0.000154875605652365,9.21447228815742e-05,0.000309513307667761,0.000275895263581777,0.000826071354148579,0.00257407862684728,0.00125091430638133,0.00053284955094278,0.000164075557631986,0.00402730519591858,0.00286986718955611,0,0.00808069566569028
392,"JPN","Japan",0.00909392365860888,0.00730737428073239,0.00467873228122051,0.00416420503071555,0.00328644798818723,0.00237906199104512,0.00370233606401525,0.00512641553277818,0.00348846846869779,0.00361655025440874,0.004242956437724,0.00417502472025339,0.00308950416370201,0.00169936590034277,0.00211730103836727,0.00381168594292289,0.0018995230993482,0.003072970102579,0.00564828523291329,0.00393640732277369,0.00211378254229408,0.00186881729883265
832,"JEY","Jersey",0,0,NA,0,NA,0,NA,0,0,0,0,0,0,0,0,NA,0,0,NA,0,0,NA
400,"JOR","Jordan",0,0,0,0,0,0,0,NA,NA,0,NA,0,NA,0,0,NA,0,NA,0,0,NA,NA
398,"KAZ","Kazakhstan",0.000182204440016493,0.00022279260845806,0.000172923462920588,6.0110155525906e-05,1.53419848372929e-05,0.000431749600884539,2.11087044724323e-05,7.47733103101326e-05,0.000936356640543676,0.000140622819231604,6.0084537148049e-05,0.013442930086958,0,0,0,0.0602373125440764,0.000846816682434207,0.000699270947276813,3.7885331996116e-05,0,0,0
404,"KEN","Kenya",0.0250828468295899,0.0544866250712224,0.0498658451756045,0.0103970998953788,0.0225617699859334,0.017276717172599,0.0244310538586339,0.0168951893795332,0.00928990208954741,0.00725081294658474,0.0147590771291999,0.0140450423778049,0.0145191401375951,0.0171722619806285,0.0185528779608739,0.0206574374670052,0.0212664454300627,0.0160109300288367,0.0233527319530509,0.0277614805557033,0.0148378510600928,0.0132555077612007
296,"KIR","Kiribati",NA,NA,NA,NA,NA,NA,NA,NA,NA,NA,NA,NA,NA,NA,NA,NA,NA,NA,NA,NA,NA,NA
689,"XKX","Kosovo",NA,NA,NA,NA,NA,NA,NA,NA,NA,NA,NA,NA,NA,NA,NA,NA,NA,NA,NA,NA,NA,NA
414,"KWT","Kuwait",NA,NA,NA,NA,NA,NA,NA,NA,NA,NA,NA,NA,NA,NA,NA,NA,NA,NA,NA,NA,NA,NA
417,"KGZ","Kyrgyzstan",0.124554374286726,0.0427195415818508,0.0144022306064458,0.00652084150978835,0,0.00154549891135973,0.0111368835804398,0,0.00141642937013421,0.0456323498876818,0.0330740285755172,0.00874942287472344,0.00212403549408364,0,NA,0,0.00102148283396138,0,0,0.0143611518423933,0,0
418,"LAO","Laos",0.817576745575866,0.816618196013962,0.794138517906411,0.816787143211409,0.773620190050339,0.777556808449209,0.810157400857964,0.764039340801945,0.802557690007065,0.786454049716591,0.793373658430881,0.829251618657498,0.843564781972788,0.830730752843424,0.832170865753106,0.823299028535849,0.815658947044762,0.814495179260777,0.802133697354762,0.800839409209696,0.796916732002643,0.792071922711902
428,"LVA","Latvia",0,0,0,0,0,0,0,0,0,0,0,0,0,0,0,0,0,0,0,0,0,0
422,"LBN","Lebanon",0,0,0,0,0,0,0,0,0,0,0,0,0,0,0,0,0,0,0,0,0,0
426,"LSO","Lesotho",0,0,0,0,0,0,0,0,0,0,0,0,0,0,0,0,0,0,0,0,0,0
430,"LBR","Liberia",0.0883353044110369,0.0183219958146219,0.0513790660575649,0.0414686564633084,0.0106667942979566,0.0284176569221806,0.0282396055688027,0.0244385128136601,0.0330250657223961,0.045474575482938,0.0310911040861336,0.0229158465726087,0.0223306406594935,0.0253426120543776,0.0215919345957504,0.015386653923695,0.0144833270406404,0.0176282588267704,0.00856014899348212,0.00994659865632924,0.0104216486033034,0.0096355289540063
434,"LBY","Libya",0,0,0,0,0,0,0,0,0,0,0,0,0,0,0,0,0,0,0,0,0,NA
438,"LIE","Liechtenstein",0,NA,NA,0,0,0,0,0,0,0,0,0,0,0,0,0,0,0,0,0,0,0
440,"LTU","Lithuania",0,0,0,0,0,0,0,0,0,0,0,0,0,0,0,0,0,0,0,0,0,0
442,"LUX","Luxembourg",0,0,0,0,0,0,0,0,0,0,0,0,0,0,0,0,0,0,0,0,0,0
446,"MAC","Macao",0,0,NA,NA,NA,0,0,0,0,0,0,0,0,0,0,NA,0,0,0,0,NA,0
450,"MDG","Madagascar",0.00677597755500784,0.00927370127387388,0.0197939987464442,0.012057556066548,0.018566258576116,0.0670202082202641,0.0235457398937193,0.0346257918397753,0.0529798200235246,0.0583096633580208,0.033456545669028,0.0313480731178911,0.0145710248057011,0.0390051245112765,0.0240309875518397,0.0145406460367661,0.0309831189117476,0.0239420581857386,0.0416253804234936,0.0126825654360708,0.0232646990049177,0.023558659292064
454,"MWI","Malawi",0,0,0,0,0,0,0,0,0,0,0,0,0,0,0,0,0,0,0,0,0,0
458,"MYS","Malaysia",0.947501063280978,0.949782876949846,0.940611856791825,0.947659686710425,0.953380187512786,0.949299346670746,0.947922445618479,0.949761497827644,0.964519661151911,0.957954678386681,0.967392357252438,0.953037904138823,0.962583089711507,0.946478060694554,0.937006994942117,0.933749162678952,0.940166049881603,0.935197369044571,0.942452983462554,0.946611090579676,0.940675486689169,0.948104254167518
462,"MDV","Maldives",0,0,0,0,0,0,0,0,0,0,0,0,0,0,NA,NA,NA,NA,NA,NA,NA,NA
466,"MLI","Mali",0,0,0,0,0.000897685553251352,0,0,0,0,0,0,0,0,0,0,0,0,0,0,0,0,0
470,"MLT","Malta",0,0,NA,0,0,0,0,0,0,0,0,0,0,NA,NA,NA,0,NA,NA,NA,NA,NA
584,"MHL","Marshall Islands",NA,NA,NA,NA,NA,NA,NA,NA,NA,NA,NA,NA,NA,NA,NA,NA,NA,NA,NA,NA,NA,NA
478,"MRT","Mauritania",0,NA,0,0,0,NA,NA,NA,NA,NA,NA,0,0,NA,NA,NA,NA,0,0,0,0,0
480,"MUS","Mauritius",0,0,0,0,0,0,0,0,0,0,0,0,0,0,NA,NA,NA,NA,NA,NA,NA,NA
484,"MEX","Mexico",0.0521297648411527,0.0612972508115912,0.076045971828024,0.0706638579125715,0.0583046622254555,0.0890833015307135,0.0666893606985096,0.0897612915927469,0.0900230800351589,0.0649459501565843,0.0835569444158319,0.0832657240583269,0.098810464397787,0.0706520968570342,0.112506805098376,0.0945787213476147,0.106933074401401,0.0975710779342304,0.0744932098417657,0.138489831327818,0.101642051055976,0.147227790081604
583,"FSM","Micronesia",NA,NA,NA,NA,NA,NA,NA,NA,NA,0,NA,NA,NA,NA,NA,NA,NA,NA,NA,NA,NA,NA
498,"MDA","Moldova",0,0,0,0,0,0,0,0,0,0,0,0,0,0,0,0,0,0,0,0,0,0
492,"MCO","Monaco",NA,NA,NA,NA,NA,NA,NA,NA,NA,NA,NA,NA,NA,NA,NA,NA,NA,NA,NA,NA,NA,NA
496,"MNG","Mongolia",0.00243368224189906,0.00511276135976509,0.0332237220856688,0.0117629612674861,0.00396774527249074,0.00399011799044557,0.0284521935644741,0.0146823758589301,7.42141725019515e-05,0.00638108209380947,0.00040416230160226,0.000400326631726247,0.000161486394084623,0,0,7.47286915950859e-05,0.00190480549278251,0,0.0186192269522298,0.00579079697089531,0.105852319346032,0
499,"MNE","Montenegro",0,0,0,0,0,0,0,0,0,0,0,0,0,0,0,0,0,0,0,0,0,0
504,"MAR","Morocco",0.00415676615587298,0.000623924045732811,0.00102274434586082,0.00543581251461405,0.0019319926660217,0.0045785620123896,0.00864969002026265,0.00239532978520494,0.00232548968584909,0.102226612911004,0.00327475903338287,0.010879709747991,0.0122698785017593,0.0305269705234325,0.0185893755820761,0.0299985798693299,0.0363155150499492,0.00326300027890939,0.00271868194739897,0.00427368774014134,0.00347372528224772,0.000752085311515445
508,"MOZ","Mozambique",0.000160460697229849,4.37984070855455e-05,0.000477733487299432,0.000147256990920846,0.000739195789756818,0.00018943813440861,0.000138409546474221,0.000184278534756428,0.000251897358345686,0.000583827520788267,0.000449421228428795,0.00119137380036166,0.00034125799533821,0.000417335372468757,0.000311569199466751,0.00112506439046092,0.00354717474028354,0.00135697756416132,0.00121476854824659,0.00113479512549292,0.00155860620883408,0.00157197952258914
104,"MMR","Myanmar",0.673605879505976,0.667768178213818,0.682580604953158,0.692764470147473,0.720990806797212,0.688233544287644,0.738656754116389,0.711342544760204,0.716939068073487,0.740747839430764,0.741106304927762,0.718138550567956,0.699131187501032,0.703633846850244,0.703770396434385,0.710452757967018,0.707360678830279,0.735133378313509,0.730767711152162,0.730849065005597,0.736430748834552,0.714049631061242
516,"NAM","Namibia",0,0,0,0,0,0,0,0,0,0,0,0,0,0,0,0,0,0,0,0,0,0
520,"NRU","Nauru",NA,NA,NA,NA,NA,NA,NA,NA,NA,NA,NA,NA,NA,NA,NA,NA,NA,NA,NA,NA,NA,NA
524,"NPL","Nepal",0.0587149119864802,0.0450342553677853,0.0256806088102701,0.0393745560659961,0.0427100668147032,0.0365965065495818,0.0442572127524552,0.066063958420623,0.0562220556993991,0.053232753013586,0.0357337050429484,0.0344823068066664,0.0234279346160126,0.0129706653861722,0.00186506968967688,0.00359179622430064,0.0299930168620895,0.0220575242548207,0.032255213075202,0.0541857560600048,0.0450954368498962,0.0192889687825046
528,"NLD","Netherlands",0.00387030717677411,0.00910707162867606,0.0348047042705308,0.00662489167720049,0.0108133819930361,0.0101932130934388,0.0124157664950444,0.0164438002844062,0.0217190019159288,0.00811064100443637,0.00337783421482511,0.0158981381598536,0.0199455273852831,0.0387950070457007,0.00759162582164117,0.00765267897480498,0.0151916353463879,0.0203582217164827,0.006072626451648,0.0149092314873746,0.0124386769864524,0.0159716991342251
540,"NCL","New Caledonia",0.0320071678415542,0.0768497656524535,0.0151825785218255,0.0518031149111667,0.00402564482597536,0.0261513892283148,0.0273772038134606,0.0383023997982562,0.0348887595607201,0.0522661174126409,0.0251653571189536,0.00817362079454761,0.00240892002751315,0.00724114823094663,0.0165938081031049,0.00382819144876336,0.0116931805531834,0.00116248834890638,0.0275206203264282,0.0035118665378885,0.00206675768376021,0.00190746244102191
554,"NZL","New Zealand",0.00104921770193956,0.00149097064983843,0.000922175767410916,0.000549851333454403,0.000563110608435502,0.000475969771474373,0.000722549729961455,0.00035284515541259,0.0018755323692321,0.000817547498483008,0.000384845175762483,0.000817348970697559,0.00142179489383954,0.00118649359230989,0.00067455700802329,0.00210306159498417,0.00110574974976855,0.000800512152626871,0.000622100316994365,0.000534816849720579,0.000296957248330487,0.000159732244555521
558,"NIC","Nicaragua",0.00769994864928316,0.00333959708991815,0.00716355107626174,0.00552455661166636,0.00262907290141402,0.00427208818027469,0.00301264028309605,0.00232528396952418,0.00149083239455241,0.00212076055441564,0.00529268305787884,0.00535215432210023,0.0131313970721818,0.0121296450116676,0.0106722041862373,0.00991799441314979,0.00689606835978213,0.0305545565431038,0.0412787969892323,0.0448082974706414,0.106554009251215,0.023484320815379
562,"NER","Niger",0,0,0,0,NA,NA,0,NA,NA,NA,NA,0,NA,NA,NA,0,NA,NA,NA,NA,NA,NA
566,"NGA","Nigeria",0.0504070920136698,0.0405953257645588,0.0285470730004796,0.023393613548179,0.018937215016877,0.0400410578725434,0.038636830289823,0.0347241927937408,0.0255257082106795,0.0368957666028283,0.0440691866668739,0.0247048469910709,0.0425953371446906,0.0444530385919004,0.0469276254364638,0.0438365328286605,0.029521257381104,0.0306602142535412,0.0214642353260206,0.0285524165929411,0.0280216709177014,0.0414173925142205
570,"NIU","Niue",NA,NA,NA,NA,NA,NA,NA,NA,NA,NA,NA,NA,NA,NA,NA,NA,NA,NA,NA,NA,NA,NA
408,"PRK","North Korea",0.0393498317035744,0.0433166420812648,0.0594797387343165,0.0449856212743515,0.0679689105591789,0.049969827647975,0.0346597251642959,0.0449009449645602,0.100865072842573,0.0670696238933875,0.0176300750382595,0.0525209735692032,0.0258222792595223,0.0531022591446637,0.0321271960490776,0.065911808372566,0.0794330299840723,0.117131122524799,0.231502966503847,0.104796951656426,0.0810402325376201,0.077076645493381
807,"MKD","North Macedonia",0,0,0,0,0,0,0,0,0,0,0,0,0,0,0,0,0,0,0,0,0,0
578,"NOR","Norway",0,0,0,0,0,0,0,0,0,0,0,0,0,0,0,0,0,0,0,0,0,0
512,"OMN","Oman",NA,NA,NA,0,NA,NA,NA,0,NA,NA,NA,NA,NA,0,NA,NA,NA,NA,NA,NA,NA,NA
586,"PAK","Pakistan",0.0280798002901296,0.0201167013238617,0.0723190164975124,0.0326249707558594,0.00895548874964439,0.032161838995703,0.0534015746887646,0.0289112964240188,0.0111767651426418,0.027683288689674,0.0282550016729614,0.0562843115295199,0.224200965659605,0.0776104953337611,0.0524810669018313,NA,0,0,0.0273042302930607,0.00366428006137877,0.00704730946290936,0.00260803147273654
585,"PLW","Palau",0,0,0,0,0,0,0,0,0,0,0,0,0,0,NA,NA,NA,0,0,0,0,0
591,"PAN","Panama",0.00438960760371866,0.00130609587776024,0.00147501024256887,0.00825569987715151,0.00209835237987204,0.00186648256650457,0.00191413416474261,0.0032988604537591,0.00234885236978743,0.00206248532928316,0.00141096665452281,0.0050429058525904,0.00192128192285996,0.00489978603840678,0.00313213934657333,0.00243987117133966,0.00405308750770181,0.0011903505287836,0.000903203680836699,0.00126857274673785,0.0011994448101121,0.00198218411187193
598,"PNG","Papua New Guinea",0.00123946540922177,0.00251903756333041,0.000449327597076844,0.00173057383439391,0.000348598871771814,0.000226295307948099,0.00108469761669703,0.00072068338878439,0.00281223232099386,7.89287835423137e-05,0.000875802457867145,0.000698231299451772,0.0013836501651299,0.00128233616692714,0.000817753564671533,0.00491083093960377,0.00333590917076557,0.000312338387183856,0.000419233295793887,7.40339607815149e-05,1.09753067536598e-05,0.00122889005354354
600,"PRY","Paraguay",0.642051649065956,0.633574590294645,0.620572823634492,0.53904535042339,0.711620522968218,0.744455638079914,0.772627872077749,0.817027828518243,0.901691234568053,0.863013487242812,0.827900339063177,0.798973246172412,0.8200618532397,0.802467635358745,0.835791340773731,0.820373852219703,0.723595048664054,0.840177627791672,0.813113146290702,0.665323149894752,0.735571876318309,0.698976596833181
604,"PER","Peru",0.157391644693202,0.172473711618667,0.172489570522909,0.132120027085042,0.190198036384162,0.164909969851334,0.123162446045806,0.208364234035924,0.200722725146846,0.187592139318626,0.205621008925455,0.196827768094681,0.240277459842516,0.22223857425668,0.212228776151882,0.190540784718296,0.173883448573926,0.174314534979137,0.194486438131477,0.167737797417074,0.212117327838146,0.227366439677327
608,"PHL","Philippines",0.855694814216883,0.827487474189151,0.849298247064066,0.877872915110373,0.839341129560475,0.862704859646837,0.840377800387197,0.874316490996411,0.837881276282089,0.830300914431477,0.879757297650528,0.85762702908624,0.87362152262524,0.878939582520247,0.856085616740864,0.861477796201773,0.889590867399425,0.873735949099383,0.872147312099023,0.861588149647444,0.880018943450207,0.84593983537176
616,"POL","Poland",0.00359238476057572,0.00144111328663457,0.0024056634872173,0.0018237491854479,0.000996722184085048,0.00105174225179929,0.00328988808151571,0.000982745670986332,0.00182433636264285,0.00194171948797799,0.00157074957191204,0.00127046056240239,0.00140862529460675,0.00142880003241774,0.00157987592463354,0.00394100135077074,0.00298921499434012,0.00131707193848264,0.000799705880186717,0.000783915968522277,0.000982807262742411,0.000748488977941957
620,"PRT","Portugal",0.00280804896339376,0.00278034769835013,0.00500206368909902,0.00461554947458992,0.00410955183570765,0.002015385999478,0.00446807366018249,0.00589236323117636,0.00597350924506921,0.00354487705025991,0.00553233713167244,0.00330188247418582,0.00508627081645419,0.00443765360318261,0.00741996502005004,0.00406436581968571,0.00177143114330226,0.00322597095769577,0.010512936664032,0.00515923977644111,0.00688909282201066,0.00673625326609953
634,"QAT","Qatar",NA,NA,NA,NA,NA,NA,NA,NA,NA,NA,NA,NA,NA,NA,NA,NA,NA,NA,NA,NA,NA,NA
178,"COG","Republic of Congo",0.000457703805758638,0.000243509966327304,0.000830485517420474,0.000311389202779123,0.000542652770476127,0.0013090605056239,0.000222187444569061,0.000332064818737762,0.000306515726029438,0.000485622588890199,0.000471692994791188,0.00450401312478733,0.0147644920506849,0.00159253406683833,0.00634926916916781,0.000966541218360172,0.00201733559839942,0.00192487356308242,0.00183561360035479,0.00174414199044457,0.00271828869988275,0.00193755110115145
642,"ROU","Romania",0,0,0,0,0,0,0,0,0,0,0,0,0,0,0,0,0,0,0,0,0,0
643,"RUS","Russia",7.10353288741698e-05,4.95287332142215e-05,1.98179352372593e-05,2.96044065322523e-05,6.5279809029392e-05,5.9728489499482e-05,0.000111794054754124,5.69476218400533e-05,7.19803238943372e-05,0.000214519012928309,0.000121342534637733,7.31992714549953e-05,2.06851451608866e-05,1.70959985790975e-05,6.59166416550137e-05,5.04110354289949e-05,5.20768690653933e-05,3.20339687471499e-05,3.20109005715943e-05,1.52010805336418e-05,1.72725120025845e-05,3.51781917936757e-05
646,"RWA","Rwanda",0.0340158631647813,0.00914876174152463,0.0360169316700689,0.046611583766787,0.0333982950820638,0.0233080566532103,0.0263439903231793,0.0208164244973619,0.050855271761506,0.0153797753185873,0.0383652281038904,0.0275687197106745,0.0373130816021925,0.0382142656980494,0.0240059318826305,0.0421918808023439,0.0329146944853243,0.0419879964178143,0.0265899335694143,0.0288759374516698,0.0308667123537688,0.0296484647189847
652,"BLM","Saint Barthelemy",NA,NA,NA,0,0,NA,NA,0,NA,0,NA,0,0,0,0,NA,0,NA,NA,NA,NA,NA
659,"KNA","Saint Kitts and Nevis",0,0,0,0,0,0,0,0,0,0,0,0,0,0,0,0,0,0,0,0,0,0
662,"LCA","Saint Lucia",0,0,0,0,0,0,0,0,0,0,0,0,0,0,0,0,0,0,0,0,0,0
670,"VCT","Saint Vincent and the Grenadines",0,0,0,0,0,0,0,0,0,0,0,0,0,0,0,0,0,0,0,0,0,0
882,"WSM","Samoa",NA,NA,NA,NA,NA,NA,NA,NA,NA,NA,NA,NA,NA,NA,NA,NA,NA,NA,NA,NA,NA,NA
674,"SMR","San Marino",NA,0,0,0,0,NA,0,0,0,NA,NA,0,0,0,0,NA,0,0,0,NA,NA,NA
678,"STP","Sao Tome and Principe",0,NA,NA,NA,NA,NA,NA,NA,NA,NA,NA,NA,NA,NA,NA,NA,NA,NA,NA,NA,NA,NA
682,"SAU","Saudi Arabia",NA,NA,NA,NA,NA,NA,NA,NA,0,NA,NA,NA,0,NA,NA,NA,NA,NA,NA,NA,NA,NA
686,"SEN","Senegal",0.00319322628413605,0.0105023634205823,0.0099420124878734,0.00528125771816337,0.00524823873691296,0.032789802961535,0.0109010825085183,0.0100091917733203,0.00420346541010843,0.000976939989545466,0.00321535670355672,0.000889193784507754,0.00100256962368401,0.000689950452285253,0.00128007982242038,0.000295182329762922,0.000383563363010494,0,0.00108254597280474,0.000594427060180963,0.00297798035174554,0.00155944441331832
688,"SRB","Serbia",0.0120723348950961,0.00750526780576344,0.0047621477532042,0.0141383482725374,0.0137066311291812,0.0108308101205268,0.00750510670663552,0.00310013295271811,0.00458186726547519,0.00191852542550431,0.00919516239553493,0.00679213898334399,0.00828249548032748,0.00325468176270114,0.00647835061794081,0.00249025244340643,0.00375281306265384,0.00747856402888397,0.0048237555985116,0.00424101537318877,0.00393768425630822,0.00537637238250003
690,"SYC","Seychelles",0,0,NA,NA,0,0,NA,NA,0,NA,NA,0,0,0,NA,NA,NA,NA,0,NA,0,NA
694,"SLE","Sierra Leone",0.0275431553539717,0.0528999477982185,0.0438831448556739,0.0424082127013786,0.0739093744307508,0.0395593362296336,0.0535587326934027,0.056896134685868,0.0473089162798039,0.0674784314924405,0.0336480510278757,0.0406465006583817,0.0294949487927276,0.028937716820223,0.0330397712298398,0.0210680565612987,0.0274345448580903,0.023133159655107,0.025695076124996,0.0256500500202703,0.0209817765366089,0.0194117069809131
702,"SGP","Singapore",0.415926588293057,0.182438864402299,0.00816320322782918,0.0483511438836133,0.0542041350389661,0.860082375135517,0.864670044357521,0.921911341626143,0.00173759018344897,0.00524470195480855,0.0052027919539684,0.00333884526935786,0.967359048538986,0.00200961952208065,0.00645149475598012,0.00199299303981924,0.00409944153174521,0.937467144346709,0.0977808308388943,0.112195078153294,0.0202830023321912,0.0156714318426632
534,"SXM","Sint Maarten",0,0,0,0,0,0,0,0,0,0,0,0,0,0,NA,0,0,NA,NA,NA,0,0
703,"SVK","Slovakia",0,0,0,0,0,0,0,0,0,0,0,0,0,0,0,0,0,0,0,0,0,0
705,"SVN","Slovenia",0,0,0,0,0,0,0,0,0,0,0,0,0,0,0,0,0,0,0,0,0,0
90,"SLB","Solomon Islands",0.000590078289936518,0.00355410398782965,0.0075441465084346,0.00218546234215585,0.0190323511240113,0.0275445952198587,0.0833494872901369,0.00445035868100936,0.0103786036396397,0.00526376501408978,0.00483155298996654,0.0425926141156123,0.0320053379992601,0.00544083279198658,0.025995522149044,0.00725712376611513,0.010872049035693,0.00261081194022215,0.00501804723087865,0.0127611863503008,0.00688326523987652,0.0153115874101775
706,"SOM","Somalia",0.00249307543418592,0.000919536912294,0,0.00107296581396544,0.00141407364136184,0,0.00369459578585643,0.00215146918278022,0.00100158612267564,0.000550682290629055,0,0,0.000730425925871274,0.00374945580917794,0,0.00712209429205038,0,0.00699630512076154,0.000822154915940133,0.00199071463477821,0,0.000612658775324027
710,"ZAF","South Africa",0.000955572115213589,0.000670034966303488,0.000311451143617167,0.000915167443898867,0.00128492035403256,0.000847474310798207,0.00261497232019681,0.000543190779979693,0.00126167798048306,0.00244897246576638,0.000743658585717201,0.000857799950364509,0.00171787144151846,0.00173822087505349,0.00222671039572369,0.00319072896497634,0.00284668324698468,0.00569293240417958,0.00480684117567989,0.00496437159692149,0.00605711999880792,0.00513681501075971
410,"KOR","South Korea",0.00557464152620617,0.0070465858795473,0.00594238164204829,0.00361312018658443,0.0102673748394173,0.00802577723123314,0.00294735951885638,0.015194621316199,0.00730983103437448,0.00521135234734096,0.00655244372287885,0.00532416651286953,0.00645746684932732,0.00536757118256944,0.00615775156175043,0.00395886677012337,0.0082494969284722,0.00630958081262636,0.00440607019556688,0.00546629179709858,0.00456334405454449,0.00145862927732645
728,"SSD","South Sudan",4.68630518811052e-05,0,7.42913249230646e-05,7.33920814716901e-06,7.25313710896628e-06,8.55058625170447e-06,0.000152894930290081,0,0,0,0.000357182956079883,9.14086788407274e-05,0,0,6.23102558041654e-05,0.000433325874222738,0.00130784924568417,0.000522358663427117,0.000877961931697155,0.000164723398793821,0.00046331258131928,0.000376220770135922
724,"ESP","Spain",3.8167240341226e-06,3.32145988544343e-06,8.05553808253214e-06,0.00312358449537651,0.00156529251875911,0.00160888814265511,3.11713335287755e-06,1.27251526398354e-05,4.63508175915857e-06,2.23213705172731e-06,7.96072512090582e-06,0.000834722166260228,0.00124527427199768,7.00058701374454e-05,9.57119078761294e-07,0.000138527075499753,1.01734728144662e-05,1.88392635406346e-05,3.52662787939685e-06,0.00444606777426417,0.0106565766840156,8.63128906455312e-06
144,"LKA","Sri Lanka",0.252380695657419,0.295921669487441,0.204619372623885,0.308875728864078,0.153809155719548,0.218935764021135,0.267853278386489,0.232708675961391,0.292248480830708,0.288685577743512,0.29106441882901,0.251636985249625,0.276232454852667,0.191652561265428,0.271969556947931,0.221089286036824,0.194176088483227,0.212746450036485,0.178112237129527,0.178627688392363,0.155956702316176,0.138262827097067
275,"PSE","State of Palestine",0,0,0,0,0,0,0,0,0,0,0,0,0,0,0,0,0,0,0,0,NA,NA
729,"SDN","Sudan",0,0,0,0,0,0,0,0,0,0,0,0,0,0,0,0,0,0,0,0,0,0
740,"SUR","Suriname",0.000791702036768514,0.00347138953337839,0.0826882143749633,0.0147960524153829,0.0326162630352378,0.0154228259383395,0.0104481956775248,0.0187957046278095,0.0289391828444709,0.0243572695538976,0.0377308555061249,0.00856312137980252,0.0224791190822093,0.00582045921218978,0.00650170221353566,0.00292914572491593,0.00544002087420776,0.0235177217643809,0.0062628186461998,0.00478022837160808,0.0111317842840068,0.00721978869332034
752,"SWE","Sweden",0.00023443353191459,0.000247517605045368,0.000219787034686611,0.000271009683391987,0.000356822846548612,0.000475242494793603,0.000501080754489665,0.000357586219198805,0.000358541588442481,0.000286208861845327,0.000375714556070289,0.000536027011539122,0.00011510711432451,0.000375372372947961,0.00024495439695136,0.000290254494672237,0.000205740136974149,0.000161727513439181,0.000203139884062931,0.00011467423845394,0.000143740577768803,0.00019343677613581
756,"CHE","Switzerland",0.0889578504926794,0.0251153446863352,0.0162223113079845,0.0493814390858826,0.0734644249098133,0.025801753005424,0.0195087270979188,0.0141340831710229,0.0220154071013089,0.0292070220305887,0.0616031842908937,0.0219438955679538,0.0127533280938641,0.0213787045595964,0.0197555620048626,0.0220546107009411,0.0188087253927064,0.0244801664201642,0.0275197228788651,0.0634111350805317,0.04814267547675,0.0452226028713716
760,"SYR","Syria",0,0,0,0,0,0,0,0,0,0,0,0,0,0,0,0,0,0,0,0,0,0
158,"TWN","Taiwan",0.080710346067087,0.0508780412917556,0.0640132386014246,0.0580253438958119,0.0437686489337353,0.0734150312732357,0.0675888280075318,0.0910073941555739,0.0243588105986665,0.0623931728422658,0.0916646105293344,0.0883736897178043,0.0876921274497986,0.0815496415317263,0.118117789891292,0.0882368660395417,0.108600111964167,0.105621147524121,0.105937445338776,0.113606405110566,0.103448920035209,0.0787766973436024
762,"TJK","Tajikistan",0,0,0,0,0,0,0,0,0,0,0,0,0,0,NA,NA,0,0,0,0,0,0
834,"TZA","Tanzania",0.000170712287739986,6.0368786703057e-05,0.000189551480706377,5.95894840467504e-05,8.11606866632389e-05,0.000110297021064788,6.11615296784805e-05,2.42867756310904e-05,0.000166000886322814,2.38225757210723e-05,0.000106850084396488,1.49141268233393e-05,1.64647479253625e-05,1.23621563867219e-05,1.36920847097992e-06,2.00417077136092e-06,4.33077330887655e-06,8.93909271306341e-07,6.45645568132162e-06,8.08729876439377e-05,2.78647861719155e-06,7.14324735479193e-06
764,"THA","Thailand",0.484150339640418,0.515709199333062,0.481924558608425,0.51590458112042,0.499840947878017,0.502710376723886,0.515628987625911,0.513928814423808,0.52400778870366,0.517917227731004,0.4933585639804,0.503663754704866,0.52756454828345,0.529959105453345,0.514622432233128,0.501828715860261,0.487594563170167,0.484567920272095,0.480786511979377,0.500375771463727,0.49222805673842,0.486688454154699
626,"TLS","Timor-Leste",0.593527358276735,0.651882943402842,0.57351499791044,0.673353499859139,0.578531335775514,0.67525075070795,0.649996328923768,0.641825271336205,0.615638197613688,0.609365607273372,0.583178051165064,0.63685777512937,0.579090758394688,0.578830679506851,0.581574435410605,0.696216625464026,0.596331382869584,0.625118675759429,0.573115487648226,0.60936692353585,0.647189948426937,0.668118780002825
768,"TGO","Togo",0.000685627456643586,0.00244901122075668,0.00385503412048812,0.0226944910832343,0.0210793417812407,0.00234578886313239,0.00138542639622878,0.00691721535530566,0.00338386068499371,0.00740500817389837,0.00024250830295728,0.00087169678584708,0.000799395809342293,0.00250159476340912,0.00080969738557895,0.000263767297707135,0.000222493419842631,0.000280590060478759,0.000160142777368977,1.38261968872078e-05,0,6.04947358901495e-05
776,"TON","Tonga",NA,NA,NA,NA,NA,NA,NA,NA,NA,NA,NA,NA,NA,NA,NA,NA,NA,NA,NA,NA,NA,NA
780,"TTO","Trinidad and Tobago",0.0139788958908898,0.0126059542690328,0.000104131509508563,0.0118507917852851,0.000492465685968845,0.000215407877836615,0.00614114093472902,5.95706844299943e-05,5.49280429193873e-05,0.00166524958467965,0,0,9.96334609217068e-05,0.000819351269835109,0.00181129495713282,0.000279910642069688,0,0.000159715368245877,0.00356185692612242,0.0032544977420322,0.0019164146077607,0.00282251172445123
788,"TUN","Tunisia",0.00667571590668416,0.00328977264277876,0.00329959356240027,0.00521812661811224,0.00943932710053299,0.00243928104585905,0.011650134431378,0.0183495402436732,0.00878031122053429,0.00232161992736142,0.00330035161450163,0.00462189867526159,0.00707297259120562,0.00152907066614091,0.00259750221796374,0.00272471473807447,0.122546144620957,0.0259942711720493,0.00721506263296588,0.0264954938743453,0.00337605103352723,0.0419469172701293
792,"TUR","Turkiye",0.0221991158625402,0.024394875768656,0.020239465647191,0.0348489643755094,0.0232873975534096,0.0283097443217214,0.0370538816857308,0.0291616993171236,0.0327425990646167,0.0409041887272644,0.0466779452471024,0.0455030279792414,0.0419978128069636,0.0467085318989426,0.0475181502562425,0.0444709479110693,0.0521305380215599,0.0504694424428119,0.0419373922765225,0.043992719265018,0.0362518402298064,0.0400828020530698
795,"TKM","Turkmenistan",0.291132782541158,0.196862989684843,0.0299584551974158,0,0.0304531583404965,0,0.495236552540438,0.0306924204069072,0.0811562340888034,0,0.405410081409227,0,0,0,NA,0,0,NA,NA,NA,NA,NA
796,"TCA","Turks and Caicos Islands",0,0,0,0,0,0,0,0,0,0,0,0,0,0,0,0,0,0,0,0,0,0
798,"TUV","Tuvalu",NA,NA,NA,NA,NA,NA,NA,NA,NA,NA,NA,NA,NA,NA,NA,NA,NA,NA,NA,NA,NA,NA
800,"UGA","Uganda",0.0407810266004095,0.0526578854571234,0.0601117159440417,0.0584429835186534,0.0463755757710896,0.0485158727498664,0.0483661018557725,0.0589840987983696,0.0499315207471238,0.059469619425957,0.0680883097148402,0.0757455152306019,0.0494033919742387,0.0529675914668437,0.0430740555015359,0.0443865214512007,0.0519892622142272,0.0412684928614011,0.0337436560800746,0.0455707070846155,0.0430391626324677,0.0468321217755945
804,"UKR","Ukraine",0.00376466637688322,0.00333279917197889,0.00400358624542454,0.00557863747418644,0.00444222629318848,0.0046573451704837,0.000616367053790044,0.00112456151166174,0.00509069507505456,0.00247591861637844,0.00370210098386135,0.00245586390588717,0.00136054821144154,0.00156041902090505,0.00120397992912631,0.00144413953732726,0.00144013772589853,0.00197712695430221,0.00064000763600414,0.000523596682932627,0.000642249697168431,0.00116782984567121
784,"ARE","United Arab Emirates",NA,NA,NA,NA,NA,NA,NA,NA,NA,NA,NA,0,NA,NA,NA,NA,NA,NA,NA,NA,NA,NA
826,"GBR","United Kingdom",0.00285786434723422,0.00138754912484159,0.00122460707924573,0.00131841406168938,0.00788974358701086,0.00850721645782877,0.000603076607875958,0.0153295678970094,0.00110554682270077,0.00318496239805971,0.00183443045820683,0.00119480919076178,0.00531869754867994,0.0036498756708795,0.00199335011161991,0.00399399586549334,0.00556644427869648,0.00264068240257226,0.00149972421058741,0.00239519259292575,0.00416653086169463,0.00147548146743037
840,"USA","United States of America",0.0144228716366898,0.0129602730596874,0.0114822221210325,0.0177934930606291,0.0148582855039731,0.0112225758277067,0.0160027573837756,0.0126293800309202,0.0178346094758188,0.00826446995726486,0.0126071504129844,0.0205729716915606,0.0160264493860322,0.0133116506637083,0.00659571974728145,0.00973062201770154,0.00895571791553086,0.0186855627754782,0.00901766706874266,0.0143335148817503,0.0123471394158783,0.00849842104853722
858,"URY","Uruguay",0.0140488892054855,0.0310513915200764,0.0138402203636531,0.0288158070879564,0.0127363950187887,0.0107437322366457,0.00505471802722477,0.0140162046198226,0.00305662519100104,0.00845160104518176,0.0116644174037177,0.011964811691755,0.00519228822602909,0.0023514844907107,0.0116836997874796,0.00805613439428444,0.0163253631290989,0.00610288121699566,0.0214934822805586,0.00462392253068053,0.00752174873903772,0.0340460078293978
860,"UZB","Uzbekistan",0,0,0,0,0,0,0,0,0,0,0,0,0,0,NA,NA,0,0,0,0,0,0
548,"VUT","Vanuatu",0,0,0,0,0,0,0,0,0,0,0,0,0,0,0,0,0,0,0,0,0,0
862,"VEN","Venezuela",0.0837547868756999,0.059601160752296,0.0789646963517702,0.06789889088756,0.0623460341926078,0.0732426233234213,0.0602596633183675,0.0810683990143642,0.0662664784225936,0.141015349083596,0.152751745427642,0.135974735978983,0.149479838605716,0.136745720991671,0.127792127776198,0.106391846433899,0.0819227378657274,0.117787658776602,0.113584856512954,0.105990112482715,0.107186556844094,0.0853213517969118
704,"VNM","Viet Nam",0.721857069664464,0.761718776781451,0.635110995238603,0.734041637367833,0.648281719976862,0.649006768785074,0.686177390742344,0.745393012675813,0.798281916755357,0.705889357471384,0.764559054867274,0.862864400918806,0.790197988649106,0.797200322346348,0.774109190220298,0.766604827353146,0.742895825375517,0.741218145148673,0.750679672806115,0.717301674777305,0.684351716000111,0.620806751664139
876,"WLF","Wallis and Futuna Islands",NA,NA,NA,NA,NA,NA,NA,NA,NA,NA,NA,NA,NA,NA,NA,NA,NA,NA,NA,NA,NA,NA
732,"ESH","Western Sahara",NA,NA,NA,NA,NA,NA,NA,NA,NA,NA,NA,NA,NA,NA,NA,NA,NA,NA,NA,NA,NA,NA
887,"YEM","Yemen",NA,NA,NA,NA,NA,NA,NA,NA,NA,NA,NA,NA,NA,NA,NA,NA,NA,NA,NA,NA,NA,NA
894,"ZMB","Zambia",7.21384776849682e-05,4.0507794294e-05,9.10823188941056e-05,0.000173589208756361,0.000351742748799242,0.000851075306096711,2.65350992051715e-05,0.000140397048229632,0.0009284801450517,0.00163831622348643,5.86198528264919e-05,0.000843483004572482,0.00156254704249353,0.00149966301943458,0.00227986590026121,0.00115378474164457,0.00188839496430898,0.00240999142231324,0.00285169558963562,0.00158180495790129,0.00172006351716793,0.000778534924726811
716,"ZWE","Zimbabwe",0.000221068115281253,0.00447721449124564,5.95937245238425e-05,0.000415794568326652,0.000130576403447155,6.36908916963342e-05,0.000101347837718017,5.36549050172999e-05,0.000440387899296193,3.29403671810736e-05,3.23428360874633e-05,2.64262783313965e-05,3.00585576987661e-05,7.57787434523963e-06,2.38415869180406e-05,1.32779372083343e-05,1.12269258814458e-05,0.00415214747376979,0.00100113120242001,0.00174086440143381,0,8.76038184013747e-06
