"code","iso","country","WDD.raw.2001","WDD.raw.2002","WDD.raw.2003","WDD.raw.2004","WDD.raw.2005","WDD.raw.2006","WDD.raw.2007","WDD.raw.2008","WDD.raw.2009","WDD.raw.2010","WDD.raw.2011","WDD.raw.2012","WDD.raw.2013","WDD.raw.2014","WDD.raw.2015","WDD.raw.2016","WDD.raw.2017","WDD.raw.2018","WDD.raw.2019","WDD.raw.2020","WDD.raw.2021","WDD.raw.2022"
4,"AFG","Afghanistan",0.85650872032726,0.894215163831143,0.776205903076613,0.67533511574446,0.793585705843505,0.727206318969535,0.722512898530528,0.728286711364943,0.832328075137487,0.716038770598489,0.87398218690562,0.879341717852578,0.944300485585775,0.941232638283613,NA,NA,NA,0.561174136346372,0.808987832594424,0.77691842845391,0.618718884082094,0.615987759266971
8,"ALB","Albania",0.519656782355311,0.525575536894324,0.536863869750895,0.51340812979081,0.525584183114728,0.512916358687862,0.507342492032411,0.507126759163748,0.516791644168484,0.52385834549564,0.512092117449299,0.509571303111187,0.508253884322856,0.540060626654233,0.528556074758137,0.538868963954078,0.515652423299575,0.514046726549295,0.52708364217344,0.51238735237399,0.513680132682802,0.51109763351118
12,"DZA","Algeria",0.778184807537805,0.742346420679496,0.731369783933397,0.740634944054184,0.720724499985859,0.738361704747521,0.733968769240035,0.738336199425963,0.732514987819197,0.71898995345379,0.73560196355707,0.727425442284149,0.714117026264529,0.661714020986024,0.7049804452272,0.70255004349711,0.65719645861981,0.733825285622729,0.700800504386121,0.684277217158516,0.693296912417174,0.619706872760981
20,"AND","Andorra",0.810139130018683,0.704291414150578,0.833292196400913,0.790234510120959,0.666538184709424,0.517195755239812,0.631408011756924,0.592362651436058,0.589914781604097,0.631570878112274,0.5,0.7073346364539,0.779582155022952,0.708214664406679,0.5,0.54542456212688,0.574964236623185,0.61681093161325,0.968078033023251,0.678350833450957,0.666645895589482,0.835123683171464
24,"AGO","Angola",0.757220384890206,0.760857040671836,0.758376367934435,0.755214067836004,0.754906217230504,0.756086817373274,0.752267266266038,0.751883511205646,0.751848008626309,0.754032953526296,0.752103712404571,0.751614949637665,0.756777589137852,0.758266682964069,0.754742101856656,0.750003860219274,0.751460943772613,0.749423429722588,0.748749921604313,0.74957886603768,0.749302621643463,0.749514461866712
660,"AIA","Anguilla",1,1,1,1,1,1,1,1,1,1,1,1,1,1,NA,NA,1,1,NA,1,1,1
28,"ATG","Antigua and Barbuda",0.785933220738176,0.762505440217754,0.769401345420936,0.837464653756893,0.756621235262157,0.813499526600034,0.79012735440319,0.78061037386232,0.76196749830089,0.795193060681167,0.767813673836125,0.784228973231649,0.800860666240193,0.777379545417118,0.764464932067816,0.761462160701714,0.757163751982647,0.766907516378298,0.757077245379427,0.822422247495601,0.785246364179758,0.786008185929629
32,"ARG","Argentina",0.779358100094827,0.768574083041198,0.822464216013354,0.843644451755914,0.830700445343863,0.795507017788871,0.837632310266546,0.836368947158527,0.82729156967083,0.848397239104389,0.867003619212877,0.841978715797932,0.81270101896313,0.818452314015803,0.810153774329849,0.802221981563508,0.800435828745928,0.824660960197249,0.81440669988268,0.811822918709884,0.80400248381775,0.823205496797162
51,"ARM","Armenia",0.798028735980796,0.801020593860349,0.777494242888477,0.764035409170032,0.679104576258077,0.780527799159945,0.86389998621034,0.751527915158217,0.723506732400493,0.745559550071041,0.719851602431805,0.708326099557177,0.827698310257585,0.696101865205097,0.662618940545384,0.934686387604818,0.930055861286274,0.80212699480103,0.958572655701702,0.882013298310239,0.68271404114968,0.844907380526868
533,"ABW","Aruba",NA,1,1,NA,NA,1,NA,NA,1,NA,NA,1,NA,NA,NA,NA,NA,1,NA,NA,NA,NA
36,"AUS","Australia",0.301303842053276,0.281241502699427,0.311895944297164,0.436074733439793,0.378901949105878,0.377824390063439,0.337360067301249,0.354449855682486,0.436916683432052,0.283509880520593,0.438426575220662,0.402480020084564,0.368729449896253,0.368495374296746,0.351762950649657,0.390047187842064,0.407229682402806,0.374493490608353,0.269230091702839,0.259261916799595,0.358542690048554,0.410452447531337
40,"AUT","Austria",0.503212257973918,0.504139488437879,0.50130763706319,0.502215594361958,0.50242058099012,0.502504192028981,0.501446336096736,0.501458260387924,0.503404171994883,0.502312551013022,0.501659075590715,0.502960081342199,0.502817994158098,0.503448460292424,0.502750239049853,0.502165635519886,0.502840558942085,0.501792821861763,0.502513091732923,0.502545610213387,0.503326469463292,0.502891557953204
31,"AZE","Azerbaijan",0.779048133098336,0.733932520688312,0.742716955738828,0.838678111847,0.814287822433686,0.85342634661145,0.764339492017452,0.814178830951271,0.824228131454669,0.86273608162662,0.909799195300622,0.748861335037706,0.896406868308232,0.723610794593384,0.978542266096105,0.97121988026621,0.863508947564767,0.885376141394369,0.939832309267369,0.979931865396452,0.972661925111979,0.913127570316663
44,"BHS","Bahamas",0.793990466805444,0.754091619810704,0.770297898405044,0.773826188992801,0.653914484875888,0.763901270432298,0.762701868036227,0.774370225265954,0.760298181062768,0.767963706911306,0.788001960388251,0.705993471432702,0.75033671068732,0.793804201264795,0.793521516992684,0.778889731422926,0.747945134600643,0.80508513205809,0.604850962823139,0.619254607382998,0.701105047330618,0.811693868157471
48,"BHR","Bahrain",NA,NA,NA,NA,NA,NA,NA,NA,NA,NA,NA,NA,NA,NA,NA,NA,NA,NA,NA,NA,NA,NA
50,"BGD","Bangladesh",0.605247670987103,0.641066039628375,0.626735497035693,0.597949708909825,0.619172485514108,0.633343042346018,0.607484260679633,0.599799033475551,0.59203021785311,0.596804612033603,0.618086131532552,0.619165530258059,0.640911033422903,0.645787282454397,0.641117207331939,0.643497909165109,0.6487957660062,0.645675829338082,0.656900351864452,0.654481223158011,0.643685238077945,0.645795006493182
52,"BRB","Barbados",0.92576446402982,0.888159540148761,0.925002032749546,0.792799952572731,0.848431433912437,0.859101733140644,0.829386707716395,0.864763049241227,0.892649978709777,0.903433404067096,0.810953691274204,0.797587817781617,0.799304658755163,0.827593708901783,0.759616663676013,0.85343796824079,0.75710882278845,0.755793849282509,0.750349221805762,0.75,0.784789603350103,0.764282811182525
112,"BLR","Belarus",0.501935477608939,0.501933773230216,0.501179992339033,0.501470402074976,0.501893484641037,0.502275090815275,0.501716504995644,0.501543922917406,0.501516232094235,0.502849761654806,0.502022816335657,0.501752431191648,0.501047312998266,0.501192971284447,0.501554815662304,0.501882641704174,0.501875235447028,0.501014671927735,0.501247235464736,0.501399080682006,0.501522369124044,0.501500887342446
56,"BEL","Belgium",0.5535522244015,0.543286939578948,0.511933061805047,0.509947383807767,0.527928310922222,0.512449687985484,0.511723779735754,0.51295818687919,0.523691219906244,0.519016190967596,0.514518536425386,0.508698404811869,0.505390267450214,0.510615905492015,0.513694048670586,0.515725298853975,0.518310907145161,0.519284298835346,0.530012744477806,0.523990607207555,0.52034607467027,0.517899988620288
84,"BLZ","Belize",0.760016028427128,0.76734526196899,0.766922106699925,0.786727705008415,0.759123001192235,0.774168870378079,0.752396111569189,0.790726185561653,0.782872100801781,0.782821838057679,0.81725389102474,0.82337456036224,0.79780542232137,0.833579370612886,0.819115945656959,0.783486628768088,0.788558074860388,0.790726173977868,0.792584505798155,0.768031338794181,0.787456463091008,0.814822407014364
204,"BEN","Benin",0.756451207920093,0.760134064297537,0.758124403229681,0.761320491118368,0.754647047356284,0.765717019284949,0.759146325986368,0.786988613401425,0.755690508158865,0.772533855247366,0.766933381657,0.760809436884217,0.764917937539733,0.766708375912062,0.763319419795742,0.764429356867461,0.757912604803806,0.755513211029682,0.758704645110595,0.755935103655699,0.754745815478135,0.753846791195789
60,"BMU","Bermuda",1,1,1,1,1,1,NA,1,1,1,1,1,1,1,NA,NA,NA,NA,NA,NA,NA,NA
64,"BTN","Bhutan",0.791868728397488,0.739156747280276,0.688325172430349,0.754847582357589,0.683631587634868,0.759090950105424,0.723004516609521,0.724997653935169,0.762096759445299,0.676906169386867,0.778924079618807,0.759282330626763,0.745518299200109,0.76121398715013,0.727044328718706,0.693391862638184,0.723576751661023,0.714531356656052,0.737308346148599,0.750846599569837,0.713389803328801,0.722996310843687
68,"BOL","Bolivia",0.845751771137078,0.863256813676738,0.854853335963462,0.872856697897818,0.868113379709929,0.88322587082072,0.879637688985653,0.900527590645062,0.890138633128131,0.879480019070436,0.87527498126925,0.866221977176923,0.87745416908839,0.875368652065056,0.914043027818987,0.909754615666362,0.911658506605839,0.932385270081312,0.952465999316223,0.872308498621267,0.911147139773534,0.924178240793449
70,"BIH","Bosnia and Herzegovina",0.542684135932315,0.59545577181802,0.603965383870155,0.577783135357939,0.608630285010014,0.601139233843529,0.534809920603483,0.589113921715709,0.563227656463661,0.588203192845345,0.576467608240157,0.56198728993313,0.546702167045661,0.577687668609828,0.616686913980855,0.607390371454139,0.591726554343897,0.585967051885362,0.598974857986922,0.577111421734488,0.57675302919306,0.595689871227545
72,"BWA","Botswana",0.972667567418487,0.878708337514062,0.921007663900791,0.981724306630809,0.945890028021801,0.950998996482228,0.960908567276179,0.985987386882487,0.961592275828459,0.894896314812867,0.951481424153019,0.953630294236122,0.935546609625501,0.949531280073571,NA,0.975007664349759,0.937054437632395,0.888906479947428,1,1,1,0.973698254097645
76,"BRA","Brazil",0.817888927722544,0.833686803110391,0.846166018364247,0.859072000714779,0.840696790656554,0.82904984919902,0.826890443292713,0.820701453703954,0.81341155012606,0.820562390752119,0.823580551392476,0.821982229904964,0.806120437315883,0.8138913514014,0.830620995465053,0.826149085781848,0.834942442938033,0.834954424968436,0.845331652433358,0.86687517710369,0.862891771295576,0.878183290064074
92,"VGB","British Virgin Islands",0.781246282757556,0.823169332911542,0.9500091197239,0.916666776186673,0.872556745345497,0.828944229866796,0.815470917793485,0.830715848780876,0.785214386440607,0.833319955684659,0.794041670301437,0.87501153998717,0.842094391123582,0.892833782930274,NA,0.878215313162611,0.900910648285783,0.929418378508862,0.833334634384471,0.75,0.790182175710818,0.875005999105385
96,"BRN","Brunei Darussalam",0.854135383129451,0.827137973424298,0.876673137614804,0.872260505764677,0.854061103066484,0.869150160588688,0.872623928433887,0.908352563898965,0.939788706370425,0.849624861453174,0.900227118590425,0.861346894390077,0.922184521395385,0.857689026742031,0.834536898727881,0.897144818921243,0.889077407214187,0.826590776406812,0.869766746266467,0.894772329558712,0.920357522580207,0.917204031733332
100,"BGR","Bulgaria",0.531543679795334,0.523742909637525,0.526746426398428,0.526057755252092,0.522845179990263,0.531861450683339,0.525009848192481,0.521138502654465,0.526071684973106,0.523572985448422,0.523207304664398,0.51997342798253,0.529293371276122,0.528347183145815,0.519798838928568,0.51556832718664,0.52995415518676,0.519461455499128,0.525026999158668,0.531484389972939,0.531915525158622,0.538172942630056
854,"BFA","Burkina Faso",0.814353364117006,0.806989715518832,1,0.934189398637578,0.837060229572787,0.880891705629306,0.769728654534888,0.79361863077096,0.79576124779837,0.752709598683676,0.800454722508222,0.849940022455131,0.75,NA,NA,NA,NA,NA,NA,NA,NA,NA
108,"BDI","Burundi",0.776098350515214,0.763251001245046,0.766097483098839,0.760667572220689,0.778898957610109,0.764307229315992,0.764222712767377,0.763204348216422,0.760787748453283,0.763328168562095,0.765031379087615,0.760844428183967,0.772730492549075,0.769011376993825,0.769801467404165,0.783030865282546,0.767176425809853,0.782735112078835,0.783526460554093,0.775964918251526,0.771860025144883,0.767961103943492
132,"CPV","Cabo Verde",0.8984093734935,0.820877325339332,0.983334895696898,0.968777684320062,0.962684497512436,0.885818541133483,0.905781364618736,1,0.820111835263945,0.8750043428867,0.8153270550085,0.824268643756982,0.990485661436394,0.849583798705258,NA,NA,NA,0.773963273777397,1,0.806667361810895,NA,NA
116,"KHM","Cambodia",0.935433294011708,0.968252182254304,0.96582648987567,0.968869555400185,0.97180279231638,0.957870776595193,0.960083191481796,0.970704674644008,0.965053290828423,0.977507053825567,0.981004002816856,0.97697767146757,0.987951178683098,0.980881371117143,0.975752027232963,0.973496614773836,0.959865803631699,0.968796641137221,0.967927660022687,0.96532633969871,0.960922442763754,0.957560193095032
120,"CMR","Cameroon",0.759856124903469,0.751455873123852,0.759811331397097,0.755968914999935,0.759126823392546,0.75715875039904,0.756753404199591,0.753285466322346,0.758219956747662,0.752889748617693,0.754932121446209,0.753858831485117,0.755345674543028,0.754582342919878,0.754090945242011,0.75361485914288,0.75444441323938,0.755268243921048,0.752605508039766,0.75206971522102,0.755827197509042,0.757104472387824
124,"CAN","Canada",0.395211684844786,0.342058075004423,0.354696817424713,0.34816964884157,0.336459177676949,0.346580364388923,0.362896775318822,0.335607256528414,0.359216137564345,0.336484454297328,0.321246561779813,0.329866166381482,0.293458037317361,0.307308190016318,0.329569638657806,0.409426356821639,0.368810157876122,0.371148047870925,0.383611049090422,0.421032156202922,0.356427115213838,0.338826006528609
136,"CYM","Cayman Islands",0.843006273104104,0.782460205656644,0.778719970040475,0.802040641041998,0.81943142373366,0.784417410259706,0.844451400580857,0.810108857459888,0.798058715500502,0.816591105423156,0.792954803436603,0.818800196432195,0.762047888304899,0.801825481465425,1,0.794510412407799,0.852220361557559,0.753422233277599,0.795591700931836,0.80929743269752,0.825517638788182,0.861488758715078
140,"CAF","Central African Republic",0.773662013853102,0.77481701579927,0.775627491366399,0.768068577228619,0.764011460828629,0.759459972847607,0.764465193392669,0.758625490366877,0.766189111444493,0.759446407280798,0.763586939532433,0.764227582879807,0.765186521360521,0.760824387259638,0.755006212098516,0.755052524310758,0.757458060297569,0.75357932783658,0.754604630536416,0.755371337271501,0.757603003315426,0.756969938769465
148,"TCD","Chad",0.752192300350538,0.760881884100711,0.762904833248829,0.758526556476197,0.751843513919757,0.750737897145384,0.75090682618574,0.751011066963991,0.756173443269442,0.753493296555566,0.750906740862534,0.751548579552228,0.750184191203682,0.750507504475948,0.750051423609933,0.750421361645558,0.750785782344007,0.750082507219921,0.75026386215272,0.750582908111159,0.75052713942505,0.750688932803603
152,"CHL","Chile",0.520568629341385,0.519473218916669,0.526744275830775,0.525894582560354,0.525463927276451,0.52028486366002,0.527834286982356,0.557190323470831,0.53862668156506,0.536121147016792,0.530425558503616,0.548484299766116,0.519771622212842,0.525832326325406,0.521895851476838,0.516750542927491,0.519900061429011,0.515606534980323,0.527597708830478,0.53132165973259,0.516691479756158,0.523535789475964
156,"CHN","China",0.496260135287671,0.503369652539893,0.472165229952913,0.480370395454526,0.495764798093719,0.470487750995381,0.50304863416069,0.507837449568215,0.510100326628129,0.503191524664763,0.509483957651713,0.515512465352144,0.515629184029774,0.511081444490086,0.510159239313936,0.513068554312404,0.510951981066816,0.50724015888591,0.516581311955258,0.52199952279687,0.517719340214255,0.514140368171066
170,"COL","Colombia",0.77456981206317,0.79135449945534,0.766085910528329,0.787349545624134,0.783890640281414,0.776865871133428,0.800773525930592,0.799177527253492,0.776274324189913,0.787624136848801,0.802709401622155,0.78264439194959,0.806800607226457,0.809276839324681,0.797317026043897,0.789351544910552,0.802456973657472,0.836128349243026,0.8095204322507,0.832998314622958,0.826516588326012,0.827688829165436
174,"COM","Comoros",0.752543767047262,0.754107734113039,0.755643278105088,0.750466401571073,0.754348353788223,0.75,0.752421453451567,0.761296144685647,0.752347589219482,0.752243685331368,0.75015362861812,0.757386261795598,0.757720450806487,0.760503478323126,0.758979657111206,0.76180371404073,0.75739083006472,0.757933102706476,0.756576688457127,0.757085245139765,0.760747995863836,0.76029199824684
184,"COK","Cook Islands",NA,NA,NA,NA,NA,NA,NA,NA,NA,NA,NA,NA,NA,NA,NA,NA,NA,NA,NA,NA,NA,NA
188,"CRI","Costa Rica",0.732099131020528,0.74850152119226,0.733254035588069,0.736179012546323,0.732765032271063,0.743720923832049,0.727748147683361,0.728375257894281,0.73741602452326,0.732732279292602,0.734205589139089,0.737384238988017,0.73298177316102,0.732028111443807,0.73480309698503,0.72564983384624,0.7202403782846,0.737439697343907,0.732393746234931,0.733398217764514,0.734318988512772,0.737557456823354
384,"CIV","Cote d'Ivoire",0.7589028370285,0.756707806552201,0.761274447132066,0.757611380405046,0.755954224057093,0.755416293645618,0.757163813897309,0.756158974713694,0.756185476288071,0.755571295771643,0.755773938590046,0.755704479997055,0.755719141265472,0.753463042719798,0.753882914424101,0.753693553593499,0.753721387792684,0.753664705160225,0.754041942301427,0.754560898339743,0.754728951616418,0.753975010072345
191,"HRV","Croatia",0.52197143301654,0.525380642470066,0.536500022583785,0.525681234869734,0.52188262734522,0.523393522813992,0.525837666406807,0.522982561932576,0.524850648781054,0.528824110623936,0.523568477322135,0.520985512414159,0.514999482324297,0.518322282320196,0.513058718999916,0.516909112917966,0.513742046734455,0.5175031741837,0.517053565630719,0.524045184167988,0.515636486567997,0.515659246043059
192,"CUB","Cuba",0.67087790042674,0.720614230935235,0.631533521644554,0.610016576018435,0.624812671786712,0.633016774100047,0.647701146577285,0.64134740693904,0.616871687772627,0.617810582952365,0.610404224136423,0.640192749193492,0.618238210807408,0.619089409736698,0.625031156095077,0.732340560616386,0.63648215872554,0.617771107645378,0.600229361601631,0.600440144193695,0.636963706581726,0.653874399844237
531,"CUW","Curacao",1,1,1,1,1,1,1,1,1,1,1,1,1,1,1,1,1,1,1,1,1,1
196,"CYP","Cyprus",0.779584925945852,0.800727148129696,0.75363567931565,0.837492691847658,0.837134871104936,0.80986874511458,0.748259197045843,0.794627668805313,0.798292300650703,0.74591733994749,0.86057712638148,0.906600163610415,0.82037717616661,0.798622358906152,0.919297022212929,0.653632719579184,0.653405005576947,0.697058559283078,0.840415129920106,0.906401221577427,0.754071072525353,0.794596635410551
203,"CZE","Czech Republic",0.506853168385489,0.511143911540029,0.502530045441543,0.511703674380602,0.503629406673371,0.506386585256583,0.503537754254033,0.505592483512368,0.504840735747946,0.504083739304921,0.506638679075816,0.504804364192294,0.506155871080809,0.504938320361663,0.50551394300505,0.504197231483283,0.502570193913297,0.501827649946173,0.504779139192712,0.503958693184137,0.504517896217116,0.503561474061609
180,"COD","Dem. Rep. Congo",0.75236109755122,0.752048827901103,0.753628032421998,0.752550530460635,0.752154791303475,0.752188174817217,0.752675950216317,0.751459109016005,0.752424737683739,0.7515505583882,0.752578797815718,0.752437011099389,0.752077803445742,0.752039785287336,0.751444791612361,0.751470752579781,0.751348373651192,0.751259280551944,0.751507204270161,0.751751026373986,0.751486551921147,0.751662205422902
208,"DNK","Denmark",0.525944050228613,0.523778203735329,0.517972500828514,0.528985525672639,0.514306445258267,0.515683008570964,0.518097145371299,0.524366698640528,0.519952232685302,0.528949147272188,0.520367315389195,0.524329172191763,0.519398573776497,0.521464488809371,0.524140162149554,0.519485800194229,0.52473632533567,0.523767212438845,0.522163334624813,0.523936147451501,0.531891773532793,0.526596478915077
262,"DJI","Djibouti",NA,NA,NA,NA,NA,NA,NA,NA,NA,NA,NA,NA,NA,NA,NA,NA,NA,NA,NA,NA,NA,NA
212,"DMA","Dominica",0.666670705959488,0.485319685038312,0.555184444552457,0.63118791223242,0.609155370174101,0.711409266980145,0.571749868154029,0.658181271998536,0.624423681301086,0.636570144535172,0.646682853194145,0.597946804758082,0.571665634081,0.578206843390777,0.310047721532631,0.572430305760091,0.536261002371152,0.683496545395404,0.581804649052106,0.529492225873117,0.610655773943691,0.661517763887966
214,"DOM","Dominican Republic",0.749514086057548,0.747686253915614,0.756277894765967,0.753244151021135,0.751601971111485,0.754572260210757,0.754803207657624,0.751947865369024,0.745427660357703,0.754095316676938,0.753143915063854,0.74492052983653,0.773826380534962,0.756363422028449,0.768164053903846,0.765352553607238,0.75115377622257,0.75323262255239,0.750745820471946,0.767285741541468,0.748296894518782,0.774018167725945
218,"ECU","Ecuador",0.74974069946083,0.751112723513274,0.751088242222767,0.749279450652337,0.74878777127875,0.749630799263801,0.751194708646819,0.749078580446474,0.750355941043893,0.751005283094382,0.749767634178357,0.750693758636633,0.749253048725576,0.750718886819151,0.751535905902065,0.749228042597541,0.750114528452158,0.749200766650755,0.748613125667651,0.750184060794474,0.751550672704587,0.750410423102927
818,"EGY","Egypt",0.991500993741192,0.991864762866431,0.988613714662979,0.995764716551197,0.988701971178741,0.93307640046639,0.97209629411356,0.933001056757361,0.963365189679232,0.979084952798117,0.923638333768492,0.913759856830052,0.99931868762758,0.99396605611281,1,1,1,0.995786083772576,1,1,1,1
222,"SLV","El Salvador",0.749630767058537,0.741017500976313,0.747987779179231,0.738613702477046,0.747596749879179,0.746652477421426,0.744436253007667,0.740513702318193,0.745535037670002,0.732913352513162,0.740292013785818,0.743237973208705,0.73860397800934,0.739966313371471,0.738929425368387,0.748723290554578,0.749846482704441,0.750599807092757,0.741104334089855,0.746990240770331,0.748300003970205,0.742675392057471
226,"GNQ","Equatorial Guinea",0.739014379008443,0.745068550403531,0.747618654347323,0.739737985227044,0.739771332766164,0.740365615888724,0.74159980012237,0.740951093585276,0.741243782541751,0.731441585177673,0.743731039175905,0.7412668755512,0.740267328611246,0.737940140019321,0.738215351589237,0.74549102984444,0.748563814043408,0.746334142374784,0.747843613398712,0.74940431827373,0.747715514682507,0.746425783183153
232,"ERI","Eritrea",1,NA,NA,NA,NA,NA,NA,NA,NA,NA,NA,NA,NA,NA,NA,NA,NA,NA,NA,NA,NA,NA
233,"EST","Estonia",0.502097552635591,0.502362352309678,0.501761452491485,0.503002841533625,0.502433650328721,0.503341097067154,0.503401490849928,0.503060204322308,0.503534940605306,0.502959874527156,0.503130314075465,0.503630574610515,0.503669972498724,0.502231246878626,0.502279128437741,0.502785769538505,0.502838686974123,0.503178197050049,0.502883510700278,0.502838809917113,0.503364534890298,0.502987745590632
748,"SWZ","Eswatini",0.51654257972905,0.517544258858286,0.518403793165305,0.519312734496375,0.510751799668524,0.526310508939893,0.513619669246299,0.515971529111159,0.505436388735105,0.514556839528941,0.529411015003819,0.51412300528971,0.537729691066976,0.551226770737911,0.550017407443515,0.53415136059073,0.57207106837519,0.53845069268461,0.562708024349453,0.524883739966264,0.569701884452444,0.568306395941688
231,"ETH","Ethiopia",0.769889910559131,0.766194437438041,0.758017305759913,0.760575851493957,0.760793812635678,0.758423968324306,0.757083994184703,0.75928037507376,0.758291541345283,0.758431456718602,0.760979665080558,0.756798230138614,0.758675633232988,0.759987017318017,0.755972892532961,0.757068579545344,0.755742178753799,0.758028209856721,0.755172235073225,0.757669724381225,0.760058761546939,0.758751955843465
234,"FRO","Faeroe Islands",NA,NA,NA,NA,NA,NA,NA,NA,NA,NA,NA,NA,NA,NA,NA,NA,NA,NA,NA,NA,NA,NA
238,"FLK","Falkland Islands",NA,NA,NA,NA,NA,NA,NA,NA,NA,NA,NA,NA,NA,NA,NA,NA,NA,NA,NA,NA,NA,NA
242,"FJI","Fiji",0.722172257211581,0.74808163943684,0.73140155973262,0.741126244056212,0.719022267560194,0.695768829736003,0.697057837323783,0.693030505568024,0.709196954130124,0.738900425654508,0.692773217683027,0.721471174562883,0.692303011815652,0.69779572028485,0.681295935689304,0.689307445202588,0.662408854135895,0.701416299828233,0.676496260900538,0.667152229221191,0.665224683040825,0.710798388893933
246,"FIN","Finland",0.50130770944906,0.501199569496639,0.501622887346676,0.502409368275889,0.501219212733725,0.502119747050737,0.501448952228522,0.501621811967362,0.501521771483647,0.501528543716243,0.501213632196685,0.501656230979703,0.501459504209921,0.501452918126081,0.501041636103926,0.501220424691183,0.501074845836538,0.500991320869425,0.500999045611093,0.50101007258752,0.50073300831832,0.500918998250824
250,"FRA","France",0.53759205900339,0.525095300534698,0.526432160030752,0.522198489843262,0.526441445028703,0.522480679110429,0.521413861367328,0.523084517147453,0.521442557293722,0.51663389073031,0.518299731574933,0.525145633352082,0.521504709604336,0.520413972955917,0.519950346882618,0.52168039596762,0.522823003373526,0.520857893397789,0.521381273238515,0.51804061680568,0.517547034853877,0.521090084526644
258,"PYF","French Polynesia",NA,NA,NA,NA,NA,NA,NA,NA,NA,NA,NA,NA,NA,NA,NA,NA,NA,NA,NA,NA,NA,NA
266,"GAB","Gabon",0.767922261367958,0.765146986411676,0.76481289377038,0.762387484889782,0.77212557337157,0.767327422225139,0.770608236542304,0.764709507527013,0.790333148844626,0.770065979344628,0.763414842578367,0.758489607590645,0.766045292232676,0.773159266619052,0.754607470984757,0.754171410403533,0.759237823669072,0.754909583892435,0.756079495782218,0.759617290480761,0.757187752112755,0.757589074933667
270,"GMB","Gambia",0.795441582666471,0.890359302489216,0.858141969777921,0.802258249324427,0.83108225930442,0.872010339263258,0.8715833080143,0.860989974385727,0.874983000882653,0.92058095124066,0.856508893343158,0.877064124986275,0.799073709077764,0.805777241632907,0.923486127184516,0.844181075005929,0.856469203575298,0.865821310396373,0.871249782393955,0.810603450906417,0.839556805674289,0.825646608741017
268,"GEO","Georgia",0.803953432592116,0.799132135482304,0.925593568114149,0.666236835007206,0.851769586334535,0.813100434730427,0.710369101017033,0.714197561675266,0.791526687122996,0.764708094238547,0.727042121722336,0.834319643432062,0.917713465421928,0.825015838559525,0.934574910961522,0.844330457603103,0.836066475625638,0.769688357911485,0.793189997183687,0.820299807501815,0.867478403564602,0.858594527418306
276,"DEU","Germany",0.516217700647863,0.510275422750438,0.511656696735376,0.508176256853168,0.50806467932631,0.508525075313667,0.503095204521466,0.507121787157845,0.508578173440515,0.50824615266948,0.508356903197133,0.51052678206858,0.508500833643697,0.514101122759305,0.509277430217975,0.508890543234232,0.50944850115901,0.506851516059452,0.506192736416523,0.503162433506916,0.502638751936924,0.50536263095605
288,"GHA","Ghana",0.758218510964124,0.76020179810816,0.761701921723239,0.760116695549312,0.761749394399317,0.758600987513596,0.769154505888322,0.760539163627586,0.762199107485682,0.75711943153415,0.760010391988529,0.762770909025517,0.765352934723377,0.757722751711904,0.76002157287007,0.760050515634954,0.757948411996134,0.758765298864566,0.759456170097155,0.758046152311689,0.758432480456331,0.757609536228468
300,"GRC","Greece",0.51802455386637,0.54732509657391,0.560277803633343,0.551652280364889,0.544052366709165,0.540068275163669,0.507068668289248,0.518480917290724,0.537359227137101,0.526595123523682,0.540620978243181,0.496733484022134,0.520351161628964,0.536074658673707,0.536775674762976,0.524718229922362,0.521355319126539,0.524990819286896,0.528960406526935,0.533573602790345,0.502856016022975,0.489407847466485
304,"GRL","Greenland",NA,NA,NA,NA,NA,NA,NA,NA,NA,NA,NA,NA,NA,NA,NA,NA,NA,NA,NA,NA,NA,NA
308,"GRD","Grenada",0.761470509486093,0.756859521032357,0.758176785266819,0.750566568918763,0.758713763381532,0.784615576234864,0.766373850204828,0.77373622257596,0.753812861701927,0.778896142514829,0.75561936932969,0.752842004700613,0.756677878693854,0.755610034285261,0.758430018455969,0.755698079729144,0.751337212391641,0.754453980568953,0.75,0.7775586617895,0.752359552145761,0.757245943724118
320,"GTM","Guatemala",0.693063686922759,0.696877077517105,0.733040007061547,0.69505409676257,0.727695446692942,0.702465001208609,0.724004668243109,0.724846759771892,0.732314295861777,0.708077759419855,0.714855373488751,0.7036252639876,0.727298410132974,0.726268660405098,0.738615130896092,0.732266030627834,0.715585725979735,0.707501435848482,0.723438045431951,0.757176672010424,0.712634856285521,0.716406269397646
831,"GGY","Guernsey",1,1,NA,1,NA,1,NA,1,1,1,1,1,1,1,NA,NA,NA,1,1,1,1,1
324,"GIN","Guinea",0.718579881835892,0.719013296564883,0.730164520030032,0.716300776328201,0.712851877900671,0.734635006003253,0.736768776673323,0.738703835724289,0.730854459080189,0.731686973230676,0.742899756851458,0.705519355539652,0.685909361455815,0.676502170395146,0.673597074572074,0.677350304970824,0.679924054178804,0.674292983831296,0.681206525285121,0.686504379208453,0.686396021440868,0.693554522542011
624,"GNB","Guinea-Bissau",0.749089587617309,0.745300948714414,0.750073770042749,0.748844409705282,0.749271222272419,0.748631386927906,0.747175832649,0.749982876171642,0.750729396408999,0.748157058077033,0.748427746740146,0.743469958332886,0.742129755795072,0.741428345456276,0.738938765266308,0.744039957502754,0.744399769990845,0.744002873775036,0.743574344582303,0.744675166870474,0.745489001291204,0.746981247393313
328,"GUY","Guyana",0.773011027155389,0.790461691049868,0.785660580210626,0.780446518322041,0.774522465302567,0.779223311786442,0.780509891422822,0.776817707117013,0.773126466699844,0.78017118945778,0.783074490790588,0.799830344809169,0.775394705008725,0.782470880200705,0.774740793443362,0.775429264478483,0.769502420619882,0.778836497296292,0.776314114483562,0.77002331711153,0.772797220795177,0.773792125647049
332,"HTI","Haiti",0.754093942016424,0.758057376869113,0.758239803639923,0.764515091526342,0.762253851794175,0.761964494395666,0.755830572484597,0.759360768437787,0.757841592585536,0.758252948146387,0.759960464000963,0.756821747559332,0.758041773347298,0.757473888985399,0.753644320774238,0.752512066046026,0.756029209709811,0.754378027964737,0.7518509076276,0.754240603134347,0.755463615457308,0.757114376436904
336,"VAT","Holy See",NA,NA,NA,NA,NA,NA,NA,NA,NA,NA,NA,NA,NA,NA,NA,NA,NA,NA,NA,NA,NA,NA
340,"HND","Honduras",0.732739569444365,0.74061429738779,0.742470692945119,0.739151912917736,0.752520882437098,0.750204737228058,0.741502855723062,0.748289431502321,0.753553692189801,0.750311398485871,0.747530069301734,0.742125125243346,0.749017897477008,0.751555270944368,0.749844995563522,0.739086522635912,0.75484519939949,0.764386885638561,0.763399697424812,0.767447179483816,0.773273673797481,0.776094952762436
344,"HKG","Hong Kong",0.64737095475168,0.755752532621293,0.697007722519108,0.679258485376419,0.804880654889645,0.878477222371256,0.85427563818054,0.650576345135466,0.637296648608588,0.624371973783094,0.693595017094094,0.773923385390771,0.675755064944739,0.667130481418367,0.642709766727836,0.631658882496992,0.591705365229387,0.634138892525145,0.60437641922621,0.583525074260271,0.601407303048849,0.782466806896965
348,"HUN","Hungary",0.513636023876001,0.515270864659425,0.512426079423202,0.510939819706832,0.51462583853283,0.518479342623752,0.51588936910997,0.512828380581746,0.516083444616251,0.51618563698189,0.512196146610609,0.514860314715484,0.514310396605699,0.518150768045315,0.517742371845898,0.517214281767017,0.513421829393489,0.513204270858106,0.516812782935493,0.514448293082228,0.51492266713345,0.515283365720087
352,"ISL","Iceland",NA,NA,NA,NA,NA,NA,NA,NA,NA,NA,NA,NA,NA,NA,NA,NA,NA,NA,NA,NA,NA,NA
356,"IND","India",0.568158359127119,0.572264601355346,0.562814635498866,0.575200746049291,0.57226201986389,0.580828175463471,0.585261864210011,0.577776739191186,0.582077244859678,0.576493554549494,0.580137878037637,0.573653569019732,0.54366635103693,0.544339992758875,0.539960256574686,0.538665854899807,0.554349325963756,0.551230777982073,0.562178984513499,0.5557191678501,0.551588251843416,0.558460820382259
360,"IDN","Indonesia",0.97658766429295,0.976191228236467,0.978045332231483,0.980484109191088,0.98474681318629,0.982152751429358,0.986649016220297,0.986300653144916,0.981456474992456,0.986220998117296,0.98347463458932,0.985249729531555,0.98776323301091,0.98012687026608,0.978398809406355,0.983394390453088,0.974547514023179,0.974583920189069,0.971504297619207,0.975143415525317,0.972436741082629,0.971020886905185
364,"IRN","Iran",0.971996021536792,0.955411027863049,0.862136651942849,0.9922491662886,0.943516737242298,0.956835254218308,0.958236691435758,0.858902260326717,0.971650533281521,0.977261131968025,0.953211245056743,0.952295699636136,0.954803289064348,0.99840707886202,NA,1,0.975404211570859,0.778222201232444,0.771695018958286,1,0.995587989347721,1
368,"IRQ","Iraq",1,1,1,1,1,1,1,1,1,1,1,1,1,1,NA,1,1,NA,1,NA,NA,NA
372,"IRL","Ireland",0.538834327287252,0.522706856212835,0.513252314776382,0.519491697679489,0.51754547808998,0.518386672734358,0.516714651318827,0.511178153989865,0.51854770406459,0.518226843640414,0.529544716665971,0.518259393940294,0.514670357830099,0.512465527383193,0.515799282269141,0.511147910799488,0.521866146624335,0.514057128924166,0.508667719670225,0.513592793928206,0.513367542607212,0.511872797891706
833,"IMN","Isle of Man",0.675903238560776,0.675973761234038,0.574907554612865,0.600531244421934,0.781574044799928,0.538037519568436,0.605260446636738,NA,0.650985950390277,0.593565146410004,0.530158277554032,0.538382606061097,0.553875834976469,0.590663067154859,0.649000123395043,0.700294104104008,0.593915628024518,0.779281727644888,0.636734104361899,0.69408304709398,0.606880719800812,0.720275447542443
376,"ISR","Israel",0.609465029167868,0.596652589076417,0.614706048202774,0.629638257331009,0.542535518342513,0.556972184574215,0.666495939358243,0.616667436910828,0.65479209264123,0.611397210841862,0.514703021001962,0.64454810713333,0.556251412399779,0.544354089978947,0.545162930960014,0.699611401456761,0.565830608535009,0.612930894433611,0.574841662600659,0.573358869524544,0.571498041715112,0.578877694810185
380,"ITA","Italy",0.549391727342711,0.537683729648994,0.553101866107018,0.537895575296481,0.536699614044667,0.543852587876818,0.533550827175584,0.53196768148251,0.542320385850817,0.524454493207318,0.529537992836299,0.524907433898488,0.528296661016556,0.526929364108747,0.523607760142028,0.527211500675687,0.518768403432286,0.525258203393654,0.519417044803325,0.520530915623685,0.519962574867078,0.519766934677705
388,"JAM","Jamaica",0.737648991950982,0.739885583835515,0.737611385420499,0.734286915355775,0.724178563087932,0.733670403302521,0.734342762261903,0.740001878651027,0.725175629907248,0.725008555999097,0.737653093284356,0.736140709045146,0.72655447289565,0.741859082941103,0.741368606394833,0.734642857236125,0.726529435591703,0.736098571643093,0.740984309589058,0.737139588587556,0.737921475529611,0.741596929709097
392,"JPN","Japan",0.528484763428818,0.525988772916121,0.515811343166047,0.524349101549431,0.519598747586771,0.517556565530596,0.51750262253648,0.52109801175547,0.514503527521254,0.517714527409646,0.516803773998307,0.519111576434038,0.516329410563873,0.51514480113072,0.51186467424626,0.514896171161194,0.513384386874612,0.511434467752606,0.513096756937558,0.512701890029207,0.510224840272204,0.51126854941587
832,"JEY","Jersey",1,1,NA,1,NA,1,NA,1,1,1,1,1,1,1,1,NA,1,1,NA,1,1,NA
400,"JOR","Jordan",1,1,1,1,1,1,1,NA,NA,1,NA,1,NA,1,1,NA,1,NA,1,1,NA,NA
398,"KAZ","Kazakhstan",0.687443062712183,0.685060735686761,0.499781777937051,0.571636932648983,0.63105585546786,0.577871205716322,0.569825122846181,0.606026649566262,0.68313358265251,0.733610545973057,0.666524846142771,0.8026706303604,0.687149684514507,0.698678616208608,0.70247600932046,0.651716833452212,0.653709288193585,0.58779798553387,0.71816142707099,0.628574383140606,0.690423635858925,0.631588517833837
404,"KEN","Kenya",0.767961026060502,0.7648990667276,0.766423887436079,0.754687398695187,0.755100369775349,0.757338511764887,0.757955263065828,0.759062761072384,0.749496160120641,0.751206757885629,0.753755764891396,0.757000292692176,0.743849637165638,0.742162209050946,0.730802780834211,0.740711700878371,0.748684577546605,0.748896586395685,0.753179997006858,0.757881141025412,0.750477610724056,0.750394411786893
296,"KIR","Kiribati",NA,NA,NA,NA,NA,NA,NA,NA,NA,NA,NA,NA,NA,NA,NA,NA,NA,NA,NA,NA,NA,NA
689,"XKX","Kosovo",NA,NA,NA,NA,NA,NA,NA,NA,NA,NA,NA,NA,NA,NA,NA,NA,NA,NA,NA,NA,NA,NA
414,"KWT","Kuwait",NA,NA,NA,NA,NA,NA,NA,NA,NA,NA,NA,NA,NA,NA,NA,NA,NA,NA,NA,NA,NA,NA
417,"KGZ","Kyrgyzstan",0.907132786587667,0.99327405909906,1,0.933810312076618,0.991306795570786,0.999484257437427,0.91845991119197,0.998929382574326,0.994044755859454,0.7645738986556,0.906185073684996,0.998313591954489,0.997870262008242,1,NA,1,1,1,1,1,1,1
418,"LAO","Laos",0.927054098095138,0.927397477619277,0.914818212333423,0.92446640245165,0.908039162784103,0.906716559179418,0.919811965906251,0.89818965152173,0.916709351413173,0.914003474298462,0.914345111735179,0.928613508881379,0.937702043311729,0.932439855215793,0.934336752159454,0.932277042256322,0.929173297472996,0.928248170557538,0.922030131458267,0.922550211494313,0.920971906405355,0.918261905738268
428,"LVA","Latvia",0.500141232001737,0.500201445091299,0.500179076163946,0.500156743017107,0.500113966182152,0.500517383218475,0.500242270282803,0.50005888529033,0.500300880231113,0.500297020627344,0.500102895097568,0.500175042465358,0.500129389686722,0.50005884990548,0.500109302820691,0.500316330242983,0.500157393167301,0.500140242354818,0.500358172704632,0.500382719653766,0.500205412129328,0.50032635402669
422,"LBN","Lebanon",0.535105340790389,0.530076113613837,0.52613198187798,0.540866010946235,0.522628347418586,0.538033129720784,0.523001492592585,0.523787026839894,0.552251637636085,0.550668765689939,0.541483359056824,0.56804436104635,0.521179112949014,0.543536765331671,0.521149134715422,0.533059070221414,0.554624122355121,0.5240165346921,0.528693945296011,0.511224321847363,0.509528433258418,0.519504120215923
426,"LSO","Lesotho",1,0.987435065488811,1,0.996187946550463,0.917027736286242,0.791039129087037,0.961296579119681,0.964970144383965,0.980536585746832,1,0.92497794192725,1,0.99539789076686,0.937707097459425,0.803513741453856,0.955960040671902,0.987018294144855,1,0.973534736235614,0.908604639035019,0.901185620849597,0.967009597620098
430,"LBR","Liberia",0.771824070580605,0.75394307485829,0.759653801322495,0.759090054529044,0.753555953956711,0.756110543289818,0.755834379748307,0.755210316364623,0.755684921124146,0.761049774619285,0.756436362981226,0.749952120152911,0.752447475775711,0.754259836453572,0.753382769065462,0.75209468374598,0.751561955461366,0.752593183615736,0.75016574864001,0.750929386109412,0.751365740342732,0.750896226033506
434,"LBY","Libya",0.999054203984255,0.882317538296982,0.950568310721987,0.965233390830566,0.999257162045686,0.979105453499252,0.99621781161463,1,0.976514283152126,0.972423846576759,0.982903551659621,0.950715395999053,0.767573572879645,0.926503865426567,0.916666513469319,1,1,0.933378800128676,1,1,1,NA
438,"LIE","Liechtenstein",0.5,NA,NA,0.5,0.5,0.5,0.5,0.5,0.5,0.5,0.5,0.5,0.5,0.5,0.5,0.5,0.5,0.5,0.5,0.5,0.5,0.550044734251525
440,"LTU","Lithuania",0.50018584508735,0.500256224608741,0.500566624584022,0.500603141556747,0.500482441090896,0.500371066591049,0.500497852573674,0.500503441329095,0.500555314477848,0.500314935700867,0.500396904296468,0.500489054780488,0.500356195219845,0.500830218039338,0.500528997105577,0.500705895475993,0.500760228558061,0.500514784565834,0.500652840933317,0.500616223606022,0.50060041734505,0.500843282680422
442,"LUX","Luxembourg",0.538969220617858,0.544291693362546,0.524268080965455,0.525264278708811,0.543228441777622,0.524459457740005,0.514070994020291,0.527114425288547,0.514044645281485,0.516425761114168,0.511416955868978,0.515360395422863,0.521552571929537,0.510237051840598,0.518302228733364,0.513884554548335,0.526922966912013,0.539260229126518,0.535114092597955,0.536331856263966,0.536626531646013,0.524864903533189
446,"MAC","Macao",0.5,0.5,NA,NA,NA,0.602025261049081,0.5,0.5,0.515621779608229,0.5,0.549991309765546,0.5,0.5,0.5,0.5,NA,0.5,0.5,0.5,0.5,NA,0.5
450,"MDG","Madagascar",0.752190702877278,0.752435792097418,0.755918738002239,0.753690422597361,0.75553377344281,0.768019011060491,0.756897991849293,0.759467487257992,0.763760717775914,0.765155470423109,0.75814195466368,0.757844718429183,0.75281029866655,0.758873531063453,0.754742079180595,0.752863267843176,0.756411838523516,0.755400007025836,0.758435789098384,0.75193320866004,0.75468591720696,0.75537861079221
454,"MWI","Malawi",0.756830648347297,0.740666255689555,0.742314215863078,0.731091062073107,0.744984461408505,0.738907161924625,0.733463695274175,0.728711505159453,0.747720812831947,0.743229208083631,0.720072707484361,0.731484919976369,0.741840029396402,0.743191899076639,0.744612631559295,0.741672006728504,0.739971024285505,0.745766984321672,0.743330058421862,0.744518634371998,0.745439651351234,0.74414522823851
458,"MYS","Malaysia",0.976261403470243,0.977221725918515,0.9718153126776,0.976736501741767,0.979046936657784,0.976866585955301,0.97555081193521,0.975829295296899,0.983458428776167,0.980658700003467,0.984558358031749,0.977858053732616,0.982108192767228,0.974863365048538,0.969999011870696,0.968412075788712,0.971901429034971,0.968932979063821,0.972594938694335,0.974624174686159,0.971639962015213,0.974996446543884
462,"MDV","Maldives",1,1,1,1,1,1,1,1,1,1,1,1,1,1,NA,NA,NA,NA,NA,NA,NA,NA
466,"MLI","Mali",0.755162282826404,0.78550105954158,0.754904329531043,0.742190283587386,0.753820669182159,0.753597152781314,0.751187834116169,0.753878427084954,0.751298188601099,0.755888864093268,0.748985902895025,0.750236645460791,0.75,0.75,0.75,0.75,0.75,0.75,0.75,0.75,0.75,0.75
470,"MLT","Malta",1,1,NA,1,1,1,1,1,1,1,1,1,1,NA,NA,NA,1,NA,NA,NA,NA,NA
584,"MHL","Marshall Islands",NA,NA,NA,NA,NA,NA,NA,NA,NA,NA,NA,NA,NA,NA,NA,NA,NA,NA,NA,NA,NA,NA
478,"MRT","Mauritania",1,NA,1,1,1,NA,NA,NA,NA,NA,NA,NA,NA,NA,NA,NA,NA,NA,NA,NA,NA,NA
480,"MUS","Mauritius",0.624883375022937,0.621264999435854,0.607203938184402,0.630183925136206,0.613072664921004,0.647377665331351,0.660396135341538,0.618912848839746,0.619889679896276,0.63658388137893,0.66988373865197,0.624232563582014,0.603512296643482,0.655319296434264,NA,NA,NA,NA,NA,NA,NA,NA
484,"MEX","Mexico",0.708194353742453,0.707633245248766,0.711298753512908,0.716732755315209,0.715802836736162,0.724857652412944,0.721757785023892,0.728991910696148,0.71165937018164,0.723367880239151,0.725376231559656,0.735990121614725,0.736214965292314,0.721159158995531,0.731644235488087,0.727745828296065,0.731674546888643,0.734550319878986,0.719734779649842,0.73995792983303,0.71473406878571,0.746716187804225
583,"FSM","Micronesia",NA,NA,NA,NA,NA,NA,NA,NA,NA,0.82229366420177,NA,NA,NA,NA,NA,NA,NA,NA,NA,NA,NA,NA
498,"MDA","Moldova",0.748259198221549,0.762594495807803,0.726374133421824,0.721144502685927,0.706477806240069,0.715738669216696,0.718227775385807,0.663746114964846,0.700603137109166,0.696235449833638,0.740084083736972,0.623471802524925,0.688358075082544,0.663102656495247,0.685517797462551,0.658671202976031,0.676991168580212,0.650666766749121,0.661324488346187,0.674183365275228,0.696425477786801,0.713451730067278
492,"MCO","Monaco",NA,NA,NA,NA,NA,NA,NA,NA,NA,NA,NA,NA,NA,NA,NA,NA,NA,NA,NA,NA,NA,NA
496,"MNG","Mongolia",0.389634302640336,0.337477155941524,0.45491379448635,0.375001778058316,0.375451554152759,0.376290621035946,0.373197646464466,0.323344143991204,0.270395803456591,0.356602505397503,0.413987911609398,0.252552584118519,0.405932896809933,0.322704029751049,0.213801574005019,0.291336394546099,0.388607689031006,0.328793983348283,0.366975856574195,0.514081097601316,0.510443811531337,0.482077575474121
499,"MNE","Montenegro",0.532571836758656,0.531845794843462,0.520217433776615,0.547129128222374,0.564207462341396,0.546532736256839,0.49468245274887,0.515110025086716,0.529220037851716,0.528013556327044,0.526324492736429,0.523678863899289,0.506000494554693,0.510756216854031,0.542177458893217,0.526895970971831,0.508350465470295,0.51736160808905,0.523788226616368,0.534955169691623,0.516881419362698,0.51104303195196
504,"MAR","Morocco",0.732206877642345,0.744931261575249,0.766962262641416,0.750016431362493,0.727214309264521,0.765656346570882,0.746013337525785,0.731855037966183,0.767955611237172,0.763276729552561,0.739679028960239,0.732627987940049,0.683143357511516,0.707498297501601,0.709602140125457,0.68539777623561,0.716313070142821,0.71356513734893,0.726553295887477,0.737087295687403,0.719220962296233,0.731926146917009
508,"MOZ","Mozambique",0.752686641114285,0.750525191252307,0.751506694906383,0.750722326422099,0.751719673497977,0.750378446839561,0.750711391581332,0.750173306810939,0.751022412522146,0.750882612175308,0.750538527306225,0.751647349200192,0.75306838634611,0.750480469328636,0.749903503457512,0.750310956165501,0.7509567360455,0.750627144380872,0.749903405198844,0.750411597696812,0.75063524356697,0.750627987256282
104,"MMR","Myanmar",0.877397129931396,0.876999599576257,0.885954877786097,0.8881419063328,0.893173301838819,0.88513136329979,0.901639924803143,0.894049808239605,0.898612141608572,0.904947552575133,0.905603687821551,0.900442173498713,0.88956160238167,0.891984268544946,0.890097661721748,0.892438561420999,0.892341510790037,0.900515797583299,0.901010758840678,0.899672030420831,0.902715247683651,0.893713315840881
516,"NAM","Namibia",0.795598759852883,0.801814209306195,0.814605596179452,0.85798609939525,0.898218091894371,0.899888918237354,0.871511738678718,0.914618799283454,0.843822480336425,0.845580295230152,0.824179847068274,0.887067539102875,0.937210421980384,0.976422431768749,0.75,0.77788339463767,0.720088648423503,0.745372700660767,0.894116021929581,0.974860640693368,0.899442705615493,0.909349900023398
520,"NRU","Nauru",NA,NA,NA,NA,NA,NA,NA,NA,NA,NA,NA,NA,NA,NA,NA,NA,NA,NA,NA,NA,NA,NA
524,"NPL","Nepal",0.629777106903666,0.645144345542936,0.692423286407467,0.687868447038873,0.666272848556353,0.641401473107402,0.685114962633907,0.645846872768266,0.643148440732235,0.664213535958156,0.623654600182073,0.690308372228677,0.622831514268583,0.689616992291952,0.555753472310968,0.602658612945519,0.595165234169545,0.635724518773907,0.64600967684461,0.653854989587603,0.658163672206186,0.648376187341373
528,"NLD","Netherlands",0.641653480295058,0.582598080100938,0.580406532988504,0.526472769491972,0.549784436572719,0.543694502057119,0.553574250295021,0.558908161141324,0.559554849340192,0.536625214884235,0.549810147653916,0.569522918016845,0.551602829754453,0.562991200180374,0.56470922439962,0.573034042497773,0.577500222624686,0.566313632035271,0.552421629067488,0.569654702512872,0.575023865854883,0.58098867540785
540,"NCL","New Caledonia",0.752806605180773,0.76244182711296,0.741128967962718,0.757268830993813,0.723304651024932,0.729540950456508,0.740872074943402,0.743081563034394,0.746606977772649,0.749226308906022,0.746709071901132,0.752914612970754,0.754328238536211,0.755315470022834,0.730045802545417,0.741954618743268,0.72953116653672,0.734506160672905,0.759325269106226,0.569732391640583,0.705255807265773,0.729162027630791
554,"NZL","New Zealand",0.507037998072308,0.49160784305789,0.512720421759776,0.490854093292744,0.498449196844594,0.500040841068861,0.509474666723341,0.496333842824056,0.495678387001514,0.487899735112695,0.487355712172759,0.489319229760639,0.491307716403744,0.467391910072219,0.471983598146595,0.479071697746321,0.492420249302716,0.498942932877808,0.492624613491195,0.485450516339156,0.49339200639669,0.500899342355167
558,"NIC","Nicaragua",0.717597293832969,0.730860857319648,0.727987884498231,0.72254810876873,0.727267623318122,0.717581975669791,0.70444724911009,0.725633605265531,0.73038383655998,0.720402542201852,0.722251677116606,0.727040138989668,0.726159058007287,0.723787900655254,0.721837942094404,0.728189161394034,0.566628910108866,0.73960015018953,0.743922619483022,0.746675926897602,0.760830799418497,0.741566161601899
562,"NER","Niger",1,1,1,1,NA,NA,1,NA,NA,NA,NA,1,NA,NA,NA,NA,NA,NA,NA,NA,NA,NA
566,"NGA","Nigeria",0.804718831291458,0.772106278021752,0.781599705654675,0.766746723052463,0.778581439755675,0.775198793609314,0.800230270916234,0.785144151377772,0.780716378103009,0.782151243873778,0.77926797191783,0.784207277625965,0.779557242303848,0.774444882627589,0.776056041546324,0.772728025083776,0.775792660808967,0.774278270989036,0.769893191037244,0.77445309079089,0.77230842704513,0.774873970701971
570,"NIU","Niue",NA,NA,NA,NA,NA,NA,NA,NA,NA,NA,NA,NA,NA,NA,NA,NA,NA,NA,NA,NA,NA,NA
408,"PRK","North Korea",0.577967752591524,0.592411412074517,0.587581807131571,0.607552146420158,0.608765811558155,0.591762270019701,0.595933918105842,0.603944755178574,0.63450561414374,0.622446895355354,0.620397593158736,0.596272992672885,0.629578235244623,0.621932193838057,0.674021603536423,0.635661274644086,0.623539264847853,0.639931505778482,0.688437161770236,0.61546710015741,0.626802900165321,0.622607920887397
807,"MKD","North Macedonia",0.516779712953663,0.515357261633657,0.511778531984305,0.511099416618851,0.509005022051395,0.508859483177363,0.503684620942224,0.505115848563242,0.509054662200516,0.508718898462734,0.50785871112884,0.51299148336809,0.511484079750848,0.507284379832972,0.507216476769092,0.506359600695471,0.511976178184585,0.507343090894664,0.509801089947098,0.515684664843771,0.508972787172195,0.512871214466486
578,"NOR","Norway",0.52359082133675,0.529940171104983,0.524697930577344,0.534146084982359,0.52377364362553,0.526465656150334,0.518752776597081,0.521359990699308,0.526095672617019,0.522743728154541,0.52039788215822,0.526413229294366,0.523911331183292,0.516999184575727,0.513473256664507,0.513328070686614,0.514335580039665,0.518998989534799,0.514620844478747,0.519722378788214,0.520108741863795,0.516381666571596
512,"OMN","Oman",NA,NA,NA,NA,NA,NA,NA,1,NA,NA,NA,NA,NA,NA,NA,NA,NA,NA,NA,NA,NA,NA
586,"PAK","Pakistan",0.832093735709486,0.736022386555216,0.822588161999854,0.732420097839519,0.797639610809583,0.777569067384575,0.788565628736271,0.777574808619363,0.766780456898728,0.778756684704971,0.797500129657509,0.784384361235877,0.848129590421961,0.805408052403327,0.578944141487618,NA,0.774159187939471,0.785349712114886,0.726808536924144,0.716464073863836,0.907229893791389,0.918551775326954
585,"PLW","Palau",0.823930909883663,0.834596331653306,0.824692346987395,0.824802593315991,0.850168849428388,0.803609945437346,0.811861396646354,0.794909815092365,0.824491299824237,0.813512024240571,0.815451565118473,0.800408268055976,0.888901883145538,0.846415032577128,NA,NA,NA,0.857863669932589,0.804822918548161,0.807547274664787,0.90116612265259,0.772524018782788
591,"PAN","Panama",0.746511748427877,0.74020441728308,0.746148383394904,0.747839282656813,0.747350323667462,0.743444975203083,0.744525288367024,0.745501136774346,0.74615118885625,0.747734402017305,0.745907156089912,0.74988044058391,0.747008451966899,0.747675633390346,0.747779822385718,0.746157422346037,0.748925309170984,0.747824059933613,0.747304020369072,0.748173355466538,0.748717273394412,0.748970246701481
598,"PNG","Papua New Guinea",0.747719976950039,0.751333286105135,0.744930932129941,0.748877821622644,0.747172993484875,0.744097448964032,0.745198971267886,0.747554588786745,0.747544162056865,0.742810436636606,0.733502285878175,0.73835703055997,0.726118117143978,0.715307909033867,0.722473307296515,0.709408095803879,0.730593426155889,0.73175906639104,0.74421316587996,0.745568314560634,0.745675694382503,0.74470093967921
600,"PRY","Paraguay",0.897120100983873,0.895894010077787,0.885943420493757,0.870520857484422,0.919358619134458,0.92551568651757,0.932685502076571,0.944541607483233,0.969796326785412,0.959442053768984,0.948720116415272,0.930796916091936,0.943071067499794,0.925002880077371,0.927195084262681,0.945130637060504,0.917111892493479,0.946957434755051,0.94404669168496,0.895032065818919,0.919117087056355,0.895123443441104
604,"PER","Peru",0.793473206959159,0.796949204893282,0.79654042875278,0.786821494162289,0.799801517317654,0.794885109884433,0.784704088693135,0.805802389693734,0.802605000271975,0.800814557267498,0.8051458853403,0.803602039905155,0.813133180014623,0.8085770961974,0.805033331413885,0.79981437468139,0.796647695303058,0.795951315634796,0.800476098016118,0.794736247073055,0.805871013945077,0.810083093784576
608,"PHL","Philippines",0.958680326105738,0.941980043300484,0.942111156722975,0.952976974944787,0.937472559316448,0.947237616339457,0.936286969229414,0.951285691778801,0.943489923363254,0.942193302647035,0.95369915124581,0.950165651422817,0.949730003466008,0.950760410528983,0.935699996545349,0.941720321006771,0.954579813224938,0.945835855563748,0.944511183510425,0.939575403754635,0.951185137114985,0.931606756744118
616,"POL","Poland",0.511629145551739,0.506824491011639,0.50537394702299,0.507115850031681,0.505542101578886,0.505837882475633,0.506796324486151,0.504656566071325,0.506376704015537,0.506869874831542,0.505656931053139,0.504944661298254,0.503991489249264,0.505001734120978,0.504911799673787,0.506465880590539,0.506215764376959,0.503790053615229,0.504351659570711,0.505152259542847,0.504287641694175,0.504352712765192
620,"PRT","Portugal",0.499647537675764,0.500889602279084,0.50372104936108,0.501176921014932,0.500109873757257,0.498116147355847,0.501974349805739,0.502033207244018,0.501130911206308,0.499765668165118,0.50215179953931,0.500091343024799,0.498296522564345,0.497300289177005,0.503150551124627,0.500776483917102,0.499626998371965,0.49975100248613,0.502917556887843,0.501242287979402,0.499719615620333,0.486781718312164
634,"QAT","Qatar",NA,NA,NA,NA,NA,NA,NA,NA,NA,NA,NA,NA,NA,NA,NA,NA,NA,NA,NA,NA,NA,NA
178,"COG","Republic of Congo",0.760083890909807,0.757617856562545,0.756634500485735,0.755841959663802,0.758400461309211,0.758734406394242,0.756520313135716,0.75922759668942,0.764640671884378,0.759455506578994,0.759700605671581,0.75726004628934,0.760044520012861,0.757562293854765,0.754860996853147,0.752114764728726,0.754696769459499,0.752874881934603,0.752409786196769,0.753620056951717,0.752805734952778,0.754657443298064
642,"ROU","Romania",0.523371501281091,0.523314394383488,0.521296569882037,0.526343363399193,0.512631418320503,0.516158591179384,0.507849597846155,0.51350661288898,0.513428411718083,0.513344239945831,0.51181808940844,0.517849513943189,0.530171442892151,0.527263077036958,0.526416068988547,0.518896077492218,0.525092717594477,0.520800728513861,0.528449654986368,0.519006707288953,0.533308133225652,0.54364114027929
643,"RUS","Russia",0.338919559811413,0.296829332111705,0.309597408596507,0.329130051207294,0.398386312808234,0.357834497305149,0.358819191514404,0.340035043874826,0.35399146573895,0.385760624285045,0.364702624495698,0.325920722371378,0.27685682418447,0.284873879544687,0.323284619398837,0.307264046263793,0.287700641632587,0.268986536071509,0.301271887612575,0.268341717875091,0.252718016640697,0.282899107664978
646,"RWA","Rwanda",0.762318531731312,0.757514686981913,0.762664060899855,0.764892137882748,0.761109391418095,0.758147465415085,0.764666010222552,0.759762963935614,0.766232779388308,0.756983519585896,0.765715760315203,0.767804942784495,0.760968575802074,0.760997338053359,0.757840097788573,0.761904471863761,0.760039187305988,0.762186065131654,0.757128827455584,0.758684717008234,0.758203456664763,0.757722727029884
652,"BLM","Saint Barthelemy",NA,NA,NA,1,1,NA,NA,1,NA,1,NA,1,1,1,1,NA,1,NA,NA,NA,NA,NA
659,"KNA","Saint Kitts and Nevis",0.828609464362857,0.854063611190069,0.81462137439687,0.825487319538512,0.839452802613796,0.78865726364349,0.785905715621764,0.816908219385886,0.868167535148711,0.802560786790824,0.797596234420663,0.799645704340326,0.824969334671914,0.851802576584576,0.75,0.752190970034242,0.789965223799457,0.840848511408736,0.805772991738175,0.813369576419172,0.769517323494324,0.762706942567024
662,"LCA","Saint Lucia",0.805276703814507,0.791087816814327,0.803845150312622,0.790423549413684,0.827233453164549,0.778923219276903,0.776913726639293,0.838840948883504,0.796249832743881,0.797721713652116,0.767290819732285,0.779783335633698,0.78003118609856,0.770462158410941,0.79688120016824,0.768475606469257,0.771242418586915,0.751658632182126,0.809742743564051,0.782567344962845,0.775385073280266,0.799567665262061
670,"VCT","Saint Vincent and the Grenadines",0.793549900786995,0.801963867789696,0.813998383433155,0.752640858591835,0.765776533641853,0.891107349745591,0.77429636038225,0.802810865601556,0.773819417746957,0.763389690583427,0.756159074537561,0.769775172102633,0.821262553193588,0.817770237621139,0.782678613481263,0.775713445309674,0.770686212803406,0.76101874364122,0.791972947467743,0.778970163758966,0.757201864851904,0.765660798296859
882,"WSM","Samoa",NA,NA,NA,NA,NA,NA,NA,NA,NA,NA,NA,NA,NA,NA,NA,NA,NA,NA,NA,NA,NA,NA
674,"SMR","San Marino",NA,1,1,1,1,NA,1,1,1,NA,NA,1,1,1,1,NA,1,1,1,NA,NA,NA
678,"STP","Sao Tome and Principe",1,NA,NA,NA,NA,NA,NA,NA,NA,NA,NA,NA,NA,NA,NA,NA,NA,NA,NA,NA,NA,NA
682,"SAU","Saudi Arabia",NA,NA,NA,NA,NA,NA,NA,NA,NA,NA,NA,NA,NA,NA,NA,NA,NA,NA,NA,NA,NA,NA
686,"SEN","Senegal",0.769902705487576,0.775673106955906,0.763894755128148,0.758619593654308,0.780348536881579,0.769117551872683,0.770351363181677,0.764332585941335,0.758747014689811,0.752434665073123,0.765904721924892,0.753743522177658,0.751052175146042,0.753216230277232,0.752111171412047,0.752064789804956,0.752731097522124,0.751809064122617,0.753583834155632,0.752226590038471,0.753827951715278,0.751429137367903
688,"SRB","Serbia",0.565286389561727,0.552842453799594,0.578896790326773,0.564519475807717,0.56782286642151,0.555527168743739,0.550260033084457,0.537701628513534,0.551209632361563,0.53646738345422,0.558197774574827,0.553876103448993,0.5448904278017,0.56745090565876,0.558855703129272,0.552083204308365,0.570611539584186,0.547069304999177,0.550652458289143,0.560741858975233,0.5592405064716,0.561298413462327
690,"SYC","Seychelles",1,1,NA,NA,1,1,NA,NA,1,NA,NA,1,1,1,NA,NA,NA,NA,1,NA,1,NA
694,"SLE","Sierra Leone",0.753797498590938,0.750125193994166,0.756578197746808,0.756644460697541,0.76529049503166,0.755798148775993,0.759667057203879,0.761923299582643,0.751496713367788,0.76054235373435,0.752838662415937,0.744049880771079,0.748490635290055,0.748718951752452,0.74983505596688,0.747298287790512,0.748278543019218,0.74786184996676,0.747155164306165,0.746590481337632,0.746219921581491,0.747912344952271
702,"SGP","Singapore",0.911503701471184,0.901618202092151,0.95306112894663,0.934065470235432,0.913551010229715,0.949246054269555,0.93336812408881,0.969632516371571,0.991094678989929,0.987762346345541,0.957336186097274,0.986644372596974,0.986646999796884,0.975884140252649,0.806945864939726,0.918035163200941,0.943189382684223,0.970729381951887,0.927465270428508,0.94925280090051,0.982012818629984,0.847388207748686
534,"SXM","Sint Maarten",0.902779328514121,0.83333535718139,0.879313297981941,0.816669567411475,0.790817498270736,0.92742426195546,0.95946324857891,0.761363683761341,0.800005497202515,0.833342267644454,0.828581033027077,0.875011611760913,0.757142571548753,0.833333410404055,NA,0.75,0.915320424031582,NA,NA,NA,1,0.857145896652275
703,"SVK","Slovakia",0.509594991994383,0.515292301178264,0.517640907509766,0.512110761819343,0.52165746453443,0.506166817663407,0.506973994796663,0.50503794701604,0.506085089473424,0.506979487607357,0.504235403148719,0.505432380938963,0.506983288054279,0.503687039037036,0.507083257878762,0.503194200050419,0.505643216220196,0.502266827208985,0.503755980414486,0.50216301015783,0.502846571284821,0.505405384513452
705,"SVN","Slovenia",0.51594549883963,0.508809787672786,0.481676164292546,0.513010091062981,0.510802150049703,0.514560466857795,0.507122551340224,0.50585541969467,0.507768974920679,0.508438799796678,0.505224093519302,0.508692533408088,0.515006455200485,0.50223344253408,0.504345865905231,0.503514366271945,0.503137589973792,0.501692830824283,0.503868436459946,0.504311430649474,0.508185099180246,0.484831662961948
90,"SLB","Solomon Islands",0.747810904100205,0.718945415610302,0.735846778644132,0.721111619540929,0.745262468171186,0.732621455887173,0.742077514356339,0.733029358540269,0.730216289425162,0.740520780290122,0.739555024780318,0.750751377188454,0.751308691461332,0.739265415955687,0.729341025567593,0.720135873656085,0.717125977005008,0.697312046548546,0.707285691930321,0.682818361799016,0.704873484252253,0.708898039752052
706,"SOM","Somalia",0.8344639553281,0.801414227148316,0.800891850928989,0.802972543170438,0.773687249389575,0.804331736755211,0.792829715708885,0.777194781482413,0.785544055283551,0.797433495533028,0.785625573310124,0.793885842077866,0.808876214090876,0.793909891949991,0.756125941287446,0.76758529830601,0.766273328693749,0.78791502829655,0.755381103637785,0.764803411647854,0.754436479151368,0.763610318355444
710,"ZAF","South Africa",0.537538890579316,0.53998181917745,0.530087045143792,0.547903428097687,0.52922138671058,0.542456389953483,0.564070785828324,0.536242391753861,0.546064962640534,0.547716138171976,0.541876665125568,0.5331246180241,0.573788049148876,0.564101021163448,0.585495295115711,0.570899520031168,0.570250078438259,0.57862302108022,0.583758232018541,0.602758953153093,0.581096027032116,0.581779910367677
410,"KOR","South Korea",0.510227374128796,0.516599164254667,0.511901405774587,0.51408275816775,0.514061972018894,0.514791941706725,0.511654912246351,0.520001363066231,0.511693745831477,0.509959607417337,0.513387593359549,0.514972987987174,0.513653247275153,0.508834839455757,0.50798594107754,0.508708152890475,0.510679892465562,0.507409599935255,0.507213799980383,0.508903039487591,0.507915039374877,0.505995297735248
728,"SSD","South Sudan",0.806282538376588,0.804725375691862,0.808539664907052,0.783465951357883,0.773353144861151,0.780468398508495,0.780916320490317,0.776413988622479,0.778201849410216,0.78383007305889,0.781736294617392,0.790109496739676,0.803097850063044,0.793044007932227,0.759524633042975,0.758884004230026,0.759335799858408,0.764652482463282,0.761717356850392,0.766486874866482,0.763810374125376,0.7708940464582
724,"ESP","Spain",0.517194740605783,0.511556625104662,0.51859290953751,0.507981260106179,0.510580459158749,0.508104430653346,0.509386879685511,0.508519584097722,0.504362126453258,0.511098123310287,0.502670647989888,0.48448376396018,0.507842304117274,0.503336050925403,0.503837224489113,0.506109536546668,0.499340570527379,0.50502226861246,0.506868947484827,0.506263116401702,0.517082728766789,0.457786350601698
144,"LKA","Sri Lanka",0.643240186547441,0.67525795140139,0.618227882771343,0.682240271018746,0.597752805003998,0.637891520604617,0.681914125245125,0.643002245523786,0.692534658639191,0.696065630492914,0.69432545184218,0.652936707001647,0.671699796919654,0.627472572962741,0.669285949702905,0.637210464081358,0.620236585919066,0.630961180268843,0.616266915422996,0.618376415970827,0.606472387820526,0.598836624815834
275,"PSE","State of Palestine",0.91128254844428,0.874525486316908,0.908588388359688,0.72146850730905,1,0.545076348319135,0.694414479711698,0.58969102774683,0.868072832315224,0.774811812204556,0.874469446515113,1,0.916582909955411,0.860976519394046,0.75,NA,0.826638447825072,0.741123781731038,0.5,1,NA,NA
729,"SDN","Sudan",0.828670359538183,0.836463307850776,0.904516375135051,0.893560423844947,0.806563277126032,0.968102723453302,0.788975675818088,0.835498508811115,0.787827309533144,0.805284174174443,0.79895637272031,0.933891558823117,0.989932134361976,0.935764443656836,0.752359183540257,0.775634832277348,0.771124231317967,0.948108810854945,0.986856809033112,0.99487952933367,0.995469550766501,1
740,"SUR","Suriname",0.762509406574455,0.764462363133296,0.782302947156037,0.771704787248818,0.771967023018604,0.76379133925706,0.766085318348835,0.762532084487533,0.766591952238642,0.765506205647171,0.773481761050765,0.779067297334781,0.762231037050399,0.756977471946478,0.758388310297426,0.755369939082836,0.756535776442207,0.760714253223877,0.756697463938019,0.755191985164709,0.760162994648316,0.760353809257756
752,"SWE","Sweden",0.501896772983621,0.501715865629278,0.501428647697224,0.501078264550179,0.502149905128329,0.501509228017741,0.501201331554719,0.501302096402879,0.500990361783975,0.501033672465377,0.501127464349296,0.50227125401837,0.501213221195067,0.501285569258651,0.500983437595452,0.500846874509737,0.500874328570587,0.500660146856065,0.50098053655232,0.500978835458336,0.500879180627619,0.500739410330587
756,"CHE","Switzerland",0.635074040291739,0.606201669886051,0.573529086903756,0.592573303286995,0.615189215948909,0.591403267601967,0.580833672515665,0.593150744932963,0.581540635364063,0.586194728091434,0.59714861422069,0.581145754328309,0.570633349724847,0.572062785269867,0.57638039717096,0.583131837661633,0.576871409555183,0.581700028756845,0.585566208163516,0.598455935280429,0.599288850506592,0.590335032624325
760,"SYR","Syria",0.612464846027246,0.562236680125163,0.613818374296323,0.588573088036146,0.513022544772904,0.57638270509643,0.546088912163275,0.538076427159208,0.589906141007812,0.551673213506545,0.5582020786171,0.555407525705416,0.545318532958025,0.55215007030282,0.519947904464764,0.534651635753447,0.525571502318684,0.549358304073242,0.547509754785858,0.51567226064061,0.513957748324218,0.538356334417233
158,"TWN","Taiwan",0.612757411997312,0.57318325605151,0.578119261813958,0.581743746380374,0.574130853586571,0.587820730998874,0.583272591184084,0.595620546697585,0.528562203727599,0.55727487637031,0.58019615711715,0.588116202067687,0.605064150764225,0.599650560110769,0.580989335450837,0.582254349281527,0.598188779388492,0.582745244109042,0.578248418450555,0.59367770225826,0.583101152044147,0.595431536849352
762,"TJK","Tajikistan",1,1,1,1,1,1,1,1,1,1,1,1,1,1,NA,NA,1,1,1,1,NA,1
834,"TZA","Tanzania",0.748301192500037,0.740004068720431,0.745891647569481,0.744286529264053,0.746120706003763,0.749494810487325,0.745001438264835,0.743533638909448,0.747135024461885,0.747019103184367,0.745510496112205,0.744439480951202,0.745344013864036,0.744565398920743,0.744599444753823,0.744914232821924,0.744445384460563,0.742047779122113,0.741761260474754,0.741897802588412,0.741736089230566,0.742001039006785
764,"THA","Thailand",0.756936603530077,0.770594262499959,0.760153611714235,0.77297494023081,0.760143005387152,0.76880188991336,0.775212063481975,0.773456369881588,0.778371938821267,0.775165727497854,0.76456731413044,0.774269437754619,0.784957669243793,0.780134713244325,0.771043230413645,0.765579822650125,0.753227587519083,0.752593131650736,0.755004924982881,0.765732059139046,0.759081919015284,0.758137444754824
626,"TLS","Timor-Leste",0.870065881496981,0.872994351613591,0.872186666845726,0.882491631557979,0.845057259073139,0.881305121789045,0.883555668378823,0.885130760980187,0.869719372872591,0.87636924977793,0.876389088835453,0.888922774692784,0.867417304246375,0.850924402315634,0.866409208771466,0.889467512829036,0.867194259530254,0.878012620807576,0.854331194671409,0.874906696499193,0.899765261251832,0.890925891506839
768,"TGO","Togo",0.751350278877188,0.75105449681377,0.751167791087067,0.756555926078117,0.756021897143966,0.750936252688345,0.750973267531593,0.752843346729834,0.751302850880733,0.752295611797984,0.750302936723252,0.750643184104811,0.750502592511008,0.750760894724566,0.750526102511926,0.75011538487767,0.750111218700839,0.75007014751512,0.750065475949399,0.750179575688921,0.750048359389627,0.750083189454747
776,"TON","Tonga",NA,NA,NA,NA,NA,NA,NA,NA,NA,NA,NA,NA,NA,NA,NA,NA,NA,NA,NA,NA,NA,NA
780,"TTO","Trinidad and Tobago",0.749287695319791,0.729251491349622,0.741440128842951,0.758719243029396,0.747527957329722,0.740459698242885,0.750605253970032,0.751750968583934,0.745881661273039,0.746622699637563,0.754335657040016,0.750465827381722,0.747351493713801,0.749073106266198,0.752121492405999,0.75060797044449,0.754102309137349,0.747915217183573,0.748719863955983,0.752761131878884,0.757000747881437,0.751205643346767
788,"TUN","Tunisia",0.685332904294984,0.695189838907045,0.746186946573014,0.642001430015876,0.674045974332147,0.656742818010536,0.663337759935354,0.663238206354191,0.655775644165814,0.687096911117732,0.704928913020437,0.685757784264021,0.680027362415198,0.670014688258596,0.693118690993132,0.70824831701616,0.691070045305106,0.712140685930613,0.702584999768408,0.671823116710223,0.714575247966979,0.640339729339402
792,"TUR","Turkiye",0.545396460318434,0.546683807621618,0.532678995290738,0.555258744657719,0.535005941904468,0.552855558975712,0.549701795498709,0.531309395056715,0.548623562729412,0.549818316085683,0.547728137032162,0.555262833193139,0.556797855116549,0.552089764182065,0.542526054545149,0.544976224392044,0.548539487213313,0.547255096238636,0.542578431537412,0.545934062974656,0.554354856225336,0.564253158745472
795,"TKM","Turkmenistan",0.996018487953388,0.929996281896144,0.977949315953778,0.950025826688396,0.835256967774735,0.887462401679347,0.955365353514977,0.959360355949818,0.94330077974649,0.937755804317044,0.988852500079386,0.935122768718948,1,1,NA,1,1,NA,NA,NA,NA,NA
796,"TCA","Turks and Caicos Islands",0.775461006058697,0.77692002698695,0.760339457680347,0.761987281668298,0.762860727166914,0.800772300423885,0.774073472903558,0.771607767064412,0.757112086228632,0.763963333951702,0.764701630714613,0.771023839872379,0.760203609255864,0.796220743730364,0.765988831380323,0.78125066269104,0.795747830273923,0.799997684296637,0.780073285965418,0.761948125334262,0.757861035733279,0.761415756957188
798,"TUV","Tuvalu",NA,NA,NA,NA,NA,NA,NA,NA,NA,NA,NA,NA,NA,NA,NA,NA,NA,NA,NA,NA,NA,NA
800,"UGA","Uganda",0.759085174857935,0.765643716742568,0.767443526941714,0.767385872060234,0.763526927745287,0.763769884422132,0.764469741798794,0.765594624761605,0.765322252671323,0.766021308145466,0.767902718420818,0.770154346819584,0.762628941291749,0.764439219149196,0.758541632859587,0.758646689687858,0.76159181764035,0.759024092831502,0.757436013577008,0.761044387845814,0.762225703841703,0.761172437808476
804,"UKR","Ukraine",0.516999425819852,0.514807338406054,0.510932052579407,0.513176286828181,0.511188478352785,0.513097479745809,0.510450596355852,0.512359668850141,0.514375044000155,0.510793111518621,0.511735641928084,0.513966083543376,0.505658388176019,0.5082299668085,0.508956445212781,0.507965188875897,0.514223421520882,0.510321625513533,0.51086674646054,0.506862110990532,0.51245236903083,0.509793618075553
784,"ARE","United Arab Emirates",NA,NA,NA,NA,NA,NA,NA,NA,NA,NA,NA,NA,NA,NA,NA,NA,NA,NA,NA,NA,NA,NA
826,"GBR","United Kingdom",0.553950120100206,0.526086027915496,0.515494132252134,0.510696015678086,0.540151929929192,0.528348768606222,0.509848156104707,0.553615850346384,0.510601580365462,0.52156857352793,0.518461381388024,0.513140137908496,0.517769511498475,0.516876609873939,0.509496396915706,0.509483996638513,0.513500746546896,0.508361402316501,0.514987444371799,0.513046432942887,0.516061651685446,0.511043167265193
840,"USA","United States of America",0.515946511789252,0.491926508245809,0.495608038346074,0.460787086802123,0.445162666330502,0.459850904308127,0.504404574412011,0.515433761954682,0.511836786006259,0.451830666756155,0.501616370709175,0.518532210500893,0.489115251744064,0.519377881631771,0.425595282980771,0.494277607753433,0.514780457494926,0.519514585531254,0.467520128603493,0.504320187655072,0.513529429009555,0.435656381674968
858,"URY","Uruguay",0.5942453782142,0.57095425627027,0.557305910897393,0.563414355747074,0.57108697901359,0.559952741892172,0.549277685805655,0.567069420580887,0.576517156306922,0.55229963757922,0.561692998870558,0.570012125307958,0.549777480399097,0.550347334943611,0.538643598684258,0.532594563699659,0.550248750503968,0.535855858748166,0.550054550024254,0.55389548904961,0.545358452629323,0.545660715343993
860,"UZB","Uzbekistan",0.945905044666888,0.94323673191343,0.979048201783861,0.989622329014849,0.984042403506005,0.954556015057474,0.936715883699507,0.910426879020996,0.909609661772354,0.985696904582836,0.940800943811444,0.97644004057173,0.769893958707294,0.739311977059886,NA,NA,1,1,1,1,1,1
548,"VUT","Vanuatu",0.90198683166442,0.847009302142524,0.791160166514717,0.836464917973168,0.826616406068912,0.834673504353356,0.805173626731972,0.820939419211611,0.767705332176305,0.81973427134544,0.785878966034646,0.845418332752842,0.817701899258242,0.820593511207707,0.779883393887496,0.781782860640366,0.809075953956312,0.785889081781403,0.800407084767024,0.763145528932152,0.824716534035837,0.887233567654089
862,"VEN","Venezuela",0.748074173565706,0.745010989541844,0.751747441201486,0.736788367297188,0.738585060990108,0.736652459890439,0.747766623078208,0.744926662987552,0.741478753208688,0.764682719226706,0.771418505071067,0.770981139286626,0.766134022914046,0.771654473495683,0.764114291189081,0.76985087898256,0.767255609070011,0.766907143549068,0.750718217547893,0.7711924539013,0.776158886521706,0.768865708950436
704,"VNM","Viet Nam",0.897109170717838,0.911596099692015,0.873194251295005,0.896461366539242,0.878081197829746,0.880987125913251,0.884509849610027,0.903575798631181,0.920722233713176,0.900009123588817,0.915083855274848,0.947497579793516,0.917519754092872,0.920071375231296,0.910931827289412,0.909933109597581,0.900942489410163,0.901631875374648,0.904832713344563,0.894570453296476,0.880807885234779,0.855765395096636
876,"WLF","Wallis and Futuna Islands",NA,NA,NA,NA,NA,NA,NA,NA,NA,NA,NA,NA,NA,NA,NA,NA,NA,NA,NA,NA,NA,NA
732,"ESH","Western Sahara",NA,NA,NA,NA,NA,NA,NA,NA,NA,NA,NA,NA,NA,NA,NA,NA,NA,NA,NA,NA,NA,NA
887,"YEM","Yemen",NA,NA,NA,NA,NA,NA,NA,NA,NA,NA,NA,NA,NA,NA,NA,NA,NA,NA,NA,NA,NA,NA
894,"ZMB","Zambia",0.75457340718492,0.754715266282097,0.754206412205095,0.752964311334878,0.753318605886456,0.753115374897713,0.751660211097149,0.752350632289362,0.751461042653168,0.750978503888812,0.75231524657121,0.751265512967729,0.756523088721273,0.753149572510225,0.751858322345852,0.750888286400037,0.750729209844684,0.751147318481859,0.751009700085243,0.750765552374534,0.751100351686798,0.750654452787305
716,"ZWE","Zimbabwe",0.668003241385616,0.690798923795646,0.641614094850432,0.638375964467208,0.686160785269735,0.613255960095764,0.68146378256215,0.70827428358017,0.686257893859983,0.709002718357887,0.640418109919763,0.674161084185836,0.6414025779505,0.659147866255507,0.623527816064122,0.637308878887014,0.633342067902732,0.658947597315194,0.621862426922124,0.664775753783107,0.684596274277137,0.657581816792013
